Unnamed: 0,smiles,value,log_value,init_value
7910,CN1CCN(CCOc2nn(-c3ccccc3F)c3ccc(F)cc23)C1=O,7200,8.881836305004146,0.8066934820326527
7849,COc1cc(C)ccc1S(=O)(=O)NC(=O)C(c1ccc2c(c1)OCO2)c1cn(C)c2cc(CO)ccc12,7200,8.881836305004146,0.8066934820326527
1997,Cc1cc(=O)oc2c3c(c(CO)cc12)OC(C)(C)[C@H](OC(=O)C12CCC(C)(C(=O)O1)C2(C)C)[C@@H]3OC(=O)C12CCC(C)(C(=O)O1)C2(C)C,4740,8.463792414689122,0.7783010312300962
1998,Cc1c(CO)c(=O)oc2c3c(ccc12)OC(C)(C)[C@H](OC(=O)C12CCC(C)(C(=O)O1)C2(C)C)[C@@H]3OC(=O)C12CCC(C)(C(=O)O1)C2(C)C,4740,8.463792414689122,0.7783010312300962
7815,C[C@@H](c1nnc(-c2ccccc2)o1)N1CC(C)(C)[C@@H](Oc2ccc(C#N)c(C(F)(F)F)c2)C1=O,4294,8.364973978438726,0.7715895407511643
7894,CS(=O)(=O)Nc1cccc(CC(=O)Nc2cc(-c3ccnc(F)c3)cs2)c1,3450,8.146129510025405,0.7567261951867679
7949,Cc1csc(NC(=O)c2cc(C(=O)c3cncnc3)cc3cccnc23)n1,3430,8.140315540159985,0.7563313255159132
7930,O=S(=O)(Nc1nccs1)c1cc(Cl)c(NCC23CCCCN2CCCC3)cc1F,3000,8.006367567650246,0.7472339285494869
7843,CCCNc1nc(NCc2cn(C)cn2)nc(N2CCC[C@@H]2CNS(=O)(=O)c2ccc(CCC)cc2)n1,2930,7.982757702011113,0.7456304080480656
7917,O=C1C2CN(Cc3ccccc3)CC2CN1c1cccc2c1cnn2-c1ccccc1F,2850,7.955074273262696,0.7437502217638139
7911,O=C1OCCN1CCOc1nn(-c2ccccc2F)c2ccc(F)cc12,2483.33,7.817355680422716,0.7343967340980574
7788,CC(C)c1ccc(S(=O)(=O)n2cc(N3CCN(C)CC3)c3ccccc32)cc1,2200,7.696212639346407,0.7261690146802727
7801,CCN1CCN(Cc2ccc3c(ccn3S(=O)(=O)c3ccccc3Br)c2)CC1,2139.45,7.668304065637541,0.7242735371374688
7852,CCO[C@H]1O[C@@H]2O[C@@]3(C)CC[C@H]4[C@H](C)CC[C@@H]([C@H]1C)[C@@]24OO3,2125,7.661527081358517,0.7238132620391128
7891,CN1CCN(C2=Nc3cc(Cl)ccc3Nc3ccccc32)CC1,2006,7.603897968521881,0.7198992429877252
7939,CSCCOP(=O)(NCCc1c[nH]c2ccccc12)OC[C@H]1O[C@@H](n2c[n+](CCOc3ccc(Cl)cc3)c3c(=O)[nH]c(N)nc32)[C@H](O)[C@@H]1O,1800,7.495541943884256,0.71253998437886
7842,CCCc1ccc(S(=O)(=O)NC[C@H]2CCCN2c2nc(NCCC#N)nc(NCc3csc(-c4ccccc4)n3)n2)cc1,1799,7.4949862339505335,0.7125022420094121
7848,COc1cc(C)ccc1S(=O)(=O)NC(=O)C(c1ccc2c(c1)OCO2)c1cn(C)c2cc(F)ccc12,1740,7.461640392208575,0.7102374794017947
7929,O=S(=O)(Nc1nccs1)c1cc(Cl)c(NCCC23CCCN2CCC3)cc1F,1600,7.3777589082278725,0.7045404677665502
2026,CC(=O)Nc1cc(-c2cccc(N(C)C)n2)nc(-n2nc(C)cc2C)n1,1600,7.3777589082278725,0.7045404677665502
7890,Clc1ccc2c(c1)N=C(N1CCNCC1)c1ccccc1N2,1597,7.3758821482150125,0.7044130031209285
7841,CCCc1ccc(S(=O)(=O)NC[C@H]2CCCN2c2nc(NCc3csc(-c4ccccc4)n3)nc(NC3CC3)n2)cc1,1596,7.3752557780097545,0.7043704616901147
7814,CC(c1nnc(-c2cccc(F)c2)o1)N1CC(C)(C)C(Oc2ccc(C#N)c(C(F)(F)F)c2)C1=O,1585,7.368339686311381,0.7039007387786184
7858,CCNC(=O)Nc1ccc(-c2nc3c(c(N4CCOC[C@@H]4C)n2)CCN(c2ncccn2)C3)cc1,1538,7.338238150065589,0.701856320939391
7868,N#CC(NCc1cnccc1-c1ccccc1F)c1cc(C(F)(F)F)cc(C(F)(F)F)c1,1520,7.326465613840322,0.7010567609808773
7952,Cc1ccc(NC(=O)c2ccc(CN(CCN(C)C)C(=O)c3cccnc3)cc2)cc1Nc1nccc(-c2cccnc2)n1,1451.4,7.280283886844036,0.6979202185218282
7774,COc1ccccc1CNC(=O)c1cc(C(F)(F)F)nn1-c1cccc(CNC(=O)[C@H](C)N)c1,1433.33,7.267755687429444,0.6970693358902093
7906,O=C1NCCN1CCOc1nn(-c2ccccc2F)c2ccc(F)cc12,1383.33,7.232248914915177,0.6946578085000847
7935,Cn1cc(-c2cc(NS(C)(=O)=O)ccc2Oc2ccccc2)c2cc[nH]c2c1=O,1233.33,7.117473107257851,0.6868625349708422
7953,Cc1nnc(C(C)C)n1[C@H]1C[C@H]2CC[C@@H](C1)N2CC[C@H](NC(=O)C1CCC(F)(F)CC1)c1ccccc1,1233.33,7.117473107257851,0.6868625349708422
7909,Fc1ccc2c(c1)c(OCCn1ccnc1)nn2-c1ccccc1F,1150,7.047517221357296,0.6821113136402684
7817,CCNC(=O)NC(=O)[C@@H]1CCCN1C(=O)[C@H](CC1CCCC1)CN(O)C=O,1119.9,7.020994674588648,0.6803099714325881
7903,COc1ccc2c3c([nH]c2c1)[C@H](CC(C)C)N1C(=O)[C@H](CCC(=O)OC(C)(C)C)NC(=O)[C@@H]1C3,1098.33,7.001546123362527,0.6789890765536973
7876,C=CC(=O)N1CC[C@H](N2C(=O)N(Cc3ccccc3)Cc3cnc(Nc4ccc(N5CCN(C)CC5)cc4OC)nc32)C1,1043.33,6.9501727999728065,0.6754999344069068
7893,NC1CCN(c2nc(Nc3cc(C4CC4)[nH]n3)c3sccc3n2)CC1,1034,6.9411900550683745,0.6748898497993342
7948,C=CC(=O)N1CCC[C@@H](n2nc(-c3ccc(Oc4ccccc4)cc3)c3c(N)ncnc32)C1,1020,6.927557906278317,0.6739639898051522
7830,COc1cnc(-c2ccccn2)nc1C1CCCC1,1000,6.907755278982137,0.6726190470029875
7900,CC[C@@H]1CCCC[C@@H]1n1c(=O)[nH]c2cnc3[nH]ccc3c21.Cl,1000,6.907755278982137,0.6726190470029875
7825,COc1cnc(-c2ccccn2)nc1N1CCCCC1,1000,6.907755278982137,0.6726190470029875
7827,COc1cnc(-c2ccccn2)nc1N(C)C1CCCC1,1000,6.907755278982137,0.6726190470029875
7824,COc1cnc(-c2ccccn2)nc1N1CCCC1,987,6.894670039433482,0.6717303316581826
7933,CC1(C)CN2CCC[C@@]2(CNc2cc(F)c(S(=O)(=O)Nc3nccs3)cc2Cl)C1,850,6.745236349484363,0.6615811851488829
7777,CN(C)C(=O)N1C[C@@H]2C[C@](C)(NCC(=O)N3CCC[C@H]3C#N)C[C@@H]2C1,847.83,6.742680143996653,0.661407574338553
7880,C=C[C@]1(C)C[C@@H](OC(=O)CSc2cncc(NC(=O)CN)c2)[C@]2(C)[C@H](C)CC[C@]3(CCC(=O)[C@H]32)[C@@H](C)[C@@H]1O,828.33,6.719411625709653,0.6598272372590799
7931,O=S(=O)(Nc1nccs1)c1cc(Cl)c(NC[C@]23CCCN2C[C@@H](F)C3)cc1F,810,6.697034247666484,0.6583074241009398
7834,COc1cnc(-c2ccccn2)nc1NCc1ccccc1C,791,6.673297967767654,0.6566953178726789
7908,O=c1[nH]ccn1CCOc1nn(-c2ccccc2F)c2ccc(F)cc12,783.33,6.663554063141892,0.6560335372818819
7947,C=CC(=O)N[C@@H]1Cn2c(c(-c3ccc(Oc4ccccc4)cc3)c3c(N)ncnc32)C1=C,771.67,6.648556997497323,0.655014975694544
7869,CCN(CC)c1ccc(/C=C/C(=O)c2ccc(OC)c3c2OC(C)(C)C=C3)cc1,746.97,6.616025023683787,0.6528054888741176
7907,CC(Oc1nn(-c2ccccc2F)c2ccc(F)cc12)C(=O)N1CCOCC1,716.67,6.574615483605573,0.6499930609050323
7922,O=S(=O)(Nc1ncns1)c1cc(Cl)c(NCC23CCCN2CCC3)cc1F,660,6.492239835020471,0.6443983216827495
7795,Cn1ccc(NC(=O)c2cn(Cc3ccc(Cl)c(C(F)(F)F)c3)nn2)n1,641,6.46302945692067,0.6424144289807231
7944,CS(=O)(=O)Nc1cccc([C@@H](O)CNCCOc2ccc3c(C4CCC4)n[nH]c3c2)c1,641,6.46302945692067,0.6424144289807231
7798,CN1CC=C(c2ccc(OC(F)(F)F)c(Nc3ncc4c(n3)-c3c(c(C(N)=O)nn3C)CC4)c2)CC1,638,6.45833828334479,0.642095816705684
7927,Cc1nc(NS(=O)(=O)c2cc(Cl)c(NCC34CCCN3CCC4)cc2F)sc1F,630,6.4457198193855785,0.6412388035415979
7912,O=C1NCCN1CCOc1nn(-c2ccc(F)cc2F)c2ccc(F)cc12,616.67,6.424334034795057,0.6397863368247589
7928,O=S(=O)(Nc1cccc(F)n1)c1cc(Cl)c(NCC23CCCN2CCC3)cc1F,610,6.413458957167357,0.6390477299136861
7850,COc1cc(C)ccc1S(=O)(=O)NC(=O)C(c1ccc2c(c1)OCO2)c1cn(C)c2cc(C(=O)O)ccc12,609,6.411818267709897,0.6389362985645325
7791,COc1ccccc1C(=O)n1ccc2cc(NC(=O)c3ccccn3)ccc21,605.2,6.405558981914201,0.6385111841970447
7799,CN1CCC(c2ccc(OC(F)(F)F)c(Nc3ncc4c(n3)-c3c(c(C(N)=O)cn3C)CC4)c2)CC1,603,6.401917196727186,0.6382638436446498
7784,CN(C)CCCCCN(C)C1=Nc2ccccc2C(CC(=O)NCc2ccccc2)N1c1ccc(-c2ccccc2)cc1.Cl.Cl,600.06,6.39702965021648,0.6379318942320036
7853,CCO[C@@H]1O[C@@H]2O[C@]3(C)CC[C@H]4[C@H](C)CC[C@@H]([C@H]1C)[C@@]24OO3,600,6.396929655216146,0.6379251028323605
7867,CC(C)C[C@H](N)C(=O)N[C@@H]1CC[C@H]2CN(S(=O)(=O)c3cccc(C(F)(F)F)c3)C[C@H]21,568.33,6.342702235929669,0.6342421179355339
7873,C=CC(=O)N1CC[C@H](N2C(=O)N(c3ccccc3)Cc3cnc(Nc4cccc(N5CCN(C)CC5)c4)nc32)C1,565,6.336825731146441,0.6338430010561482
7778,CN(C)C(=O)N1C[C@@H]2C[C@@](C)(NCC(=O)N3CCC[C@H]3C#N)C[C@@H]2C1,563.5,6.334167333479831,0.6336624496195371
7835,COc1cnc(-c2ccccn2)nc1NCc1ccccc1C(F)(F)F,555,6.318968113746434,0.6326301582536891
7946,C=C1c2c(-c3ccc(Oc4ccccc4)cc3)c3c(N)ncnc3n2C[C@H]1NC(=O)C#CC,546.67,6.30384532969252,0.631603058199853
2024,COC1CCN(c2cccc(-c3cc(NC(C)=O)nc(-n4nc(C)cc4C)n3)n2)CC1,540,6.29156913955832,0.6307692913813367
7951,CCc1ccc([C@@H]2c3[nH]c4ccccc4c(=O)c3CN2c2ncc(-c3ccccn3)cn2)o1,533.33,6.279140369540231,0.6299251617350238
7810,NC(=O)[C@@H](CCC(F)(F)F)N(C[C@@H]1CCO1)S(=O)(=O)c1ccc(Cl)cc1,523,6.259581464064923,0.6285967718833241
7766,CN1CC[C@@H](N(Cc2ccccc2C(F)(F)F)c2ccc(C#N)c(Cl)c2)C1,510,6.234410725718371,0.6268872409782558
7881,C=C[C@]1(C)C[C@@H](OC(=O)CSc2cncc(NC(=O)[C@@H](N)CC(C)C)c2)[C@]2(C)[C@H](C)CC[C@]3(CCC(=O)[C@H]32)[C@@H](C)[C@@H]1O,488.33,6.190991406821195,0.6239383140731416
7941,N#C[C@H]1CCCC[C@@H]1n1cc(C(N)=O)c(Nc2ccccc2)n1,484,6.182084906716632,0.6233334078135352
7794,Cn1ccc(NC(=O)c2cn(Cc3cccc(C(F)(F)F)c3)cn2)n1,463,6.137727054086234,0.6203207381448873
2007,CC(C)(C)CNc1nc(C#N)ncc1C(=O)NCCc1ccc(OCCn2ccnc2)cc1,461.67,6.1348503501438705,0.6201253599153538
2001,CCCC[C@H](NC(=O)O[C@@H]1C(=O)OCC1(C)C)C(=O)C(=O)N[C@H](C)c1ccccc1,460,6.131226489483141,0.6198792367500384
7954,C=CC(=O)Nc1cccc(-c2ncnc3[nH]cc(CCOC)c23)c1,455,6.12029741895095,0.6191369627817022
7809,CC1(C)C[C@@H](CN([C@H](CCC(F)(F)F)C(N)=O)S(=O)(=O)c2ccc(Cl)cc2)O1,439,6.0844994130751715,0.6167056555811787
7833,COc1cnc(-c2ccccn2)nc1NC(C)c1ccccc1,420,6.040254711277414,0.6137006708219949
7845,N=C(Nc1ccc2c(c1)CCN2C1CCNCC1)c1cccs1,420,6.040254711277414,0.6137006708219949
7934,Cn1cc(-c2cc(NS(C)(=O)=O)ccc2Oc2ccc(F)cc2F)c2cc[nH]c2c1=O,416.67,6.0322945415962375,0.613160036856785
7837,COc1cnc(-c2ccccn2)nc1NCc1ccccc1F,413,6.023447592961033,0.6125591751776716
7812,CN1CCN(c2ccc(OC(F)(F)F)c(Nc3nccc(-c4cc(C(N)=O)cn4C)n3)c2)CC1,408,6.0112671744041615,0.6117319129149222
2003,Cc1nc[nH]c1CC(=O)N[C@@H](CC(C)C)C(=O)N[C@H](C#N)COCc1ccccc1,396,5.981414211254481,0.6097043775121225
7829,COc1cnc(-c2ccccn2)nc1N1CCC(F)(F)C1,395,5.978885764901122,0.609532652029804
7832,COc1cnc(-c2ccccn2)nc1NCc1ccccc1,387,5.958424693029782,0.6081429893892693
7901,Cc1ccoc1C(=O)Nc1ccc(N2C(=O)c3ccncc3C2=O)c(Cl)c1,382,5.945420608606575,0.6072597858889383
1995,COc1cccc(OC)c1-c1ccc(C[C@@H]2/N=C(/[C@@H]3CCN3S(=O)(=O)c3ccccc3)NCc3nccn3C2=O)cc1,382,5.945420608606575,0.6072597858889383
7871,C=CC(=O)N1CC[C@H](N2C(=O)N(c3ccccc3)Cc3cnc(Nc4ccc(CCN5CCN(C)CC5)cc4)nc32)C1,381.67,5.944556360906547,0.6072010884390467
7883,N#C[C@@H]1C[C@H](F)CN1C(=O)C[C@H](N)Cc1cc(F)c(F)cc1F,380,5.940171252720432,0.6069032633270846
7822,CCC(=O)c1ccc2oc(CSc3nnc(CNc4ccccc4)n3CC)nc2c1,378,5.934894195619588,0.606544859370971
7887,COc1cc(N2CCN(C)CC2)ccc1Nc1cc(-c2c[nH]c3cnccc23)ncn1,375,5.926926025970411,0.6060036820687978
7780,COc1cccc(C(=O)Nc2ccc(OCCN3CCOCC3)c(-c3ccnn3C)c2)c1,366.67,5.904462260986121,0.6044780017349075
2022,COc1cccc(-c2cc(NC(C)=O)nc(-n3nc(C)cc3C)n2)c1F,360,5.886104031450156,0.6032311586617336
7937,C[C@H](c1cccc2c1CNCC2)n1c(=O)oc2cc(S(=O)(=O)Nc3ncns3)ccc21,360,5.886104031450156,0.6032311586617336
7879,CCNC(=O)Nc1cc(-c2nc(C(F)(F)F)cs2)c(-c2cncc(-c3noc(=O)[nH]3)c2)cn1,360,5.886104031450156,0.6032311586617336
7818,CC(C)(C)OC(=O)CN(Cc1ccc(Cl)cc1)Cc1ccc([N+](=O)[O-])s1,353,5.8664680569332965,0.6018975344817221
7860,CC(C)(C)c1ccc(C(=O)Nc2ccc(C(F)(F)F)nc2)cc1,352,5.863631175598097,0.6017048608998127
2016,O=C(c1ccc(-c2ccc(Cl)cc2)o1)N1CCNCC1,350,5.857933154483459,0.6013178661657255
7936,COC(=O)[C@@H](N)CCC(=O)Nc1ccc(COC2=C(C#N)[C@H](O)[C@]3(C)C4=CC(=O)[C@@H]5[C@@H]6CC(C)(C)CC[C@]6(C(=O)OC)CC[C@@]5(C)[C@]4(C)CC[C@H]3C2(C)C)cc1,339.97,5.828857378423127,0.5993431152831875
7811,COc1ccc2ncc(=O)n(CCN3CCC(NCc4cc5c(cn4)OCCO5)CC3)c2c1,338,5.823045895483019,0.5989484145178144
7802,Cc1cnc(NC(=O)[C@H](CC2CCCC2)n2ccc(S(C)(=O)=O)cc2=O)cn1,337,5.820082930352362,0.5987471776533347
7823,O=C(N1CCC(c2c[nH]c3ncccc23)C1)C1(c2ccccc2)CC1,333.33,5.809132990264027,0.5980034862791714
2015,Cc1cc(C)n(-c2cc(NC(=O)COc3cccc(CN(C)C)c3)nc(-c3ccc(C)o3)n2)n1,330,5.799092654460526,0.5973215728558531
7781,Cn1cnc2c(C#N)nc(-c3ccc(OCc4ccccn4)c(C(F)(F)F)c3)cc21,327,5.7899601708972535,0.5967013183890792
2018,Nc1nc2c(c(N3CC[C@@H](N)C3)n1)CCCc1ccccc1-2,323.33,5.778673473497827,0.5959347553365848
2004,CC(C)C[C@H](NC(=O)CN1CCN(c2ccncc2)CC1)C(=O)N[C@H](C#N)COCc1ccccc1,320,5.768320995793772,0.5952316420494238
7904,CC(C)[C@H](C)n1cc(-c2ccc(N3CCOCC3)cn2)c2[nH]nc(N)c2c1=O,311.67,5.74194493575055,0.5934402488381079
7813,NCc1cccc(C2CCN(C(=O)c3ccc(C#Cc4ccccn4)o3)CC2)c1.O=C(O)C(F)(F)F,310,5.736572297479192,0.5930753532581616
7889,Cc1nc2n(c(=O)c1CCN1CCC(c3noc4cc(F)ccc34)CC1)CCCC2,307,5.726847747587197,0.5924148871904064
1996,C[C@H](O)[C@@H](CCc1cccc2ccccc12)n1cnc(C(N)=O)c1,307,5.726847747587197,0.5924148871904064
7839,Cc1cn(-c2cc(NC(=O)c3cccc(-c4ccc5nc(NC(=O)C6CC6)sc5n4)c3)cc(C(F)(F)F)c2)cn1,303.3,5.714722414694536,0.5915913662023109
7856,CCC(=O)NCCCc1cc(OC)ccc1CCc1cccc(OC)c1,300.6,5.705780477318874,0.5909840531356694
7877,c1ccc(CNc2nnc(-c3ccc4cnccc4c3)o2)cc1,300,5.703782474656201,0.5908483540054641
7899,C[C@@H]1CCCC[C@@H]1n1c(=O)[nH]c2cnc3[nH]ccc3c21,300,5.703782474656201,0.5908483540054641
7767,CC(C)(N)CNC(=O)C[C@H]1CC[C@@]2(CC1)OO[C@@]1(O2)C2CC3CC(C2)CC1C3.Cc1ccc(S(=O)(=O)O)cc1,298,5.697093486505405,0.59039405537465
7787,Nc1nccc2cc(O[C@H]3CCCN(Cc4ccccc4)C3)ccc12,295,5.68697535633982,0.5897068583611408
7768,O=C(NC1(c2ccccc2)CCC1)[C@@H]1CCC[C@H]1c1cc(-c2cccc(O)c2)on1,293,5.680172609017068,0.5892448335040429
7895,NS(=O)(=O)c1ccc(OCCCN2CCC(C(O)(c3ccccn3)C3CCCC3)CC2)cc1,293,5.680172609017068,0.5892448335040429
7761,COCCOc1cc2ncc(C(N)=O)c(Nc3cccc(Cl)c3Cl)c2cc1N1CCN(C)CC1,290,5.66988092298052,0.5885458490283988
7764,CC(C)(C)c1nnc(NC(=O)c2ccc3c(c2)OCCO3)s1,290,5.66988092298052,0.5885458490283988
7950,CCc1ccc([C@@H]2c3[nH]c4ccccc4c(=O)c3CN2c2ncc(-c3ccccn3)cn2)s1,286.67,5.658331728418817,0.5877614578532158
2013,CSc1sc(C(=N)N)cc1S(=O)(=O)c1cccc(-c2cccc(C)n2)c1,283,5.645446897643238,0.5868863537496269
7838,COc1cnc(-c2ccccn2)nc1NCc1c(F)cc(F)cc1F,280,5.634789603169249,0.5861625381023917
7897,O=c1[nH]c2cnc3[nH]ccc3c2n1C1CCCCCC1,272,5.605802066295998,0.5841937801953192
2006,Cc1cc(C)c(-n2nnnc2SCC(=O)Nc2ccccc2[N+](=O)[O-])c(C)c1,272,5.605802066295998,0.5841937801953192
2030,COc1cc2c(Nc3ccc(F)c(Cl)c3)c(C(N)=O)cnc2cc1OCCN1CCCC1,270,5.598421958998375,0.5836925425544404
7857,CCC(=O)NCCCc1cc(OC)ccc1OCc1cccc(OC)c1,262.3,5.569488886872828,0.5817274837509918
7847,COc1ccc(-c2coc3cc(O)cc(O)c3c2=O)cc1,261.67,5.567084167886663,0.5815641615087812
7905,C=CC(=O)Nc1cccc(-n2c(=O)n(C)c3cnc(Nc4ccc(OCCOC)cc4)nc32)c1,253.33,5.534692986630964,0.5793642369517065
7840,COc1ccc2ncc(=O)n(CCN3CCC(NCc4ccc5c(n4)NC(=O)CO5)CC3)c2c1,252,5.529429087511423,0.579006726651368
7803,O=C(O)/C=C/c1ccc(OC(=O)C2(NC(=O)c3ccc4c(C5CCCCC5)c5n(c4c3)CCCc3ccccc3-5)CCCC2)cc1,250,5.521460917862246,0.5784655493491947
7902,Cc1nc2cnc(Nc3ccnc(NCC(C)(C)C(N)=O)n3)cc2n1C(C)C,250,5.521460917862246,0.5784655493491947
2019,CC(C)(C)Cn1c(CN2C(=O)NC3(CCNCC3)C2=O)cc2cnc(C#N)nc21,245,5.501258210544727,0.5770934341553599
2009,CC(C)(CO)NCC(=O)N1C[C@@H](F)C[C@H]1C(=O)c1nnc(C(C)(C)C)o1,241,5.484796933490655,0.5759754271476438
7888,COc1cc(N2CCN(C(C)=O)CC2)ccc1Nc1cc(-c2c[nH]c3cnccc23)ncn1,239,5.476463551931511,0.5754094456049914
2020,CC(C)(C)Cn1c(CN2C(=O)CC3(CCNCC3)C2=O)cc2cnc(C#N)nc21,238.33,5.473656267914107,0.5752187821957191
7844,Cc1csc2c(N3CCOCC3)nc(-c3cnc(N)nc3)nc12,238,5.472270673671475,0.5751246762482872
7863,OC[C@H]1C[C@@H](O)CN1CCCc1ccc(Nc2nc(-c3ccc(Cl)c(Cl)c3)cs2)cc1,233.33,5.452453760558967,0.5737787631907337
7865,OC[C@H]1C[C@H](O)CN1CCCc1ccc(Nc2nc(-c3ccc(Cl)c(Cl)c3)cs2)cc1,233.33,5.452453760558967,0.5737787631907337
7884,COc1cccc(CNC(=O)c2nc3ccc(F)c(OCCc4ccc(N)cc4)c3c(=O)[nH]2)c1,233.33,5.452453760558967,0.5737787631907337
7864,OC[C@H]1C[C@H](O)CN1CCc1ccc(Nc2nc(-c3ccc(Cl)c(Cl)c3)cs2)cc1,233.33,5.452453760558967,0.5737787631907337
7808,CC(C)[C@H](C(=O)NO)N(CCN(C)C)S(=O)(=O)c1ccc2ccccc2c1,233.33,5.452453760558967,0.5737787631907337
7779,Cn1nccc1-c1cc(NC(=O)c2ccc(F)cc2F)ccc1OCCN1CCOCC1,233.33,5.452453760558967,0.5737787631907337
7914,O=C(CN1CCN(c2cccc3c2cnn3-c2ccccc2F)C1=O)N1CCC[C@H](F)C1,233.33,5.452453760558967,0.5737787631907337
2029,COc1cc2c(Nc3ccc(F)c(Cl)c3)c(C(N)=O)cnc2cc1OCCNC1CC1,230,5.438079308923196,0.572802487923142
2021,CC(=O)Nc1cc(-c2cccc(N3CCC(O)CC3)n2)nc(-n2nc(C)cc2C)n1,230,5.438079308923196,0.572802487923142
7924,O=S(=O)(Nc1ncc(F)s1)c1cc(Cl)c(NCC23CCCN2CCC3)cc1F,230,5.438079308923196,0.572802487923142
2014,CSc1sc(C(=N)N)cc1S(=O)(=O)c1cccc(-c2c(C)cccc2NC(=O)NCCCCCC(=O)O)c1,228.5,5.43153621033426,0.5723580977309001
7885,CC(C)CN1CCC([S+]([O-])c2ccc(CNC(=O)c3cc4ccncc4o3)cc2)CC1,225,5.41610040220442,0.5713097378981709
7920,CC(C)(C(=O)N1CCN(c2cc(NCCN)c3ccccc3n2)CC1)c1ccccc1,222,5.402677381872279,0.570398081363459
7945,N#Cc1ccc(F)cc1Cn1c(N2CCC[C@@H](N)C2)nc2cc[nH]c2c1=O,221.67,5.401189789468666,0.5702970479669369
7789,Cc1cc(Nc2nc(N[C@@H](C)c3ncc(F)cn3)nc(N3CCOCC3)c2Cl)n[nH]1,221,5.3981627015177525,0.570091456047733
7772,CCCCCOC(=O)N1CCN(C(=O)[C@H](CCC(=O)O)NC(=O)c2cc(OC(=O)N3CCOCC3)cc(-c3ccccc3)n2)CC1,220,5.393627546352362,0.56978344013625
2028,COc1cc2c(Nc3ccc(F)cc3F)c(C(N)=O)cnc2cc1NCCN(C)C,220,5.393627546352362,0.56978344013625
7770,CNCc1ccc(-n2cc3cccc(C(N)=O)c3n2)cc1,220,5.393627546352362,0.56978344013625
7846,CN1CCN(Cc2cccc3c2ccn3S(=O)(=O)c2ccccc2Br)CC1,220,5.393627546352362,0.56978344013625
7804,COCCN1CCc2cc(Nc3ncc(Cl)c(N[C@@H]4CCCC[C@H]4NS(C)(=O)=O)n3)c(OC)cc2CC1,217,5.37989735354046,0.568850921247796
7913,O=C1NCCN1CCOc1nn(-c2ccc(F)cc2)c2ccc(F)cc12,216.67,5.378375458718616,0.5687475581204858
2010,CC(C)(N)C(=O)N[C@H](COCc1ccccc1)c1nnnn1CCOC(=O)NCCCCO,213,5.3612921657094255,0.56758730541127
7915,Cc1cncc(CN2CCN(c3cccc4c3cnn4-c3ccccc3F)C2=O)n1,211.67,5.355028458132079,0.5671618907279041
7861,CC1(n2nnc3cnc4[nH]ccc4c32)CCN(S(C)(=O)=O)CC1,211,5.351858133476067,0.5669465705452408
7923,O=S(=O)(Nc1nccs1)c1cc(Cl)c(NCC23CCCN2CCC3)cc1F,210,5.3471075307174685,0.5666239219950985
2027,COc1cc2c(Nc3ccc(F)c(Cl)c3)c(C(N)=O)cnc2cc1OCCN(C)C,210,5.3471075307174685,0.5666239219950985
2017,CN1CCN(C(=O)c2cc3cc(Cl)ccc3[nH]2)CC1,210,5.3471075307174685,0.5666239219950985
7828,COc1cnc(-c2ccccn2)nc1N1CC[C@H](F)C1,210,5.3471075307174685,0.5666239219950985
7776,COc1ccc(N2CCN(C)CC2)cc1Nc1ncc2c(n1)-c1c(c(C(N)=O)nn1C)CC2,208.33,5.339123360940291,0.5660816580059587
7763,CC1=C2C[C@H]3[C@@H](CCC4=CC(=O)CC[C@@]43C)[C@@H]2CC[C@@]2(C1)O[C@@H]1C[C@H](C)CN[C@H]1[C@H]2C,206.67,5.331123318273214,0.565538315971532
1993,CCOC(=O)[C@]1(Cc2ccccc2)CCCN(C(=O)[C@@H](Cc2c[nH]c3ccccc23)NC(=O)C(C)(C)N)C1,206,5.327876168789581,0.5653177780469302
7792,CN([C@H]1CC[C@H]([C@H](N)Cc2cc(F)ccc2F)CC1)S(=O)(=O)c1cccc(C(N)=O)c1,204,5.318119993844216,0.5646551640880259
7874,C=CC(=O)N1CC[C@H](N2C(=O)N(c3ccccc3)Cc3cnc(Nc4ccc(N5CCN(C)CC5)cc4)nc32)C1,203.33,5.31483027492225,0.5644317349581903
1991,O[C@@H]1[C@@H](COc2ccccc2F)OC(n2cnc3c(NC4CCOC4)ncnc32)[C@@H]1O,202,5.308267697401205,0.5639860218076792
7886,CCS(=O)(=O)O.COC(=O)c1ccc2c(c1)NC(=O)/C2=C(\Nc1ccc(N(C)C(=O)CN2CCN(C)CC2)cc1)c1ccccc1,202,5.308267697401205,0.5639860218076792
7790,CC(=O)N[C@@H](CCN1[C@@H]2CC[C@H]1C[C@@H](n1c(C)nc3c1CCN(C(=O)C(C)C)C3)C2)c1cccc(F)c1,201,5.303304908059076,0.5636489620981503
7762,COc1cc(N2CCN(C(C)C)CC2)ccc1Nc1nc(Nc2cccc(F)c2C(=O)O)c2cc[nH]c2n1,200,5.298317366548036,0.5633102212858611
2012,CCc1ccc(S(=O)(=O)N[C@@H]2c3cc(NC(=O)c4cccc(OC)c4)ccc3C[C@H]2O)cc1,200,5.298317366548036,0.5633102212858611
7918,O=c1ccn(-c2cc(-c3ccc(Cl)c(Cl)c3)ccn2)cc1O,200,5.298317366548036,0.5633102212858611
7819,C[C@@]1(O)[C@H](O)[C@@H](CO)O[C@H]1n1cnc2c(N)ncnc21,200,5.298317366548036,0.5633102212858611
7796,O=C(O)c1ccc2oc(C(=O)COc3ccc(SCCCCCc4ccccc4)cc3)nc2c1,200,5.298317366548036,0.5633102212858611
1992,O=S(=O)(Nc1ccc(CCNC[C@H](O)COc2ccc(O)cc2)cc1)c1ccccc1,200,5.298317366548036,0.5633102212858611
1994,Nc1ccc(CNC(=O)[C@@H]2CCCN2C(=O)[C@H](N)C(C2CCCCC2)C2CCCCC2)cn1,200,5.298317366548036,0.5633102212858611
7821,CC(C)(C)NS(=O)(=O)c1cncc(-c2ccc3nc(NC(=O)NCC(=O)N4CCOCC4)nn3c2)c1,200,5.298317366548036,0.5633102212858611
7875,C=CC(=O)N1CC[C@H](N2C(=O)N(c3ccccc3)Cc3cnc(Nc4ccc(N5CCN(C)CC5)cc4OC)nc32)C1,200,5.298317366548036,0.5633102212858611
2008,O=C(O)c1ccc(OCCc2c(CCNS(=O)(=O)Cc3ccccc3Cl)n(C(c3ccccc3)c3ccccc3)c3ccc(Cl)cc23)cc1,200,5.298317366548036,0.5633102212858611
7688,NC(=O)CN1CCN(c2cccc3c2cnn3-c2ccccc2F)C1=O,196.67,5.281527197240562,0.5621698767740209
7700,C=CC(=O)Nc1cccc(-n2c(=O)cc(C)c3cnc(Nc4ccc(N5CCN(C)C(C)C5)cc4OC)nc32)c1.CS(=O)(=O)O,196.67,5.281527197240562,0.5621698767740209
7710,NS(=O)(=O)c1cccc2c1C(=O)C=C(Nc1ccccc1N1CCNCC1)C2=O,196.12,5.278726716783033,0.561979675444792
1943,O=C(CC1CCNCC1)c1ccc(-c2ccc(N3C[C@H](Cn4ccnn4)OC3=O)cc2F)cn1,196,5.278114659230517,0.5619381060920261
7453,CCCOCCn1c(=O)nc(NC2CCCC(C(=O)O)C2)c2nnc(-c3ccc(OC)nc3)cc21,195,5.272999558563747,0.5615907017945444
7515,CN1CCN(c2ccc(C3CC(c4ccc([N+](=O)[O-])o4)=NO3)cc2)C(=O)C1,193.5,5.2652775124698366,0.5610662405623729
1988,Cc1cc(OCP2(=O)OCC[C@@H](c3cccc(Cl)c3)O2)cc(C)c1Cc1ccc(O)c(C(C)C)c1,193.33,5.264398573344411,0.5610065453091824
7257,Cc1cc(OC[P@@]2(=O)OCC[C@@H](c3cccc(Cl)c3)O2)cc(C)c1Cc1ccc(O)c(C(C)C)c1,192.5,5.260096153727839,0.560714336189218
1957,c1ccc(-c2c(-c3ccc(OCCn4ccnc4)cc3)oc3nccc(NCCN4CCNCC4)c23)cc1,191.67,5.255775143282362,0.5604208644286377
7366,CN(C)C(=O)N1C[C@H]2C[C@@H](NCC(=O)N3CCC[C@H]3C#N)C[C@H]2C1,190,5.247024072160486,0.5598265145001882
7699,C=CC(=O)Nc1cccc(-n2c(=O)cc(C)c3cnc(Nc4ccc(N5CCN(C)CC5)cc4OC)nc32)c1.CS(=O)(=O)O,190,5.247024072160486,0.5598265145001882
7278,CN1CCN(c2ccc3ncc(C(N)=O)c(Nc4cccc(Cl)c4Cl)c3c2)CC1,190,5.247024072160486,0.5598265145001882
7689,CC(C)CC(=O)CN1CCN(c2cccc3c2cnn3-c2ccccc2F)C1=O,190,5.247024072160486,0.5598265145001882
7283,CC(C)(CC(=O)N[C@H]1C[C@@H]1c1cccc(Cl)c1)NCC(=O)N1CC(F)(F)C[C@H]1C#N,189,5.241747015059643,0.5594681105440746
7632,CCn1c(-c2ccc(OCCN(C)c3ccccn3)cc2)nc2c1c(=O)n(Cc1ccccc1C#N)c(=O)n2C,188.57,5.239469290738831,0.5593134134483422
7457,NC(=O)[C@@H](CCC(F)(F)F)N(CC1COC1)S(=O)(=O)c1ccc(Cl)cc1,187,5.231108616854587,0.5587455782821453
7611,N#Cc1ccc2ccc(=O)n(CCN3CCC(NCc4ccc5c(n4)NC(=O)CO5)CC3)c2c1,187,5.231108616854587,0.5587455782821453
1975,C[C@]12CC[C@H](O)CC1=CC[C@@H]1[C@@H]2CC[C@]2(C)C(c3cccnc3)=CC[C@@H]12,186.83,5.230199112471746,0.5586838071163831
1989,CC(=O)O[C@H]1CC[C@@]2(C)C(=CC[C@@H]3[C@@H]2CC[C@]2(C)C(c4cccnc4)=CC[C@@H]32)C1,186.67,5.2293423520445055,0.558625618182533
7243,Cc1cc(Cn2c(=O)c(C3=CS(=O)(=O)c4cc(NS(C)(=O)=O)ccc4N3)c(O)c3cc(F)ccc32)ccc1F,186,5.225746673713202,0.5583814090875348
7245,O=C(O)c1ccc(S(=O)(=O)CCc2c(CCNS(=O)(=O)Cc3c(F)cccc3F)n(C(c3ccccc3)c3ccccc3)c3ccc(Cl)cc23)cc1,186,5.225746673713202,0.5583814090875348
7407,COc1cc(NC(=O)c2nccs2)ccc1NC(=O)c1ccccc1Cl,185.3,5.221976133291314,0.5581253238153715
7499,Cc1csc(N(C)C(=O)CSc2ccc(-c3ccccc3)nn2)n1,185,5.220355825078324,0.5580152767071896
7591,Nc1nc2c(s1)CCC[C@H]2C(=O)Nc1ccc(C[C@@H]2CC[C@H]([C@H](O)c3ccccc3)N2)cc1,185,5.220355825078324,0.5580152767071896
1947,C[C@@H]1CN(Cc2ccc(F)cc2)[C@@H](C)CN1C(=O)COc1ccc(Cl)cc1C(=O)NCCN,184,5.214935757608986,0.5576471598598084
7391,NC(=O)c1cccc(O[C@@H]2C[C@H]3CC[C@@H](C2)N3CC2CCCCC2)c1,184,5.214935757608986,0.5576471598598084
7686,O=C(COc1nn(-c2ccccc2F)c2ccc(F)cc12)N1CCOCC1,183.33,5.211287807574934,0.5573994006070803
7266,CC(C)(N)C(=O)N[C@H](CCC(F)(F)c1ccccc1)c1nnnn1CCOC(=O)NCCCCO,183,5.209486152841421,0.5572770369161628
7630,NC(=O)CN1CCC[C@H](Nc2nc(-c3c[nH]c4ncc(Cl)cc34)ncc2F)C1,182,5.204006687076795,0.556904885891472
7586,COc1ccccc1NC(=O)c1ccc(NC(=O)CCc2nc3ccccc3c(=O)[nH]2)cc1,181.67,5.202191854450653,0.5567816271924542
7637,Cn1c(=O)c2c(nc(N3CCC[C@@H](N)C3)n2Cc2ccccc2Cl)c2ccc(C(=O)O)cc21,181,5.198497031265826,0.5565306844375671
7602,Cc1cccc(Nc2sc(-c3ccccc3F)cc2C(N)=O)n1,181,5.198497031265826,0.5565306844375671
7272,O=C(Nc1nc(-c2ccncc2)cs1)C1COc2ccccc2O1,181,5.198497031265826,0.5565306844375671
1859,O=C1NCc2c(-c3ccccc3Cl)cc(C3CCNCC3)cc2N1c1c(Cl)cccc1Cl,181,5.198497031265826,0.5565306844375671
7289,Clc1cccc(OC(c2cccnc2)C2CCNCC2)c1Cl,180,5.19295685089021,0.5561544098348372
7525,CC(C)NC(=O)[C@H]1CC[C@@H](n2/c(=N/C(=O)c3ccc(F)cc3)[nH]c3ccc(CN4CCNC(=O)C4)cc32)CC1,180,5.19295685089021,0.5561544098348372
7619,CC1CCN(c2nc(NCc3ccc(F)cc3)c3ccccc3n2)CC1,179,5.187385805840755,0.5557760389839529
7404,Oc1cccc(-c2cc(Nc3cnc4ccccc4c3)nc(N3CCOCC3)n2)c1,179,5.187385805840755,0.5557760389839529
7617,CNc1nc(N2CCCCC2)nc2ccccc12,179,5.187385805840755,0.5557760389839529
7641,CN1CCN(c2ccc(Nc3cc(-c4c[nH]c5cnccc45)ncn3)cc2)CC1,179,5.187385805840755,0.5557760389839529
1871,COc1ccccc1N1CCN(C(=O)CCc2c(-c3ccc(Br)cc3)[nH]c3ccc(C)cc23)CC1,179,5.187385805840755,0.5557760389839529
7291,CCCOCCn1c(=O)c(NCCN2CCOCC2)nc2ncc(-c3ccc(OC)nc3)cc21,178,5.181783550292085,0.5553955483973566
7383,CNCC[C@H](Oc1cccc2ccccc12)c1cccs1,178,5.181783550292085,0.5553955483973566
7313,COP(=O)(OC)C(F)(Cc1cccc(-c2cc(C(C)(C)S(C)(=O)=O)cc3cccnc23)c1)c1ccc(S(C)(=O)=O)cc1,177,5.176149732573829,0.5550129141905138
7411,CC(=O)N(C)[C@H]1CC[C@H]([C@H](N)Cc2cc(F)ccc2F)CC1,177,5.176149732573829,0.5550129141905138
7659,COC(C)(C)c1cncc(-c2ccc3c(c2)CCc2nnc(C)n2-3)c1,177,5.176149732573829,0.5550129141905138
1948,CS(=O)(=O)O.NC[C@H]1CC[C@]2(CC1)OOC1(O2)C2CC3CC(C2)CC1C3,177,5.176149732573829,0.5550129141905138
7662,C=CC(=O)Nc1cccc(-n2c(=O)cc(C)c3cnc(Nc4ccc(N5CCN(C)CC5)cc4OC)nc32)c1,176.67,5.174283585624589,0.5548861703564951
7394,CN1CCC(Nc2nc(-c3cccc4[nH]ncc34)nc3c2cnn3C)CC1,176,5.170483995038151,0.5546281120729163
7557,COc1cccc(CN(CCN(C)C)C(=O)Nc2ccc(-c3cn[nH]c3)cc2)c1,176,5.170483995038151,0.5546281120729163
7722,CCN(CC)CCCn1c2c(c3ccccc3c1=O)C(=O)C(=O)c1cc(C)oc1-2,176,5.170483995038151,0.5546281120729163
1867,O=C(O)[C@H](Cc1ccc(OC(=O)N2CCCC2)cc1)NC(=O)[C@@H]1CCCN1S(=O)(=O)c1ccccc1,176,5.170483995038151,0.5546281120729163
7587,O=C(Nc1cccnc1)N1CCC2(CC1)CN(Cc1cccc(Oc3ccc(Cl)cc3)c1)C2,173.33,5.155197291953219,0.5535898790659821
7442,O=C(N[C@@H](c1ccc(Cl)c(Cl)c1)C1CNC1)c1ccc2cnccc2c1,173.33,5.155197291953219,0.5535898790659821
7595,CCOC(=O)C1=C(NC(C)=O)Oc2cc(O)ccc2C1c1cccnc1,172.8,5.152134856369956,0.5533818864277731
7250,CN1CCN(c2cc(-c3ccc(C#N)cc3)nc(N)n2)CC1,171.67,5.145574029282837,0.5529362921621692
7573,Cl.O=C1C2CCCN2C(=O)N1CCCCNCCOc1cccc2ccccc12,171.1,5.1422481808981475,0.5527104092134485
7327,Cc1ccc2[nH]c3c(c2c1)CCN(C(=O)CCN)C3c1cccc(O)c1,171,5.14166355650266,0.5526707030491642
7490,NC1(c2ccc(-c3nn4ccccc4c3-c3ccccc3)cc2)CCC1,171,5.14166355650266,0.5526707030491642
7459,C[C@@H]1CCCN1CCCOc1ccc(-c2ccc(=O)n(Cc3ccccc3)c2)cc1,171,5.14166355650266,0.5526707030491642
7549,CCNC(=O)Nc1ccc(-c2nc3c(c(N4CCOC[C@@H]4C)n2)CCN(C2COC2)C3)cc1,171,5.14166355650266,0.5526707030491642
7312,CCCOCCn1c(=O)c(NCCNCCO)nc2cnc(-c3ccc(OC)nc3)cc21,170,5.135798437050262,0.5522723594317563
7717,C[C@H](c1ccccc1CN)n1c(=O)oc2cc(S(=O)(=O)Nc3cccc(F)n3)c(F)cc21,170,5.135798437050262,0.5522723594317563
7367,CNC[C@@H](O)CCN1c2ccccc2N(c2ccccc2F)S1(=O)=O,170,5.135798437050262,0.5522723594317563
7658,C#Cc1cccc(Nc2ncnc3cc(O[C@H]4CCOC4)c(NC(=O)/C=C/CNC(C)C)cc23)c1,170,5.135798437050262,0.5522723594317563
7341,CCCOCCn1c(=O)c(NCCN)nc2cnc(-c3ccc(OC)nc3)cc21,170,5.135798437050262,0.5522723594317563
7470,CC1(C)CN(CCC#N)C(=O)[C@@H]1Oc1ccc(C#N)c(C(F)(F)F)c1,170,5.135798437050262,0.5522723594317563
7742,CN(C)CCNC(=O)[C@H]1c2ccccc2C[C@@H]1NC(=O)c1cc2ccccc2[nH]1,170,5.135798437050262,0.5522723594317563
7601,O=C(Nc1ccccn1)[C@H](CN1CC(O)C1)Oc1ncnc2c1cnn2-c1ccccc1Cl,170,5.135798437050262,0.5522723594317563
7532,CCCN(C1CCN(Cc2c(OC)cccc2OC)CC1)S(=O)(=O)c1cccc(C(F)(F)F)c1,169,5.1298987149230735,0.5518716656909181
7631,CC(C)N(Cc1ccc(Cl)c(Cl)c1)CC1CNC1.Cl,168,5.123963979403259,0.5514685939317648
7306,Cc1ccc(S(=O)(=O)O)cc1.O=C(C[C@H]1CC[C@]2(CC1)OO[C@]1(O2)C2CC3CC(C2)CC1C3)N1CCNCC1,168,5.123963979403259,0.5514685939317648
7754,CCC1(CC)C(C)=Nc2c(F)cc(-c3nc(Nc4ccc(N5CCN(C)CC5)cn4)ncc3F)cc21,167.2,5.119190700650601,0.5511444052872434
1872,Nc1nccc(-c2[nH]c(C3CCNCC3)nc2-c2cccc(C(F)(F)F)c2)n1,167,5.117993812416755,0.5510631157597968
7638,C[C@H](Nc1ncnc(N)c1C#N)c1nc2ccc(F)cc2c(S(C)(=O)=O)c1-c1ccccc1,166.67,5.116015809554085,0.5509287749638498
1930,Cc1ccc(Oc2ccc(C(=O)NCCN3CCCC3)cc2NC(=O)Nc2ccccc2)cc1C,166.67,5.116015809554085,0.5509287749638498
7581,C=CC(=O)N1CC[C@H](N2C(=O)N(c3ccccc3)Cc3cnc(Nc4ccc(N5CCN(C)CC5)c(C)c4)nc32)C1,166.67,5.116015809554085,0.5509287749638498
7477,Nc1ncnc(Nc2ccc(Oc3ccc(Cl)cc3)cc2)n1,166.67,5.116015809554085,0.5509287749638498
7512,CN(C(=O)Cn1c(=O)oc2ccc(-c3cccnc3)cc21)c1ccccc1.Cl,165.5,5.1089711948171175,0.5504503231027508
7677,CC1(c2cc(NC(=O)n3ccc4cc(Oc5ncnc6c5CCNC6)ccc43)n[nH]2)CC1,165,5.10594547390058,0.5502448240289567
1900,O=C(O)C[C@@H](NC(=O)[C@@H]1CCN1S(=O)(=O)c1cc(Cl)cc(Cl)c1)c1ccc(OC2CCCC2)cc1,165,5.10594547390058,0.5502448240289567
7667,Cc1nc2cnc(Nc3ccnc(N4CCC(S(C)(=O)=O)CC4)n3)cc2n1C(C)C,165,5.10594547390058,0.5502448240289567
7718,CC1C=C(c2ccnc(N3CCn4c(cc5c4CC(C)(C)C5)C3=O)c2CO)C=C(Nc2ccc(N3CCN(C4COC4)CC3)cc2)C1=O,165,5.10594547390058,0.5502448240289567
7431,CC(C)S(=O)(=O)c1ccn([C@@H](CC2CCCC2)C(=O)Nc2ccn(C)n2)c(=O)c1,164,5.099866427824199,0.5498319510731527
7597,CS(=O)(=O)Nc1cc([C@@H](O)CNCCCCCCCCCN2CCC(OC(=O)Nc3ccccc3-c3ccc(O)c(Cl)c3)CC2)ccc1O,164,5.099866427824199,0.5498319510731527
7415,Cc1cccc(CN(CCCCN)[C@H]2CCCc3cccnc32)n1,163.3,5.095588999976419,0.5495414393289478
7561,CC(C)n1ncnc1-c1nc2c(s1)CCOc1cc(C3CN(CC(C)(C)O)C3)ccc1-2,163,5.093750200806762,0.5494165528847975
7450,C[C@@H]1CCCN1CCCOc1ccc(-c2nn(C)c(=O)c3c2CCC3)cc1,163,5.093750200806762,0.5494165528847975
7748,CCCCNc1nc(N)nc2ccccc12,163,5.093750200806762,0.5494165528847975
7535,CN1CCN(c2ccc(Nc3ncc4nc(Nc5ccccc5)n(C5CCCC5)c4n3)cc2)CC1,162,5.087596335232384,0.5489985983838133
7406,C[C@H]1C[C@@H](NS(=O)(=O)c2cc(Br)ccc2Br)CN1C#N,162,5.087596335232384,0.5489985983838133
7370,Cn1nccc1-c1cc(NC(=O)c2cccc(C(F)(F)F)c2)ccc1OCCN1CCOCC1,160,5.075173815233827,0.5481548932225274
7740,COc1cc(-c2ccc3c(c2)CN(c2cccc(CC#N)c2)C3=O)cnc1OC,160,5.075173815233827,0.5481548932225274
7395,CC(C)N1CCN(C(=O)c2ccc3c(CN4CCOCC4)c[nH]c3c2)CC1,160,5.075173815233827,0.5481548932225274
7712,C=CC(=O)N1CCN(CCCn2c(=O)c(-c3c(Cl)c(OC)cc(OC)c3Cl)cc3cnc(NC)nc32)CC1,160,5.075173815233827,0.5481548932225274
7264,COC1CN(c2cccc(-c3cc(NC(C)=O)nc(-n4nc(C)cc4C)n3)n2)C1,160,5.075173815233827,0.5481548932225274
7480,CSc1ccccc1Nc1nc(N2CCNCC2)nc2c(NCC3CC3)ncnc12,160,5.075173815233827,0.5481548932225274
7344,N#Cc1nc(NC2CCCCC2)nc(N2CCNCC2)n1,159,5.0689042022202315,0.5477290774573325
1870,c1ccc(-c2ccsc2-c2ccccc2)cc1,158.33,5.0646814625133425,0.5474422799890344
7668,Cc1nc2cnc(Nc3ccnc(NCC(C)(C)S(C)(=O)=O)n3)cc2n1C(C)C,158,5.062595033026967,0.547300575139574
1898,Cl.O=C(c1ccc(OCCN2CCCCC2)cc1)c1c(-c2ccc(O)cc2)sc2cc(O)ccc12,157.7,5.060694493968993,0.5471714954832221
7274,NC(=O)c1noc([C@H](CCCC2CCCCC2)CC(=O)NO)n1,157,5.056245805348308,0.546869352153957
7307,Cc1ccc(S(=O)(=O)O)cc1.NC1CCN(C(=O)C[C@H]2CC[C@]3(CC2)OO[C@]2(O3)C3CC4CC(C3)CC2C4)CC1,157,5.056245805348308,0.546869352153957
7539,C[C@H](NC(=O)c1ccc(N2C3CCC2CC(NC(=O)c2ccc(C(N)=O)c(NCC4CC4)c2)C3)nc1)c1ccc(N2CCN(C)CC2)cc1,156.84,5.055226177424131,0.5468001016844615
7423,CCCCCN1C(=O)C2(COc3cc4c(cc32)OCO4)c2ccccc21,156.67,5.054141682405396,0.546726445611072
7495,COc1ccc2c(c1)C=C1Cn3c-2c(C2CCCCC2)c2ccc(cc23)C(=O)NS(=O)(=O)N(C)CCN2CCN(CC2)C1=O,156.67,5.054141682405396,0.546726445611072
7430,Cc1nc2ccccc2n1C1CC2CCC(C1)N2CCC1(c2ccccc2)CCN(C(=O)C(C)(C)c2nnn[nH]2)CC1,156,5.049856007249537,0.5464353737312109
7725,CC(=O)N[C@H]1CSCc2cc3cc(c2)CSC[C@H](NC(=O)[C@H](CCCNC(=N)N)NC(=O)[C@H](C)NC(=O)[C@@H]2CCCN2C(=O)[C@H](Cc2c[nH]c4ccccc24)NC(=O)[C@H](CO)NC1=O)C(=O)N[C@@H](CC(C)C)C(=O)N[C@@H](Cc1cnc[nH]1)C(=O)N[C@@H](CCC(N)=O)C(=O)N[C@@H](CC(=O)O)C(=O)N[C@@H](CC(C)C)C(=O)N[C@H](C(=O)O)CSC3,156,5.049856007249537,0.5464353737312109
7439,CCC(CC)(c1ccc(OCCCCC(=O)O)c(C)c1)c1ccc(OCC(O)C(C)(C)C)c(C)c1,155.83,5.048765669457524,0.5463613208318978
7474,O=C(c1cccn2ccnc12)N1CCN(CCc2ccc(F)cc2F)CC1,155,5.043425116919247,0.5459986044312652
7376,Cn1cc(Br)c(C(=O)N2CCN(CCc3ccc(F)cc3)CC2)n1,155,5.043425116919247,0.5459986044312652
1968,C#CCN1C[C@H](C(=O)NO)[C@H](NC(=O)c2ccc(Cn3c(C(C)C)nc4ccccc43)cc2)C1,155,5.043425116919247,0.5459986044312652
7412,Cc1ccc(N2CCC([C@H](N)Cc3cc(F)ccc3F)CC2)c(C)n1,154,5.0369526024136295,0.5455590081258843
7746,Oc1ccc([C@H]2Sc3ccc(O)cc3O[C@H]2c2ccc(OCCN3CCCCC3)cc2)cc1,154,5.0369526024136295,0.5455590081258843
7296,O=C(NC1CCN(Cc2ccn(-c3ccc(C(F)(F)F)cc3)c2)CC1)N[C@H](CO)c1ccccc1,154,5.0369526024136295,0.5455590081258843
1895,Oc1ccc([C@@H]2Sc3ccc(O)cc3O[C@@H]2c2ccc(OCCN3CCCCC3)cc2)cc1,154,5.0369526024136295,0.5455590081258843
7620,Nc1nc(NCc2ccc(F)cc2)c2ccccc2n1,154,5.0369526024136295,0.5455590081258843
1965,C[C@@H]1CN(C(=O)C[C@H](N)Cc2cc(F)c(F)cc2F)Cc2ccc(C(F)(F)F)n21.Cl,154,5.0369526024136295,0.5455590081258843
1942,COCC1=C(C(=O)OC)[C@H](c2ccc(F)c(F)c2)N(C(=O)NCCCN2CCC(c3cccc(NC(C)=O)c3)CC2)C(=O)N1,153.33,5.0325924614482975,0.545262878722445
7618,c1ccc2nc(N3CCCCC3)ncc2c1,153,5.030437921392435,0.5451165479807325
1962,Cc1cc(C)cc(-c2[nH]c3sc(C(C)(C)C(=O)N4C5CCC4CC5)cc3c2CCN2CCN(CC(=O)N3CCOCC3)CC2)c1,153,5.030437921392435,0.5451165479807325
7711,C[C@@H]1CN(c2cc(-c3n[nH]c4ccc(OC5(C)CC5)cc34)ncn2)C[C@H](C)O1,153,5.030437921392435,0.5451165479807325
7652,O=c1[nH]c2cnc3[nH]ccc3c2n1C1CCCCC1,153,5.030437921392435,0.5451165479807325
7654,CCN1C(=O)N(CCC(C)C)C2(CCN(Cc3cc(Cl)ccc3O)CC2)C1=O,152,5.0238805208462765,0.5446711864368544
1939,CCN1CCCN(C(=O)C[C@H](N)Cc2cc(F)ccc2F)[C@H](C)C1=O,152,5.0238805208462765,0.5446711864368544
7629,CS(=O)(=O)N1CCCC[C@@H]1CNc1nc(-c2c[nH]c3ncc(Cl)cc23)ncc1F,152,5.0238805208462765,0.5446711864368544
1978,Cc1ncoc1-c1nnc(SCCCN2CCc3cc4nc(C(C)C)oc4cc3CC2)n1C,152,5.0238805208462765,0.5446711864368544
7547,COC(=O)N[C@H](C(=O)N[C@@H](Cc1ccc(-c2ccc(N(C)C)nc2)cc1)[C@@H](O)C[C@@H](Cc1ccccc1)C(=O)N[C@H]1c2ccccc2OC[C@H]1O)C(C)(C)C,151.67,5.021707108063305,0.5445235739087353
7542,CCN(CC)C(=O)N[C@H]1CCCCC/C=C\[C@@H]2C[C@@]2(C(=O)NS(=O)(=O)C2CC2)NC(=O)[C@@H]2C[C@@H](Oc3cc(-c4nc(C5CC5)cs4)nc4c(C)c(OC)ccc34)CN2C1=O,151.55,5.020915603503812,0.5444698169832402
7670,CC(C)n1c(CO)nc2cnc(Nc3ccnc(N4CC[C@H](O)[C@H](F)C4)n3)cc21,151,5.017279836814924,0.5442228851915423
7363,Cc1ccnc(C)c1C(=O)N1C[C@H]2CN(CC[C@H](NC(=O)C3CCCC3)c3ccccc3)C[C@H]2C1,151,5.017279836814924,0.5442228851915423
7325,C[C@H](O)C(=O)N1CC[C@H](N(Cc2cc(Cl)ccc2Cl)c2ccc(C#N)c(Cl)c2)C1,150,5.0106352940962555,0.5437716051785677
7660,Cc1nnc2n1-c1ccc(-c3cncc4ccccc34)cc1CC2,150,5.0106352940962555,0.5437716051785677
1983,CC(=O)CCCCC[C@H](NC(=O)CCN1CCCCC1)C(=O)Nc1cnc2ccccc2c1.Cl.Cl,150,5.0106352940962555,0.5437716051785677
7339,CCCCCCOC(=O)N1CCN(C(=O)[C@H](CCC(=O)O)NC(=O)c2cc(OC3CCNCC3)cc(-c3ccccc3)n2)CC1,150,5.0106352940962555,0.5437716051785677
7263,CC(=O)Nc1cc(-c2cncc(N3CCOCC3)c2)nc(-n2nc(C)cc2C)n1,150,5.0106352940962555,0.5437716051785677
7664,C=CC(=O)Nc1cccc(-n2c(=O)cc(C)c3cnc(Nc4ccc(OCCN(C)C)cc4OC)nc32)c1,150,5.0106352940962555,0.5437716051785677
7570,Cc1sc(Nc2ccc(Cl)cc2F)nc1C(=O)N1CCC[C@H](C)[C@@H]1C,150,5.0106352940962555,0.5437716051785677
7262,COc1cncc(-c2cc(NC(=O)CN3CCOCC3)nc(-n3nc(C)cc3C)n2)c1,150,5.0106352940962555,0.5437716051785677
7760,Cc1cc(O)c([C@@H]2O[C@H](CO)[C@@H](F)[C@H](O)[C@H]2O)cc1Cc1cc2c(s1)CCN(C#N)C2,149,5.003946305945459,0.5433173065477536
7661,C=CC(=O)Nc1cccc(-n2c(=O)ccc3cnc(Nc4ccc(N5CCN(C)CC5)cc4OC)nc32)c1,148.33,4.999439521335521,0.5430112174904085
7728,CNc1cc(C2(C(=O)Nc3cc(C(=O)Nc4ccc(OCC5CCN(C)CC5)c(C(F)(F)F)c4)ccc3C)CC2)ncn1,148.33,4.999439521335521,0.5430112174904085
7302,Cc1ccc(N(C)C(=O)c2c(-c3ccccc3Cl)noc2C)cc1Cl,148,4.997212273764115,0.5428599486438559
7584,CC(=O)N1CCC(C(=O)N(CCCN2CCC(C(=O)NCc3ccccc3)CC2)c2cccc(Cl)c2)CC1,147.67,4.994980054485683,0.5427083421319282
1972,COC[C@H]1CCCN1C(=O)c1cc(C)cc(C(=O)N[C@@H](Cc2cc(F)cc(F)c2)[C@H](O)[C@H]2C[C@@H](Oc3ccccc3)CN2)c1,147,4.990432586778736,0.5423994899847328
7744,N#Cc1ccc(F)cc1Cn1c(N2CCC[C@@H](N)C2)nc2c(-c3ccsc3)c[nH]c2c1=O,146.67,4.988185165258664,0.5422468509761992
1952,OC1CCN(Cc2cc(Br)ccc2OCc2ccc(Cl)cc2)CC1,146,4.983606621708336,0.5419358882387648
1873,C[C@H](Nc1nccc(-c2[nH]c(C3CCNCC3)nc2-c2cccc(C(F)(F)F)c2)n1)c1ccccc1,146,4.983606621708336,0.5419358882387648
7238,CC(C)c1cc(C(C)C)n([C@@H]2CCC[C@H]2OC(=O)Nc2ccc(F)cc2F)n1,145,4.976733742420574,0.5414691002015024
7330,CCCCCOC(=O)N1CCN(C(=O)[C@H](CCC(=O)O)NC(=O)c2cc(N3CCC(CCN(C)C)CC3)cc(-c3ccccc3)n2)CC1,145,4.976733742420574,0.5414691002015024
7466,O[C@@H]1Cc2ccccc2C12CCN(Cc1ccc3[nH]c4ccccc4c3c1)CC2,145,4.976733742420574,0.5414691002015024
7640,N#Cc1ccc(-c2cn3c(-c4ccc(C(=O)NC5CC5)cc4)cnc3c(NCC3CCOCC3)n2)cc1,145,4.976733742420574,0.5414691002015024
7733,CC1(C)[C@H](Nc2c(C(N)=O)cnn3cccc23)CC[C@]1(C)N,145,4.976733742420574,0.5414691002015024
7656,CNC(=O)Cn1cc(-c2cnc(N)c3c(-c4ccc(Oc5ccccc5)cc4)csc23)cn1,144.5,4.973279507552487,0.5412344975776517
1892,Cl.S/C(=N\CCc1ccccn1)c1cccnc1S,144.33,4.972102344379472,0.5411545477248952
7694,C[C@H](c1ccc2[nH]c(=O)sc2c1)c1ccn(-c2ccccn2)n1,144,4.969813299576001,0.5409990817715036
7317,CC(C)(C)[C@H]1C(O)=C(C2=CS(=O)(=O)c3cc(NS(C)(=O)=O)ccc3N2)C(=O)N1Cc1ccccc1,144,4.969813299576001,0.5409990817715036
7484,Cc1ccc(Cn2c(=O)[nH]c3c(N)nc(-c4ncco4)cc32)cn1,144,4.969813299576001,0.5409990817715036
1863,N=C(N)NC(=O)[C@H]1C[C@@H]1c1cc(Cl)ccc1Cl,143,4.962844630259907,0.5405257879253302
7695,CNCCNc1cc(N2CCN(C(=O)C(C)(C)c3ccccc3)CC2)nc2ccccc12,142.6,4.960043507980195,0.5403355430052126
1961,N[C@@H](CC(=O)N1CCn2nc(C(F)(F)F)nc2C1Cn1cccn1)Cc1cc(F)c(F)cc1F,142,4.955827057601261,0.5400491726916671
7608,N[C@H]1COCC[C@H]1Nc1cc2cc[nH]c(=O)c2c(Nc2cccc3cc[nH]c23)n1,142,4.955827057601261,0.5400491726916671
7265,COc1cc(N2CCN(C(C)C)CC2)ccc1Nc1nc(Nc2ccccc2C(N)=O)c2cc[nH]c2n1,142,4.955827057601261,0.5400491726916671
7418,CC(CCNC(=O)c1c(Cl)cncc1Cl)N1CCC(C(Oc2cccc(Cl)n2)c2ccc(C(F)(F)F)cc2)CC1,141.7,4.953712146696635,0.5399055334585564
7719,C[C@@H]1CN(c2ccc3c(n2)NC(=O)CO3)[C@H](c2ccccc2)CO1,141,4.948759890378168,0.5395691891245256
1918,CC(C)C[C@H](NC(=O)C(C)(C)Oc1ccc(Cl)cc1)C(=O)N[C@H](C#N)COCc1ccccc1,141,4.948759890378168,0.5395691891245256
7305,CC(C)(N)CNC(=O)C[C@H]1CC[C@]2(CC1)OO[C@]1(O2)C2CC3CC(C2)CC1C3.Cc1ccc(S(=O)(=O)O)cc1,141,4.948759890378168,0.5395691891245256
7577,Cl.O=C1C2CCCN2C(=O)N1CCCCNCCOc1ccccc1,140.3,4.943782987108415,0.5392311708338406
1901,CC1CCN(CC[C@H]2CCCN2S(=O)(=O)c2cccc(O)c2)CC1.Cl,140,4.941642422609304,0.5390857892754953
7267,COc1cccc(-c2ccc(C(CN3CCOCC3)N(C)C(=O)CN3C(=O)COc4cc(Cl)c(Cl)cc43)cc2)c1,140,4.941642422609304,0.5390857892754953
7565,CNc1nc(N(C)CCN(C)C)nc(N2CCC(C(=O)NCc3ccccc3C(F)(F)F)CC2)n1,140,4.941642422609304,0.5390857892754953
7452,CN(C)S(=O)(=O)NCCCCCNc1nc(-c2ccccn2)cs1,140,4.941642422609304,0.5390857892754953
7261,CC(=O)Nc1cc(-c2cncc(O)c2)nc(-n2nc(C)cc2C)n1,140,4.941642422609304,0.5390857892754953
1860,O=C1NCc2c(-c3ccc(F)cc3Cl)cc(CN3CCNCC3)cc2N1c1c(Cl)cccc1Cl,139.5,4.93806460126142,0.5388427929802413
7500,CS(=O)(=O)c1cccc(C[C@H](NC(=O)c2c(Cl)cc3c(c2Cl)CCN(C(=O)c2ccc4ccoc4c2)C3)C(=O)O)c1,139.2,4.935911747900319,0.5386965767944383
7759,Cc1c(OCC(O)CN2CCN(C)CC2)cn2ncnc(Oc3ccc(NC(=O)C4(C(=O)Nc5ccc(F)cc5)CC4)cc3F)c12,139.2,4.935911747900319,0.5386965767944383
7392,Cn1ncc2c(NCCCS(C)(=O)=O)nc(-c3cccc4n[nH]cc34)nc21,139,4.9344739331306915,0.538598924
7698,CCOc1cc(C(=O)Nc2cc(C(F)(F)F)ccn2)ccc1-c1nc(C23CCC(C(=O)O)(CC2)CC3)n2ccnc(N)c12,139,4.9344739331306915,0.538598924
7516,O=C(c1ccc(F)c(F)c1Nc1ccc(I)cc1F)N1CC(O)C1,138.73,4.932529598092634,0.5384668699998975
7388,CN(C)C(=O)C(=O)N1C[C@@H](F)C[C@H]1c1nc(C(=O)NCc2ccc(F)cc2)c(O)c(=O)n1C,138,4.927253685157205,0.5381085437525152
7568,Cc1cc(Nc2nc3cccc(-c4cccc(S(C)(=O)=O)c4)n3n2)ccn1,138,4.927253685157205,0.5381085437525152
7543,Cn1cc(C(C(=O)NS(=O)(=O)c2ccc(CC(=O)O)cc2)c2ccc3c(c2)OCO3)c2ccc(C(N)=O)cc21,138,4.927253685157205,0.5381085437525152
1981,CC(C)Cn1c2ccc(C(=O)c3sccc3Br)cc2c2c3c(c4c(c21)CCc1nn(C)cc1-4)C(=O)NC3,138,4.927253685157205,0.5381085437525152
7642,COc1cc(N2CCN(C(C)=O)CC2)ccc1Nc1nccc(-c2c[nH]c3cnccc23)n1,137,4.919980925828125,0.5376145969057041
7375,CC(C)C(=O)N1C[C@@H]2[C@H](CNc3nc(-c4ccccn4)cs3)[C@@H]2C1,137,4.919980925828125,0.5376145969057041
7374,CCCCN1C(=O)C(CC(C)C)NC(=O)C12CCN(Cc1ccc(Oc3ccccc3)cc1)CC2.Cl,137,4.919980925828125,0.5376145969057041
7478,Nc1cncc(Nc2ccc(Oc3ccc(Cl)cc3)cc2)n1,136.67,4.917569260976709,0.5374508029184399
7526,CC(C)NC(=O)[C@H]1CC[C@@H](n2/c(=N/C(=O)c3ccc(F)cc3)[nH]c3ccc(Cn4cncn4)cc32)CC1,136.5,4.916324614625014,0.5373662697841788
7692,C[C@H](N)[C@@H](O)C[C@@H](O)CCCCCCCCCCCCC(F)(F)F,136.33,4.915078417198038,0.5372816313049296
7428,Cc1nc2ccccc2n1C1CC2CCC(C1)N2CCC1(c2cccc(F)c2)CCN(C(=O)C2(C(=O)O)CCC2)CC1,136,4.912654885736052,0.5371170313684228
1949,OC[C@H]1CC[C@]2(CC1)OO[C@]1(O2)C2CC3CC(C2)CC1C3,136,4.912654885736052,0.5371170313684228
7599,Cc1ccc(NC(=O)[C@H](COC2CCC2)Oc2ncnc3c2cnn3-c2ncccc2Cl)nc1,136,4.912654885736052,0.5371170313684228
7701,C=CC(=O)Nc1cccc(-n2c(=O)cc(C)c3cnc(Nc4ccc(N5CC(C)N(C)C(C)C5)cc4OC)nc32)c1.CS(=O)(=O)O,135.33,4.907716240088415,0.536781611435659
7314,O=C(NC1(c2ccccc2)CCC1)[C@@H]1CCC[C@H]1c1cc(-c2cccc(C(F)(F)F)n2)on1,135,4.90527477843843,0.536615793727544
1982,COc1cc2c(cc1OC)CN(c1nc(N3CCCN(C(=O)N4CC(O)C(O)C4)CC3)nc3cc(OC)c(OC)cc13)CC2,135,4.90527477843843,0.536615793727544
7556,CC1=C(C(=O)N2CCN(c3ccc(F)cc3)CC2)[C@@H](c2ccc(Cl)c(Cl)c2)n2nccc2N1,134,4.897839799950911,0.5361108293785474
7451,CC(C)(CCC(C(N)=O)(c1ccccc1)c1ccccc1)N1CC(Oc2cccc(O)c2)C1,134,4.897839799950911,0.5361108293785474
7299,O=c1[nH]cnc2c1ncn2[C@H]1CC[C@@H](CO)O1,134,4.897839799950911,0.5361108293785474
7308,CC(C)(N)CNC(=O)CC[C@H]1CC[C@]2(CC1)OO[C@]1(O2)C2CC3CC(C2)CC1C3.Cc1ccc(S(=O)(=O)O)cc1,134,4.897839799950911,0.5361108293785474
7297,CN(CC1CCOCC1)C1CCN(c2nc3ccccc3n2Cc2ccc(F)cc2)CC1,134,4.897839799950911,0.5361108293785474
1926,CN(C)[C@@H]1CCN(c2ccc(-c3coc4cc(-c5ccc(Cl)cc5)ccc4c3=O)cn2)C1.Cl,133,4.890349128221754,0.5356020824898224
1980,CN1CCN(c2ccc(Nc3ncc4c(=O)c(C(N)=O)cn(-c5ccc6c(c5)CCC6)c4n3)cc2)CC1,133,4.890349128221754,0.5356020824898224
7616,COc1ccc(CNc2nc(N3CCCCC3)nc3ccccc23)cc1Cl,133,4.890349128221754,0.5356020824898224
1890,COc1cccc(OC)c1-c1ccc(C[C@H](NC(=O)C2(S(=O)(=O)c3ccccc3)CCOCC2)C(=O)O)cc1,133,4.890349128221754,0.5356020824898224
7240,CC(=O)CCCCC[C@H](NC(=O)C1CCN(C)CC1)c1ncc(-c2ccc3ccccc3c2)[nH]1,133,4.890349128221754,0.5356020824898224
7298,CCCCCOC(=O)N1CCN(C(=O)[C@H](CCC(=O)O)NC(=O)c2cc(OC3CCNCC3)cc(-c3ccccc3)n2)CC1,133,4.890349128221754,0.5356020824898224
1938,C[C@@H]1C(=O)N(C2CC2)CCCN1C(=O)C[C@H](N)Cc1cc(F)ccc1F,132,4.882801922586371,0.5350894959656229
7636,Cn1c(=O)c2c(nc(N3CCC[C@@H](N)C3)n2Cc2ccccc2Cl)c2cc(C(=O)O)ccc21,132,4.882801922586371,0.5350894959656229
7253,CC(C)(C)Cn1c(CN2C(=O)C3(CCNCC3)c3cc(F)ccc32)cc2cnc(C#N)nc21,131.67,4.880298792368253,0.5349194898891875
1931,CN1CCC(COc2cc(OC3CCOCC3)c3c(Nc4c(Cl)ccc5c4OCO5)ncnc3c2)CC1,131.67,4.880298792368253,0.5349194898891875
7576,CCc1ccccc1OCCNCCCCN1C(=O)C2CCCN2C1=O.Cl,131.2,4.876722876509988,0.534676623009819
7364,Cc1ncnc(C)c1C(=O)N1C[C@H]2CN(CC[C@H](NC(=O)C3CCCC3)c3ccccc3)C[C@H]2C1,131,4.875197323201151,0.5345730114076133
7359,CC(C)NCc1ccc(-n2cc3cccc(C(N)=O)c3n2)cc1,131,4.875197323201151,0.5345730114076133
7648,CC1(n2c(-c3cccnc3)nc3ccc(F)cc32)CC1,131,4.875197323201151,0.5345730114076133
7621,Cc1cc(NCc2ccc(F)cc2)nc(N2CCCCC2)n1,131,4.875197323201151,0.5345730114076133
1923,C=C1/C(=C\C=C2/CCC[C@]3(C)C([C@H](C)OCC(=O)NCC(F)(F)C(F)(F)F)=CCC23)C[C@@H](O)C[C@@H]1O,130.88,4.8742808728544365,0.5345107684900994
7377,CCN1Cc2ccc(OC)cc2C[C@@H]1C(=O)Nc1cc(F)c(-c2cn[nH]c2)cc1OCCN(C)C,130,4.867534450455582,0.5340525690749414
7633,CCCCOc1cncc(-c2nnc3c(C)nc4ccc(CN5CCOCC5)cc4n23)c1,130,4.867534450455582,0.5340525690749414
1954,COc1cccc(OC)c1CNC(=O)c1cc2cc(C[C@@H](C)NC[C@H](O)c3ccc(O)c(CO)c3)ccc2[nH]1,130,4.867534450455582,0.5340525690749414
1921,N#C[C@@H]1CC[C@H](C#N)N1C(=O)CNC12CC3CC(CC(O)(C3)C1)C2,130,4.867534450455582,0.5340525690749414
7400,CCNc1nc2sc(-c3cccc([C@H](C)NC(=O)C4CCN(C)CC4)c3)nc2c2c1ncn2C,130,4.867534450455582,0.5340525690749414
7550,Cc1c(Cl)cccc1S(=O)(=O)N1CCC[C@H](C(=O)NC2CCCCC2)C1,130,4.867534450455582,0.5340525690749414
7337,CCCCCOC(=O)N1CCN(C(=O)[C@H](CCC(=O)O)NC(=O)c2cc(OCC3CCN(C)CC3)cc(-c3ccccc3)n2)CC1,130,4.867534450455582,0.5340525690749414
1887,Cc1ncc2n1-c1ccc(Cl)cc1C(c1ccccc1F)=NC2,130,4.867534450455582,0.5340525690749414
7408,C[C@@H](C[C@@](C)(CS(=O)(=O)N1CCC(OCc2ccc(Cl)cc2Cl)CC1)N(O)C=O)c1ncc(F)cn1,130,4.867534450455582,0.5340525690749414
7571,CNc1cc(-c2cc(NC(=O)[C@H](Cc3ccc(F)cc3)NCC(N)=O)n(C)n2)ccn1,130,4.867534450455582,0.5340525690749414
7731,CCNC(=O)Nc1cc2c(-c3cc[n+](COP(=O)([O-])O)c(C)c3)ccc(CNC(=O)OC)c2cn1,130,4.867534450455582,0.5340525690749414
1910,CS(=O)(=O)Nc1cccc(NC(=O)CN2CCN(C(=O)C[C@H](N)Cc3ccccc3F)[C@H](Cc3ccccc3)C2)c1,130,4.867534450455582,0.5340525690749414
7560,CCCC(Nc1cnc(-n2cc(C(F)(F)F)cn2)nc1)c1ccc(C(=O)NCCC(=O)O)cc1,130,4.867534450455582,0.5340525690749414
7332,O=C(c1cc(Cc2c[nH]c(=O)c3cc(Cl)c(Cl)n23)ccc1F)N1CCC2(CCCN2)CC1,130,4.867534450455582,0.5340525690749414
1985,O=C(Cn1c(=O)sc2ccc(Cl)cc21)N1CCCC(c2ccccc2)C1CN1CCOCC1,130,4.867534450455582,0.5340525690749414
7600,CC(C)OC[C@H](Oc1ncnc2c1cnn2-c1ncccc1Cl)C(=O)Nc1ccc(F)cn1,130,4.867534450455582,0.5340525690749414
1899,CC1(c2ccc(OCCN3CCCC3)cc2)c2ccc(O)cc2CCN1c1cccc(O)c1,129.7,4.865224091322398,0.5338956555078617
1969,CSc1sc(C(=N)N)cc1S(=O)(=O)c1cccc(-c2c(C)cccc2NC(=O)CCCS(C)(=O)=O)c1,129.6,4.864452783918174,0.5338432703204797
7342,Cc1cc(NC(=O)OCC(Oc2cccc3sc(C(=N)N)cc23)c2ccccc2)n(C)n1,129.3,4.8621352857778115,0.5336858718906505
1960,N[C@@H](CC(=O)N1CCn2nc(C(F)(F)F)nc2C1Cn1cncn1)Cc1cc(F)c(F)cc1F,129,4.859812404361672,0.5335281078427698
7322,NC[C@H]1CC[C@]2(CC1)OOC1(O2)C2CC3CC(C2)CC1C3,129,4.859812404361672,0.5335281078427698
7399,CCCCNCc1ccc(-c2nc(CN(C3CCCC3)S(=O)(=O)c3ccc(OC)cc3)cs2)cc1,129,4.859812404361672,0.5335281078427698
1929,COc1cc2ncnc(Nc3cccc(Cl)c3F)c2cc1OC1CCN(C)CC1,129,4.859812404361672,0.5335281078427698
1973,Cc1ccc(N2CCN(C(=O)[C@@H]3CN(C4CCOCC4)C[C@H]3c3ccc(Cl)cc3)CC2)c([C@@H](NC(=O)CCN(C)C)C(C)C)c1,129,4.859812404361672,0.5335281078427698
7644,CN(C)C(=O)C(CCN1CCC(O)(c2ccc(Cl)cc2)CC1)(c1ccccc1)c1ccccc1,128.33,4.85460507125637,0.5331744393585984
1958,c1ccc(-c2c(-c3ccc(OCCN4CCOCC4)cc3)oc3nccc(NCCN4CCNCC4)c23)cc1,128.33,4.85460507125637,0.5331744393585984
7493,CN1CCCCN(C)S(=O)(=O)NC(=O)c2ccc3c(C4CCCCC4)c(n(C)c3c2)-c2ccccc2OCC1=O,128.33,4.85460507125637,0.5331744393585984
7663,C=CC(=O)Nc1cccc(-n2c(=O)cc(C)c3cnc(Nc4ccc(N(C)CCN(C)C)cc4OC)nc32)c1,128.33,4.85460507125637,0.5331744393585984
7365,CCn1cc(-c2ccnc3[nH]ccc23)c(-c2ccc(NC(=O)Nc3ccccc3)cc2)n1,128,4.852030263919617,0.5329995651591939
7562,CC(C)n1ncnc1-c1nc2c(s1)CCOc1cc(C3CN(CCO)C3)ccc1-2,128,4.852030263919617,0.5329995651591939
1891,O=C(O)[C@@H](C1CCCCC1)N1C[C@H](CN2CCC(O)(CCCc3ccccc3)CC2)[C@@H](c2ccccc2)C1,128,4.852030263919617,0.5329995651591939
7720,Cc1c([C@@H](O)CN2CCC3(CC2)CCN(c2ccncc2)C3=O)ccc2c1COC2=O,128,4.852030263919617,0.5329995651591939
1946,c1cn(-c2ccc(O[C@H]3CCCN(Cc4ccc5c(c4)OCO5)C3)cc2)cn1,128,4.852030263919617,0.5329995651591939
7544,O=C1CC2c3c(cccc31)CCN2C(=O)c1cc(Cc2n[nH]c(=O)c3ccccc23)ccc1F,127.83,4.8507012561799305,0.5329093024194685
7743,Cn1c(=O)cc(N2CCC[C@@H](N)C2)n(Cc2cc(F)ccc2C#N)c1=O,127.67,4.84944880983226,0.5328242395298225
7292,CCC[C@H](Nc1cncc(-c2ccc(NC(=O)NCC)c(OC)c2)n1)c1cccnc1,127.1,4.844974178195408,0.5325203342185568
7419,CC(C)N(CCO)Cc1csc(-c2cn(CC3CCOCC3)c3c(Cl)cccc23)n1,127,4.844187086458591,0.5324668770004694
7590,CN1CCN(c2ccccc2C2SC(CC(=O)N3CCC(N4Cc5ccccc5NC4=O)CC3)C(=O)N2CCC(C)(C)C)CC1,127,4.844187086458591,0.5324668770004694
7613,CC(C)(C)c1cc(NC(=O)[C@@H]2CCCN2c2ccc(Cl)cc2)no1,127,4.844187086458591,0.5324668770004694
7520,N#Cc1ccc2ccc(=O)n(CCN3CCC(NCc4cc5c(cn4)OCCO5)CC3)c2c1,127,4.844187086458591,0.5324668770004694
1869,COc1cccc(OC)c1-c1ccc(CC(NC(=O)C2CCCN2S(=O)(=O)c2ccccc2)C(=O)O)cc1,127,4.844187086458591,0.5324668770004694
7737,COCCCCc1c(C(=O)N(CC(C)C)[C@@H]2CNC[C@H](C(=O)N3CCOCC3)C2)ncn1-c1ccccc1,126.74,4.842137743895371,0.5323276909981098
7489,CC(=O)N[C@@H](Cc1ccc(F)cc1)[C@H](O)CN[C@H]1C[C@]2(C[C@H](O)C2)Oc2ncc(CC(C)(C)C)cc21,126.67,4.841585279495541,0.5322901690568598
7323,CS(=O)(=O)O.NCC(=O)NC[C@H]1CC[C@]2(CC1)OO[C@]1(O2)C2CC3CC(C2)CC1C3,126,4.836281906951478,0.5319299778244716
7564,C[C@@H](O)c1nc2cnc3[nH]ccc3c2n1[C@H]1CC[C@H](CCC#N)CC1,126,4.836281906951478,0.5319299778244716
7346,CCOc1cc(CN2CCC(Nc3nc4cc(S(=O)(=O)CC)ccc4o3)CC2)ccc1OC,126,4.836281906951478,0.5319299778244716
7756,CCC1(C)C(C)=Nc2c(F)cc(-c3nc(Nc4ccc(N5CCNCC5)cn4)ncc3F)cc21,125.2,4.829912458665998,0.5314973815079731
7421,CC(=O)O[C@@]12CO[C@@H]1C[C@H](O)[C@@]1(C)C(=O)[C@H](O)C3=C(C)[C@@H](OC(=O)[C@H](O)[C@@H](NC(=O)OC(C)(C)C)c4ccccc4)C[C@@](O)([C@@H](OC(=O)c4ccccc4)[C@H]21)C3(C)C.O.O.O,125.17,4.829672813339932,0.5314811054224041
7755,CCC1(CC)C(C)=Nc2c(F)cc(-c3nc(Nc4ccc(N5CCNCC5)cn4)ncc3F)cc21,125,4.8283137373023015,0.5313888005222984
7382,CC(C)(C)CCC1(C(=O)c2ccc(Cl)c(Cl)c2)CCNC1,125,4.8283137373023015,0.5313888005222984
7681,CC(C)n1ncnc1-c1cn2c(n1)-c1cnc(N3CCCC3)cc1OCC2,125,4.8283137373023015,0.5313888005222984
7488,C=CCCCC[N@+]1(C)C2CCC1C[C@H](CC(C#N)(c1ccccc1)c1ccccc1)C2.[Br-],125,4.8283137373023015,0.5313888005222984
7509,CN(C)CCOc1ccc(-c2[nH]c3ncnc(NCC4SCCS4)c3c2-c2ccccc2)cc1,125,4.8283137373023015,0.5313888005222984
1940,COC(=O)N[C@@H](C)C(=O)N1CCN(n2c([C@H](C)N(C(=O)Nc3ccc(F)cc3)c3ccc(OC)cc3OC)nc3cc(F)ccc3c2=O)CC1,125,4.8283137373023015,0.5313888005222984
7384,NC(=O)n1ccc(-c2ccc(-c3ccccc3Cl)cc2)n1,125,4.8283137373023015,0.5313888005222984
1920,Cc1cc(C)c(-n2nnnc2SCC(=O)Nc2ccc(S(N)(=O)=O)cc2Cl)c(C)c1,125,4.8283137373023015,0.5313888005222984
1974,CCC(c1ccc(-c2ccsc2)cc1)n1ccnc1,124.67,4.825670246356884,0.531209261511315
7506,Nc1nc(C2CC2)nc2c1nnn2C[C@H]1CN(Cc2ncccn2)CCO1,124,4.820281565605037,0.5308432763679317
7482,COC[C@H](C)COCc1ccc([C@@]2(O)CCNC[C@@H]2c2noc(-c3ccccc3CCNC(C)=O)c2Br)cc1,124,4.820281565605037,0.5308432763679317
7380,NC(=O)c1cccc(C[C@H]2C[C@H]3CC[C@@H](C2)N3Cc2ccccc2)c1,124,4.820281565605037,0.5308432763679317
7627,COc1cccc2ccnc(NCC(C)(C)c3ccccc3)c12,124,4.820281565605037,0.5308432763679317
7356,O=C(Nc1ccc(Cl)cc1)N1CCCC(CCC2=NNNN2)(c2ccccc2)C1,124,4.820281565605037,0.5308432763679317
1984,Cc1cc(NC(=O)OCC(C)C)nn1Cc1cc(Cl)ccc1OCc1ccccc1,124,4.820281565605037,0.5308432763679317
7282,COc1cccc([C@H]2C[C@@H]2NC(=O)CC(C)(C)NCC(=O)N2C[C@@H](F)C[C@H]2C#N)c1,124,4.820281565605037,0.5308432763679317
7679,Cc1ccc(CN2CCOCC2)cc1NC(=O)c1ccc(Nc2nccc(-c3ccc(OC(F)(F)F)cc3)n2)cn1,123.45,4.8158362157911885,0.5305413598017196
7646,O=C(Nc1ccncc1)Nc1ccc(-c2nc(N3CCOCC3)nc(N3[C@@H]4COC[C@H]3[C@@H](O)C4)n2)cc1,123.33,4.814863689577897,0.5304753083575895
7579,CCc1ccc(Cc2ccccc2N[C@@H]2O[C@H](CO)[C@@H](O)[C@H](O)[C@H]2O)cc1,123.33,4.814863689577897,0.5304753083575895
7424,Cc1ccc(S(=O)(=O)N2CCNC(=O)[C@H]2CC(=O)N[C@@H]2CCCc3cc(CN4CCCCC4)ccc32)cc1,123.33,4.814863689577897,0.5304753083575895
7604,CCNC(=O)Nc1cc(-c2nc(C(F)(F)F)cs2)c(-c2cncc(-c3nnc(C)o3)c2)cn1,123,4.812184355372417,0.5302933349658594
7385,NC(=O)n1ccc(-c2cccc(-c3ccccc3Cl)c2)n1,123,4.812184355372417,0.5302933349658594
1875,CC[C@H](C)C(=O)O[C@H]1C[C@@H](C)C=C2C=C[C@H](C)[C@H](CC[C@@H]3C[C@H](CC(=O)NC)N(Cc4cccc(OC)c4)C(=O)O3)[C@H]21,123,4.812184355372417,0.9994500585979276
1941,C[C@H](Cc1cccc(CC(=O)NCc2ccc(Cl)c(Cl)c2)c1)NC[C@H](O)c1ccc(O)c(CO)c1,123,4.812184355372417,0.5302933349658594
7684,Nc1ncnc2c1c(-c1cccc(OCc3ccccc3)c1)cn2[C@H]1C[C@@H](CN2CCC2)C1,123,4.812184355372417,0.5302933349658594
7368,CC(=O)O.OCc1cc([C@@H](O)CNCCCCCCOCCOCc2c(Cl)cccc2Cl)ccc1O,123,4.812184355372417,0.5302933349658594
7558,O=C(NCCCN1CCOCC1)c1cccc(-n2ncc3cc(Nc4ccccc4Cl)ccc32)c1,123,4.812184355372417,0.5302933349658594
7496,CCCOc1ccc(CN2CC3(CCN(C(=O)Cc4ccc(OC)cc4)CC3)C2)cn1,123,4.812184355372417,0.9994500585979276
7675,CC(c1cccc(C(=O)N2CCN(c3ncccc3C#N)CC2)c1)c1n[nH]c(=O)c2ccccc12,122,4.804021044733257,0.5297389041965598
7753,O=C(Nc1ccc2[nH]nc(-c3ccncc3)c2c1)[C@@H]1CCN(CC(=O)N2CCN(c3ccc(-c4ncccn4)cc3)CC2)C1,122,4.804021044733257,0.5297389041965598
7251,O=C(N[C@@H]1CCCc2cc(CN3CCCCC3)ccc21)[C@H](O)[C@H](O)CS(=O)(=O)c1cccc(C(F)(F)F)c1,121.67,4.801312461799358,0.529554944307474
7610,C=C[C@]1(C)C[C@@H](OC(=O)CS[C@@H]2CC[C@@H](N)C[C@H]2O)[C@]2(C)[C@H](C)CC[C@]3(CCC(=O)[C@H]32)[C@@H](C)[C@@H]1O,121.67,4.801312461799358,0.529554944307474
7582,C=CC(=O)N1CC[C@H](N2C(=O)N(c3ccccc3)Cc3cnc(Nc4ccc(N5CCN(C)CC5)c(F)c4)nc32)C1,121.67,4.801312461799358,0.529554944307474
7626,CCOC[C@@H](CC(C)C)NC(=O)[C@@H]1CNC[C@H](C(=O)N(c2cc3c(cc2F)OC(C)(C)C(=O)N3CCCOC)C2CC2)C1.Cl,121.67,4.801312461799358,0.529554944307474
7501,C[S+]([O-])c1cncc(CC(NC(=O)c2c(Cl)cc3c(c2Cl)CCN(C(=O)c2ccc4ccoc4c2)C3)C(=O)O)c1,121.1,4.796616650559047,0.5292360170543614
7738,COCCCNc1nc(C(C)(C)C)ncc1C(=O)N(CC(C)C)[C@@H]1CNC[C@H](C(=O)N2CCOCC2)C1,121.02,4.795955821194175,0.5291911352472936
7505,Nc1nc(C(F)(F)F)nc2c1nnn2C[C@H]1CN(Cc2ccccn2)CCO1,121,4.795790545596741,0.5291799101597424
7371,C=CCN(C(=O)Cc1ccc(S(=O)(=O)NC)cc1)C1CCN(C[C@H]2CN(C(=O)C3CCCC3)C[C@]2(O)c2ccccc2)CC1,121,4.795790545596741,0.5291799101597424
7554,CC(C)c1nc(-c2cccc(NS(=O)(=O)c3c(F)cccc3F)c2)c(-c2ccnc(N)n2)s1,121,4.795790545596741,0.5291799101597424
1876,N=C(N)c1ccc2[nH]c(-c3cccc(-c4ccccc4)c3O)cc2c1,121,4.795790545596741,0.5291799101597424
1933,CCn1c(-c2nonc2N)nc2cnc(Oc3cccc(NC(=O)c4ccc(OCCN(C)C)cc4)c3)cc21,121,4.795790545596741,0.5291799101597424
7697,CC(C)(C)c1[nH]cnc1/C=c1\[nH]c(=O)/c(=C/c2ccccc2)[nH]c1=O,121,4.795790545596741,0.5291799101597424
1953,CSC(=S)N1CC2(CCCCC2)CS/C1=N\c1cccc2ncccc12,120.7,4.793308128103486,0.5290113108375624
7277,CCOc1cc2ncc(C(N)=O)c(Nc3cccc(Cl)c3Cl)c2cc1N1CCN(C(C)C)CC1,120,4.787491742782046,0.5286162771152342
7324,CN1CC[C@H](N(Cc2ccccc2C(F)(F)F)c2ccc(C#N)c(Cl)c2)C1,120,4.787491742782046,0.5286162771152342
7563,COc1ccc(O[C@@H](CC(C)C)[C@H]2CCNC2)c(C)n1,120,4.787491742782046,0.5286162771152342
1864,N=C(N)NC(=O)[C@H]1C[C@@H]1c1cccc2c1CCO2,120,4.787491742782046,0.5286162771152342
7438,CC(=O)O.O=C1CNC(=O)N1c1cccc(CCCCOCCCCCCNC[C@H](O)c2ccc(O)c(CO)c2)c1,120,4.787491742782046,0.5286162771152342
7598,CC[C@]1(c2cccc(NS(C)(=O)=O)c2)[C@@H]2CN(CC3(O)Cc4ccccc4C3)C[C@@H]21,120,4.787491742782046,0.5286162771152342
7548,C[C@@H](NC1=CC(=O)CNC1)c1ccc(Nc2ncc3cc(-c4ccncc4)ccc3n2)cc1,120,4.787491742782046,0.5286162771152342
1925,O=C1NCN(c2ccccc2)C12CCN(C1CCCCC1c1ccccc1)CC2,120,4.787491742782046,0.5286162771152342
7594,CCc1cc(-c2noc(-c3cc(C)nc(C(CC)CC)c3)n2)cc(C)c1OC[C@@H](O)CNC(=O)CO,120,4.787491742782046,0.5286162771152342
7603,CCNC(=O)Nc1cc(-c2nc(C(F)(F)F)cs2)c(-c2cncc(C(N)=O)c2)cn1,120,4.787491742782046,0.5286162771152342
7583,COC(=O)N1[C@@H]2CC[C@H]1C[C@](O)(C#Cc1cccc(OC(F)F)c1)C2,120,4.787491742782046,0.9977730007473024
7569,COc1ccc(Nc2nc(C(=O)N3CCc4ccccc4C3)cs2)cc1,120,4.787491742782046,0.5286162771152342
7485,CCCCCS(=O)(=O)NC(=O)CCc1ccccc1Oc1ncc(C(F)(F)F)cc1Cl,120,4.787491742782046,0.9977730007473024
7625,O=C1c2cc(COc3ccccc3)nn2CCC1c1ccc(F)cc1,120,4.787491742782046,0.5286162771152342
7687,CC(C)(C)OC(=O)N1CCN(c2cccc3c2cnn3-c2ccccc2F)C1=O,120,4.787491742782046,0.5286162771152342
7260,COc1cncc(-c2cc(NC(C)=O)nc(-n3nc(C)cc3C)n2)c1,120,4.787491742782046,0.5286162771152342
7467,CC(C)(CO)Nc1nc(-c2cccc(O)c2F)c2c(N)c(C(N)=O)sc2n1,119,4.77912349311153,0.5280479274213907
7316,CC1(CC(=O)NCCNc2ccnc3cc(Cl)ccc23)CC2(CCCCC2)OO1,119,4.77912349311153,0.9972046510534592
7674,CC(C)c1nc(C(=O)NC[C@@H]2[C@H]3CN(C(C)C)C[C@@H]23)c2ccccn12,119,4.77912349311153,0.5280479274213907
7612,CC[C@H](c1ccc(C(=O)O)c(Oc2cccc(Cl)c2)c1F)N1CCC[C@H](n2cc(C)c(=O)[nH]c2=O)C1,119,4.77912349311153,0.5280479274213907
1913,CN1CCN(CCC#CC(=O)Nc2cc3c(Nc4ccc(F)c(Cl)c4)ncnc3cn2)CC1,118.8,4.777441406928545,0.5279336845145992
7537,Cc1ccc(Sc2ccccc2N2CCNCC2)c(C)c1.Cl,118.33,4.773477331396467,0.5276644548424771
1955,Cc1ccc(N2CCN(C(=O)[C@@H]3CN(C4CCOCC4)C[C@H]3c3ccc(Cl)cc3)CC2)c([C@@H](N)C(C)C)c1,118,4.770684624465665,0.5274747814709109
7471,N[C@H]1CC[C@H](Nc2ncc3nc(Nc4c(F)cccc4F)n(C4CCCC4)c3n2)CC1,118,4.770684624465665,0.5274747814709109
7333,COc1cc2c(cc1OC)[C@@H]1C[C@H](N)[C@@H](c3cc(C)ccn3)CN1CC2,118,4.770684624465665,0.5274747814709109
7657,Cc1ncc(Cl)c(N2CC[C@@H](C)N(C(=O)c3ccccc3-n3nccn3)CC2)n1,118,4.770684624465665,0.5274747814709109
7751,Cc1cc(OCCCS(C)(=O)=O)cc(C)c1-c1cccc(COc2ccc(CCC(=O)O)cc2)c1,117.77,4.768733569853457,0.5273422709298562
1861,Cc1ccc(C(=O)NC(CN2C3CCC2CC(Cc2ccc(Cl)c(Cl)c2)C3)C(C)C)cc1,117.67,4.7678840964758376,0.5272845769134121
7301,CC(C)(Cc1ccc2ccccc2c1)NC[C@@H](O)COc1ccc(CCC(=O)O)cc1,117.5,4.7664383335842135,0.527186384468256
7449,CC(C)n1nc(-c2ccc(OCCCN3CCC[C@H]3C)cc2)c2sccc2c1=O,117,4.762173934797756,0.5268967576239175
7402,O=S(=O)(CC1CS1)c1ccc(Oc2ccccc2)cc1,117,4.762173934797756,0.5268967576239175
7734,COc1cc2ncnc(-n3nc(Nc4ccc(N5CCN(C6CC7CCC6C7)CC5)c(Cl)c4)nc3N)c2cc1OC,117,4.762173934797756,0.5268967576239175
7357,CN[C@@H]1CCN(c2nc(N)nc3c2oc2ccc(Cl)cc23)C1,117,4.762173934797756,0.5268967576239175
7622,CCOC(=O)[C@@H]1C[C@@H]2CCCC[C@@H]2N1C(=O)C[C@H](N)Cc1cc(F)c(F)cc1F,116.83,4.760719886729057,0.5267980024711416
7527,CC(=O)Nc1cc(-c2c(Nc3ccn(C)n3)nc3ccc(-c4cnco4)cn23)nc(C)n1,116.67,4.759349436835766,0.5267049250884215
7465,CCCCCS(=O)(=O)NC(=O)/C=C/c1cc(C2CC2)nn1Cc1ccc(C(F)(F)F)cc1Cl,116,4.7535901911063645,0.9954704957702372
7355,NC(=O)CCC1(c2ccccc2)CCCN(C(=O)Nc2ccc(Cl)cc2)C1,116,4.7535901911063645,0.5263137721381688
7596,N#C[C@@H]1C[C@H](F)CN1C(=O)[C@@H](N)Cc1cscn1,116,4.7535901911063645,0.5263137721381688
7580,CN[C@@H](C)C(=O)N[C@H]1CCc2ccccc2N(Cc2c(OC)ccc3cc(Br)ccc23)C1=O.Cl,116,4.7535901911063645,0.5263137721381688
7739,COc1ccc(-c2ccc3c(c2)CN(c2cccc(CC#N)c2)C3=O)cc1OC,116,4.7535901911063645,0.5263137721381688
7410,Cc1noc(C)c1S(=O)(=O)N(C)[C@H]1CC[C@H]([C@H](N)Cc2cc(F)ccc2F)CC1,116,4.7535901911063645,0.5263137721381688
1862,O=C1NCc2c(-c3ccccc3Cl)cc(OC3CCNCC3)cc2N1c1c(Cl)cccc1Cl,115.5,4.749270529961848,0.5260203920185909
7635,COc1ccc(CC(=O)N2CCC3(CC2)CN([C@@H]2CCc4cc(-c5cc(C)ncn5)ccc42)C3)c(C(N)=O)c1,115,4.74493212836325,0.5257257390962456
7252,COc1ccc(C(=O)c2c(C)n(Cc3cccc(O[C@@H](C)C(=O)O)c3)c3ncccc23)cc1,115,4.74493212836325,0.5257257390962456
7693,CC(c1ccc2[nH]c(=O)sc2c1)c1ccn(-c2ccccn2)n1,115,4.74493212836325,0.5257257390962456
7473,CC(=O)NCCc1ccccc1-c1ccc([C@H]2CNCC[C@@H]2c2ccn(C)c(=O)c2)c(Cl)c1.Cl,115,4.74493212836325,0.5257257390962456
7615,Fc1ccc(CNc2nc(N3CCCCC3)nc3ccccc23)cc1,115,4.74493212836325,0.5257257390962456
1914,C=C[C@]12OC(=O)N(CCCCn3cnc(-c4ccc(C)nc4)c3)[C@@H]1[C@@H](C)C(=O)[C@H](C)C[C@@](C)(OC)[C@H](O[C@@H]1O[C@H](C)C[C@H](N(C)C)[C@H]1O)[C@@H](C)C(=O)[C@@H](C)C(=O)O[C@@H]2CC,115,4.74493212836325,0.5257257390962456
7672,CC(C)c1nc(C(=O)NC2CCN(C(C)C)CC2)c2ccccn12,115,4.74493212836325,0.5257257390962456
1932,O=c1c2sc(-c3ccc(Cl)cc3)cc2ncn1-c1ccc2oc(CN3CCCC3)cc2c1,115,4.74493212836325,0.5257257390962456
7713,COc1ccc(Sc2ccc(Sc3nncn3C)nc2C(=O)Nc2ncc(SCC(=O)O)s2)cc1,115,4.74493212836325,0.5257257390962456
7464,CC1CC1COc1nc(N)c2ncn([C@@H]3O[C@H](CF)[C@@H](O)[C@H]3O)c2n1,115,4.74493212836325,0.5257257390962456
7691,O=C1CN(c2cccc3c2cnn3-c2ccccc2F)CCN1CC(=O)N1CC[C@H](F)C1,115,4.74493212836325,0.5257257390962456
7276,COc1cc2ncc(C(N)=O)c(Nc3cccc(Cl)c3Cl)c2cc1OC,115,4.74493212836325,0.5257257390962456
1889,COC(=O)C1=C(C)NC(C)=C(C(=O)OCCN(C)Cc2ccccc2)C1c1cccc([N+](=O)[O-])c1,115,4.74493212836325,0.5257257390962456
7545,CCC(=O)NCCCc1cc(OC)ccc1C#Cc1cccc(OC)c1,114.7,4.742320024135325,0.5255483317892602
7678,COc1ccccc1N1CCN(CCCCCC(=O)n2c3ccccc3c3ccccc32)CC1.Cl,114.1,4.73707525686803,0.5251921208744318
7614,C[C@@H]1COCCN1c1nc(-c2cncc3[nH]ccc23)cc2c1ncn2[C@@H](C)S(C)(=O)=O,114,4.736198448394496,0.5251325703295612
1893,Cc1cc(C(=O)Nc2ccc(-c3ccccc3CN(C)C)cc2F)n(-c2cc3ccccc3cc2S(C)(=O)=O)n1,114,4.736198448394496,0.5251325703295612
1970,CC(C)(C)OC(=O)N[C@H](Cc1ccccc1C(F)(F)F)C(=O)NCc1nc2cccnc2n1CC1CC1,114,4.736198448394496,0.5251325703295612
7429,Cc1nc2ccccc2n1C1CC2CCC(C1)N2CCC1(c2ccccc2)CCN(C(=O)c2ccccc2C(=O)O)CC1,114,4.736198448394496,0.5251325703295612
1924,CC(C)CC(C(=O)NCC#N)c1cccc(-c2ccc(-c3csc(N4CCNCC4)n3)cc2)c1,114,4.736198448394496,0.5251325703295612
7735,CNCc1cc(Oc2ccc3c(ccn3C(=O)Nc3cc(C(C)C)on3)c2)ncn1,114,4.736198448394496,0.9942892939616296
1919,COc1cc2ncnc(Nc3cccc(Cl)c3F)c2cc1CN(C)C1(C(N)=O)CCN(C(C)C)CC1,114,4.736198448394496,0.5251325703295612
7727,O=C(Nc1ccc(Cl)cc1)Nc1cccc(-c2cccc(N3CCCC3)n2)c1,113.7,4.73356340075649,0.994110328398066
1967,C#CCN1C[C@H](C(=O)NO)[C@H](NC(=O)c2ccc(Cn3c(C(C)(C)C)nc4ccccc43)cc2)C1,113.33,4.730303916744857,0.5247322291124216
7416,C[C@@H](c1ccccn1)N(CCCCN)Cc1nc2ccccc2[nH]1,113.3,4.730039168033961,0.5247142480704227
7647,O=C(c1ccc(CN2CCC(F)CC2)cc1)N1CCN(C2CCC2)CC1,113.3,4.730039168033961,0.5247142480704227
1971,CC(C)(C)OC(=O)N[C@H](Cc1ccccc1C(F)(F)F)C(=O)NCc1nc2cccnc2n1CC(F)(F)F,113,4.727387818712341,0.5245341753390217
7716,O/N=c1\cc(-c2cc3cccn3cn2)oc2ccc(OCCN3CCOCC3)cc12,113,4.727387818712341,0.5245341753390217
7729,CCc1n[nH]c2cc(OCCNC[C@H](O)c3cccc(NS(C)(=O)=O)c3)ccc12,113,4.727387818712341,0.5245341753390217
7390,Cc1ccc(CN2[C@@H]3CC[C@H]2C[C@H](Oc2cccc(C(N)=O)c2)C3)s1,113,4.727387818712341,0.5245341753390217
7354,N#CC1(NC(=O)[C@@H](N)Cc2cccs2)CC1,113,4.727387818712341,0.5245341753390217
7749,COCCCN1CCC(NC(=O)c2cc(Cl)c(N)c3c2OCC3)CC1,113,4.727387818712341,0.5245341753390217
1937,C[C@@H]1C(=O)N(C)CCCN1C(=O)C[C@H](N)Cc1cc(F)c(F)cc1F,113,4.727387818712341,0.5245341753390217
7436,CCCCN1C(=O)C(CC2CCCCC2)NC(=O)C12CCN(Cc1ccc(Oc3ccc(C(=O)NC)cc3)cc1)CC2.Cl,113,4.727387818712341,0.5245341753390217
7328,CCCCN1C(=O)C(CC2CCCCC2)NC(=O)C12CCN(Cc1ccc(Oc3ccccc3)cc1)CC2.Cl,113,4.727387818712341,0.5245341753390217
7546,CC(C)Cn1ncnc1-c1cc2c(s1)-c1ccc(C(N)=O)cc1OCC2,112,4.718498871295094,0.5239304612121618
7607,Cc1c[nH]c2c(Nc3nc(N[C@@H]4CCOC[C@@H]4N)cc4nc[nH]c(=O)c34)cccc12,112,4.718498871295094,0.5239304612121618
7284,COc1ccc(OCCCN(C)C)cc1Nc1nc(Nc2cccc(F)c2C(N)=O)c2cc[nH]c2n1,112,4.718498871295094,0.5239304612121618
7386,NC(=O)c1csc(-c2cccc(-c3ccccc3OC(F)(F)F)c2)n1,112,4.718498871295094,0.5239304612121618
7329,O=C(c1ccc(Cn2ccc3cccc(Cl)c32)cc1)N1CC[C@H](N2CCCC2)C1,112,4.718498871295094,0.5239304612121618
7651,O=c1cc(CN2CCOc3c(Cl)cc(-n4ccc5cc(F)ccc54)cc3C2)cc[nH]1,112,4.718498871295094,0.99308718484423
7285,CCOc1ccc(-c2ccc(S(=O)(=O)N[C@@H](C(=O)O)C3CCN(C(=O)OC(C)C)CC3)s2)cc1,111.8,4.716711560720999,0.5238090717391434
7426,Cc1ccc(S(=O)(=O)N2CCNC(=O)[C@H]2CC(=O)N[C@@H]2CCOc3cc(CN4CCCCC4)ccc32)cc1,111.67,4.7155480934577,0.523730052076857
7643,CC(=O)O[C@H]1C(=O)[C@@]2(C)[C@H]([C@H](OC(=O)c3ccccc3)[C@]3(O)C[C@H](OC(=O)[C@H](O)[C@@H](NC(=O)c4ccccc4)c4ccccc4)C(C)=C1C3(C)C)[C@]1(OC(C)=O)CO[C@@H]1C[C@@H]2O,111.67,4.7155480934577,0.523730052076857
7403,CCCS(=O)(=O)Oc1ccc(Oc2ccc(S(=O)(=O)CC3CS3)cc2)cc1,111.17,4.711060561245524,0.523425270592159
7487,CCCCCNS(=O)(=O)NC(=O)CCc1ccc(OCCOC)cc1Oc1ncc(C(F)(F)F)cc1Cl,111,4.709530201312334,0.992478056168631
7585,CN[C@@H](C)C(=O)N[C@H](C(=O)N1CCC[C@H]1C(=O)N[C@H]1c2ccccc2CC[C@H]1OCC#CC#CCO[C@@H]1CCc2ccccc2[C@@H]1NC(=O)[C@@H]1CCCN1C(=O)[C@@H](NC(=O)[C@H](C)NC)C(C)(C)C)C(C)(C)C,111,4.709530201312334,0.5233213325365627
1884,C[C@H](O)[C@@H](CCc1cccc(Cl)c1Cl)n1cnc(C(N)=O)c1,111,4.709530201312334,0.5233213325365627
7304,CC[C@@H](Nc1cc(-c2c(N)nn3cccnc23)ncn1)c1ccc(F)cc1,111,4.709530201312334,0.5233213325365627
7705,O=C(c1ccc(C[C@@H]2CC[C@H]([C@H](O)c3ccccc3)N2)cc1)N1CCN(Cc2ncn(CC(F)F)n2)CC1,111,4.709530201312334,0.5233213325365627
7639,Cc1c(NC(=O)c2cc3c(s2)CCCC3)cccc1-c1cn(C)c(=O)c(Nc2ccc(C3CCN(C)CC3)cc2)n1,111,4.709530201312334,0.5233213325365627
1885,COc1cccc(OC)c1-c1ccc(C[C@H](/N=C(\NCCn2cnnc2)[C@@H]2CCN2S(=O)(=O)c2ccccc2)C(=O)O)cc1,111,4.709530201312334,0.5233213325365627
1912,CC(C)(c1ncc(-c2ccc(Cl)cc2)o1)N1CCN(C[C@@H](O)C[C@@H](Cc2cc3cnccc3s2)C(=O)N[C@H]2c3ccccc3OC[C@H]2O)[C@H](C(=O)NCC(F)(F)F)C1,111,4.709530201312334,0.5233213325365627
7397,O=C(N[C@H]1CCCCC/C=C\[C@@H]2C[C@@]2(C(=O)NS(=O)(=O)c2ccc3c(c2)B(O)OC3)NC(=O)[C@@H]2C[C@@H](OC(=O)N3Cc4cccc(F)c4C3)CN2C1=O)OC1CCCC1,110.67,4.706552800276694,0.5231191152230644
1979,Cc1ccc(NC(=O)c2ccc(C(C)(C)C)cc2)cc1C(=O)Nc1cnc(Nc2ccc(N3CCN(C)CC3)cc2)nc1,110.67,4.706552800276694,0.5231191152230644
7258,COc1cc(OC)cc(-c2cc(NC(C)=O)nc(-n3nc(C)cc3C)n2)c1,110,4.700480365792417,0.5227066913093537
7696,COC(=O)N[C@H](C(=O)Nc1ccccc1CC[C@@H]1CN[C@H](COC(=O)N[C@@H]2CCc3ccccc32)CO1)C(c1ccccc1)c1ccccc1,110,4.700480365792417,0.5227066913093537
7732,COc1ccc2ccc(=O)n(C[C@H](N)[C@@H]3CC[C@@H](NCc4ccc5c(n4)NC(=O)CO5)CO3)c2n1,110,4.700480365792417,0.5227066913093537
7321,COc1ccnc(NCC2CCN(c3ccc(CC(NC(=O)c4c(C)cc(C)cc4C)C(=O)O)cc3)CC2)c1,110,4.700480365792417,0.5227066913093537
7593,CC[C@@H](CNS(=O)(=O)C(C)(C)C)N1C(=O)[C@@](C)(CC(=O)O)C[C@H](c2cccc(Cl)c2)[C@H]1c1ccc(Cl)cc1,110,4.700480365792417,0.5227066913093537
7518,CCCSc1ncccc1C(=O)N[C@@H]1[C@@H]2CC3C[C@H]1C[C@@](O)(C3)C2,110,4.700480365792417,0.5227066913093537
7589,COc1ccc2c(Nc3cn(C)cn3)nc(NC(C)c3ncc(F)cn3)nc2c1,110,4.700480365792417,0.5227066913093537
7566,N#CCC(=O)N1CCC[C@@H](n2nnc3cnc4[nH]ccc4c32)C1,110,4.700480365792417,0.5227066913093537
7606,CCNC(=O)Nc1cc(-c2nc(C(F)(F)F)cs2)c(-c2cncc(C#N)c2)cn1,110,4.700480365792417,0.5227066913093537
7405,CC(C)(C)Cc1c[nH]c(CC(C)(O)c2ccc(-n3cccn3)cc2)n1,110,4.700480365792417,0.5227066913093537
7553,CC(C)(C)c1nc(-c2cccc(NS(=O)(=O)c3cc(F)ccc3F)c2)c(-c2ccnc(N)n2)s1,110,4.700480365792417,0.5227066913093537
7259,CCC(=O)Nc1cc(-c2cncc(OC)c2)nc(-n2nc(C)cc2C)n1,110,4.700480365792417,0.5227066913093537
7522,CCN(CCO)C(=O)c1cc2cc(OC)cnn2c1-c1cccc(C(F)(F)F)c1,110,4.700480365792417,0.9918634149414218
7491,CC(C)(C)Oc1cccc2nc(N)nc(N)c12,109.33,4.694370831446394,0.5222917476697867
7551,CC(C)c1nc(-c2cccc(NS(=O)(=O)c3cccc(F)c3)c2)c(-c2ccnc(NCC(N)=O)n2)s1,109,4.6913478822291435,0.5220864368425797
7336,CCCCCOC(=O)N1CCN(C(=O)[C@H](CCC(=O)O)NC(=O)c2cc(OC(=O)N(C)CC3CCOCC3)cc(-c3ccccc3)n2)CC1,109,4.6913478822291435,0.5220864368425797
7434,Cl.N#Cc1c(-c2ccc(C(F)(F)F)cc2)cc(NCCN2CCOCC2)n2c1nc1ccccc12,108.4,4.685828089005546,0.9908682705141152
7514,O=[N+]([O-])c1ccc(C2=NOC(c3ccc(N4CCOCC4)cc3)C2)o1,108.33,4.6851821239574765,0.521667674620611
7683,C=CC(=O)Nc1cccc(Nc2nc(Nc3ccc(OCCOC)cc3)ncc2[S+](C)[O-])c1,108.33,4.6851821239574765,0.521667674620611
7513,CCN1CCC(Nc2ccc3c(c2)C(=C(c2ccccc2)c2nc4cc(OC)ccc4[nH]2)C(=O)N3)CC1,108.28,4.684720464746101,0.5216363199309476
7507,CC(C)(C)c1ccc(Nc2nc3ccc(C#N)cc3[nH]2)cc1,108,4.68213122712422,0.5214604656642102
7481,CC(=O)NCCc1ccccc1-c1onc([C@H]2CNCC[C@]2(O)c2ccc(F)c(F)c2)c1Br,108,4.68213122712422,0.5214604656642102
7241,C[C@H]1CN(S(=O)(=O)C[C@]23CC[C@H](CC2=O)C3(C)C)CCN1c1ncc(C(F)(F)F)cc1F,108,4.68213122712422,0.5214604656642102
7726,CNc1nc(-c2ccc3c(c2)CCN3C(=O)c2ccccc2OCc2ccc(Cl)cc2)cs1,108,4.68213122712422,0.5214604656642102
7273,COc1ccc(C2=NC(c3ccc(Cl)cc3F)C(C(=O)Nc3ccc4[nH]ncc4c3)=C(C)N2)cc1,108,4.68213122712422,0.5214604656642102
7414,CN(Cc1ccc(F)cc1)C(=O)[C@@]1(c2ccc(Cl)c(Cl)c2)C[C@H]1CN1CCN(S(=O)(=O)N(C)C)CC1,108,4.68213122712422,0.5214604656642102
7524,CC(C)NC(=O)[C@H]1CC[C@@H](n2/c(=N/C(=O)c3ccc(F)cc3)[nH]c3ccc(CN4CCC(C(N)=O)CC4)cc32)CC1,107.33,4.675908200493433,0.5210378139246418
7574,CCOc1ccccc1OCCNCCCCN1C(=O)C2CCCN2C1=O.Cl,107.1,4.673762977453703,0.5208921159703669
7300,O=C(O)CCCCCCCC(=O)OC[C@H]1CC[C@@H](n2cnc3c(=O)[nH]cnc32)O1,107,4.672828834461906,0.52082867141454
1916,C=C[C@]12OC(=O)N(CCCCn3cnc(-c4ccc(Cl)nc4)c3)[C@@H]1[C@@H](C)C(=O)[C@H](C)C[C@@](C)(OC)[C@H](O[C@@H]1O[C@H](C)C[C@H](N(C)C)[C@H]1O)[C@@H](C)C(=O)[C@@H](C)C(=O)O[C@@H]2CC,107,4.672828834461906,0.52082867141454
7669,CO[C@H]1CCN(c2nccc(Nc3cc4c(cn3)nc(CO)n4C(C)C)n2)C[C@H]1F,107,4.672828834461906,0.52082867141454
1883,COc1cccc(OC)c1-c1ccc(C[C@H](NC(=O)[C@@H]2CCN2S(=O)(=O)c2ccccc2)C(=O)O)cc1,107,4.672828834461906,0.52082867141454
7498,COc1ccc(OCC(=O)N2CCC3(CC2)CN(Cc2ccc(OCC(C)C)cc2Cl)C3)cn1,107,4.672828834461906,0.9899853950466084
7360,NC(=O)c1cccc2cn(-c3ccc(CN4CCCCC4)cc3)nc12,107,4.672828834461906,0.52082867141454
7326,CC(C)[C@H](C(=O)Nc1nccs1)c1ccc(Cl)cc1,106.67,4.669739956637391,0.5206188828882645
7536,CCc1cc(O)c(Oc2ccc(C(N)=O)cc2F)cc1F,106.67,4.669739956637391,0.5206188828882645
7645,O=C(Nc1ccncc1)Nc1ccc(-c2nc(N3CCOCC3)nc(N3[C@H]4COC[C@@H]3[C@H](O)C4)n2)cc1,106.67,4.669739956637391,0.5206188828882645
7455,CC(C)[C@H](C(=O)NO)N(Cc1cccnc1)S(=O)(=O)c1ccc2ccccc2c1,106.67,4.669739956637391,0.5206188828882645
7703,CCOC(=O)[C@@H]1CC2(CCN(c3cc(O[C@H](c4ccc(Cl)cc4-c4ccccc4)C(F)(F)F)nc(N)n3)CC2)CN1,106.2,4.665324108807838,0.5203189700198869
7378,CN(C)CCOc1cc(-c2cn[nH]c2)c(F)cc1NC(=O)[C@H]1Cc2ccccc2CN1,106,4.663439094112067,0.5201909447377294
1881,NS(=O)(=O)c1ccccc1CCC(SCCC(=O)[O-])c1cccc(OCc2ccc3ccc(Cl)cc3n2)c1.[Na+],106,4.663439094112067,0.5201909447377294
1896,CCCN(c1cccnc1)C1CCN(C[C@H]2CN([C@@H](C(=O)O)C3CCCCC3)C[C@@H]2c2ccccc2)CC1,106,4.663439094112067,0.5201909447377294
7475,COc1cc2nncc(-c3ccc(N4CC(OC)C4)nc3)c2cc1OC,105.83,4.661834033105633,0.5200819331800531
7723,C[C@H]1NCCC[C@@H]1Nc1ncc(C(N)=O)c2sc(-c3ccccc3)cc12,105,4.653960350157523,0.5195471731682021
7417,Cc1ncnc(C)c1C(=O)N1C[C@H]2CN(CC[C@H](NC(=O)CC3CC(F)(F)C3)c3cccc(F)c3)C[C@H]2C1,105,4.653960350157523,0.5195471731682021
7634,O=C(NCc1ccc([S+]([O-])c2cc(F)cc(F)c2)cn1)c1cc2ccncc2o1,105,4.653960350157523,0.5195471731682021
7433,C[C@@H](NC(=O)C1(NC(=O)c2cncc(Cl)n2)CC1)c1ccc(-n2nc(Cl)c3ccccc32)cc1F,105,4.653960350157523,0.5195471731682021
1951,COc1cc(-c2csc3c(/C=C/CN4CCC(O)CC4)cnc(N)c23)ccc1NC(=O)c1cc2ccccc2n1C,105,4.653960350157523,0.5195471731682021
7706,O=C(c1ccc(C[C@@H]2CC[C@H]([C@H](O)c3ccccc3)N2)cc1)N1CCN(Cc2ncn(CC(F)(F)F)n2)CC1,105,4.653960350157523,0.5195471731682021
7361,Cc1ccccc1N1C(=O)/C(=C/c2ccc(O)c(Cl)c2)S/C1=N\C(C)C,105,4.653960350157523,0.5195471731682021
7497,CC(C)COc1ccc(CN2CC3(CCN(C(=O)Cc4n[nH]c5ccccc45)CC3)C2)cc1,105,4.653960350157523,0.9887038968002704
7530,CC1(C)C(=O)N(C(=O)NCC2CCN(CC3(O)CCOCC3)CC2)c2cc(F)ccc21,104.5,4.6491870714048655,0.5192229845236805
7248,O=C1N=C(NC23CC4CC(CC2C4)C3)SC12CCCC2,104.17,4.646024179996357,0.5190081691878022
7750,CC(C)c1cn2cccc(C(=O)NCC3CCN(CC4CCOCC4)CC3)c2n1,104,4.6443908991413725,0.5188972410116077
7486,CCCCCS(=O)(=O)NC(=O)CCc1ccc(OCCN2CCCC2=O)cc1Oc1ncc(C(F)(F)F)cc1Cl,104,4.6443908991413725,0.988053964643676
7396,Cc1nc2ccccc2n1C1C[C@H]2CC[C@@H](C1)N2CC[C@H](NC(=O)C1CC[S+]([O-])CC1)c1cccc(F)c1,104,4.6443908991413725,0.5188972410116077
7420,COc1ccc(OC(F)(F)F)cc1Cn1c(C(=O)NCC(C)(C)CO)cc2cc(C#N)ccc21,104,4.6443908991413725,0.988053964643676
7303,C[C@@H](Nc1cc(-c2c(N)nn3cccnc23)ncn1)c1ccc(F)cc1,104,4.6443908991413725,0.5188972410116077
7624,O=C(N[C@H](CO)c1ccc(Cl)c(F)c1)N1CCc2cnc(NC3CCOCC3)nc2C1,104,4.6443908991413725,0.5188972410116077
1877,COc1cncc(-c2cnc(C(C)(C)N3CCN(C[C@@H](O)C[C@@H](Cc4ccccc4)C(=O)N[C@H]4c5ccccc5OC[C@H]4O)[C@H](C(=O)NCC(F)(F)F)C3)o2)c1,104,4.6443908991413725,0.5188972410116077
1911,CN1CCCC(Oc2ccc(-c3ccc(C(=O)NC4(C(=O)NCC#N)CCCCC4)cc3)cc2)C1,104,4.6443908991413725,0.5188972410116077
7440,CC(C)(C)OC(=O)NC[C@H]1CC[C@H](CNC(=O)c2cc(-c3cccc(CN)c3)nc3ccccc23)CC1,104,4.6443908991413725,0.5188972410116077
7521,CS(=O)(=O)c1ccc([C@@H](C[C@H]2CCC(=O)C2)C(=O)Nc2cnccn2)cc1Cl,103.85,4.642947550322122,0.5187992125239514
7387,COc1ccc2c(c1)C(=O)N(C[C@@]1(c3ccc(-c4cccnc4)cc3)NC(=O)NC1=O)C2,103.33,4.637927750226264,0.5184582807927094
7528,COc1cnnc(Nc2cc(-c3c(Nc4cc[nH]n4)nc4cccnn34)nc(C)n2)c1,103.33,4.637927750226264,0.5184582807927094
7393,Cn1ncc2c(NCC(C)(C)CO)nc(-c3cccc4[nH]ncc34)nc21,103,4.634728988229636,0.5182410292200338
7334,CCCCCOC(=O)N1CCN(C(=O)[C@H](CCC(=O)O)NC(=O)c2cc(NCCO)cc(-c3ccccc3)n2)CC1,103,4.634728988229636,0.5182410292200338
7730,Cc1n[nH]c2cc(OCCNC[C@H](O)c3cccc(NS(C)(=O)=O)c3)ccc12,103,4.634728988229636,0.5182410292200338
7666,CC(=O)N1CCCn2nc(COc3ccccc3F)cc21,103,4.634728988229636,0.5182410292200338
7347,CCOc1cc(CN2CCC(Nc3nc4cc(S(N)(=O)=O)ccc4o3)CC2)ccc1OC,103,4.634728988229636,0.5182410292200338
7401,N#Cc1cc(O[C@@H]2C[C@H]3CC[C@@H](C2)N3)cc(-c2ncccc2C#N)c1,103,4.634728988229636,0.5182410292200338
7671,O=C(c1ccccn1)[C@]12Cc3cnn(-c4ccc(F)cc4)c3C=C1CCN(S(=O)(=O)c1ccc(F)c(C(F)(F)F)c1)C2,103,4.634728988229636,0.5182410292200338
1878,COc1cccc(OC)c1-c1ccc(C[C@H](/N=C(\NS(C)(=O)=O)[C@@H]2CCN2S(=O)(=O)c2ccccc2)C(=O)O)cc1,103,4.634728988229636,0.5182410292200338
7435,CN1CCN(c2ccc(C(=O)Nc3cc(-c4cccc(NS(=O)(=O)c5ccccc5)c4)n[nH]3)cc2)CC1,102.4,4.628886712605407,0.5178442370958601
1950,NC(=O)CNC[C@H]1CC[C@]2(CC1)OO[C@]1(O2)C2CC3CC(C2)CC1C3,102,4.624972813284271,0.5175784152611295
1928,CCCCC12CCC(=O)C(Br)=C1c1ccc3[nH]nnc3c1C2,102,4.624972813284271,0.5175784152611295
7707,O=C(c1ccc(C[C@@H]2CC[C@H]([C@H](O)c3ccccc3)N2)cc1)N1CCN(Cc2nnn(CC(F)F)n2)CC1,102,4.624972813284271,0.5175784152611295
1879,COc1cccc(OC)c1-c1ccc(C[C@H](NC(=O)[C@@H]2CCN2S(=O)(=O)c2cc(Cl)cc(Cl)c2)C(=O)O)cc1,102,4.624972813284271,0.5175784152611295
7458,[O-][n+]1ccc2c(-c3ccc(F)cc3F)cc(C3CCNCC3)nc2c1-c1c(Cl)cccc1Cl,102,4.624972813284271,0.5175784152611295
7721,C[C@H](NC(=O)C(C)(F)F)[C@H](Oc1ccc2c(cnn2-c2cccc(C(=O)N[C@@H]3CCS(=O)(=O)C3)c2)c1)c1ccc2c(c1)OCCO2,102,4.624972813284271,0.5175784152611295
7279,C[C@@H]1CN(Cc2ccc(-c3ccc(F)c(Cl)c3)cc2)C(=O)O1,102,4.624972813284271,0.5175784152611295
7427,Cc1ccc(S(=O)(=O)N2CCNC(=O)[C@H]2CC(=O)N[C@@H]2CCCc3cc(CN4CCN(C)CC4)ccc32)cc1,101.67,4.62173227428707,0.5173583263035264
1934,CNc1ncnc(-c2cc(C)cnc2Oc2cc(C(=O)Nc3cc(C(F)(F)F)ccc3N3CCCCC3)ccc2C)n1,101.67,4.62173227428707,0.5173583263035264
1964,C[C@H]1CNCCc2ccc(Cl)cc21,101.67,4.62173227428707,0.5173583263035264
7249,Nc1nc2c(c(N3CCNCC3)n1)CCCc1ccccc1-2,101.67,4.62173227428707,0.5173583263035264
7702,C=CC(=O)Nc1cc(-n2c(=O)cc(C)c3cnc(Nc4ccc(N5CCN(C)CC5)cc4OC)nc32)cc(C(F)(F)F)c1.CS(=O)(=O)O,101.67,4.62173227428707,0.5173583263035264
7709,COc1ccc2c(c1)c(CN1CCCN(C)CC1)cn2S(=O)(=O)c1ccc(C(C)C)cc1.Cl.Cl,101.1,4.616110126026426,0.5169764846558114
7555,CC1=C(c2ncnn2C2CCC2)[C@@H](c2ccc(Cl)c(Cl)c2)n2nc(C)cc2N1,101,4.61512051684126,0.5169092729807828
7345,CC(O)c1cc2nc(-c3cccc4[nH]ncc34)nc(N3CCOCC3)c2s1,101,4.61512051684126,0.5169092729807828
7318,CC(C)(C)[C@H]1C(O)=C(C2=CS(=O)(=O)c3cc(NS(C)(=O)=O)ccc3N2)C(=O)N1Cc1ccc(F)cc1,101,4.61512051684126,0.5169092729807828
7319,Cc1cc(CN2C(=O)C(C3=CS(=O)(=O)c4cc(NS(C)(=O)=O)ccc4N3)=C(O)[C@@H]2C(C)(C)C)ccc1F,101,4.61512051684126,0.5169092729807828
1944,CCCc1[nH]cnc1CNc1cc(Cl)c2ncc(C#N)c(Nc3ccc(F)c(Cl)c3)c2c1,100,4.605170185988092,0.5162334724589647
7351,N#C[C@H](Cc1ccc2ccccc2c1)NC(=O)[C@@H](N)Cc1cccs1,100,4.605170185988092,0.5162334724589647
7281,COCCN1CCC(c2cc(-c3ccc4c(c3)CC/C4=N\O)c(-c3ccncc3)o2)CC1,100,4.605170185988092,0.5162334724589647
7445,CC(C)N1CCCC1CNC(=O)N1CCC(c2nc(-c3ccc4ccccc4n3)no2)CC1,100,4.605170185988092,0.5162334724589647
7311,N#Cc1cccc(S(=O)(=O)N2C[C@H](N3CCCC(F)(F)C3)C[C@H]2C(=O)N[C@@H](Cc2ccc(NC(=O)c3c(Cl)cncc3Cl)cc2)C(=O)O)c1,100,4.605170185988092,0.5162334724589647
7503,Cc1cc(OCc2ccncc2)nc2sc(C(=O)NCc3cccc(F)c3F)c(N)c12,100,4.605170185988092,0.5162334724589647
7758,CN1CC2(CNC(=O)c3c2[nH]c2c3CCc3cnc(-c4cccc(F)c4)cc3-2)C1,100,4.605170185988092,0.5162334724589647
1906,COc1ccccc1-c1ccc(C[C@H](NC(=O)C2(c3ccccn3)CCCC2)C(=O)O)cc1,100,4.605170185988092,0.5162334724589647
7523,O=C(c1cc2cccnn2c1-c1cccc(C(F)(F)F)c1)N1CCC[C@H]1CO,100,4.605170185988092,0.9853901960910332
1874,CC[C@H](C)C(=O)O[C@H]1C[C@@H](C)C=C2C=C[C@H](C)[C@H](CC[C@@H]3C[C@H](CC(=O)NC)N(Cc4ccc5c(c4)OCO5)C(=O)O3)[C@H]21,100,4.605170185988092,0.9853901960910332
7280,C#Cc1ccc(NC(=O)c2cc(Cl)ccc2NC(=O)c2ccc(C(=N)N(C)C)cc2)nc1,100,4.605170185988092,0.5162334724589647
7353,N#C[C@H](Cc1ccc(-c2ccccc2)s1)NC(=O)[C@@H](N)Cc1cccs1,100,4.605170185988092,0.5162334724589647
7350,N#C[C@H](Cc1ccccc1)NC(=O)[C@@H](N)Cc1cccs1,100,4.605170185988092,0.5162334724589647
7529,Cc1nc(Nc2cnn(C3CCOC3)c2)cc(-c2c(Nc3cc[nH]n3)nc3cccnn23)n1,100,4.605170185988092,0.5162334724589647
7502,COc1ccc(CNC(=O)c2sc3nc(C)cc(C)c3c2N)cc1,100,4.605170185988092,0.5162334724589647
7443,O=C(NCC1(N2CCCCC2)CCCC1)N1CCC(c2nc(-c3ccc4ccccc4n3)no2)CC1,100,4.605170185988092,0.5162334724589647
7588,CC(Nc1nc(Nc2cn(C)cn2)c2cccnc2n1)c1ncc(F)cn1,100,4.605170185988092,0.5162334724589647
7690,O=C1N(Cc2ncco2)CCN1c1cccc2c1cnn2-c1ccccc1F,100,4.605170185988092,0.5162334724589647
7315,CCc1nn(CCO)c(CC)c1Oc1cccc(C#N)c1,100,4.605170185988092,0.5162334724589647
7567,CCn1cc(-c2cccc3nc(Nc4ccnc(CO)c4)nn23)cn1,100,4.605170185988092,0.5162334724589647
7747,CC(C)c1ccc(CC(=O)Nc2ccn(CC3CCC(F)(F)CO3)n2)cc1,100,4.605170185988092,0.5162334724589647
1866,COc1cccc(OC)c1-c1ccc(C[C@H](NC(=O)[C@@H]2CCCN2c2ccc([N+](=O)[O-])cc2)C(=O)O)cc1,100,4.605170185988092,0.5162334724589647
7444,O=C(NCC1(N2CCCCC2)CCCC1)N1CCN(c2nc(-c3ccc4ccccc4n3)no2)CC1,100,4.605170185988092,0.5162334724589647
7268,CN(C(=O)CN(CC#N)c1ccc(Cl)c(Cl)c1)C(CN1CCCC1)c1ccc(-c2cccc(C(N)=O)c2)cc1,100,4.605170185988092,0.5162334724589647
1945,Cc1cn(CC(=O)c2ccc(-c3ccc(N4C[C@H](Cn5ccnn5)OC4=O)cc3F)cn2)cn1,100,4.605170185988092,0.5162334724589647
1905,COc1ccccc1-c1ccc(C[C@H](NC(=O)C2(c3ccc(O)nc3)CCCC2)C(=O)O)cc1,100,4.605170185988092,0.5162334724589647
1902,COc1cccc(OC)c1-c1ccc(C[C@H](NC(=O)[C@]2(C)CCCN2S(=O)(=O)c2cc(Cl)cc(Cl)c2)C(=O)O)cc1,100,4.605170185988092,0.5162334724589647
7349,N#C[C@@H](NC(=O)[C@@H](N)Cc1cccs1)C(c1ccccc1)c1ccccc1,100,4.605170185988092,0.5162334724589647
1908,COc1ccccc1-c1ccc(C[C@H](NC(=O)C2(c3cccnc3)CCOCC2)C(=O)O)cc1,100,4.605170185988092,0.5162334724589647
7572,CNc1cc(-c2cc(NC(=O)[C@H](Cc3ccc(F)cc3)NCc3c[nH]nn3)n(C)n2)ccn1,100,4.605170185988092,0.5162334724589647
7320,CC(C)(C)CCN1C(=O)C(C2=CS(=O)(=O)c3cc(NS(C)(=O)=O)ccc3N2)=C(O)[C@@H]1C(C)(C)C,100,4.605170185988092,0.5162334724589647
1987,N#CCN(CC(=O)N1CCCC(c2ccccc2)C1CN1CCCC1)c1ccc(Cl)c(Cl)c1,100,4.605170185988092,0.5162334724589647
1915,CC[C@H]1OC(=O)[C@H](C)C(=O)[C@H](C)[C@@H](O[C@@H]2O[C@H](C)C[C@H](N(C)C)[C@H]2O)[C@](C)(OC)C[C@@H](C)C(=O)[C@H](C)[C@H]2N(CCCCn3cnc(-c4cccnc4)c3)C(=O)O[C@]12C,100,4.605170185988092,0.5162334724589647
1904,COc1ccccc1-c1ccc(C[C@H](NC(=O)C2(c3cccnc3C)CCCC2)C(=O)O)cc1,100,4.605170185988092,0.5162334724589647
7247,CNC(=O)c1ccc(-c2ccc3nnc(Cc4ccc(O)cc4)n3n2)cc1Cl,100,4.605170185988092,0.5162334724589647
7068,CC(C)NCC1(O)CN(C(=O)c2ccc(F)c(F)c2Nc2ccc(I)cc2F)C1,99.3,4.598145571051127,0.5157563789321238
7145,O=C(O)CNC1CCN(c2nc(NCc3ccc(F)cc3)c3ccccc3n2)CC1,99.2,4.597138014290827,0.515687948304598
7011,Cc1ncnc(C)c1C(=O)N1C[C@H]2CN(CC[C@H](NC(=O)CC3CCC(F)(F)CC3)c3ccccc3)C[C@H]2C1,99,4.59511985013459,0.5155508798583297
7204,C[C@@H](c1ccc2[nH]c(=O)sc2c1)c1ccn(-c2ccccn2)n1,99,4.59511985013459,0.5155508798583297
7223,CCC(C)(C)NS(=O)(=O)c1ccc(-c2sc(C(=O)N[C@H]3C[C@H](C(=O)O)C3)nc2CC2CCCCC2)c(Cl)c1C,98.8,4.593097604753822,0.5154135342259347
7227,O=c1[nH]cc(F)c(=O)[nH]1,98.38,4.588837531367194,0.5151242011514722
7199,CC(C)(O)CC(=O)N1CC[C@H]2CN(c3cccc4c3cnn4-c3ccccc3F)C(=O)[C@H]21,98.33,4.588329168792065,0.5150896744911415
6935,Cc1ccc(CNC2(CCC(C)(C)C)C(=O)C(C3=NS(=O)(=O)c4cc(NS(C)(=O)=O)ccc4N3)=C(O)c3ccccc32)cn1,98.33,4.588329168792065,0.5150896744911415
1832,CNc1cc(-c2cccnc2Oc2cc(C(=O)Nc3cc(C4CCCCC4)ccc3OC)ccc2C)ccn1,98.33,4.588329168792065,0.5150896744911415
6958,O=C(NO)c1cnc(N2CCN(C(/C=C/c3ccccc3)CO)CC2)nc1,98.33,4.588329168792065,0.5150896744911415
7220,Cc1ccc(C(=O)Nc2ccc(Cl)c(C(F)(F)F)c2)cc1NC(=O)C1(c2cc(NCCCN3CCN(C)CC3)ncn2)CC1,98.33,4.588329168792065,0.5150896744911415
7197,O=c1c2cccnc2ncn1Cc1nc(CCc2ccc(Cl)cc2)no1,98.33,4.588329168792065,0.5150896744911415
6969,CCOC(=O)N1CCN(C(=O)[C@H](CCC(=O)O)NC(=O)c2cccc(-c3ccccc3)n2)CC1,98,4.584967478670572,0.5148613572651297
1844,N[C@@H](CC(=O)N1CCn2c(nnc2C(F)(F)F)C1)Cc1ccc(Cl)cc1Cl,98,4.584967478670572,0.5148613572651297
1817,COCC1(NCC(=O)N2[C@H](C#N)CC[C@@H]2C#N)CCCC1,98,4.584967478670572,0.5148613572651297
6947,CCC(=O)ON1CCN(C(=O)[C@H](CCC(=O)O)NC(=O)c2cccc(-c3ccccc3)n2)CC1,98,4.584967478670572,0.5148613572651297
6900,CN1CCN(S(=O)(=O)N(C)[C@H]2CCCn3c2nc(C(=O)NCc2ccc(F)cc2)c(O)c3=O)CC1,98,4.584967478670572,0.5148613572651297
7181,COCCCN1CCC(NC(=O)c2nc(C(C)C)n3ccccc23)CC1,98,4.584967478670572,0.5148613572651297
6953,CCCCCOC(=O)N1CCN(C(=O)[C@H](CCC(=O)O)NC(=O)c2cc(N3CCC(CN4CCCC4)CC3)nc(-c3ccccc3)n2)CC1,98,4.584967478670572,0.5148613572651297
6987,O=C(C1CCOC1)N1C[C@@H]2[C@H](CNc3nc(-c4ccccn4)cs3)[C@@H]2C1,98,4.584967478670572,0.5148613572651297
7015,CC[C@@H]1C[C@@H](C(=O)NCc2cccc(C)n2)CN(Cc2nc(-c3ccccc3)oc2C)C1,98,4.584967478670572,0.5148613572651297
1809,CC(C)(c1ncc(-c2ccc(Cl)cc2)o1)N1CCN(C[C@@H](O)C[C@@H](Cc2cc3ccncc3o2)C(=O)N[C@H]2c3ccccc3OC[C@H]2O)[C@H](C(=O)NCC(F)(F)F)C1,98,4.584967478670572,0.5148613572651297
6960,Cc1ccccc1CN(c1ccc(C#N)c(Cl)c1)[C@H]1CCN(S(C)(=O)=O)C1,98,4.584967478670572,0.5148613572651297
7196,CC1(C)CCC(Nc2ncnc3c2nn2ccccc32)CC1,98,4.584967478670572,0.5148613572651297
7066,CN(C)C[C@@H](OC(=O)N1Cc2c(NC(=O)c3ccc(F)cc3)n[nH]c2C1(C)C)c1ccccc1,98,4.584967478670572,0.5148613572651297
7210,O=C(c1ccc(C[C@@H]2CC[C@H]([C@H](O)c3ccccc3)N2)cc1)N1CCN(Cc2nnn(CC(F)(F)F)n2)CC1,98,4.584967478670572,0.5148613572651297
1824,CC(C)C[C@@H](C(=O)NCC#N)c1cccc(-c2ccc(N3CCNCC3)cc2)c1,98,4.584967478670572,0.5148613572651297
7171,Cn1cc(NC(=O)c2cnn3ccc(N[C@@H]4CCCC[C@@H]4N)nc23)c(C(F)(F)F)n1,98,4.584967478670572,0.5148613572651297
6910,Cc1cc(NC(=O)OCc2ccccn2)nn1Cc1cc(Cl)ccc1OCc1ccccc1,98,4.584967478670572,0.5148613572651297
7111,Cl.Clc1cccc(Nc2nc(Cc3ccccc3)nc3c2CCNCC3)c1,97.21,4.576873586832978,0.5143116412397934
7140,Cc1ccc(O)c(C(=O)N[C@H]2CC[C@@H](NC(=O)c3cc(F)cnc3Oc3ccc(F)c(F)c3)CC2)c1,97,4.574710978503383,0.5141647625219704
7187,C[C@H]1Cn2c(nnc2C(F)(F)F)CN1C(=O)c1cccc(Cc2n[nH]c(=O)c3ccccc23)c1,97,4.574710978503383,0.5141647625219704
6989,NC(=O)c1cc(-c2ccnc(NC3CCCCC3)c2)nc(N2CCNCC2)c1,97,4.574710978503383,0.5141647625219704
1847,N#Cc1cnc2ccc(NCc3c[nH]cn3)cc2c1Nc1ccc(F)c(Cl)c1,97,4.574710978503383,0.5141647625219704
1806,CN1CCC(Oc2ccc(-c3ccc(C(=O)NC4(C(=O)NCC#N)CCCCC4)cc3)cc2)CC1,97,4.574710978503383,0.5141647625219704
7233,Cc1ccc2nc(N3CCS(=O)(=O)c4ccccc4C3)cc(NCCN)c2c1,97,4.574710978503383,0.5141647625219704
6907,CN(CC(=O)N1CCC[C@H](c2ccccc2)[C@@H]1CN1CCCC1)c1ccc(Cl)c(Cl)c1,97,4.574710978503383,0.5141647625219704
7184,N#Cc1cccnc1N1CCN(C(=O)c2cccc(Sc3n[nH]c(=O)c4ccccc34)c2)CC1,97,4.574710978503383,0.5141647625219704
7226,COCCCCn1c(C(=O)N(CC(C)C)[C@@H]2CNC[C@H](C(=O)N3CCOCC3)C2)cnc1-c1ccccc1,96.74,4.572026967394837,0.513982471487181
7086,Cc1nc(Nc2cnccn2)cc(-c2c(Nc3cc[nH]n3)nc3cccnn23)n1,96.67,4.571303116476514,0.5139333094205584
7102,COC(=O)N[C@H](C(=O)N[C@@H](Cc1ccc(-c2ccc(OC)nc2)cc1)[C@@H](O)C[C@@H](Cc1ccccc1F)C(=O)N[C@H]1c2ccccc2OC[C@H]1O)C(C)(C)C,96.67,4.571303116476514,0.5139333094205584
7055,O=C(Nc1ccc(F)cc1)N1CCc2ccccc2[C@@H]1c1ccc(C(F)(F)F)cc1,96.67,4.571303116476514,0.5139333094205584
6904,OC1CCc2cccc(Nc3cc(-c4ccc(C(F)(F)F)cc4)ncn3)c2C1,96.67,4.571303116476514,0.5139333094205584
7203,CN(c1ccc2[nH]c(=O)sc2c1)c1nc(-c2ccccn2)cs1,96.6,4.570578741218473,0.5138841117421494
7085,CC(C)NC(=O)[C@H]1CC[C@@H](n2/c(=N/C(=O)c3ccc(F)cc3)[nH]c3ccc(CN4CCNCC4)cc32)CC1,96.33,4.567779796769532,0.5136940147346181
7035,C[C@H]1O[C@@H](n2cnc3c(N)nc(OCC4CC45CC5)nc32)[C@H](O)[C@@H]1O,96,4.564348191467836,0.5134609490519004
7132,COc1ccc2c(c1)C1CC1(C(=O)N1CC(O)C1)Cn1c-2c(C2CCCCC2)c2ccc(C(=O)NS(=O)(=O)N(C)C)cc21,96,4.564348191467836,0.5134609490519004
6970,CCCCCOC(=O)N1CCN(C(=O)[C@H](CCC(=O)O)NC(=O)c2cc(CCCN(CC)CC)cc(-c3ccccc3)n2)CC1,96,4.564348191467836,0.5134609490519004
7219,Cc1cc(Oc2cncc(F)c2)cc(C(=O)Nc2cccc(F)n2)n1,96,4.564348191467836,0.5134609490519004
7030,C[C@@H]1CCCN1CCCOc1ccc(-c2ccc(=O)[nH]c2)cc1,96,4.564348191467836,0.5134609490519004
1779,CCCN(CCCCNC(=O)c1ccc(-c2ccccc2)cc1)C1CCc2c(Cl)cccc2C1,96,4.564348191467836,0.5134609490519004
7198,CC1(C)CC(=O)c2c(SC3CCCC3)sc(-c3cc[nH]n3)c2C1,95.5,4.5591262474866845,0.5131062882351455
7146,CNc1nc(NCc2ccc(F)cc2)c2ccccc2n1,95.3,4.557029810660157,0.5129639037132404
6982,C[C@H](O)c1ccccc1S(=O)(=O)c1ccc(/C=C/c2ccc(F)cc2)cc1,95,4.553876891600541,0.5127497656732918
6951,C=C[C@@H]1C[C@]1(NC(=O)[C@@H]1C[C@@H]2CN1C(=O)[C@H](C(C)(C)C)Nc1nc(cs1)CCCCCc1cccc3c1CN(C3)C(=O)O2)C(=O)NS(=O)(=O)C1CC1.O=C(O)C(F)(F)F,95,4.553876891600541,0.5127497656732918
7154,CCCCCN(CC(=O)N[C@@H](CC(C)C)C(=O)NCC(N)=O)C(=O)[C@@H]1CCSCCC(=O)N[C@@H](Cc2ccc(O)cc2)C(=O)N[C@@H]([C@@H](C)CC)C(=O)N[C@@H](CCC(N)=O)C(=O)N[C@@H](CC(N)=O)C(=O)N1,95,4.553876891600541,0.5127497656732918
1781,N[C@H](C(=O)N1CCCC1)[C@H]1CC[C@H](NS(=O)(=O)c2ccc(NS(=O)(=O)CC(F)(F)F)cc2)CC1,95,4.553876891600541,0.5127497656732918
7209,C=CC(=O)Nc1cccc(-n2c(=O)cc(C)c3cnc(Nc4ccccc4Nc4nc5c(s4)CN(C)CC5)nc32)c1.CS(=O)(=O)O,95,4.553876891600541,0.5127497656732918
6986,C[C@@H]1CN(C(=O)c2ccccc2)CCN1c1nnc(-c2ccc(CO)cc2)c2ccccc12,95,4.553876891600541,0.5127497656732918
6938,O=C(CCc1nc(-c2ccc(F)cc2Cl)no1)Nc1cnc2ccccc2c1,95,4.553876891600541,0.5127497656732918
7215,C[C@@H]1CN(c2ncc3c(n2)NC(=O)CO3)[C@H](c2ccccc2)CO1,95,4.553876891600541,0.5127497656732918
6930,CCn1cc(CN2CCN(c3cccc4[nH]c(-c5ccc(C(C)(C)C)cc5)nc34)CC2)c(=O)[nH]c1=O,95,4.553876891600541,0.5127497656732918
7121,C=CC(=O)N1CC[C@H](N2C(=O)N(c3ccccc3)Cc3cnc(Nc4ccccc4)nc32)C1,95,4.553876891600541,0.5127497656732918
1820,C=C1/C(=C\C=C2/CCC[C@]3(C)C([C@H](C)OCC(=O)OC(C)(CC)CC)=CCC23)C[C@@H](O)C[C@@H]1O,94.85,4.552296696381023,0.5126424429350147
1774,O=C(c1cc(-c2ccc(F)cc2F)c2c(c1)N(c1c(Cl)cccc1Cl)C(=O)NC2)N1CCNCC1,94.7,4.550714000192032,0.5125349503374134
1829,N[C@@H](CC(=O)N1CCCNC(=O)[C@H]1CC(F)(F)F)Cc1cc(F)c(F)cc1F,94,4.543294782270004,0.5120310564049225
6967,CCOC(=O)N1CCN(C(=O)[C@H](CCC(=O)O)NC(=O)c2cc(OCCOC)cc(-c3ccccc3)n2)CC1,94,4.543294782270004,0.5120310564049225
1791,COCC(=O)O[C@]1(CCN(C)CCCc2nc3ccccc3[nH]2)CCc2cc(F)ccc2[C@@H]1C(C)C,94,4.543294782270004,0.5120310564049225
7149,CCCCCN(CC(=O)N[C@@H](CC(C)C)C(=O)NCC(N)=O)C(=O)[C@@H]1CSSCCC(=O)N[C@@H](Cc2ccc(O)cc2)C(=O)N[C@@H]([C@@H](C)CC)C(=O)N[C@@H](CCC(N)=O)C(=O)N[C@@H](CC(N)=O)C(=O)N1,94,4.543294782270004,0.5120310564049225
7201,O=c1ccn(-c2cc(-c3ccccc3)ccn2)cc1O,94,4.543294782270004,0.5120310564049225
1793,COC(=O)C1=C(C#N)NC(C)=C(C(=O)OC(C)C)C1c1cccc([N+](=O)[O-])c1,94,4.543294782270004,0.5120310564049225
6929,CC(=O)Nc1ccc(-c2ccc(C(CN3CCOCC3)N(C)C(=O)CN3C(=O)COc4cc(C)c(C)cc43)cc2)cc1,94,4.543294782270004,0.5120310564049225
6962,O=C(c1cc(Cc2c[nH]c(=O)c3cc(Cl)c(Cl)n23)ccc1F)N1CCC(N2CCCC2)CC1,94,4.543294782270004,0.5120310564049225
7000,CC(C)NC[C@H](Cc1ccc(Cl)cc1)C(=O)N1CCN(c2ncnc3c2[C@H](C)SC3)CC1,94,4.543294782270004,0.5120310564049225
7053,CCCCCS(=O)(=O)NC(=O)CCc1ccc(OC(C)C)cc1Oc1ncc(C(F)(F)F)cc1Cl,94,4.543294782270004,0.9811877800369908
1835,N[C@@H](CC(=O)N1CCCNC(=O)C1CC(F)(F)F)Cc1cc(F)c(F)cc1F,94,4.543294782270004,0.5120310564049225
6968,CCCCCOC(=O)N1CCN(C(=O)[C@H](CCC(=O)O)NC(=O)c2cc(OC3CCN(CCOC)CC3)cc(-c3ccccc3)n2)CC1,94,4.543294782270004,0.5120310564049225
7153,CC[C@H](C)[C@@H]1NC(=O)[C@H](Cc2ccc(O)cc2)NC(=O)CCSSC[C@@H](C(=O)N(CCc2ccccc2)CC(=O)N[C@@H](CC(C)C)C(=O)NCC(N)=O)NC(=O)[C@H](CC(N)=O)NC(=O)[C@H](CCC(N)=O)NC1=O,94,4.543294782270004,0.5120310564049225
7010,CCOC(=O)C1=C[C@@H](OC(CC)CC)[C@H](NC(C)=O)[C@@H](N)C1,93.9,4.542230386214217,0.5119587654006799
6952,N#Cc1cc(Cl)cc(Oc2cc(OCc3noc4nc(N)ccc34)ccc2Cl)c1,93.4,4.536891345234797,0.5115961516611829
1826,O=C(Nc1cccc(F)c1)Nc1cc(C(=O)NCCN2CCCC2)ccc1Oc1cccc(F)c1,93.33,4.536141599577656,0.5115452308914311
6988,Cn1cc(Cl)c(C(=O)N2CCN(CC(=O)c3ccc(F)cc3)CC2)n1,93.33,4.536141599577656,0.5115452308914311
7135,c1cc2c3cnc(Nc4ccc(N5CCNCC5)cn4)nc3n(C3CCCC3)c2nn1,93.33,4.536141599577656,0.5115452308914311
7193,CC1(C)C(=O)Nc2ccc(S(=O)(=O)NNc3ccc(Br)cc3)cc21,93.3,4.535820107853298,0.5115233960119395
1797,OCC/N=C(\S)c1cccnc1S,93.17,4.534425781462334,0.5114286969997656
7006,C[C@H](C#N)NC(=O)c1cccc(-c2cc(-c3ccc(CNC4CCOCC4)cc3)on2)c1,93,4.532599493153256,0.5113046602606384
7061,COCn1ncc(-c2ccc(OCCCN3CCC[C@H]3C)cc2)cc1=O,93,4.532599493153256,0.5113046602606384
7027,O=C([C@H]1CNCC[C@]1(O)c1ccc(F)c(F)c1)N(Cc1cn(Cc2cccc(F)c2)c2cccc(F)c12)C1CC1,93,4.532599493153256,0.5113046602606384
1825,CCOC(=O)N[C@@H](CCCCN)C(=O)c1noc(Cc2ccc(OCCc3ccccc3)cc2)n1,93,4.532599493153256,0.5113046602606384
1853,Cn1cnc2c1CCN(C(=O)C[C@H](N)Cc1cc(F)c(F)cc1F)C2C(F)(F)F,93,4.532599493153256,0.5113046602606384
7173,CNS(=O)(=O)c1cccc(Nc2ncnc3[nH]cc(-c4ccccc4)c23)c1,93,4.532599493153256,0.5113046602606384
1786,COc1cccc(OC)c1-c1ccc(C[C@H](/N=C(\NC#N)[C@@H]2CCN2S(=O)(=O)c2ccccc2)C(=O)O)cc1,93,4.532599493153256,0.5113046602606384
6903,CCc1ccc(-c2c(-c3cnc(C)[nH]3)c(=O)[nH]c3ccc(C#N)cc23)cc1,93,4.532599493153256,0.5113046602606384
7081,COc1cccc(-c2c(C(=O)N3CCCCC3CO)cc3ccccn23)c1,93,4.532599493153256,0.9804613838927068
6923,COC(=O)Nc1cc(-c2cncc(OC)c2)nc(-n2nc(C)cc2C)n1,93,4.532599493153256,0.5113046602606384
7106,O=C1C2=Nc3ccccc3CN2c2ccc(Cl)cc21,92.83,4.530769863411841,0.5111803965801408
7224,COCCCCc1c(C(=O)N(CC(C)C)[C@@H]2CNC[C@H](C(=O)N3CCOCC3)C2)nnn1-c1ccccc1,92.4,4.526126978647638,0.5108650639552573
6917,Cc1nnc(C(C)C)n1C1CCN([C@H](C)C[C@H](NC(=O)C2CC(F)(F)C2)c2ccccc2)CC1,92,4.5217885770490405,0.510570411032912
7212,COc1ccc2c(c1)c(CN1CCN(C)CC1)cn2S(=O)(=O)c1ccc(F)cc1.CS(=O)(=O)O.CS(=O)(=O)O,92,4.5217885770490405,0.510570411032912
1845,CN(Cc1ccccc1)C(=O)[C@@H](NC(=O)c1cc2cc(NC(=O)c3ccccc3-c3ccc(C(F)(F)F)cc3)ccc2n1C)c1ccccc1,92,4.5217885770490405,0.510570411032912
7054,CCCCCS(=O)(=O)NC(=O)CCc1ccc(OCC(=O)N(CC)CC)cc1Oc1ncc(C(F)(F)F)cc1Cl,92,4.5217885770490405,0.9797271346649804
1801,CS(=O)(=O)c1ccc([C@@H](CC(=O)O)NC(=O)[C@@H]2CCCN2S(=O)(=O)c2cc(Cl)cc(Cl)c2)cc1,92,4.5217885770490405,0.510570411032912
7200,COc1nc(N2C[C@H]3C(=O)N(C)C(=N)N[C@@]3(c3ccc(F)cc3F)C2)nc(C)c1F,92,4.5217885770490405,0.510570411032912
6966,CCCCCOC(=O)N1CCN(C(=O)[C@H](CCC(=O)O)NC(=O)c2cc(N3CCC(CN(C)C)CC3)cc(-c3ccccc3)n2)CC1,92,4.5217885770490405,0.510570411032912
6924,OC(c1ccccc1)(c1ccccc1)C12CC[N+](CCOCc3ccccc3)(CC1)CC2.[Br-],92,4.5217885770490405,0.510570411032912
6981,CCC/N=C1\S/C(=C\c2ccc(O)c(Cl)c2)C(=O)N1c1ccccc1C,92,4.5217885770490405,0.510570411032912
7070,c1ccc([C@H]([C@@H](c2ccccc2)N2CCCC2)N2CCCC2)cc1,91.8,4.519612297626445,0.5104226038101055
7029,CC(C)CCN([C@@H](C(=O)NO)C(C)C)S(=O)(=O)c1ccc2ccccc2n1,91.67,4.518195171973685,0.5103263563315293
7131,CC[C@@H](CNS(C)(=O)=O)N1C(=O)[C@@](C)(CC(=O)O)C[C@H](c2cccc(Cl)c2)[C@H]1c1ccc(Cl)cc1,91.67,4.518195171973685,0.5103263563315293
7124,CCCN(CCc1cccs1)[C@H]1CCc2c(O)cccc2C1,91.67,4.518195171973685,0.5103263563315293
7165,Nc1ccc(-c2ccc3[nH]nc(-c4cncc(O[C@H]5CNCCC56CC6)n4)c3c2)c(F)c1,91.67,4.518195171973685,0.5103263563315293
7136,CC(C)c1cc(N2CC[C@@H](N)C2)nc(N)n1,91.67,4.518195171973685,0.5103263563315293
1833,CCCCC[C@H](O)/C=C/[C@H]1CCC(=O)N1CCCCCCC(=O)O,91.67,4.518195171973685,0.5103263563315293
7123,CN1CCO[C@@H]2Cc3c(O)cccc3C[C@H]21.Cl,91.67,4.518195171973685,0.5103263563315293
6899,CCS(=O)(=O)CCN(C(=O)Cc1ccc(F)c(C(F)(F)F)c1)[C@H](C)c1nc(-c2ccccc2)cn1-c1ccc(C#N)cc1,91.67,4.518195171973685,0.5103263563315293
7137,Cc1cccc(-c2[nH]c(CNc3cccc(C#N)c3)nc2-c2ccc3ncnn3c2)n1.Cl,91.67,4.518195171973685,0.5103263563315293
7130,C[C@]1(CC(=O)O)C[C@H](c2cccc(Cl)c2)[C@@H](c2ccc(Cl)cc2)N([C@H](CS(=O)(=O)N2CCC2)C2CC2)C1=O,91.67,4.518195171973685,0.5103263563315293
7040,Cc1ccn2c(C(=O)NCc3ccccc3)c(C)nc2c1,91,4.51085950651685,0.5098281370645756
6937,CN(C)CCNC(=O)c1cc(-c2ccc3c(c2)CC/C3=N\O)c(-c2ccncc2)o1,91,4.51085950651685,0.5098281370645756
1814,Fc1cnccc1-c1cc(-c2ccc(F)c(-c3ncccc3F)c2)cnn1,91,4.51085950651685,0.5098281370645756
1851,NC(CC(=O)N1CCn2nc(C(F)(F)F)nc2[C@@H]1C(O)C1CC1)Cc1cc(F)c(F)cc1F,91,4.51085950651685,0.5098281370645756
7192,CC1(C)OCc2c(Nc3n[nH]c4cc(C(F)(F)F)ccc34)nc(-c3cn[nH]c3)nc21,91,4.51085950651685,0.5098281370645756
7218,C[C@@H](c1ccc(OC(F)F)cc1)N1CC[C@](CCC(N)=O)(c2ccccc2)OC1=O,91,4.51085950651685,0.5098281370645756
7222,CNCc1cc(Oc2ccc3c(ccn3C(=O)Nc3cc(C4(C)CC4)on3)c2)ncn1,91,4.51085950651685,0.978984860696644
1834,Cc1cccc(C)c1Nc1ncc(-c2ccc(OCC3CCCN(C)C3)cc2)n2cncc12.Cl,91,4.51085950651685,0.5098281370645756
7152,CC[C@H](C)[C@@H]1NC(=O)[C@H](Cc2ccc(O)cc2)NC(=O)CCSSC[C@@H](C(=O)N(CC(=O)N[C@@H](CC(C)C)C(=O)NCC(N)=O)Cc2cccc(C)c2)NC(=O)[C@H](CC(N)=O)NC(=O)[C@H](CCC(N)=O)NC1=O,91,4.51085950651685,0.5098281370645756
7003,COC(=O)N1CCc2c(nc(C)n2[C@H]2C[C@H]3CC[C@@H](C2)N3CC[C@H](NC(C)=O)c2cccc(F)c2)C1,91,4.51085950651685,0.5098281370645756
6905,COc1cc2nc(N3CCCN(C(=O)N4CCOCC4)CC3)cc(N)c2c(-c2ccc(F)cc2)c1OC,91,4.51085950651685,0.5098281370645756
7162,Cn1c(=O)n(Cc2ccccc2C#N)c2c(N3CCC[C@@H](N)C3)cccc21,90.67,4.507226541657965,0.5095813955658647
7228,CC(C)C[C@H](NC(=O)[C@@H](O)[C@H](N)Cc1ccccc1)C(=O)NCC(=O)OCn1cc(F)c(=O)[nH]c1=O.Cl,90.55,4.505902184329423,0.5094914486699363
1805,O=C(NO)[C@@]1(O)COCC[C@H]1S(=O)(=O)c1ccc(OCc2ccc(Cl)cc2Cl)cc1,90,4.499809670330265,0.5090776610079408
6902,Cc1ccc(CCCO)c(NCc2ccc3nc(NCCCN4CCOCC4)n(Cc4nc(C)ccc4O)c3c2)c1,90,4.499809670330265,0.5090776610079408
7098,COC(=O)N[C@H](C(=O)N[C@@H](Cc1ccc(-c2ccc(OC)nc2)cc1)[C@@H](O)C[C@@H](Cc1ccccc1F)C(=O)N[C@H]1[C@H](C)CCC[C@H]1O)C(C)(C)C,90,4.499809670330265,0.5090776610079408
7180,Cc1nc2cnc(Nc3ccnc(N4CC[C@H](O)[C@H](F)C4)n3)cc2n1C(C)C,90,4.499809670330265,0.5090776610079408
1784,COc1cccc(OC)c1-c1ccc(C[C@H](/N=C(\N)[C@@H]2CCN2S(=O)(=O)c2cc(Cl)cc(Cl)c2)C(=O)O)cc1,90,4.499809670330265,0.5090776610079408
1799,CCCN(c1ccncn1)C1CCN(C[C@H]2CN([C@H](CC3CCC3)C(=O)O)C[C@@H]2c2cccc(F)c2)CC1,90,4.499809670330265,0.5090776610079408
7096,COC(=O)N[C@H](C(=O)N[C@@H](Cc1ccc(-c2ccc(OC)nc2)cc1)[C@@H](O)C[C@@H](Cc1cccc(OC(F)(F)F)c1)C(=O)N[C@H]1[C@H](C)CCC[C@H]1O)C(C)(C)C,90,4.499809670330265,0.5090776610079408
7236,C[C@]12C=CC(=O)C=C1CC[C@@H]1[C@@H]2[C@@H](O)C[C@@]2(C)[C@H]1CC[C@]2(O)C(=O)CO,90,4.499809670330265,0.5090776610079408
6943,Cc1nc2c(N[C@@H]3CCc4ccccc43)cc(-n3ccccc3=O)cn2c1C,90,4.499809670330265,0.5090776610079408
6959,Cc1ccc(F)cc1CO[C@H]1CCc2ccc(N3CCNC[C@H]3C)nc21,90,4.499809670330265,0.5090776610079408
7163,CC(C)N1CCC(C(=O)Nc2cc(Oc3ccc4c(c3)nc(Nc3cccc(C(C)(C)C)c3)n4C)ccn2)CC1,90,4.499809670330265,0.5090776610079408
7082,Nc1nccc2occ(-c3ccc4c(c3)CCN4C(=O)Cc3cc(F)ccc3F)c12,89.7,4.49647076906475,0.5088508915415954
6915,CCN(CC)Cc1ccc(Nc2ccnc3cc(Cl)ccc23)cc1O,89.2,4.490881039585964,0.5084712516929986
7093,CC(c1ccccc1-c1ccc(Cl)cc1)N1CCC(N2CCc3c(ncnc3NS(=O)(=O)c3ccc(N[C@H](CCN(C)C)CSc4ccccc4)c(S(=O)(=O)C(F)(F)F)c3)C2)CC1,89,4.48863636973214,0.5083187995704602
6983,CC(C)(CC1Cc2ccccc2C1)NC[C@@H](O)COc1cc(CCC(=O)O)ccc1C#N,89,4.48863636973214,0.5083187995704602
1821,CC(C)C[C@@H](C=O)NC(=O)[C@@H](NS(=O)(=O)c1ccc(F)cc1)C(C)C,89,4.48863636973214,0.5083187995704602
7092,O=C(CNc1ncnc2ccc(C(F)(F)F)cc12)NC1CN([C@H]2CC[C@@](O)(c3cncs3)CC2)C1,89,4.48863636973214,0.5083187995704602
7232,NCCNc1cc(N2CCCc3ccccc3C2)nc2ccccc12,89,4.48863636973214,0.5083187995704602
1782,CCN(c1ncccc1NC(C)C)C1CCN(C(=O)c2cc3cc(NS(=O)(=O)N4CCN(C)CC4)ccc3[nH]2)CC1,89,4.48863636973214,0.5083187995704602
7019,CN(C(=O)c1cc2c(s1)-c1ccc(C(N)=O)cc1OCC2)c1ccccc1Cl,89,4.48863636973214,0.5083187995704602
7034,C[C@H]1O[C@@H](n2cnc3c(N)nc(O[C@H]4CC[C@H](C)CC4)nc32)[C@H](O)[C@@H]1O,89,4.48863636973214,0.5083187995704602
7172,N#Cc1cccc(-c2nc(N3CCC(CO)CC3)cc3cccnc23)c1,89,4.48863636973214,0.5083187995704602
6977,C[C@@H]1CN(C(=O)[C@@H]2CN(C(C)(C)C)C[C@H]2c2ccc(F)cc2F)C[C@H](C)[C@@]1(O)c1ccccc1.Cl,89,4.48863636973214,0.5083187995704602
6946,CCCCCOC(=O)N1CCN(C(=O)[C@H](CCC(=O)O)NC(=O)c2cccc(-c3ccccc3)n2)CC1,89,4.48863636973214,0.5083187995704602
1783,CCN(c1nc(C)cc(C)n1)c1c(Br)cc(OC)cc1OC,88.67,4.484921613391916,0.5080665030076429
6926,CC(=O)N1CCC(c2ccc(OCc3cc4cnc(C#N)nc4n3CCC3CCCCC3)cc2)CC1,88.33,4.4810798007570405,0.5078055771126461
7101,COC(=O)N[C@H](C(=O)N[C@@H](Cc1ccc(-c2ccc(OC)nc2)cc1)[C@@H](O)C[C@@H](Cc1ccccc1F)C(=O)N[C@H]1c2cccc(F)c2OC[C@H]1O)C(C)(C)C,88.33,4.4810798007570405,0.5078055771126461
7069,CC(=O)N[C@@H](Cc1ccccc1)[C@H](O)CN[C@H]1CC2(CCC2)Oc2ncc(CC(C)(C)C)cc21,88.33,4.4810798007570405,0.5078055771126461
1802,CN1CCN([C@H]2CC[C@@H](n3cc(-c4ccc(Oc5ccccc5)cc4)c4c(N)ncnc43)CC2)CC1,88.33,4.4810798007570405,0.5078055771126461
7166,CS(=O)(=O)c1ccc(-c2ccc3[nH]nc(-c4cncc(O[C@H]5CNCCC56CC6)n4)c3c2)c(F)c1,88.33,4.4810798007570405,0.5078055771126461
6948,Cc1nc2ccc(NCc3cccc(C(F)(F)F)c3)cc2n(CCNC(=O)CO)c1=O,88.1,4.478472532942134,0.5076284982822199
6931,COc1cc(C2=NC(c3ccc(Cl)cc3F)C(C(=O)Nc3ccc4[nH]ncc4c3)=C(C)N2)ccn1,88,4.477336814478207,0.5075513632460199
6944,O=C(Nc1nnc(C2CCCC2)s1)c1ccc2c(c1)OCCO2,88,4.477336814478207,0.5075513632460199
7039,N[C@H]1CC[C@H](Nc2ncc3nc(Nc4c(F)cc(F)cc4F)n(C4CCCC4)c3n2)CC1,88,4.477336814478207,0.5075513632460199
1830,C[C@@H]1C(=O)NCCCN1C(=O)C[C@H](N)Cc1cc(F)c(F)cc1F,88,4.477336814478207,0.5075513632460199
7177,O=c1[nH]c(N2CCc3ccccc3C2)nc(N[C@@H]2C[C@H](CO)[C@@H](O)[C@H]2O)c1-c1nc2ccccc2s1,88,4.477336814478207,0.5075513632460199
7158,COCCC(=O)N1CCC[C@H](Nc2nc(-c3c[nH]c4ncc(Cl)cc34)ncc2F)C1,88,4.477336814478207,0.5075513632460199
7183,CC(C)c1nc(C(=O)NC2CCN(CCF)CC2)c2ccccn12,88,4.477336814478207,0.5075513632460199
7126,CCN(C)[C@@H](C(=O)N1CCC[C@H]1c1ncc(-c2ccc(-c3ccc(-c4cnc([C@@H]5CCCN5C(=O)[C@@H](c5ccccc5)N(C)CC)[nH]4)cc3)cc2)[nH]1)c1ccccc1,88,4.477336814478207,0.5075513632460199
6941,N#Cc1cnc2c(Cl)cc(NCc3cn(Cc4ccncc4)nn3)cc2c1Nc1ccc(F)c(Cl)c1,88,4.477336814478207,0.5075513632460199
7113,N#CCCN[C@H]1CC[C@H](n2nnc3cnc4[nH]ccc4c32)CC1,88,4.477336814478207,0.5075513632460199
7075,CNCCN1CCCc2cc(NC(=N)c3cccs3)ccc21,87.67,4.473579765600494,0.5072961942843521
1794,COc1ccc([C@@H]2Sc3ccccc3N(CCN(C)C)C(=O)[C@@H]2OC(C)=O)cc1,87.2,4.468204330914934,0.5069311087792462
7025,CC(C)Oc1ccc(-c2nc(-c3ccc4c(c3)CCN(C(CO)CO)C4)no2)cc1C#N,87,4.465908118654584,0.5067751560308754
6976,CNS(=O)(=O)c1ccc(-c2cccc3ncc(-c4cc(OC)c(OC)c(OC)c4)nc23)cc1,87,4.465908118654584,0.5067751560308754
7206,COC(=O)N[C@H](C(=O)Nc1ccccc1CC[C@@H]1CN[C@H](COC(=O)N[C@H]2CCc3ccccc32)CO1)C(c1ccccc1)c1ccccc1,87,4.465908118654584,0.5067751560308754
1839,C[C@@H]1CCN(C(=O)C[C@H](N)Cc2cc(F)c(F)cc2F)[C@H](C)C(=O)N1,87,4.465908118654584,0.5067751560308754
7148,N#CC1(c2cc(CCO)cc(-c3ccnc4[nH]nc(C(F)(F)F)c34)c2)CC1,87,4.465908118654584,0.5067751560308754
1855,CN(C)C(=O)CC1c2nnc(C(F)(F)F)n2CCN1C(=O)C[C@H](N)Cc1cc(F)c(F)cc1F.Cl,87,4.465908118654584,0.5067751560308754
7056,CN(C)C(=O)c1ccc(-c2ccc3c(c2)CCN(CCN2CCCC2)C3=O)cc1.Cl,87,4.465908118654584,0.5067751560308754
6961,CCCCCOC(=O)N1CCN(C(=O)[C@H](CCC(=O)O)NC(=O)c2cc(N3CC[C@@H](OCC(=O)N(CC)CC)C3)cc(-c3ccccc3)n2)CC1,87,4.465908118654584,0.5067751560308754
6979,NC(=O)c1cccc2cn(-c3ccc4c(c3)CNCC4)nc12,87,4.465908118654584,0.5067751560308754
7164,COc1cccc(CNC(=O)c2nc3scc(COCc4ccc(CO)cc4)c3c(=O)[nH]2)c1,86.93,4.465103197090973,0.5067204878574512
7237,COc1ccc(S(=O)(=O)N2C(=O)[C@@](c3ccccc3OC)(N3C[C@H](O)C[C@H]3C(=O)N(C)C)c3cc(C#N)ccc32)c(OC)c1,86.67,4.462107803146254,0.5065170485124924
7062,COc1ccc2c(c1)C1C[C@]13Cn1c-2c(C2CCCCC2)c2ccc(cc21)C(=O)NS(=O)(=O)N(C)CCOCCN(C)C3=O,86.67,4.462107803146254,0.5065170485124924
7099,COC(=O)N[C@H](C(=O)N[C@@H](Cc1ccc(-c2ccc(OC)nc2)cc1)[C@@H](O)C[C@@H](Cc1ccccc1F)C(=O)N[C@H]1CCCC[C@H]1O)C(C)(C)C,86.67,4.462107803146254,0.5065170485124924
7017,COc1ccc(S(=O)(=O)N2C(=O)[C@@](c3ccccc3OC)(N3C[C@H](O)C[C@H]3C(=O)N(C)C)c3cc(Cl)ccc32)c(OC)c1,86.67,4.462107803146254,0.5065170485124924
7129,COc1ccc2c(c1)[C@@H]1C[C@]13Cn1c-2c(C2CCCCC2)c2ccc(cc21)C(=O)NS(=O)(=O)N(C)CCOCCN(C)C3=O,86.67,4.462107803146254,0.5065170485124924
7213,Cc1c(N2CC[C@H](O)[C@@H]2C)ccc(C#N)c1Cl,86.1,4.455509411433685,0.5060689029554936
7188,CC1(C)CC2(CCN(C(=O)c3ccc(C[C@@H]4CC[C@H]([C@H](O)c5ccccc5)N4)cc3)CC2)C(=O)O1,86,4.454347296253507,0.5059899751231667
7221,COc1ccc2ncc(F)c(C[C@H](N)[C@@H]3CC[C@@H](NCc4ccc5c(n4)NC(=O)CO5)CO3)c2n1,86,4.454347296253507,0.5059899751231667
6934,CCOc1cc2ncc(C(N)=O)c(Nc3cccc(Cl)c3Cl)c2cc1N1CCN(CC)CC1,86,4.454347296253507,0.5059899751231667
7023,C[C@@H](c1ccc(-c2ccc(F)cc2)cc1)N1CC[C@](CCCO)(c2ccccc2)OC1=O,86,4.454347296253507,0.5059899751231667
7077,C[C@H](O)c1nc(-c2cccc3c2N(S(=O)(=O)c2ccc(C(C)(C)C)cc2)Cc2ccc(C(F)(F)F)nc2N3)no1,86,4.454347296253507,0.5059899751231667
7176,C[C@@H](Oc1nc(-c2cnn(C)c2)cc2nscc12)[C@H]1CNC(=O)C1,86,4.454347296253507,0.5059899751231667
6957,CC(C)(C)[C@H]1C(O)=C(C2=CS(=O)(=O)c3cc(NS(C)(=O)=O)ccc3N2)C(=O)N1Cc1ccc(F)c(Cl)c1,86,4.454347296253507,0.5059899751231667
6990,O=C1NCc2c1cc(-c1ccnc(NC3CCCCC3)c1)nc2N1CCNCC1,86,4.454347296253507,0.5059899751231667
7117,CC1CCCN(C(=O)c2csc(Nc3ccc4c(c3)OCO4)n2)C1C,86,4.454347296253507,0.5059899751231667
6975,CN(C)Cc1ccc(-c2cc3c(-c4cnn(C)c4)ccnc3[nH]2)cc1,86,4.454347296253507,0.5059899751231667
7138,COc1ccc(NC(=O)N2CCNC[C@@H]2COc2cccnc2)cc1.Cl,86,4.454347296253507,0.5059899751231667
6909,Cc1cc(NC(=O)O[C@H]2CCOC2)nn1Cc1cc(Cl)ccc1OCc1ccccc1,86,4.454347296253507,0.5059899751231667
6972,CC(=O)NCc1cc2nc(-c3cccc4[nH]ncc34)nc(N3CCOCC3)c2s1,86,4.454347296253507,0.5059899751231667
7185,N#Cc1cccnc1N1CCN(C(=O)c2cccc(C(O)c3n[nH]c(=O)c4ccccc34)c2)CC1,86,4.454347296253507,0.5059899751231667
7065,Cc1c(NC(=O)c2ccc(C(C)(C)C)cc2)cccc1-c1cn(C)c(=O)c(Nc2ccc(C(=O)N3CCOCC3)cc2)n1,86,4.454347296253507,0.5059899751231667
7190,CC1(C)OCc2c(Nc3n[nH]c4ccccc34)nc(-c3cn[nH]c3)nc21,86,4.454347296253507,0.5059899751231667
1788,COc1cccc(OC)c1-c1ccc(C[C@@H]2N=C([C@@H]3CCN3S(=O)(=O)c3ccccc3)NNC2=O)cc1,86,4.454347296253507,0.5059899751231667
7147,CN(C)c1nc(NCc2ccc(F)cc2)c2ccccc2n1,85.5,4.448516375942715,0.5055939542222678
6978,CCCCn1nc(-c2nc3ccccc3s2)nc2c(=O)n(C)c(=O)nc1-2,85.5,4.448516375942715,0.5055939542222678
1846,CSC(=S)N1CC2(CC2)CS/C1=N\c1ccccc1C(C)C,85.1,4.443827035579329,0.5052754664542405
7038,NCc1cccc(C2CCN(C(=O)c3ccc(C#Cc4ccccc4)o3)CC2)c1.O=C(O)C(F)(F)F,85,4.442651256490317,0.50519561060486
6954,CCS(=O)(=O)CCN(C(=O)Cc1ccc(F)c(C(F)(F)F)c1)[C@H](C)c1nc2nc(C)ccn2c1-c1ccc(C#N)cc1,85,4.442651256490317,0.50519561060486
6949,Cc1onc(-c2ccccc2Cl)c1C(=O)N(C)c1ccc(Cl)cc1,85,4.442651256490317,0.50519561060486
6950,C=C[C@@H]1C[C@]1(NC(=O)[C@@H]1C[C@@H]2CN1C(=O)[C@H](C(C)(C)C)Nc1nc(cs1)CCC/C=C/c1cccc3c1CN(C3)C(=O)O2)C(=O)NS(=O)(=O)C1CC1.O=C(O)C(F)(F)F,85,4.442651256490317,0.50519561060486
1856,C[C@@H]1c2nnc(C(F)(F)F)n2[C@H](C)CN1C(=O)C[C@H](N)Cc1cc(F)c(F)cc1F.Cl,85,4.442651256490317,0.50519561060486
6912,CN1CCC(CCOc2nc(C#N)nc(NCC3CCC4(CC3)CC4)c2Br)CC1,85,4.442651256490317,0.50519561060486
7234,C[C@H](O)[C@@H](CCc1cccc(C(F)(F)F)c1)n1cnc2c(N)ncnc21,85,4.442651256490317,0.50519561060486
7036,C[C@H]1O[C@@H](n2cnc3c(N)nc(OCC4CC(F)(F)C4(F)F)nc32)[C@H](O)[C@@H]1O,85,4.442651256490317,0.50519561060486
7037,CC(C)(C)c1ccc(CSc2nc(N)cc(O)n2)cc1,85,4.442651256490317,0.50519561060486
7028,Cc1cc(C(=O)NN2CCOCC2)nn1Cc1cc(Cl)cc2cc(C(C)C)oc12,85,4.442651256490317,0.50519561060486
7074,Nc1nc(-c2ccccc2)c2c(n1)-c1cc(CN3CCCC3)ccc1C2=O,85,4.442651256490317,0.50519561060486
7217,Cc1c([C@@H](O)CN2CCC3(CC2)CCN(c2ccns2)C3=O)ccc2c1COC2=O,85,4.442651256490317,0.50519561060486
6927,CC(C)NC(C)(C)c1nc2c(C(N)=O)cccc2[nH]1,85,4.442651256490317,0.50519561060486
1816,Cc1cc(C)c(-n2nnnc2SCC(=O)Nc2ccc(S(N)(=O)=O)cc2C)c(C)c1,85,4.442651256490317,0.50519561060486
6992,CCCO[C@H]1CC[C@](C)(N2CCC(N3C(=O)Cc4ccc(C)cc43)CC2)CC1,85,4.442651256490317,0.50519561060486
7104,C(#Cc1ccc2ccccc2n1)c1ccccn1,84.93,4.441827387791918,0.5051396555914536
7014,CC(=O)O[C@@]12CO[C@@H]1C[C@H](O)[C@@]1(C)C(=O)[C@H](O)C3=C(C)[C@@H](OC(=O)[C@H](O)[C@@H](NC(=O)OC(C)(C)CF)c4ccccc4)C[C@@](O)([C@@H](OC(=O)c4ccccc4)[C@H]21)C3(C)C,84.83,4.440649253819643,0.5050596398045432
1773,CC(C)N1CCC(c2cc(-c3ccc(F)cc3Cl)c3c(c2)N(c2c(Cl)cccc2Cl)C(=O)NC3)CC1,84.8,4.440295542797857,0.5050356166743958
6980,CC1=C(C#N)[C@@H](c2ccc(F)cc2Cl)C(C(=O)OC(C)(C)C)=C(C)N1,84.8,4.440295542797857,0.5050356166743958
7120,CCOC(=O)C1=C(Nc2ccc3ccccc3c2)OCC1=O,84.67,4.438761347654186,0.5049314181413054
7024,CN1CCN(c2ccc(Nc3nc(N)n(-c4ccccn4)n3)cc2)CC1,84.4,4.4355674016019115,0.5047144936550108
7020,CCOc1ccc(-n2nc3c(N4CCCC4)nnc(C)c3c2C)cc1,84,4.430816798843313,0.5043918451048685
7046,O=C(CC(F)(F)F)N1CCC(c2cc(F)ccc2F)(S(=O)(=O)c2ccc(Cl)cc2)CC1,84,4.430816798843313,0.5043918451048685
1775,C[C@@]1(C(=O)N[C@H](Cc2ccccc2)C(=O)O)CCCN1S(=O)(=O)c1cc(Cl)cc(Cl)c1,84,4.430816798843313,0.5043918451048685
7110,CC(C)n1c(-c2nc3c(s2)CCOc2cc(-c4cnn(CC(C)(C)O)c4)ccc2-3)n[nH]c1=O,84,4.430816798843313,0.5043918451048685
7007,N[C@H]1CN(c2cc(N3CCC(F)(F)C3)ncn2)C[C@@H]1N1CC(F)(F)CCC1=O,84,4.430816798843313,0.5043918451048685
7080,CCN(CCO)C(=O)c1cc2c(C)ccnn2c1-c1cccc(C(F)(F)F)c1,84,4.430816798843313,0.9735485687369368
1772,O=C(N[C@H](Cc1ccc(Cl)cc1)C(=O)N1CCC(Cn2cncn2)(C2CCCCC2)CC1)[C@H]1Cc2ccccc2CN1,84,4.430816798843313,0.5043918451048685
7052,Cn1cc(C(=O)N2CCC(c3cc(F)ccc3F)(S(=O)(=O)c3ccc(Cl)cc3)CC2)c(C(F)(F)F)n1,84,4.430816798843313,0.5043918451048685
7047,O=C(c1cnccc1C(F)(F)F)N1CCC(c2cc(F)ccc2F)(S(=O)(=O)c2ccc(Cl)cc2)CC1,84,4.430816798843313,0.5043918451048685
7143,Cc1cn([C@H]2CCCN([C@H](CC(C)C)c3ccc(C(=O)O)c(Oc4cccc(Cl)c4)c3F)C2)c(=O)[nH]c1=O,84,4.430816798843313,0.5043918451048685
7043,CC1(C(=O)N2CCC(c3cc(F)ccc3F)(S(=O)(=O)c3ccc(Cl)cc3)CC2)CC1,84,4.430816798843313,0.5043918451048685
6936,O=C([C@@H]1C[C@H](N2CCN(c3ncccn3)CC2)CN1)N1CCCC1,84,4.430816798843313,0.5043918451048685
7103,CC(C)c1nc(-c2cccc(NS(=O)(=O)c3c(F)cccc3F)c2)c(-c2ccnc(NCCS(C)(=O)=O)n2)s1,84,4.430816798843313,0.5043918451048685
1804,Fc1cccc(CCN2CCN(CCCc3c[nH]c4ccc(-n5cnnc5)cc34)CC2)c1,84,4.430816798843313,0.5043918451048685
1807,CC(C)(C)NC1CCN(c2ccc(-c3ccc(C(=O)NC4(C(=O)NCC#N)CCCCC4)cc3)cc2)CC1,84,4.430816798843313,0.5043918451048685
6940,O=C1NCCCC[C@@H]1NC(=O)C12CC3CC(CC(C3)C1)C2,84,4.430816798843313,0.5043918451048685
6974,CS(=O)(=O)c1ccc(NC(=O)CSC(=O)N2CCCc3cc(Cl)cc(Cl)c32)c(Cl)c1,84,4.430816798843313,0.5043918451048685
7031,Cc1c(CN2CCN(C(=O)C(C)(C)N)CC2)sc2c(N3CCOCC3)nc(-c3cnc(N)nc3)nc12.O=C(O)C(F)(F)F,84,4.430816798843313,0.5043918451048685
7058,O=C1CC2CCc3cc(OC4CCN(C5CCC5)CC4)ccc3C2=NN1,84,4.430816798843313,0.5043918451048685
7022,CC[C@@H](NC(=O)c1ccc2c(c1)ncn2Cc1ccc(Cl)c(Cl)c1)c1ccccc1,84,4.430816798843313,0.9735485687369368
7051,COc1ccc2c(C(=O)N3CCC(c4cc(F)ccc4F)(S(=O)(=O)c4ccc(Cl)cc4)CC3)c[nH]c2c1,84,4.430816798843313,0.5043918451048685
7050,COc1ccc2c(C(=O)N3CCC(c4cc(F)ccc4F)(S(=O)(=O)c4ccc(Cl)cc4)CC3)cn(C)c2c1,84,4.430816798843313,0.5043918451048685
1771,C=CCN(C(=O)OCc1ccccc1)C1CCN(CCC(C)(CN2C(=O)N[C@H](Cc3c[nH]c4ccccc34)C2=O)c2ccccc2)CC1,84,4.430816798843313,0.5043918451048685
7161,Cn1c(=O)n(Cc2ccccc2C#N)c2c(N3CC[C@@H](N)C3)ccnc21,84,4.430816798843313,0.5043918451048685
6973,CCOc1cc(CN2CCC(Nc3nc4ccccc4o3)CC2)ccc1OC,84,4.430816798843313,0.5043918451048685
7083,N[C@@H]1CCN(c2cnc3nnn(Cc4ccc5ncccc5c4)c3n2)C1,83.4,4.423648309364701,0.503904979994373
7060,COc1ccc2c(O[C@@H]3C[C@H]4C(=O)N[C@]5(C(=O)NS(=O)(=O)C6CC6)C[C@H]5/C=C\CCCCC[C@H](NC(=O)N5CCCCC5)C(=O)N4C3)cc(-c3nc(C(C)C)cs3)nc2c1C,83.4,4.423648309364701,0.503904979994373
7100,COC(=O)N[C@H](C(=O)N[C@@H](Cc1ccc(-c2ccc(OC)nc2)cc1)[C@@H](O)C[C@@H](Cc1ccccc1F)C(=O)N[C@H]1c2cc(C)cc(F)c2OC[C@H]1O)C(C)(C)C,83.33,4.422808628394115,0.5038479510526769
7079,O=C(O)Cn1cc(-c2ccncc2)cc(NC(=O)[C@H](Cc2ccccc2)NC2(c3ccccn3)CC2)c1=O,83.33,4.422808628394115,0.5038479510526769
7078,O=C(Nc1cc(-c2ccncc2)c[nH]c1=O)[C@H](Cc1ccccc1)NC1(c2ccccn2)CC1,83.33,4.422808628394115,0.5038479510526769
6925,N#Cc1ncc2cc(COc3ccc(C(N)=O)cc3)n(CCC3CCCCC3)c2n1,83.33,4.422808628394115,0.5038479510526769
7230,COC(C)(C)C#C[C@]1(O)CC[C@H]2[C@@H]3CCC4=CC(=O)CC[C@@H]4[C@H]3[C@@H](c3ccc(N(C)C)cc3)C[C@@]21C,83.33,4.422808628394115,0.5038479510526769
7139,C=C[C@]1(C)C[C@@H](OC(=O)CSc2cncc(COP(=O)([O-])[O-])c2)[C@]2(C)[C@H](C)CC[C@]3(CCC(=O)[C@H]32)[C@@H](C)[C@@H]1O.[Na+].[Na+],83.33,4.422808628394115,0.5038479510526769
7071,N#Cc1c(-c2ccc3c(ccn3C3CCOCC3)c2)ccn2c(CC(F)(F)F)cnc12,83.33,4.422808628394115,0.5038479510526769
6994,O=C(Cc1ccccc1)NC1CCN(CCCN2C(=O)COc3ccccc32)CC1,83.33,4.422808628394115,0.5038479510526769
1795,CCOC(=O)C1=C(C)NC(C)=C(C(=O)OC)C1c1cccc(Cl)c1Cl,83.3,4.422448549172797,0.503823495411025
7008,NCCCCN(Cc1ncccc1N)[C@H]1CCCc2cccnc21,83.3,4.422448549172797,0.503823495411025
1848,CNc1ncnc(-c2cccnc2Oc2cc(NC(=O)c3cccc(OC(F)(F)F)c3)ccc2C)n1,83,4.418840607796598,0.5035784534419987
6918,CCNc1cc(C(=O)N[C@@H](Cc2ccccc2)[C@H](O)CNCc2cccc(C(F)(F)F)c2)c(F)c(N2CCCCS2(=O)=O)c1,83,4.418840607796598,0.5035784534419987
7167,NC(=O)c1nnc(N[C@@H]2CCCC[C@@H]2N)nc1Nc1cccc2[nH]ccc12,83,4.418840607796598,0.5035784534419987
6916,CNc1nc2sc(N3CCCCCC3)nc2c2c1ncn2C,83,4.418840607796598,0.5035784534419987
7042,Cc1c(Cn2c(C)nn3c(=O)nc(N4CCOCC4)cc23)cccc1C(F)(F)F,83,4.418840607796598,0.5035784534419987
7186,N#Cc1cccnc1N1CCN(C(=O)c2cccc(Cc3n[nH]c(=O)c4ccccc34)c2)CC1,83,4.418840607796598,0.5035784534419987
1798,COc1ccc(S(=O)(=O)N2CCc3cccc(Cl)c3C2)cc1N1CCNCC1,83,4.418840607796598,0.5035784534419987
6996,COc1ccc(-c2cncnc2)cc1C(C)(C)C[C@@](O)(Cc1cc2ccncc2[nH]1)C(F)(F)F,83,4.418840607796598,0.5035784534419987
7114,CC(C)(O)c1nc2cc(Cl)ccc2n1[C@H]1CC[C@@H](NC[C@H]2Cc3ccc(C#N)cc3C2)CC1,83,4.418840607796598,0.5035784534419987
7072,O=C(NCc1ccccc1)c1ccccc1C(=O)N1CCCC1,83,4.418840607796598,0.972735177074067
7194,CC(C)n1ncnc1-c1cn2c(n1)-c1cnc(N3CCC[C@H]3C(N)=O)cc1OCC2,83,4.418840607796598,0.5035784534419987
7155,CCCCCN(CC(=O)N[C@@H](CC(C)C)C(=O)NCC(N)=O)C(=O)[C@@H]1CCSCCC(=O)N[C@@H](Cc2ccccc2)C(=O)N[C@@H]([C@@H](C)CC)C(=O)N[C@@H](CCC(N)=O)C(=O)N[C@@H](CC(N)=O)C(=O)N1,83,4.418840607796598,0.5035784534419987
6942,Cc1cccc(C)c1CNc1cc(-n2cncn2)cn2c(C)c(C)nc12,83,4.418840607796598,0.5035784534419987
7026,CC(=O)O.Cc1cc(CCCCOCCCCCCNC[C@H](O)c2ccc(O)c(CO)c2)cc(NC(N)=O)c1,83,4.418840607796598,0.5035784534419987
1777,Cc1ccccc1COc1ccc(S(=O)(=O)N2CCN[C@@H](C)[C@@H]2C(=O)NO)cc1,83,4.418840607796598,0.5035784534419987
1813,CCCC[C@H](NC(=O)O[C@@H]1C(=O)N(C(=O)Nc2c(C)noc2C)CC1(C)C)C(=O)C(=O)N[C@H](C)c1ccccc1,83,4.418840607796598,0.5035784534419987
7182,CC(C)c1nc(C(=O)NC2CCN(C3CCOCC3)CC2)c2ccccn12,83,4.418840607796598,0.5035784534419987
7108,Cl.Cl.O=C(Nc1nc2ccccc2s1)N(CCC(c1ccccc1)c1ccccc1)CCN1CCOCC1,82.67,4.414856779264584,0.5033078821976353
6998,C=C[C@@H]1C[C@]1(NC(=O)[C@@H]1C[C@@H]2CN1C(=O)[C@H](C(C)(C)C)NC(=O)OCC(C)(C)CCCCc1cccc3c1CN(C3)C(=O)O2)C(=O)NS(=O)(=O)c1cccc2c1COB2O,82.03,4.407085034014658,0.5027800455283988
1837,C[C@@H]1C(=O)N(CC(F)(F)F)CCCN1C(=O)C[C@H](N)Cc1cc(F)c(F)cc1F,82,4.406719247264253,0.5027552022462564
7032,CC1(C)NCCc2c1oc1cc(S(=O)(=O)c3cccc(F)c3)ccc21,82,4.406719247264253,0.5027552022462564
1790,CCCCN(CC)c1nc(C)nc2c1c(C)cn2-c1c(C)cc(C)cc1C,82,4.406719247264253,0.5027552022462564
1842,C[C@H](NC(=O)O[C@H](Cn1ccc(-c2ccc(C(F)(F)F)cc2)n1)C(C)(C)C)C(=O)CNS(=O)(=O)c1ccccn1,82,4.406719247264253,0.5027552022462564
1803,COc1ccccc1-c1ccc(C[C@H](NC(=O)C2(c3cccnc3)CCCCC2)C(=O)O)cc1,82,4.406719247264253,0.5027552022462564
7089,CCCOc1ccc2c(c1)[C@]1(COC(N)=N1)c1cc(-c3cncnc3)ccc1O2,82,4.406719247264253,0.5027552022462564
1776,COc1ccccc1-c1ccc(C[C@H](NC(=O)C2(C)CCCS2(=O)=O)C(=O)O)cc1,82,4.406719247264253,0.5027552022462564
1815,CC(C)C[C@H](NC(=O)c1cc2ccccc2n1C)C(=O)N[C@H](C#N)COCc1ccccc1,82,4.406719247264253,0.5027552022462564
7208,Cc1cc([C@@]23c4ccccc4C(=O)N2CCN3C(=O)c2ccc(F)c(F)c2)ccc1Cl,82,4.406719247264253,0.5027552022462564
7174,CCOc1ccc(OCc2cc3n(n2)[C@H](C)CN(c2ccc(F)cc2)C3=O)cc1,82,4.406719247264253,0.5027552022462564
1808,N#CCNC(=O)C1(NC(=O)c2ccc(-c3ccc(S(=O)(=O)N4CCNCC4)cc3)cc2)CCCCC1,82,4.406719247264253,0.5027552022462564
7231,N#Cc1ccc(O[C@H]2CN(S(=O)(=O)c3ccc(C(F)(F)F)cc3C#N)C[C@@]2(O)CO)cc1F,82,4.406719247264253,0.5027552022462564
6995,Cc1cnc(C(=O)NC2CC2)cc1-c1cc2cnnc(-c3ccccc3C)c2n(C)c1=O,81.83,4.4046439245392905,0.5026142517390655
7088,OC1(CN2CCC(COc3noc4cccc(O[C@@H]5CCOC5)c34)CC2)CCOCC1,81.8,4.404277243608702,0.5025893477265366
7156,C[C@@H]1C(=O)NN=C2COc3cc(-c4ccccc4)c(NC4CNC4)cc3N21,81.67,4.402686737370185,0.5024813246907396
6913,CC(=O)Nc1nc2c(Oc3cc(-c4ccc(C(F)(F)F)cc4NC(=O)C4CCC(C)(C)N4)ncn3)cccc2s1,81.67,4.402686737370185,0.5024813246907396
7229,CN(C)C(=S)SC(=S)N1CCN(c2ncccn2)CC1,81.67,4.402686737370185,0.5024813246907396
6971,N[C@H](CNc1nnc(-c2ccc3[nH]ncc3c2)s1)Cc1ccc(C(F)(F)F)cc1,81.67,4.402686737370185,0.5024813246907396
7134,CCOCCN1CC23COCC2(C1)CN(C(=O)[C@]12C[C@H]1c1cc(OC)ccc1-c1c(C4CCCCC4)c4ccc(C(=O)NS(=O)(=O)C(C)C)cc4n1C2)C3,81,4.394449154672439,0.501921849556917
7205,COC(=O)N[C@H](C(=O)Nc1cnccc1CC[C@@H]1CN[C@H](COC(=O)NCC(F)(F)F)CO1)C(c1ccccc1)c1ccccc1,81,4.394449154672439,0.501921849556917
6964,CCCCCOC(=O)N1CCN(C(=O)[C@H](CCC(=O)O)NC(=O)c2cc(N3CCC(N(C)C)CC3)cc(-c3ccccc3)n2)CC1,81,4.394449154672439,0.501921849556917
7133,O=C(Nc1ccccn1)[C@H](CN1CC(O)C1)Oc1ncnc2c1cnn2-c1c(F)cccc1Cl,81,4.394449154672439,0.501921849556917
1841,Cc1ccc(OC(C)(C)C(=O)N[C@@H](C)[C@@H](Cc2ccc(OCCF)cc2)c2cccc(C#N)c2)nc1,81,4.394449154672439,0.501921849556917
1785,CN/C(=N\[C@@H](Cc1ccc(-c2c(OC)cccc2OC)cc1)C(=O)O)[C@@H]1CCN1S(=O)(=O)c1ccccc1,81,4.394449154672439,0.501921849556917
7004,Cc1nc(N)c2ncn([C@@H]3O[C@H](CN(C)C/C=C\CN)[C@@H](O)[C@H]3O)c2n1,81,4.394449154672439,0.501921849556917
7159,O=C(N[C@@H]1CCC[C@H](Nc2nc(-c3c[nH]c4ncc(C(F)(F)F)cc34)ncc2F)C1)N1CCOCC1,81,4.394449154672439,0.501921849556917
6920,C[C@@H]1CN(CCO)CCN1c1cc2[nH]c(SC(C)(C)C)nc2cc1Cl,81,4.394449154672439,0.501921849556917
1800,CCCN(c1cncnc1)C1CCN(C[C@H]2CN([C@H](CC3CCC3)C(=O)O)C[C@@H]2c2cccc(F)c2)CC1,81,4.394449154672439,0.501921849556917
1852,CC1c2nc(C(F)(F)F)n(C)c2CCN1C(=O)C[C@H](N)Cc1cc(F)c(F)cc1F,81,4.394449154672439,0.501921849556917
1780,CCn1nc(Cc2ccccc2)cc1C1CCN(C[C@H]2CN([C@H](CC3CC3)C(=O)O)C[C@@H]2c2cccc(F)c2)CC1,81,4.394449154672439,0.501921849556917
7107,O=C1c2cc(C(=O)N3CCCCC3)ccc2-n2c1nc1ccccc1c2=O,81,4.394449154672439,0.501921849556917
1831,CC1=C(C(=O)Nc2cc(Cl)c3[nH]ncc3c2)C(c2ccc(C(F)(F)F)cc2)CC(=O)N1,81,4.394449154672439,0.501921849556917
6908,Cc1cc(Oc2ccccc2NC(=O)Nc2ccc(OC(F)(F)F)cc2)n(-c2ccccc2Cl)n1,81,4.394449154672439,0.501921849556917
7151,CC[C@H](C)[C@@H]1NC(=O)[C@H](Cc2ccc(O)cc2)NC(=O)CCSSC[C@@H](C(=O)N(CC(=O)N[C@@H](CC(C)C)C(=O)NCC(N)=O)Cc2ccccc2C)NC(=O)[C@H](CC(N)=O)NC(=O)[C@H](CCC(N)=O)NC1=O,81,4.394449154672439,0.501921849556917
7235,CCN(CC)[C@@H](C)CNC(=O)c1cc(-c2cnn3ccc(-c4cccs4)nc23)nc(N2CC(O)C2)c1,80.83,4.392348183745753,0.5017791570907537
7063,CS(=O)(=O)c1cc(F)cc(C[C@H](NC(=O)c2c(Cl)cc3c(c2Cl)CCN(C(=O)c2ccc4ccoc4c2)C3)C(=O)O)c1,80.5,4.388257184424518,0.5015013070858799
1812,CC(C)C[C@H](NC(=O)c1cc2ccccc2o1)C(=O)N[C@@H]1C(=O)CN(S(=O)(=O)c2ccccn2)CC[C@@H]1C,80.5,4.388257184424518,0.5015013070858799
7225,COCCCCc1c(C(=O)N(CC(C)C)[C@@H]2CNC[C@H](C(=O)N3CCOCC3)C2)cnn1-c1ccccc1,80.43,4.387387240915977,0.5014422227915284
7195,Cc1ncoc1-c1nnc(SCCCN2CC3CCN(c4ccccc4)C3C2)n1C,80.1,4.383275854074314,0.5011629881194364
6984,O=C(c1ccc(Oc2ccc(F)cc2)cn1)N1CCCN(C2CCC2)CC1,80,4.382026634673881,0.501078144395631
6997,N#Cc1ccc(N[C@@H]2CCN(C(=O)O[C@H]3C4CC5CC3C[C@](C(N)=O)(C5)C4)C2)nc1,80,4.382026634673881,0.501078144395631
7128,O=C(Nc1ccc(C[C@@H]2CC[C@H]([C@H](O)c3ccccc3)N2)cc1)[C@@H]1CCc2scnc21,80,4.382026634673881,0.501078144395631
7087,CNc1cc(-c2c(Nc3cc[nH]n3)nc3cccnn23)nc(C)n1,80,4.382026634673881,0.501078144395631
1823,O=C(NCc1cc(C(F)(F)F)cc(C(F)(F)F)c1)[C@@H](NCCN1CCCCC1)c1ccsc1,80,4.382026634673881,0.501078144395631
1827,CN(C)CC1=Cc2ccc(-n3cnc4cc(-c5ccc(Cl)cc5)sc4c3=O)cc2CC1,80,4.382026634673881,0.501078144395631
6921,Nc1nc2c(c(N3CCNCC3)n1)CCCCC2c1ccccc1,80,4.382026634673881,0.501078144395631
7067,CC(C)CN(c1ccc(C(O)(C#Cc2ccc(S(C)(=O)=O)cc2)C(F)(F)F)cc1)S(=O)(=O)c1ccccc1,80,4.382026634673881,0.501078144395631
7170,C[C@H](c1ccc(F)cc1)N1C(=O)O[C@](Cc2ccccc2)(c2nc3cc(-c4cccnc4)ccc3[nH]2)C1=O,80,4.382026634673881,0.501078144395631
7021,COCCCC[C@@](O)(c1cccc(F)c1-c1cccc(C)c1)[C@H]1CN(C(=O)[C@H]2C[C@@H](N)[C@@H](O)C2)CCO1.O=C(O)/C=C/C(=O)O,80,4.382026634673881,0.501078144395631
7157,CCOC[C@@H](CC(C)C)NC(=O)[C@@H]1CNC[C@H](C(=O)N(c2cc(OCCCOC)c(C(C)C)cn2)C2CC2)C1.Cl,80,4.382026634673881,0.501078144395631
7144,COc1ccc([C@@]23c4ccccc4C(=O)N2CCN3C(=O)c2cc(F)c(F)c(F)c2)cc1C,80,4.382026634673881,0.501078144395631
7168,CC/C(=C(\c1ccccc1)c1ccc(/C=C/C(=O)O)cc1)c1ccccc1,80,4.382026634673881,0.501078144395631
7073,Cc1nc2cnc3[nH]ccc3c2n1[C@H]1CC[C@H](NCCC#N)CC1,80,4.382026634673881,0.501078144395631
7001,Cc1cn2c(-c3cn[nH]c3)cnc2c(Nc2cc(CN3CCCCC3)ns2)n1.Cl,80,4.382026634673881,0.501078144395631
6906,COc1ccc2[nH]c(C)c(CC(=O)N[C@@H](CCCCCC(C)=O)c3ncc(-c4ccccc4)[nH]3)c2c1,80,4.382026634673881,0.501078144395631
1811,Cc1cc(S(=O)(=O)N[C@@H](C(=O)NO)C2CCOCC2)ccc1F,80,4.382026634673881,0.501078144395631
1818,N#C[C@@H]1CC[C@H](C#N)N1C(=O)CNC12CC3CC(CC(C3)C1)C2,80,4.382026634673881,0.501078144395631
7095,COC(=O)N[C@H](C(=O)N[C@@H](Cc1ccc(-c2ccc(OC)nc2)cc1)[C@@H](O)C[C@@H](Cc1ccccc1F)C(=O)N[C@H]1c2ccsc2CC[C@H]1O)C(C)(C)C,80,4.382026634673881,0.501078144395631
7125,Cc1cc2c(c(Oc3cccc(NS(=O)(=O)c4ccc(Cl)cc4)c3)n1)C(=O)N(C(C)C)C2=O,80,4.382026634673881,0.501078144395631
6653,Cc1cc(Nc2ncc(Cl)c(Nc3cn(C)nc3S(=O)(=O)C(C)C)n2)c(OC2CC2)cc1C1CCN(C)CC1,79.8,4.379523504455763,0.5009081383191955
6732,COc1ccc(C(C)(C)c2cnc(SCCOc3ccc(-n4ccnc4)cc3)n2-c2ccc(F)cc2)cc1OC,79.73,4.378645926514404,0.500848535514077
6297,Cc1c(NCCN2CCCC2)cc(OCC(C)C)cc1N1CCN(c2ncnc3[nH]nc(Br)c23)CC1,79.48,4.375505417683616,0.5006352403445052
6029,COc1cccc(-c2cc([C@@H]3CCC[C@H]3C(=O)NC3(c4ccccc4)CCC3)no2)c1,79,4.3694478524670215,0.5002238263126776
6614,O=C(c1ccco1)N1CCN2C(=O)c3ccncc3C12c1ccc(Cl)cc1,79,4.3694478524670215,0.5002238263126776
1548,CCn1ncc(CCc2ccccc2)c1C1CCN(C[C@H]2CN([C@@H](C(=O)O)C3CCCCC3)C[C@@H]2c2ccccc2)CC1,79,4.3694478524670215,0.5002238263126776
1627,CCCC[C@H](NC(=O)O[C@@H]1C(=O)N(C(=O)c2nnc(C(F)(F)F)s2)CC1(C)C)C(=O)C(=O)Nc1cc[nH]n1,79,4.3694478524670215,0.5002238263126776
6296,Cn1nc(C(F)(F)F)c(C(=O)N2CCC(c3cc(F)ccc3F)(S(=O)(=O)c3ccc(Cl)cc3)CC2)c1Cl,79,4.3694478524670215,0.5002238263126776
5975,CCOCCCC[C@@](O)(c1ccccc1)[C@@H]1CCCN(C(=O)N[C@H](CNC)CC2CCCCC2)C1.O=C(O)/C=C/C(=O)O,79,4.3694478524670215,0.5002238263126776
6550,Cc1cccc2nc(C(=O)N[C@H]3CC[C@@H](NC(=O)c4cc(F)cnc4Oc4cccc(-c5ccc(CN6CCC(N7CCCC7)CC6)cc5)c4)CC3)cn12,79,4.3694478524670215,0.5002238263126776
5906,CC(=O)O.NS(=O)(=O)c1cccc(CCCCOCCCCCCNC[C@H](O)c2ccc(O)c(CO)c2)c1,79,4.3694478524670215,0.5002238263126776
6655,Cc1cc(C#N)cc(-c2cc(-n3cccn3)ncn2)c1,79,4.3694478524670215,0.5002238263126776
6659,O=C1c2cc(-c3ccnc(NC4CCOCC4)n3)cn2CCCN1[C@H](CO)c1ccccc1,79,4.3694478524670215,0.5002238263126776
6367,N#Cc1cccc(-c2c(C(=O)N3CCCCC3CO)cc3ccccn23)c1,79,4.3694478524670215,0.969380549944746
1564,C[C@H](O)[C@@H](CCOc1ccc2ccccc2c1)n1cnc(C(N)=O)c1,79,4.3694478524670215,0.5002238263126776
6812,CCOC(=O)C1=C(CN2CCOC[C@@H]2CCC(=O)O)NC(c2nccs2)=N[C@H]1c1ccc(F)cc1Br,78.7,4.365643155423357,0.4999654212118413
6526,COc1cccc(Oc2ccc3c(c2)CC(N)c2n[nH]c(=O)n2-3)c1,78.4,4.361823927356363,0.4997060292017962
5898,CC(C)(C)Cn1c(CN2CCC3(CC2)NC(=O)NC3=O)cc2cnc(C#N)nc21,78.33,4.360930671379148,0.4996453615853694
6884,Cc1cc(C(=O)N[C@H]2CCCCC/C=C\[C@@H]3C[C@@]3(C(=O)NS(=O)(=O)C3CC3)NC(=O)[C@@H]3C[C@@H](Oc4nc5ccccc5nc4C)CN3C2=O)no1,78.33,4.360930671379148,0.4996453615853694
6621,CN1CCC(COc2cnc(-c3cccc(Cn4nc(-c5cccc(C#N)c5)ccc4=O)c3)nc2)CC1,78.33,4.360930671379148,0.4996453615853694
6415,COC(=O)N[C@H](C(=O)N[C@@H](Cc1ccc(-c2ccc(OC)nc2)cc1)[C@@H](O)C[C@@H](Cc1ccccc1F)C(=O)N[C@H]1[C@H](C)CC[C@H]1O)C(C)(C)C,78.33,4.360930671379148,0.4996453615853694
6798,COC(=O)[C@]12CCC(C)(C)C[C@H]1[C@H]1C(=O)C=C3[C@@]4(C)C=C(C#N)C(=O)C(C)(C)[C@@H]4CC[C@@]3(C)[C@]1(C)CC2,78.05,4.357349646961441,0.4994021477459665
6171,CO[C@@H]1COCC[C@@H]1N[C@@H]1CC[C@@](C(=O)N2CCN(c3ccnc(C(F)(F)F)c3)CC2)(C(C)C)C1,78,4.356708826689592,0.4993586249043145
5956,O/N=C1\CCc2cc(-c3cc(C4CCNCC4)oc3-c3ccncc3)ccc21,78,4.356708826689592,0.4993586249043145
5996,N#Cc1cccc(N2CCN(CCN3CCC(C(F)(F)F)CC3)C2=O)c1,78,4.356708826689592,0.4993586249043145
6227,CC(C)c1onc(-c2c(Cl)cccc2Cl)c1COc1ccc(-c2ccc3oc(C(=O)O)cc3c2)cc1,78,4.356708826689592,0.4993586249043145
6307,CCCCCS(=O)(=O)[N-]C(=O)C(C)(C)Cc1ccc(OCCOC)cc1Oc1ncc(C(F)(F)F)cc1Cl.[Na+],78,4.356708826689592,0.9685153485363828
6822,O=C(NC1CC1)c1cccc(-c2cccc(-c3cc(Nc4cccc5ncccc45)c4c(n3)CCNC4=O)c2)c1,78,4.356708826689592,0.4993586249043145
1708,CN1CCN(S(C)(=O)=O)CC1c1nc(C(=O)NCc2ccc(F)cc2)c(O)c(=O)n1C,78,4.356708826689592,0.4993586249043145
6187,CCOc1ccc(-n2nc3c(N4CC[C@@H](O)C4)nnc(C)c3c2C)cc1,78,4.356708826689592,0.4993586249043145
1721,N[C@@H](CC(=O)N1CCn2c(nnc2C(F)(F)F)C1)Cc1cc(F)c(F)cc1Cl,78,4.356708826689592,0.4993586249043145
6862,CC1(Oc2ccc3[nH]nc(-c4cc(N5CCO[C@@H](CO)C5)ncn4)c3c2)CC1,78,4.356708826689592,0.4993586249043145
6210,CC[C@@H](NC(=O)c1ccc2c(c1)ncn2Cc1ccccn1)c1ccccc1,78,4.356708826689592,0.9685153485363828
6309,COc1ncc(-c2ccc(B3OC(C)(C)C(C)(C)O3)cc2)cn1,78,4.356708826689592,0.4993586249043145
1573,O=C(Nc1ccc(C[C@H](NC(=O)C2(S(=O)(=O)c3ccccc3)CCCNC2)C(=O)O)cc1)c1c(Cl)cccc1Cl,78,4.356708826689592,0.4993586249043145
1522,COc1cccc(OC)c1-c1ccc(C[C@H](NC(=O)[C@@H]2CCCN2c2ccccc2)C(=O)O)cc1,78,4.356708826689592,0.4993586249043145
5919,COc1cc2ncc(C(N)=O)c(Nc3cccc(Cl)c3Cl)c2cc1NCCN1CCCCC1,78,4.356708826689592,0.4993586249043145
6540,Cc1nn(C2CCCC2)c(C)c1S(=O)(=O)N[C@@H](C)CNc1cccc2c1cnn2-c1ccc(F)nc1,78,4.356708826689592,0.4993586249043145
6811,CCOC(=O)C1=C(CN2CCO[C@@H](CCC(=O)O)C2)NC(c2nccs2)=N[C@H]1c1ccc(F)cc1Br,77.3,4.3476939555933765,0.4987463583695785
1648,CC(=O)N1CCN(c2nc(C(=O)NCc3ccc(F)cc3)c(O)c3ncccc23)CC1,77.3,4.3476939555933765,0.4987463583695785
5945,CSc1ccc(NC(=O)c2ccc(C(=N)N(C)C)cc2)c(C(=O)Nc2ccc(Cl)cn2)c1,77.1,4.345103280569283,0.4985704064782315
6719,O=C(Nc1ccc(C[C@@H]2CC[C@H]([C@H](O)c3ccccc3)N2)cc1)[C@@H]1CCc2cccc(=O)n21,77,4.343805421853684,0.4984822592989879
1629,CCCC[C@H](NC(=O)O[C@@H]1C(=O)N(C(=O)Nc2ccc(C(F)(F)F)cc2)CC1(C)C)C(=O)C(=O)Nc1cc[nH]n1,77,4.343805421853684,0.4984822592989879
6110,Cn1c([C@@H]2C[C@H](F)CN2C(=O)c2cnccn2)nc(C(=O)NCc2ccc(F)cc2)c(O)c1=O,77,4.343805421853684,0.4984822592989879
6847,CS(=O)(=O)O.c1cc(C2CCC3(CC2)OOC2(OO3)C3CC4CC(C3)CC2C4)ccc1CN1CCOCC1,77,4.343805421853684,0.4984822592989879
5981,CCN1CCN(c2cc3[nH]c(C(=O)[C@]4(C)CC[C@@](C)(O)CC4)nc3cc2Cl)CC1,77,4.343805421853684,0.4984822592989879
6273,CSC(C)(C)c1cc(NC(=O)NCc2ccccc2Sc2ccc3nnc(C(C)C)n3c2)n(-c2cccc(O)c2)n1,77,4.343805421853684,0.4984822592989879
6810,C[C@H]1CN(c2ccc3c(n2)NC(=O)CO3)[C@H](c2ccccc2)CO1,77,4.343805421853684,0.4984822592989879
6236,CNC1CN(c2cc(NCC(C)(C)C)nc(N)n2)C1,77,4.343805421853684,0.4984822592989879
6164,Cc1cc(Cl)cc(OCCn2cc(F)cn2)c1-c1nc(N)nc2c1CN(C(=O)NCC(C)(F)F)C2,77,4.343805421853684,0.4984822592989879
6117,O=C(c1ccc2c(CN3CCOCC3)c[nH]c2c1)N1CCN(C2CC2)CC1,77,4.343805421853684,0.4984822592989879
6384,FC(F)(F)C1(c2ccccc2)CCN(c2ccn3c(CC4CC4)nnc3c2Cl)CC1,77,4.343805421853684,0.4984822592989879
6271,O=C(CCNS(=O)(=O)c1cccc2ncccc12)N1CCN(c2ccncc2)CC1,77,4.343805421853684,0.4984822592989879
5954,Oc1cc(-c2nc(-c3ccccc3)[nH]c2-c2ccncc2)ccc1Cl,77,4.343805421853684,0.4984822592989879
6222,Nc1nc(Nc2ccc([C@H]3CC[C@@H](N4CCOCC4)CC3)cc2)nn1-c1ccccn1,77,4.343805421853684,0.4984822592989879
6660,COc1c(-c2cn([C@H]3CCc4c(F)cccc4N(CC(F)(F)F)C3=O)nn2)ccc(-n2cnc(C)c2)c1F,77,4.343805421853684,0.4984822592989879
6039,O=C(NO)c1cnc(N2CCN(C(/C=C/c3ccc(F)cc3)CO)CC2)nc1,76.67,4.339510497570803,0.4981905592425404
1519,CC(C)(C)c1ccc(NC(=O)N2CCN(c3ncccc3Cl)CC2)cc1,76.67,4.339510497570803,0.4981905592425404
6166,COc1ccc(S(=O)(=O)N(C)c2nccc(-c3ccc4nc(NC(C)=O)sc4c3)n2)cc1,76.67,4.339510497570803,0.4981905592425404
5897,O=C(N[C@@H]1CCCc2cc(CN3CCCCC3)ccc21)[C@H](O)[C@H](O)CS(=O)(=O)c1ccc2ccccc2c1,76.67,4.339510497570803,0.4981905592425404
6716,COc1cccc(CNC(=O)c2cc(-c3nnn(C[C@H]4CC[C@H](CO)CC4)n3)cc(C)n2)c1,76.6,4.338597076746545,0.4981285220822909
6745,CCCCCCCCCCCCC[C@H](O)C[C@H](O)[C@H](C)N,76.17,4.3329676843846965,0.4977461884341144
6225,CC(C)c1onc(-c2c(Cl)cccc2Cl)c1COc1ccc(-c2ccc3c(C(=O)O)c[nH]c3c2)cc1,76,4.330733340286331,0.4975944376099581
1575,O=C(O)[C@@H](CC1CC1)N1C[C@H](CN2CCC(CCC(O)c3ccc(F)cc3)CC2)[C@@H](c2cccc(F)c2)C1,76,4.330733340286331,0.4975944376099581
5894,Cc1cc(C2CCN(CCCF)CC2)cc2[nH]c(-c3c(NCCn4cc(Cl)cn4)cc[nH]c3=O)nc12,76,4.330733340286331,0.4975944376099581
5929,COc1cc2ncc(C(N)=O)c(Nc3cccc(Cl)c3Cl)c2cc1N1CCN(C)CC1,76,4.330733340286331,0.4975944376099581
1587,COc1ccc(S(=O)(=O)N2CCc3c(Cl)ccc(Cl)c3C2)cc1N1CCNCC1,76,4.330733340286331,0.4975944376099581
1755,N[C@@H](CC(=O)N1CCn2nc(C(F)(F)F)nc2[C@H]1Cc1ccc(F)cc1)Cc1cc(F)c(F)cc1F,76,4.330733340286331,0.4975944376099581
6262,O=C(O)CCNC(=O)c1ccc(C(Nc2cnn(-c3ccc(C(F)(F)F)cc3)c2)C2CCCC2)cc1,76,4.330733340286331,0.4975944376099581
1516,CCCCCCCCCCCCN(C)C(=O)Cn1cc(Cc2cnc(=O)n(CC(=O)O)c2)c(=O)nc1SCc1ccc(F)cc1,76,4.330733340286331,0.4975944376099581
6027,CC(C)(c1cc(-c2cccc(CC(c3ccc(S(C)(=O)=O)cc3)S(C)(=O)=O)c2)c2ncccc2c1)S(C)(=O)=O,76,4.330733340286331,0.4975944376099581
6753,NP(=O)(OCCCCOc1ccc2ncnc(Nc3cccc(Br)c3)c2c1)N(CCCl)CCCl,76,4.330733340286331,0.4975944376099581
6092,CS(=O)(=O)N(c1ccccc1)c1cc(C(=O)N[C@@H](Cc2ccccc2)[C@H](O)CNCc2cccc(C(F)(F)F)c2)cc(C2CCCC2)c1,76,4.330733340286331,0.4975944376099581
1728,COc1ccccc1/N=C1\SCC2(CCCCC2)CN1C(=S)SC,75.9,4.3294166844015844,0.4975050137760075
6897,COCCN[C@H]1CC[C@H](Nc2cc(-c3csc(NCC4(C#N)CCOCC4)n3)c(Cl)cn2)CC1,75.76,4.327570448877823,0.4973796222740798
6855,CCOc1ccc(Cc2cc([C@@H]3O[C@H](/C=N/NC(=O)c4ccccc4)[C@@H](O)[C@H](O)[C@H]3O)ccc2Cl)cc1,75.7,4.3267781604434035,0.4973258121098438
5941,Cc1ccc(NC(=O)c2cccc(C(C)(C)C#N)c2)cc1C(=O)Nc1ccc(N)nc1,75.5,4.324132656254979,0.4971461363646459
6633,COc1cc(NC(=O)CCN2CCC(OC(=O)Nc3ccccc3-c3ccccc3)CC2)c(Cl)cc1CNC[C@H](O)c1ccc(O)c2[nH]c(=O)ccc12,75.33,4.321878461837604,0.4969930373585906
6566,Cc1ccc(S(=O)(=O)NC[C@@H]2C[C@@H]3CCCC[C@@H]3N2C(=O)C[C@H](N)Cc2cc(F)c(F)cc2F)cc1,75.33,4.321878461837604,0.4969930373585906
6295,CC(C)(O)C(=O)N1CCC(c2cc(F)ccc2F)(S(=O)(=O)c2ccc(Cl)cc2)CC1,75.1,4.318820558770089,0.4967853525570307
6507,CC[C@@H](CS(C)(=O)=O)N1C(=O)[C@@](C)(CC(=O)O)C[C@H](c2cccc(Cl)c2)[C@H]1c1ccc(Cl)cc1,75,4.31748811353631,0.4966948563516713
6022,CCCCOC(=O)N1CCN(C(=O)[C@H](CCC(=O)O)NC(=O)c2cc(N3CCC(N4CCCC4)CC3)nc(-c3ccccc3)n2)CC1,75,4.31748811353631,0.4966948563516713
6461,Cc1ccc(Nc2nc(C(=O)N3CCCC(C)C3C)cs2)cc1,75,4.31748811353631,0.4966948563516713
6636,CC(C)(N)C(=O)N[C@H](CCCc1ccccc1)C(=O)Nc1cn([C@@](C)(C(=O)N2CCCC2)c2ccc(F)cc2)cn1,75,4.31748811353631,0.4966948563516713
1730,CCN(CC)Cc1ccc(C(=O)N(CCc2ccccc2OC)[C@@H]2CCNC2)cc1,75,4.31748811353631,0.4966948563516713
6806,c1nc(N[C@H]2CC[C@H](N3CCOCC3)CC2)c2c(C3CCOCC3)c[nH]c2n1,75,4.31748811353631,0.4966948563516713
6093,Nc1nccc(/C=C/c2ccccc2)n1,75,4.31748811353631,0.4966948563516713
6249,CCc1cccc(C[C@H](O)/C=C/[C@H]2CSC(=O)N2CCSCCCC(=O)O)c1,75,4.31748811353631,0.4966948563516713
6467,COc1c(/C=C/c2ccc(NS(C)(=O)=O)cc2)cc(-c2ncc[nH]c2=O)cc1C(C)(C)C,75,4.31748811353631,0.4966948563516713
6831,Cc1ccc2c(c1)C=Cc1cc(C)ccc1C2c1cn(Cc2ccc(C(=O)Nc3nnn[nH]3)o2)c(=O)[nH]c1=S,75,4.31748811353631,0.4966948563516713
1601,CCCN[C@@H]1CCc2cccc(CS(=O)(=O)C(F)(F)F)c2C1.Cl,75,4.31748811353631,0.4966948563516713
6366,CCN(CCO)C(=O)c1cc2cccnn2c1-c1cccc(C(=O)Nc2ccccc2)c1,75,4.31748811353631,0.9658515799837396
1545,COc1ccc(N2CCN(C(=O)CNC(=O)CCn3c4c(c(=O)[nH]c3=O)CSCC4)CC2)cc1,75,4.31748811353631,0.4966948563516713
6408,Nc1nc(-c2nn(Cc3ccccc3F)c3ncccc23)nc(N)c1N1CCOCC1,75,4.31748811353631,0.4966948563516713
6284,Cn1ncc(-c2ccc(OCCCN3CCCCC3)cc2)cc1=O,75,4.31748811353631,0.4966948563516713
6591,CC[C@H](C)[C@@H]1NC(=O)[C@H](Cc2ccc(O)cc2)NC(=O)CCCSC[C@@H](C(=O)N(CCc2ccccc2)CC(=O)N[C@@H](CC(C)C)C(=O)NCC(N)=O)NC(=O)[C@H](CC(N)=O)NC(=O)[C@H](CCC(N)=O)NC1=O,75,4.31748811353631,0.4966948563516713
5850,Cc1cc(C(=O)NCc2ccccc2)nn1Cc1cc(Cl)ccc1OCc1ccccc1,75,4.31748811353631,0.4966948563516713
6008,CCN1C[C@@H](N(Cc2cc(F)ccc2Cl)c2ccc(C#N)c(Cl)c2)CC1=O,75,4.31748811353631,0.4966948563516713
6476,Fc1ncccc1[C@H](Nc1nnc(-c2c[nH]c3ncccc23)o1)C1CC1,75,4.31748811353631,0.4966948563516713
6602,O=C1NCCc2nc(OCc3cccc(F)c3)ccc21,75,4.31748811353631,0.4966948563516713
6030,CNC(=O)c1ccc(O[C@@H](C)C(=O)N2CCN(C(=O)c3ccccc3)C[C@H]2C)c(OC)c1,75,4.31748811353631,0.4966948563516713
5908,CC1(C)C[C@@H](CN2CCC(F)(CNC(=O)c3cc(Cl)cc(Cl)c3)CC2)CCO1,75,4.31748811353631,0.4966948563516713
6272,COc1cccc(NC(=O)Cn2cc(Oc3ncnc4cc(OC)c(OCCN5CCCCC5)cc34)cn2)c1,75,4.31748811353631,0.4966948563516713
1646,C[C@H]1CC[C@@H](C(=O)N2CCC[C@H]2C#N)N1,74.83,4.315218874092267,0.4965407355266411
5944,C#Cc1ccc(NC(=O)c2ccc(C(=N)N(C)C)cc2)c(C(=O)Nc2ccc(Cl)cn2)c1,74.8,4.314817884980432,0.4965135013919152
6693,COCCCN1CCC(CNC(=O)c2nc(C(C)C)n3ccccc23)CC1,74.8,4.314817884980432,0.4965135013919152
6842,O=C(N[C@@H]1CCN(c2nnc(-c3ccc(CO)cc3)c3ccccc23)C1)c1ccc(F)cc1C(F)(F)F,74.66,4.3129444734864375,0.4963862641689622
6342,CCN1CCN(Cc2ccc(NC(=O)c3cccc(-c4ccc5nc(NC(=O)C6CC6)sc5n4)c3)cc2C(F)(F)F)CC1,74.4,4.309455941839047,0.4961493321973048
6681,O=c1nc(OCCc2ccc(Oc3ccc(Cl)c(C(F)(F)F)c3)cc2)[nH]cc1Cc1cncnc1,74.4,4.309455941839047,0.4961493321973048
6377,COc1ccc(C[C@H](NC(C)=O)[C@H](O)CN[C@H]2CC3(CCC3)Oc3ncc(CC(C)(C)C)cc32)cc1OC,74.33,4.308514638737202,0.4960854013454765
6268,COCCCS(=O)(=O)c1ccc(-c2ccc(CCN3CCC[C@H]3C)cc2)cc1,74.33,4.308514638737202,0.4960854013454765
6882,Cc1nc2c(F)cc(-c3nc(Nc4ccc5c(n4)CCN(C(=O)C(C)N4CCCC4)C5)ncc3F)cc2n1C(C)C,74.3,4.308110951723713,0.4960579839763063
6325,CS(=O)(=O)c1ccc(C[C@H](NC(=O)c2c(Cl)cc3c(c2Cl)CCN(C(=O)c2ccc(Cl)cc2)C3)C(=O)O)o1,74.3,4.308110951723713,0.4960579839763063
5980,CC(C)(Cc1ccc2ccccc2c1)NC[C@@H](O)COc1cccc(Cl)c1C#N.Cl,74,4.30406509320417,0.964939923449028
5990,O=C(CN1C[C@H](NC(=O)c2ccc(Cl)s2)[C@@H](O)C1)Nc1ccc(-n2ccccc2=O)cc1F,74,4.30406509320417,0.4957831998169597
6658,Cc1nc(NC(=O)N2CCC[C@H]2C(N)=O)sc1-c1csc(C(C)(C)C)n1,74,4.30406509320417,0.4957831998169597
6845,C[C@@H]1CC(=O)Nc2ncnc(N3CCC(c4nc(CCC(F)(F)F)cn4CCN4CCCC4)CC3)c21,74,4.30406509320417,0.4957831998169597
6172,C[N+]1(C)[C@@H]2CC[C@H]1C[C@@H](CC(C#N)(c1ccccc1)c1ccccc1)C2.[Br-],74,4.30406509320417,0.4957831998169597
5885,Cc1nnc(C(C)C)n1[C@@H]1C[C@H]2CC[C@@H](C1)N2CC[C@H](NC(=O)C1CCC(F)(F)CC1)c1ccccc1,74,4.30406509320417,0.4957831998169597
5994,Clc1ccccc1C(c1ccccc1Cl)N1[C@@H]2CC[C@H]1C[C@@H](c1ccccn1)C2,74,4.30406509320417,0.4957831998169597
5917,COc1ccc2c(c1)C(=O)O[C@]21CC[C@H](C(=O)N(C)CCN2CCCCC2)CC1,74,4.30406509320417,0.4957831998169597
1513,CC1(C)[C@H](C(=O)N=C(N)N)[C@H]1c1cccc2c1CCO2,74,4.30406509320417,0.4957831998169597
6433,CCCC(Nc1ccc(-n2cc(C(F)(F)F)cn2)nc1)c1ccc(C(=O)NCCC(=O)O)cc1,74,4.30406509320417,0.4957831998169597
6554,Cc1cc(C(=O)N[C@H]2CC[C@@H](NC(=O)c3cc(F)cnc3Oc3cccc(-c4ccc(CCN5CCC(N6CCCC6)CC5)cc4)c3)CC2)nn1C,74,4.30406509320417,0.4957831998169597
1569,CN(C)CCn1ccc2ccc(C3(O)CCSCC3)cc21,74,4.30406509320417,0.4957831998169597
6494,CNc1nc(Nc2cnn(C3CCOCC3)c2C)ncc1C(F)(F)F,74,4.30406509320417,0.4957831998169597
6061,CC[C@@H]1C[C@]1(NC(=O)[C@@H]1C[C@@H]2CN1C(=O)[C@H](C(C)(C)C)NC(=O)OCC(C)(C)CCCCc1cccc3c1CN(C3)C(=O)O2)C(=O)NS(=O)(=O)C1CC1,74,4.30406509320417,0.4957831998169597
6329,CC(C)Oc1ncc(C(O)(c2cccnc2)c2ccc(Cl)cc2F)cn1,73.9,4.302712827954156,0.4956913574877867
6010,CC(C)(Cc1ccc2ccccc2c1)NC[C@@H](O)COc1cccc(Cl)c1C#N,73.8,4.301358731606427,0.4955993907952324
6355,COc1ccc2c(c1)c1c(n2S(=O)(=O)c2ccccc2)CCC(N(C)C)C1,73.78,4.3010876921685295,0.4955809825034613
1537,CCN(c1ncccc1NC(C)(C)C)C1CCN(C(=O)c2cc3cc(NS(=O)(=O)N4CCN(C)CC4)ccc3[nH]2)CC1,73.7,4.300002799195291,0.4955072994020398
6886,O=C(NOC[C@H](O)CO)c1cc2c(c(F)c1Nc1ccc(I)cc1F)OCC2,73.6,4.298645025734831,0.4954150829695784
6326,CS(=O)(=O)c1cncc(C[C@H](NC(=O)c2c(Cl)cc3c(c2Cl)CCN(C(=O)c2ccc4ccoc4c2)C3)C(=O)O)c1,73.5,4.297285406218791,0.4953227411578363
1696,CC(C)(C)c1ccc(/C=C/C(=O)Nc2ccc3c(c2)OCCO3)cc1,73.33,4.294969802105708,0.4951654713654005
6291,CC[C@@H]1C[C@]1(NC(=O)[C@@H]1C[C@@H](Oc2cc(-c3csc(NC(C)C)n3)nc3c(Cl)c(OCCN4CCOCC4)ccc23)CN1C(=O)[C@@H](NC(=O)O[C@@H]1C[C@@H]2C[C@@H]2C1)C(C)(C)C)C(=O)O,73.33,4.294969802105708,0.4951654713654005
6090,Cc1nc(Nc2cccc3c2C[C@@H](O)CC3)oc1-c1ccc(C(F)(F)F)cc1,73.33,4.294969802105708,0.4951654713654005
6118,O=c1c2c(CN3CCCC3)n(CCc3ccccn3)c(=O)cc2[nH]n1-c1ccc(F)cc1Cl,73.17,4.292785500895938,0.4950171193237295
6607,Cn1c(=O)n(Cc2ccccc2C#N)c2c(N3CCC[C@@H](N)C3)cc(C(N)=O)nc21,73.17,4.292785500895938,0.4950171193237295
6299,Cc1noc(-c2cc(NCCN3CCCC3)c(C)c(N3CCN(c4ncnc5[nH]nc(Br)c45)CC3)c2)n1,73.03,4.290870315632018,0.494887044935266
6257,Nc1nc(OCC2CCC2)nc2c1ncn2[C@@H]1O[C@H](CF)[C@@H](O)[C@H]1O,73,4.290459441148391,0.4948591394118684
6260,C[C@H]1O[C@@H](n2cnc3c(N)nc(OC(C4CC4)C(F)(F)F)nc32)[C@H](O)[C@@H]1O,73,4.290459441148391,0.4948591394118684
6405,COc1ccccc1CNc1ncc(C(=O)NC2CCN(C)CC2)c(NC2CCCC2)n1,73,4.290459441148391,0.4948591394118684
1576,O=c1[nH]nc(CN2CCC[C@H](OCc3cc(C(F)(F)F)cc(C(F)(F)F)c3)[C@@H]2c2ccccc2)[nH]1,73,4.290459441148391,0.4948591394118684
1586,COc1ccc(S(=O)(=O)N2CCc3cc(C)c(C(F)(F)F)cc32)cc1N1CCNCC1,73,4.290459441148391,0.4948591394118684
6374,COc1ccc(N2CCN(C(=O)[C@@H]3CCCC[C@H]3C(=O)NC3(C#N)CC3)CC2)cc1,73,4.290459441148391,0.4948591394118684
5831,O=C(O)c1ccc(OCCc2c(CCNS(=O)(=O)c3ccccc3)n(C(c3ccccc3)c3ccccc3)c3ccc(Cl)cc23)cc1,73,4.290459441148391,0.4948591394118684
6814,C[C@H](NC(=O)C(C)(F)F)[C@H](Oc1ccc2c(cnn2-c2cccc(C(=O)NCc3cccnc3)c2)c1)c1ccc2c(c1)OCOC2,73,4.290459441148391,0.4948591394118684
6375,Cc1nnc(C)c2cc(N3CCN(C(=O)[C@@H]4CCCC[C@H]4C(=O)NC4(C#N)CC4)[C@H](C)C3)ccc12,73,4.290459441148391,0.4948591394118684
1578,COc1cccc(OC)c1-c1ccc(CC(Nc2cccc(S(=O)(=O)N3CCCC3)c2)C(=O)O)cc1,73,4.290459441148391,0.4948591394118684
6726,Cn1c(SCCCN2CC3CCN(c4c(F)cc(F)cc4F)C3C2)nnc1-c1ccn(C)c(=O)c1,73,4.290459441148391,0.4948591394118684
5947,NC(=O)C1(c2ccccc2)CC2CCC(C1)N2C(c1ccccc1Cl)c1ccccc1Cl,73,4.290459441148391,0.4948591394118684
6892,CC1=Nc2ccc(-c3nc(Nc4ccc(N5CCN(C)CC5)cn4)ncc3F)cc2C12CCCC2,72.9,4.289088639014612,0.4947660381058931
6535,C[C@@H](N1CCc2nc(-c3cncnc3)sc2C1)[C@](O)(Cn1cncn1)c1ccc(F)cc1F.O.O=S(=O)(O)O,72.5,4.283586561860629,0.4943923513746059
6656,COc1ccc2c(OCC[C@@H]3NC(=O)N(C)CCCC/C=C\[C@@H]4C[C@@]4(C(=O)NS(=O)(=O)C4(C)CC4)NC3=O)cc(-c3nc(C(C)C)cs3)nc2c1Cl,72.42,4.282482504337495,0.4943173666669354
1544,O=C(CCn1c2c(c(=O)[nH]c1=O)CSCC2)NCC(=O)N1CCN(c2ccccc2)CC1,72.17,4.279024447084182,0.4940825044366487
6728,CC1(c2nc(-c3ccccc3)c[nH]2)Cc2c([nH]c3ccccc23)C(C2CCOCC2)N1,72,4.276666119016055,0.4939223329446072
6877,CC#C[C@@H](Cc1nnn[nH]1)c1ccc(OCc2ccc3scc(-c4ccc(OCC5(C)CS(=O)(=O)C5)cc4C)c3c2)cc1,72,4.276666119016055,0.4939223329446072
6612,CC(C)N1CCC[C@H]1CNC(=O)c1cn(C2CCCC2)c(=O)c2c1c1ccccc1n2C,72,4.276666119016055,0.4939223329446072
5926,CCOc1cc2ncc(C(N)=O)c(Nc3cccc(Cl)c3Cl)c2cc1N1CCN(C(=O)CO)CC1,72,4.276666119016055,0.4939223329446072
5859,O=C(N[C@@H]1C[C@H]2CCN(C2)C1)c1cc2ccoc2cn1,72,4.276666119016055,0.4939223329446072
6337,Nc1nc(C2CC2)nc2c1nnn2C[C@H]1CN(Cc2nccs2)CCO1,72,4.276666119016055,0.4939223329446072
1546,CCn1nc(CCc2ccccc2)cc1C1CCN(C[C@H]2CN([C@@H](C(=O)O)C3CCCCC3)C[C@@H]2c2cccc(F)c2)CC1,72,4.276666119016055,0.4939223329446072
6017,C[C@H]1[C@@H](O)O[C@@H]2O[C@]3(C)CC[C@H]4[C@H](C)CC[C@@H]1[C@@]24OO3,72,4.276666119016055,0.4939223329446072
5847,Cc1ccsc1C(=O)c1ccc2c(c1)c1c3c(c4c(c1n2CC(C)C)CCc1nn(C)cc1-4)C(=O)NC3,72,4.276666119016055,0.4939223329446072
5968,O=c1[nH]c2ccc(F)cc2cc1O,72,4.276666119016055,0.4939223329446072
6062,Clc1ccc([C@@]23CNC[C@@H]2[C@H]3COCC2CC2)cc1Cl,72,4.276666119016055,0.4939223329446072
6308,COc1ccc(-c2ccn(CC[C@](C)(C(=O)NO)S(C)(=O)=O)c(=O)c2)c(F)c1,72,4.276666119016055,0.4939223329446072
6662,CNS(=O)(=O)c1cccc(Nc2ncnc3[nH]ncc23)c1,72,4.276666119016055,0.4939223329446072
1661,CC[C@@]12CCC(=O)C(Cl)=C1c1ccc3[nH]ncc3c1C2,72,4.276666119016055,0.4939223329446072
6183,CC(=O)Nc1ccc2c(c1)OCCc1cc(C(=O)N(C)c3ccccc3Cl)sc1-2,72,4.276666119016055,0.4939223329446072
5928,COc1cc2ncc(C(N)=O)c(Nc3ccc(Cl)cc3Cl)c2cc1N1CCN(C)CC1,72,4.276666119016055,0.4939223329446072
6652,N#Cc1cccc(-c2nc(N3CCC(C(N)=O)CC3)cc3cccnc23)c1,72,4.276666119016055,0.4939223329446072
6245,C[C@@H]1C(=O)N[C@H](Cc2ccc(F)cc2)C(=O)NCCCc2ccccc2OCCN[C@@H](C2CC2)C(=O)N1C,72,4.276666119016055,0.4939223329446072
6239,COc1cc(OC)nc(NCCCn2c3c(c4cc(C(=O)OC(C)C)ccc42)CCCC3)n1,71.83,4.27430221608671,0.4937617828225306
6547,Cc1nc(-c2ccc(C(F)(F)F)cc2)sc1COc1ccc([C@H](CC(=O)O)c2nnnn2C)cc1,71.67,4.272072250005828,0.4936103293419042
6508,CN(C)S(=O)(=O)C[C@H](C1CC1)N1C(=O)[C@@](C)(CC(=O)O)C[C@H](c2cccc(Cl)c2)[C@H]1c1ccc(Cl)cc1,71.67,4.272072250005828,0.4936103293419042
5942,CC(C)CC[C@@]1(NS(C)(=O)=O)C(=O)C(C2=NS(=O)(=O)c3cc(NS(C)(=O)=O)ccc3N2)=C(O)c2ccccc21,71.67,4.272072250005828,0.4936103293419042
6889,Cc1ccc([C@H](CCN2[C@@H]3CC[C@H]2C[C@H](n2c(C)nnc2C(C)C)C3)NC(=O)C2CCC(F)(F)CC2)s1,71.67,4.272072250005828,0.4936103293419042
6598,CCOC(=O)N1CCC(CN2CCC3(CC2)OC(=O)N(C)c2ncccc23)CC1,71.6,4.2710950739666,0.4935439620937229
6748,CN(c1ccc2[nH]ncc2c1)c1nc(-c2ccccn2)cs1,71.5,4.269697449699962,0.4934490390984338
6393,CC(=O)c1ccc(N2C3CCC2CC(NC(=O)c2ccc(C(N)=O)c(NCC4CC4)c2)C3)nc1,71.5,4.269697449699962,0.4934490390984338
1631,COc1ccccc1C(=O)NC1N=C(c2ccccc2)c2ccccc2NC1=O,71.2,4.26549281841793,0.4931634715071266
6277,CCN(C(=O)Cc1ccc(S(C)(=O)=O)cc1)C1CCN(CC[C@@H](c2cc(F)cc(F)c2)N2CCN(S(C)(=O)=O)CC2)CC1,71,4.2626798770413155,0.4929724238647706
1499,COc1cc(Nc2ncc(-c3ccccc3N(C)C(=O)CN3CCOCC3)o2)ccc1-c1cnco1,71,4.2626798770413155,0.4929724238647706
6778,O=C(c1ccc(C[C@@H]2CC[C@H]([C@H](O)c3ccccc3)N2)cc1)N1CCN(Cc2ccccn2)CC1,71,4.2626798770413155,0.4929724238647706
6217,Cc1cccc(N2CCC(C)(c3ccccc3)OC2=O)c1,71,4.2626798770413155,0.4929724238647706
1609,N#CCNC(=O)C1(NC(=O)c2ccc(-c3ccc(N4CCNCC4)cc3)cc2)CCCCC1,71,4.2626798770413155,0.4929724238647706
6310,CC1(C)CC(c2ccccc2)(c2cc(OCc3ccc4ccccc4n3)ccc2-c2n[nH]c(=O)o2)C1,71,4.2626798770413155,0.4929724238647706
6579,CC[C@H](C)[C@@H]1NC(=O)[C@H](Cc2ccc(O)cc2)NC(=O)CCSSC[C@@H](C(=O)N(CC(=O)N[C@@H](CC(C)C)C(=O)NCC(N)=O)Cc2cccs2)NC(=O)[C@H](CC(N)=O)NC(=O)[C@H](CCC(N)=O)NC1=O,71,4.2626798770413155,0.4929724238647706
6323,COc1ccc(OCC(=O)N2CCC3(CC2)CN(Cc2ccc4c(c2)CCC(C)(C)O4)C3)cc1,71,4.2626798770413155,0.962129147496839
6795,Cc1csc(NS(=O)(=O)c2cc(Cl)c(NCC34CCCN3CCC4)cc2F)n1,71,4.2626798770413155,0.4929724238647706
1622,CN[C@H]1CC[C@@H](c2ccc(Cl)c(Cl)c2)c2ccccc21,71,4.2626798770413155,0.4929724238647706
6706,Cc1ccc(-c2cccc(CO)c2)cc1C(=O)Nc1c(C)cc(C(=O)O)cc1C,71,4.2626798770413155,0.4929724238647706
1704,Nc1nc(N)c2nc(-c3cccc(O)c3)c(-c3cccc(O)c3)nc2n1,71,4.2626798770413155,0.4929724238647706
1532,Nc1ccc(CNC(=O)[C@@H]2CCCN2C(=O)[C@@H](Cc2ccc(Cl)c(Cl)c2)NS(=O)(=O)Cc2ccccc2)cc1,71,4.2626798770413155,0.4929724238647706
6690,C[C@@H](O)c1nc2cnc(Nc3ccnc(N4CC[C@H](O)[C@H](F)C4)n3)cc2n1[C@H](C)C(F)(F)F,71,4.2626798770413155,0.4929724238647706
1637,O=C(O)CCCCCCN1C(=O)CC[C@@H]1CC[C@@H](O)Cc1cccc(C(F)(F)F)c1,71,4.2626798770413155,0.4929724238647706
1754,N#Cc1ccc(O[C@@H]2CCCC[C@H]2C#N)cc1C(F)(F)F,71,4.2626798770413155,0.4929724238647706
6163,Cc1nc(C(=O)COc2ccc(SCCCCCc3ccccc3)cc2)sc1CCCC(=O)O,71,4.2626798770413155,0.4929724238647706
6306,COCCOc1ccc(CCC(=O)NS(=O)(=O)c2ccc(Cl)cc2)c(Oc2ncc(C(F)(F)F)cc2Cl)c1,71,4.2626798770413155,0.962129147496839
6522,Cc1ccc(NC(=O)[C@H](COC(C)C)Oc2ncnc3c2cnn3-c2ccccc2Cl)nc1,71,4.2626798770413155,0.4929724238647706
6797,CC(C)(C)C[C@@H]1COCc2nc(OCc3ccccn3)cc(=O)n21,70.8,4.259859000699674,0.4927808373002837
6819,C[C@@H]1CN(C(=O)c2nc(Nc3cc(C4CC4)[nH]n3)c3cc(Cl)ccc3n2)CCN1.Cl,70.7,4.258445572902527,0.492684840970417
5875,CC[C@H](Cn1nc(C(F)(F)F)cc1C1CCCC1)OC(=O)Nc1ccc(F)cc1F,70.5,4.255612709818223,0.4924924402976291
6683,COc1ccc(-c2cc(=O)[nH]c(=S)n2CCN)c(OC)c1,70.3,4.252771798816619,0.4922994930312866
6085,Cc1nc(C)c(-c2ccnc(Nc3ccc(N(C)C)cc3)n2)s1,70,4.248495242049359,0.4920090404485991
6776,CCOC(=O)N1CCN(c2ccc([C@@]34c5ccccc5C(=O)N3CCN4C(=O)c3ccc(F)c(F)c3)cc2)CC1,70,4.248495242049359,0.4920090404485991
6765,O=C(c1ccc(F)c(F)c1)N1CCN2C(=O)c3ccccc3[C@@]12c1ccc(N2CCC(F)(F)CC2)cc1,70,4.248495242049359,0.4920090404485991
6450,CO[C@H]1CC[C@@H](C(=O)Nc2nc(C)c(-c3ccc(N)nc3)s2)CC1,70,4.248495242049359,0.4920090404485991
6769,O=C(c1ccc(F)c(F)c1)N1CCN2C(=O)c3ccccc3[C@@]12c1ccc(N2CCc3ccccc3C2)cc1,70,4.248495242049359,0.4920090404485991
6673,COc1c(C)cc(Nc2nccc(-n3cc(C)c(CN4CC(O)C4)c3)n2)cc1C,70,4.248495242049359,0.4920090404485991
6691,O=C(c1ccccn1)[C@]12Cc3cnn(-c4ccc(F)cc4)c3C=C1CCN(S(=O)(=O)c1cccc(Cl)c1)C2,70,4.248495242049359,0.4920090404485991
1679,CNc1ncnc(-c2cccnc2Oc2ccc(F)c(C(=O)Nc3cc(C(C)C)ccc3N(C)CCCN(C)C)c2)n1,70,4.248495242049359,0.4920090404485991
6361,Cc1cc2c(-c3ccc(S(=O)(=O)NCC(C)(C)O)cc3)ccnc2[nH]1,70,4.248495242049359,0.4920090404485991
1644,Cc1csc(Nc2cccc3ccccc23)n1,70,4.248495242049359,0.4920090404485991
1720,CCc1nnc2n1CCN(C(=O)C[C@H](N)Cc1cc(F)c(F)cc1F)C2,70,4.248495242049359,0.4920090404485991
6764,O=C(c1ccc(F)c(F)c1)N1CCN2C(=O)c3ccccc3[C@@]12c1ccc(N2CCCCC2C(F)(F)F)cc1,70,4.248495242049359,0.4920090404485991
6116,O=C1O[C@]2(CC[C@H](CNc3ccc(-c4ncccc4F)cn3)CC2)CN1c1cccnn1,70,4.248495242049359,0.4920090404485991
6760,O=C(c1ccc(F)c(F)c1)N1CCN2C(=O)c3ccccc3[C@@]12c1ccc(N2CCCCC2)cc1,70,4.248495242049359,0.4920090404485991
6766,O=C(c1ccc(F)c(F)c1)N1CCN2C(=O)c3ccccc3[C@@]12c1ccc(N2CCC(C(F)(F)F)CC2)cc1,70,4.248495242049359,0.4920090404485991
6771,CN(c1ccc([C@@]23c4ccccc4C(=O)N2CCN3C(=O)c2ccc(F)c(F)c2)cc1)C1CCC1,70,4.248495242049359,0.4920090404485991
6007,CCCCCOC(=O)N1CCN(C(=O)[C@H](CCC(=O)O)NC(=O)c2cc(N3CCC(CN)CC3)cc(-c3ccccc3)n2)CC1,70,4.248495242049359,0.4920090404485991
6762,O=C(c1ccc(F)c(F)c1)N1CCN2C(=O)c3ccccc3[C@@]12c1ccc(N2CCCC(F)C2)cc1,70,4.248495242049359,0.4920090404485991
6315,CN1CC[C@@H](NC(=O)c2ccc3c(c2)OCCO3)C[C@@H]1c1nc2ccccc2[nH]1,70,4.248495242049359,0.4920090404485991
6761,O=C(c1ccc(F)c(F)c1)N1CCN2C(=O)c3ccccc3[C@@]12c1ccc(N2CCC(F)CC2)cc1,70,4.248495242049359,0.4920090404485991
6068,Cc1cc(OCc2ccc(F)cc2F)c(Br)c(=O)n1Cc1ccc(CN(C)C)cc1,70,4.248495242049359,0.4920090404485991
6051,COc1ccc(C(c2ccccc2)c2nc(-c3ccc(F)cc3)c(CC(=O)O)s2)cc1,70,4.248495242049359,0.4920090404485991
6048,CCCCCOC(=O)N1CCN(C(=O)[C@H](CCC(=O)O)NC(=O)c2cc(N3CCN(C(C)=O)CC3)cc(-c3ccccc3)n2)CC1,70,4.248495242049359,0.4920090404485991
6773,O=C(c1ccc(F)c(F)c1)N1CCN2C(=O)c3ccccc3[C@@]12c1ccc(N2CC[C@@H](F)C2)cc1,70,4.248495242049359,0.4920090404485991
6767,CC1CCCN(c2ccc([C@@]34c5ccccc5C(=O)N3CCN4C(=O)c3ccc(F)c(F)c3)cc2)C1,70,4.248495242049359,0.4920090404485991
5879,CN(C)C(=O)[C@H]1CC2(CCN(c3cc(N)ccn3)CC2)c2ccccc21,70,4.248495242049359,0.4920090404485991
6042,O=C(Cc1nnc(-c2cc(Cl)cc(N3CCOCC3)c2)o1)N1CCC(n2c(=O)[nH]c3ncccc32)CC1,70,4.248495242049359,0.4920090404485991
6585,CC[C@H](C)[C@@H]1NC(=O)[C@H](Cc2ccc(O)cc2)NC(=O)CCCSC[C@@H](C(=O)N(CC(=O)N[C@@H](CC(C)C)C(=O)NCC(N)=O)Cc2cccc(C)c2)NC(=O)[C@H](CC(N)=O)NC(=O)[C@H](CCC(N)=O)NC1=O,70,4.248495242049359,0.4920090404485991
6177,Cc1ccc(CC(C)(C)NC[C@@H](O)COc2cc(C3CC4CC3C3C(C(=O)O)C43)ccc2C#N)cc1F,70,4.248495242049359,0.4920090404485991
6807,COc1cc(C)[nH]c(=O)c1CN1CCc2c(Cl)cc([C@H](OC)C3COC3)c(Cl)c2C1=O,70,4.248495242049359,0.4920090404485991
6770,CC1Cc2ccccc2N1c1ccc([C@@]23c4ccccc4C(=O)N2CCN3C(=O)c2ccc(F)c(F)c2)cc1,70,4.248495242049359,0.4920090404485991
1636,O=C(O)c1ccc(CCCN2C(=O)CC[C@@H]2CC[C@@H](O)Cc2cccc(C(F)(F)F)c2)s1,70,4.248495242049359,0.4920090404485991
6824,CCN1CC(n2nccc2-c2cc(Cl)ccc2Oc2ccc(S(=O)(=O)Nc3cscn3)cc2C#N)C1,70,4.248495242049359,0.4920090404485991
6157,O=C(c1cccc2[nH]ncc12)N1CC[C@@](O)(c2ccccc2)[C@@H]2CCCC[C@@H]21,70,4.248495242049359,0.4920090404485991
6768,N#CC1CCCN(c2ccc([C@@]34c5ccccc5C(=O)N3CCN4C(=O)c3ccc(F)c(F)c3)cc2)C1,70,4.248495242049359,0.4920090404485991
6603,CC[C@H](C)[C@@H]([C@@H](CC(=O)N1CCC[C@H]1[C@H](OC)[C@@H](C)C(=O)N[C@@H](Cc1ccccc1)c1nccs1)OC)N(C)C(=O)[C@@H](NC(=O)C(C)(C)N)C(C)C,70,4.248495242049359,0.4920090404485991
6772,O=C(c1ccc(F)c(F)c1)N1CCN2C(=O)c3ccccc3[C@@]12c1ccc(NC2CCC2)cc1,70,4.248495242049359,0.4920090404485991
6775,O=C(c1ccc(F)c(F)c1)N1CCN2C(=O)c3ccccc3[C@@]12c1ccc(N2CCC[C@H]2c2cccnc2)cc1,70,4.248495242049359,0.4920090404485991
6300,CC(=O)NCCc1ccccc1-c1onc([C@H]2CNCC[C@]2(OCC(O)CO)c2ccc(F)c(F)c2)c1Br,70,4.248495242049359,0.4920090404485991
6321,COc1ccc2c(c1)C=C1Cn3c-2c(C2CCCCC2)c2ccc(cc23)C(=O)NS(=O)(=O)N(C)CCCCCNC1=O,70,4.248495242049359,0.4920090404485991
6176,CC(C)(CC1Cc2ccccc2C1)NC[C@@H](O)COc1cc(C2CC3CC2C2C(C(=O)O)C32)ccc1C#N,70,4.248495242049359,0.4920090404485991
6196,CCN(CC)CCNc1cc(-c2ccc(C(F)(F)F)cc2)c(C#N)c2nc3ccccc3n12.Cl.Cl,69.8,4.2456340097683265,0.9609714366460224
1497,O[C@@H]1[C@@H](CSc2ccccc2F)OC(n2cnc3c(NC4CCOC4)ncnc32)[C@@H]1O,69.4,4.239886867512759,0.4914243821000791
6894,CCC1(C)C(C)=Nc2c(F)cc(-c3nc(Nc4ccc(N5CCN(C)CC5)cn4)ncc3F)cc21,69.2,4.237000862623624,0.491228372174497
6741,Cn1c(=O)n(CC(C)(C)C)c2ccc(N3CC4CCC3CN4C(=O)c3ccccc3)nc21,69,4.23410650459726,0.4910317949256187
6424,Cc1cc(S(=O)(=O)C2CC2)cc(=O)n1[C@@H](CC1CCCCO1)C(=O)Nc1ncc(Cl)s1,69,4.23410650459726,0.4910317949256187
1685,Cc1ccccc1NC(=O)Nc1ccc(CC(=O)N2CCOC[C@H]2C(=O)N2CCC(CC(=O)O)CC2)cc1,69,4.23410650459726,0.4910317949256187
6549,Cc1cc(C(=O)N[C@H]2CC[C@@H](NC(=O)c3cc(F)cnc3Oc3cccc(-c4ccc(O)cc4CN4CCOCC4)c3)CC2)nn1C,69,4.23410650459726,0.4910317949256187
6006,CCCCCOC(=O)N1CCN(C(=O)[C@H](CCC(=O)O)NC(=O)c2cc(N(C)CCS(C)(=O)=O)cc(-c3ccccc3)n2)CC1,69,4.23410650459726,0.4910317949256187
1561,CNS(=O)(=O)Cc1ccc2[nH]cc(CCN(C)C)c2c1,69,4.23410650459726,0.4910317949256187
6121,O=C(c1ccccc1N1Cn2c(ccc2-c2ccccc2)C1=O)N1CCCCC1,69,4.23410650459726,0.4910317949256187
1681,O=C(O)c1ccc(OCCc2c(CCNS(=O)(=O)Cc3ccccc3)n(C(c3ccccc3)c3ccccc3)c3ccc(Cl)cc23)cc1,69,4.23410650459726,0.4910317949256187
6534,N[C@H]1CCCC[C@H]1Nc1cc2nc[nH]c(=O)c2c(Nc2cccc3cc[nH]c23)n1,69,4.23410650459726,0.4910317949256187
6156,CC(C)CNCc1c(C(=O)N[C@@H]2CCC[C@H](O)C2)noc1-c1ccc(C(F)(F)F)cc1,69,4.23410650459726,0.4910317949256187
1526,COc1cccc(OC)c1-c1ccc(C[C@H](NC(=O)[C@@H]2CCCN2c2ccccc2C#N)C(=O)O)cc1,69,4.23410650459726,0.4910317949256187
6757,CN1C(=O)[C@@H](NC(=O)c2cc(Cc3ccccc3)on2)COc2ccccc21,69,4.23410650459726,0.4910317949256187
6800,CN(C)C(=O)c1cc2cnc(Nc3ccc(NC(=O)CCCCCCC(=O)NO)cc3)nc2n1C1CCCC1,69,4.23410650459726,0.4910317949256187
6336,CN(C)C[C@@H](OC(=O)N1Cc2c(NC(=O)C3CCCO3)n[nH]c2C1(C)C)c1ccccc1,69,4.23410650459726,0.4910317949256187
6861,C[C@H]1CN(c2cc(-c3n[nH]c4ccc(OC5(C)CC5)cc34)ncn2)CCO1,69,4.23410650459726,0.4910317949256187
6332,O=C(C1CN(S(=O)(=O)c2cccc3cnccc23)C1)N1CC2CN(c3ccncc3)CC2C1,68.6,4.22829253473184,0.4906369252547641
6376,Cc1nc(N)cc(-c2c(Nc3cc[nH]n3)nc3ccccn23)n1,68.33,4.224348908792687,0.4903690844656625
6234,CN[C@@H]1CCN(c2nc(N)nc3c2oc2ncc(Cl)cc23)C1,68.33,4.224348908792687,0.4903690844656625
6488,C[C@H]1COCCN1C[C@H]1CN(S(=O)(=O)c2cccs2)CCN1c1ccc([C@@](C)(O)C(F)(F)F)cc1,68.33,4.224348908792687,0.4903690844656625
6805,c1ccc(N2CCN(CCCN3CCN(c4ccccn4)CC3)CC2)nc1,68.33,4.224348908792687,0.4903690844656625
1574,CC(C)[C@H](C(=O)O)N1C[C@H](CN2CCC(c3ccc(F)cc3)CC2)[C@@H](c2ccccc2)C1,68.3,4.223909766576744,0.4903392590716061
6388,CCc1cc(CC)nc(OCCCn2c3c(c4cc(-c5nc(C)no5)ccc42)CCCC3)n1,68.17,4.222004585374694,0.490209864132935
5855,Cc1cc(C(=O)NCc2ccccn2)nn1Cc1cc(Cl)ccc1OCc1ccccc1,68,4.219507705176107,0.4900402825415264
1634,CN(C)C(=O)N1CC(c2cc(F)ccc2F)=C[C@H]1c1cccc(O)c1,68,4.219507705176107,0.4900402825415264
6663,CNS(=O)(=O)c1cccc(Nc2ncnc3[nH]ccc23)c1,68,4.219507705176107,0.4900402825415264
6781,c1cc([C@H]2CC[C@]3(CC2)OOC2(O3)C3CC4CC(C3)CC2C4)ccc1CN1CCOCC1,68,4.219507705176107,0.9591970061735946
1719,N[C@@H](CC(=O)N1CCn2c(nnc2C2CC2)C1)Cc1cc(F)c(F)cc1F,68,4.219507705176107,0.4900402825415264
6341,O=c1[nH]c2ccccc2n1C1CCN(C2CCOCC2)CC1,68,4.219507705176107,0.4900402825415264
6590,CC[C@H](C)[C@@H]1NC(=O)[C@H](Cc2ccccc2)NC(=O)CCSCC[C@@H](C(=O)N(CC(=O)N[C@@H](CC(C)C)C(=O)NCC(N)=O)Cc2ccc(F)cc2)NC(=O)[C@H](CC(N)=O)NC(=O)[C@H](CCC(N)=O)NC1=O,68,4.219507705176107,0.4900402825415264
6584,CC[C@H](C)[C@@H]1NC(=O)[C@H](Cc2ccc(O)cc2)NC(=O)CCSCC[C@@H](C(=O)N(CC(=O)N[C@@H](CC(C)C)C(=O)NCC(N)=O)Cc2ccccc2)NC(=O)[C@H](CC(N)=O)NC(=O)[C@H](CCC(N)=O)NC1=O,68,4.219507705176107,0.4900402825415264
6553,Cc1cc(C(=O)N[C@H]2CC[C@@H](NC(=O)c3cc(F)cnc3Oc3cccc(-c4ccc(CCCN5C[C@@H](C)N[C@@H](C)C5)cc4)c3)CC2)nn1C,68,4.219507705176107,0.4900402825415264
6483,CN[C@@H](C)C(=O)N[C@H](C(=O)N1CCC[C@H]1C(=O)N[C@@H]1CCN(CC#CC#CCN2CC[C@@H](NC(=O)[C@@H]3CCCN3C(=O)[C@@H](NC(=O)[C@H](C)NC)C3CCCCC3)c3ccccc32)c2ccccc21)C1CCCCC1,68,4.219507705176107,0.4900402825415264
6122,CC(C)[C@@H](Nc1nc2cc[nH]c(=O)c2c2cnccc12)C(F)(F)F,68,4.219507705176107,0.4900402825415264
6229,CN(C(=O)c1ccc(-n2cccn2)cc1)[C@@H]1CCN(C2CCC2)C1,68,4.219507705176107,0.4900402825415264
1756,C[C@@H]1c2nc(C(F)(F)F)nn2CCN1C(=O)C[C@H](N)Cc1cc(F)c(F)cc1F,68,4.219507705176107,0.4900402825415264
6021,CCCCCOC(=O)N1CCN(C(=O)[C@H](CCC(=O)O)NC(=O)c2cc(N3CCC(C(N)=O)CC3)nc(-c3ccccc3)n2)CC1,68,4.219507705176107,0.4900402825415264
1664,COc1cc2ncnc(Nc3ccc(F)c(Cl)c3)c2cc1OCCCN1CCOCC1,68,4.219507705176107,0.4900402825415264
6705,CCS(=O)(=O)NCc1cncc(-c2cc3ccc(Cl)nc3n2C)c1,68,4.219507705176107,0.4900402825415264
6409,CN(C)CC[C@H](CSc1ccccc1)Nc1ccc(S(=O)(=O)Nc2ncnc3c2CCN(C2CCN(Cc4ccccc4-c4ccc(Cl)cc4)CC2)C3)cc1S(=O)(=O)C(F)(F)F,68,4.219507705176107,0.4900402825415264
5995,CCCOCCn1c(=O)c(NCCN2CCOCC2)nc2ccc(-c3ccc(OC)nc3)nc21,67.6,4.213607983048918,0.489639588800688
6197,Cc1cccc(S(=O)(=O)Nc2cccc(-c3cc(NC(=O)c4ccc(N5CCN(C)CC5)cc4)[nH]n3)c2)c1,67.4,4.210645017918261,0.4894383519362084
6360,CC[C@H](C(=O)Nc1ccccc1N1CCCC1)c1ccccc1,67.3,4.209160236650682,0.4893375094647144
6220,Nc1nc(Nc2ccc(OCCCN3CCOCC3)cc2)nn1-c1ccccn1,67.2,4.207673247529104,0.4892365170415348
6256,COc1ccc2ncc(F)c([C@@H](O)CN3CCC(NCc4cc5c(cn4)OCCO5)CC3)c2n1,67.2,4.207673247529104,0.4892365170415348
1608,Fc1cccc(CCN2CCN(CC(F)(F)Cc3c[nH]c4ccc(-n5cnnc5)cc34)CC2)c1,67,4.204692619390966,0.4890340805516509
6643,CN(Cc1ccc2[nH]cnc2c1Cl)c1nccc(Nc2cc(C3CC3)[nH]n2)n1,67,4.204692619390966,0.4890340805516509
6259,C[C@H]1O[C@@H](n2cnc3c(N)nc(OC4CCOC4)nc32)[C@H](O)[C@@H]1O,67,4.204692619390966,0.4890340805516509
6244,CC[C@H](C)[C@@H]1NCCOc2ccccc2CCCNC(=O)[C@@H](Cc2ccc(Cl)cc2)NC(=O)[C@@H](C)N(C)C1=O,67,4.204692619390966,0.4890340805516509
6637,C[C@H](c1ccc(F)cc1)N1C(=O)O[C@](Cc2ccccc2)(c2nc3cc(N4CCOCC4)ccc3[nH]2)C1=O,67,4.204692619390966,0.4890340805516509
6003,Cc1c(CC(=O)O)c2cccnc2n1S(=O)(=O)c1ccc(Cl)c(C#N)c1,67,4.204692619390966,0.4890340805516509
5883,CNc1nc2sc(-c3ccc(F)cc3)nc2c2c1ncn2C,67,4.204692619390966,0.4890340805516509
1665,COc1cc(NC(=O)c2ccc(-c3ccccc3)cc2)ccc1OCCN(C(C)C)C(C)C,67,4.204692619390966,0.4890340805516509
6883,COc1cc(NC(C(=O)c2c[nH]c3ccccc23)c2ccccc2)cc(OC)c1,67,4.204692619390966,0.4890340805516509
5913,Cn1c(CN2C[C@@H]3C(COc4ccccc4)[C@@H]3C2)nc2ccccc21,67,4.204692619390966,0.4890340805516509
1610,CC(C)(C)N1CCN(c2ccc(-c3ccc(C(=O)NC4(C(=O)NCC#N)CCCCC4)cc3)cc2)CC1,67,4.204692619390966,0.4890340805516509
6820,C[C@@H](c1ccc(OC(F)F)cc1)N1CC[C@](CCC(N)=O)(c2ccc(F)cc2)OC1=O,67,4.204692619390966,0.4890340805516509
6303,Cl.O=C(Nc1ccc(-c2nnc(NCCCN3CCCCC3)o2)cc1)c1ccccc1F,67,4.204692619390966,0.4890340805516509
1563,COc1cccc(OC)c1-c1ccc(C[C@H](/N=C(\NCC2CCOOCC2)[C@@H]2CCN2S(=O)(=O)c2ccccc2)C(=O)O)cc1,67,4.204692619390966,0.4890340805516509
6580,CC[C@H](C)[C@@H]1NC(=O)[C@H](Cc2ccc(O)cc2)NC(=O)CCSSC[C@@H](C(=O)N(CC(=O)N[C@@H](CC(C)C)C(=O)NCC(N)=O)Cc2ccco2)NC(=O)[C@H](CC(N)=O)NC(=O)[C@H](CCC(N)=O)NC1=O,67,4.204692619390966,0.4890340805516509
1640,Cc1ccc(-c2cc(Cl)ccc2OCc2ccccc2)n1-c1cccc(C(=O)O)c1,67,4.204692619390966,0.4890340805516509
6286,Cc1nn(C)c(=O)cc1-c1ccc(OCCCN2CCC[C@H]2C)cc1,67,4.204692619390966,0.4890340805516509
6044,O=C(Cc1nnc(-c2cc(Cl)cc(C3CCN(CC(F)F)CC3)c2)o1)N1CCC(n2c(=O)[nH]c3ncccc32)CC1,67,4.204692619390966,0.4890340805516509
6333,CN[C@@H](C)C(=O)N[C@H](C(=O)N1CCC[C@H]1C(=O)Nc1snnc1-c1ccccc1)C1CCCCC1.O=C(O)C(F)(F)F,67,4.204692619390966,0.4890340805516509
6576,CC[C@H](C)[C@@H]1NC(=O)[C@H](Cc2ccc(O)cc2)NC(=O)CCSSC[C@@H](C(=O)N(CC(=O)N[C@@H](CC(C)C)C(=O)NCC(N)=O)Cc2ccc(C)cc2)NC(=O)[C@H](CC(N)=O)NC(=O)[C@H](CCC(N)=O)NC1=O,67,4.204692619390966,0.4890340805516509
6247,O=C(O)CCCSCCN1C(=O)OC[C@@H]1/C=C/[C@@H](O)Cc1cccc(C(F)(F)F)c1,67,4.204692619390966,0.4890340805516509
6724,Cc1ccc(-c2ncccn2)c(C(=O)N2C[C@H](COc3ccc(F)cn3)CC[C@H]2C)c1,67,4.204692619390966,0.4890340805516509
6626,O=C(O)/C=C/c1ccc(Cc2c(-c3ccccc3)c(=O)oc3cc(O)ccc23)cc1,67,4.204692619390966,0.4890340805516509
5935,CN(C)CCOc1cc(-c2cn[nH]c2)ccc1NC(=O)C1COc2ccccc2C1,67,4.204692619390966,0.4890340805516509
6264,CCCC(Nc1cnn(-c2ccc(C(F)(F)F)cc2)c1)c1ccc(C(=O)NCCC(=O)O)cc1,67,4.204692619390966,0.4890340805516509
1673,O=C(CCCCCCC(=O)Nc1ccccc1)NO,67,4.204692619390966,0.4890340805516509
6661,COc1cc(-c2cn([C@H]3CCc4c(F)cccc4N(CC(F)(F)F)C3=O)nn2)ccc1-n1cnc(C)n1,67,4.204692619390966,0.4890340805516509
5931,CC(=O)N1CC(=O)C(NC(=O)[C@H](CC(C)(C)F)N[C@@H](c2ccc(-c3ccc(S(C)(=O)=O)cc3)cc2)C(F)(F)F)C1,67,4.204692619390966,0.4890340805516509
1770,Cc1ccc(Oc2ccc(N(C[C@H](Nc3cccc(F)c3)C(=O)NO)S(C)(=O)=O)cc2)cc1,66.9,4.203198967134183,0.4889326355857051
6340,CCN1CCC(N2CCN(C(=O)COCCN(C)S(=O)(=O)c3c(C)cc(OC)cc3C)CC2)CC1,66.7,4.200204952921578,0.4887292899485533
5911,CN1CC[C@H](N(C)C(=O)N2CC(c3cc(F)ccc3F)=C[C@@]2(CO)c2ccccc2)[C@H](F)C1,66.7,4.200204952921578,0.4887292899485533
6505,COC(=O)N[C@H](C(=O)N1CCC[C@H]1C(=O)Nc1ccc([C@H]2CC[C@H](c3ccc(NC(=O)[C@@H]4CCCN4C(=O)[C@@H](NC(=O)OC)[C@H]4CCOC4)cc3)N2c2ccc(F)cc2)cc1)[C@H]1CCOC1,66.67,4.199755076629969,0.4886987355240714
6479,CS(=O)(=O)Nc1ccc(-c2nsc(NC(=O)N(CCC(c3ccccc3)c3ccccc3)CCN3CCOCC3)n2)cc1,66.67,4.199755076629969,0.4886987355240714
5843,Oc1ccc2cccc(Nc3cc(-c4ccc(C(F)(F)F)cc4)ncn3)c2c1,66.67,4.199755076629969,0.4886987355240714
6115,COc1ccc(Nc2c(-c3ccc(C(C)=O)cc3)c(C)nn2-c2ccccc2C)c(C(=O)O)c1,66.67,4.199755076629969,0.4886987355240714
6864,CN(C)c1ccc([C@H]2C[C@@]3(C)[C@@H](CC[C@@]3(O)C#CC(C)(C)C)[C@@H]3CCC4=CC(=O)CCC4=C32)cc1,66.67,4.199755076629969,0.4886987355240714
6865,CC(C)N(C)c1ccc([C@H]2C[C@@]3(C)[C@@H](CC[C@@]3(O)C#CC(C)(C)C)[C@@H]3CCC4=CC(=O)CCC4=C32)cc1,66.67,4.199755076629969,0.4886987355240714
6199,CC(=O)Nc1cccc(Nc2ncnc(N3CCc4ccccc4C3)n2)c1,66.67,4.199755076629969,0.4886987355240714
6100,COc1cccc([C@@H](C)NCc2ccc(OC)c(-c3ccc(C(F)(F)F)cc3)c2)c1,66.67,4.199755076629969,0.4886987355240714
6510,CC[C@@H](CNS(=O)(=O)C1CC1)N1C(=O)[C@@](C)(CC(=O)O)C[C@H](c2cccc(Cl)c2)[C@H]1c1ccc(Cl)cc1,66.67,4.199755076629969,0.4886987355240714
5869,CC(=O)Nc1nc2c(Oc3cc(-c4ccc(C(F)(F)F)cc4NC(=O)[C@H]4CCCN4CC(C)C)ncn3)cccc2s1,66.67,4.199755076629969,0.4886987355240714
5868,CC(=O)Nc1nc2c(Oc3cc(-c4ccc(C(F)(F)F)cc4NC(=O)[C@@H]4CCCN4CC(C)C)ncn3)cccc2s1,66.67,4.199755076629969,0.4886987355240714
6338,CC(C)(C(=O)N1CCC(c2c[nH]c3ncccc23)C1)c1ccc(Cl)cc1,66.67,4.199755076629969,0.4886987355240714
6610,CN(C)[C@]1(c2ccccc2)CC[C@]2(CC1)OCCc1c3ccccc3[nH]c12.Cl,66.67,4.199755076629969,0.4886987355240714
1540,CCNc1cccnc1N(CC)C1CCN(C(=O)c2cc3cc(NS(C)(=O)=O)ccc3[nH]2)CC1,66.6,4.198704577546343,0.4886273883659358
6874,CCN[C@@H]1CCC=C(c2ccc(F)cc2)[C@H]1COc1cc(F)c(S(=O)(=O)Nc2nccs2)cc1Cl.Cl,66.6,4.198704577546343,0.4886273883659358
6731,CNC(=O)[C@H](Cc1c[nH]c2ccccc12)NC(=O)[C@@H](CC(=O)NO)CC(C)C,66.5,4.197201947661808,0.488525333662926
5857,CC[C@H](NC(C)=O)c1cc(Cl)ccc1C1CCN(C(=O)[C@@H]2CN(C(C)(C)C)C[C@H]2c2ccc(OC)cc2F)CC1,66.4,4.1956970564823886,0.4884231253786651
6334,CCNC(=O)Nc1ccc(-c2nc3c(c(N4CCOC[C@@H]4C)n2)CS(=O)(=O)CC3)cc1,66.2,4.192680462942962,0.4882182462125208
6387,Cc1noc(-c2ccc3c(c2)c2c(n3CCCS(=O)(=O)N(C)C)CCCC2)n1,66.17,4.192227188023968,0.4881874609621303
6274,N[C@H]1CC[C@H](Nc2ncc3nc(Nc4ccc(F)cc4F)n(C4CCCC4)c3n2)CC1,66,4.189654742026425,0.4880127471387265
6184,CNC(=O)c1ccc2c(c1)OCCc1cc(C(=O)N(C)c3cc(C(=O)N(C)C)ccc3Cl)sc1-2,66,4.189654742026425,0.4880127471387265
6005,CC(C)c1onc(-c2c(Cl)cccc2Cl)c1COc1ccc2sc(-c3cccc(C(=O)O)c3)cc2c1,66,4.189654742026425,0.4880127471387265
1718,N[C@@H](CC(=O)N1CCn2c(nnc2C(F)F)C1)Cc1cc(F)c(F)cc1F,66,4.189654742026425,0.4880127471387265
6481,COc1ccc(CNC(=O)c2cc(-c3cc(C)cc(C)c3)cnc2-c2cccnc2)cc1OC,66,4.189654742026425,0.4880127471387265
6609,CCN(Cc1ccccc1C(F)(F)F)C(=O)C1CCN(S(=O)(=O)c2ccc3[nH]ncc3c2)CC1,66,4.189654742026425,0.4880127471387265
6203,COCCCC[C@@](O)(c1ccccc1Oc1ccccc1C)[C@@H]1CCCN(C(=O)[C@H]2C[C@@H](N)[C@@H](O)C2)C1.O=C(O)/C=C/C(=O)O,66,4.189654742026425,0.4880127471387265
6651,N#Cc1cccc(-c2nc(N3CCOCC3)cc3cccnc23)c1,66,4.189654742026425,0.4880127471387265
6835,C[C@@H]1c2nnn(-c3ncccn3)c2CCN1C(=O)c1cccc(C(F)(F)F)c1Cl,66,4.189654742026425,0.4880127471387265
6620,CCN(CCn1ccc(-c2ccc(F)cn2)n1)C(=O)c1ccccc1-n1nccn1,66,4.189654742026425,0.4880127471387265
6456,C[C@H](c1ccc(F)cc1)N1C(=O)O[C@](Cc2ccc(F)cc2)(C(=O)NCc2ccc(Cl)c(Cl)c2)C1=O,66,4.189654742026425,0.4880127471387265
1747,COc1ccccc1CN1Cc2cc(OC(F)(F)F)ccc2C1=N,66,4.189654742026425,0.4880127471387265
6282,CCS(=O)(=O)c1ccc2oc(Nc3ccc(OC(C)C)cc3)nc2c1,66,4.189654742026425,0.4880127471387265
6242,N#Cc1ccc2c(c1)N(CCN1CCC(NCc3ccc4c(n3)NC(=O)CO4)CC1)C(=O)CO2,66,4.189654742026425,0.4880127471387265
1762,CC(C)N1C(=O)[C@H](NC(=O)[C@@H](Cc2ccccc2OC(F)(F)F)NC(=O)c2ccc(F)cc2)CCc2ccccc21,66,4.189654742026425,0.4880127471387265
1514,C[C@]1(C(=O)N[C@@H](Cc2ccc(-n3ccccc3=O)cc2)C(=O)O)CCCO1,66,4.189654742026425,0.4880127471387265
6082,CC(=O)N1C[C@@H](Oc2cccc(F)c2)C[C@@H]1C(=O)N1CCCN(C2CCC2)CC1,66,4.189654742026425,0.4880127471387265
1744,CNc1ncnc(-c2cccnc2Oc2cc(NC(=O)c3cccc(C(C)C)c3)ccc2C)n1,65.7,4.185098925490565,0.4877033279608446
5867,COc1ccc2c(O[C@@H]3C[C@H]4C(=O)N[C@]5(C(=O)NS(=O)(=O)C6(C)CC6)C[C@H]5/C=C\CCCCCC(=O)N4C3)cc(-c3nc(C(C)C)cs3)nc2c1Cl,65.67,4.184642200202881,0.487672308370411
6712,Cc1ccoc1C(=O)Nc1ccc(N2C(=O)c3ccc(Cl)cc3C2=O)cc1F,65.5,4.182050142641207,0.487496262580717
6647,Cc1cc(C)nc(N2C[C@H]3CN(C(=O)c4ccc(F)cc4-n4nccn4)C[C@H]3C2)n1,65.5,4.182050142641207,0.487496262580717
1769,CS(=O)(=O)N(C[C@@H](C(=O)NO)N1CCOCC1)c1ccc(Oc2ccc(C(F)(F)F)cc2)cc1,65.4,4.180522258463153,0.4873924926719528
6619,CCN(CCn1ccc(-c2ccc(F)cn2)n1)C(=O)c1cc(C)ccc1-c1ncccn1,65.17,4.176999240344289,0.487153218469091
6168,NCc1ccccc1-c1ccc(C(=O)N2N=C(c3cccnc3)CC2c2ccccc2O)s1,65,4.174387269895637,0.486975820248045
6098,CN1CCC(C(=O)Nc2cc3cc[nH]c(=O)c3cc2Cl)CC1,65,4.174387269895637,0.486975820248045
6434,CCCC(Nc1ccc(-n2cnc(C(F)(F)F)c2)cc1)c1ccc(C(=O)NCCC(=O)O)cc1,65,4.174387269895637,0.486975820248045
5893,CC(=O)N1CCN(c2ccc(OCc3cc4cnc(C#N)nc4n3CCC3CCCCC3)cc2)CC1,65,4.174387269895637,0.486975820248045
6664,CNS(=O)(=O)c1cccc(Nc2ncnc3[nH]cc(-c4ccc(Cl)cc4)c23)c1,65,4.174387269895637,0.486975820248045
1628,CCCC[C@H](NC(=O)O[C@@H]1C(=O)N(C(=O)c2nc3ccccc3s2)CC1(C)C)C(=O)C(=O)Nc1cc[nH]n1,65,4.174387269895637,0.486975820248045
1698,CC(=O)Nc1nc2c(Oc3cc(N4CCN(C(C)c5ccccc5)CC4)ncn3)cccc2s1,65,4.174387269895637,0.486975820248045
6497,CNc1nc(Nc2cnn(C(C)(C)C#N)c2C)ncc1C(F)(F)F,65,4.174387269895637,0.486975820248045
6432,Cc1ccc(-c2nc(N)c3cc(Cc4ccccc4)sc3n2)o1,65,4.174387269895637,0.486975820248045
6491,CC(C)N1CCN(c2c(F)cccc2C2SC(CC(=O)N3CCC(N4CCc5ccccc5NC4=O)CC3)C(=O)N2CCC(C)(C)C)CC1,65,4.174387269895637,0.486975820248045
5970,N#Cc1cccc(S(=O)(=O)N2C[C@H](NC3CCC3)C[C@H]2C(=O)N[C@@H](Cc2ccc(NC(=O)c3c(Cl)cncc3Cl)cc2)C(=O)O)c1,65,4.174387269895637,0.486975820248045
6379,O=C(c1ccccc1OC(F)(F)F)N1CCC(N(C2CC2)S(=O)(=O)c2cccc(C(F)(F)F)c2)CC1,65,4.174387269895637,0.486975820248045
6876,CC#C[C@@H](Cc1nnn[nH]1)c1ccc(OCc2ccc3scc(-c4ccc(OCCCS(C)(=O)=O)cc4C)c3c2)cc1,65,4.174387269895637,0.486975820248045
6138,CCCN(CCC)CCCCN(C)Cc1ccc(CN(Cc2ncc[nH]2)Cc2nccn2C)cc1.O=C(O)C(O)C(O)C(=O)O,65,4.174387269895637,0.486975820248045
1605,c1ccc2c(c1)c(-c1cncc(-c3ccsc3)c1)cn2CCN1CCOCC1,65,4.174387269895637,0.486975820248045
6416,COC(=O)N[C@H](C(=O)N[C@@H](Cc1ccc(-c2ccc(OC)nc2)cc1)[C@@H](O)C[C@@H](Cc1ccccc1F)C(=O)N[C@H]1c2cccc(Cl)c2OC[C@H]1O)C(C)(C)C,65,4.174387269895637,0.486975820248045
6783,COc1cccc2c1c(CN1CCN(C)CC1)cn2S(=O)(=O)c1ccc(C(C)C)cc1.Cl.Cl,65,4.174387269895637,0.486975820248045
6608,Cn1c(=O)n(Cc2ccccc2C#N)c2c(N3CCC[C@@H](N)C3)ccnc21,65,4.174387269895637,0.486975820248045
6490,NCCCC[C@H](NC(=O)[C@@H](Cc1cc(Br)c(O)c(Br)c1)NC(=O)N1CCC(N2Cc3ccccc3NC2=O)CC1)C(=O)N1CCN(c2ccncc2)CC1,65,4.174387269895637,0.486975820248045
1657,CC(C)C[C@@H](C(=O)NCC#N)c1cccc(-c2cccc(-c3csc(CN4CCNCC4)n3)c2)c1,65,4.174387269895637,0.486975820248045
6368,CCN(CCO)C(=O)c1cc2ccccn2c1-c1cccc(OC)c1,65,4.174387269895637,0.9561325438801132
6012,COc1cccc([C@@H](C)NCCCc2ccccc2Cl)c1,65,4.174387269895637,0.486975820248045
6588,CC[C@H](C)[C@@H]1NC(=O)[C@H](Cc2ccc(O)cc2)NC(=O)CCCSC[C@@H](C(=O)N(CC(=O)N[C@@H](CC(C)C)C(=O)NCC(N)=O)Cc2ccc(F)cc2)NC(=O)[C@H](CC(N)=O)NC(=O)[C@H](CCC(N)=O)NC1=O,65,4.174387269895637,0.486975820248045
6087,CCO[C@H]1CC[C@H](CN2C[C@@H](c3ccccc3)N(C3CCN(C4(C)CCN(C(=O)c5c(C)ncnc5C)CC4)CC3)C2=O)CC1,65,4.174387269895637,0.486975820248045
6744,CC(=O)Nc1cc(Nc2cc(NC3CC3)n3ncc(C#N)c3n2)ccc1N(C)CCN(C)C,65,4.174387269895637,0.486975820248045
1595,CC1(c2ccc(OCCN3CCCCC3)cc2)c2ccc(O)cc2CCN1c1ccc(F)cc1,64.9,4.1728476237100445,0.4868712514944032
1738,Cc1ccc([C@@H](CC(C)C)NC(=O)CCN(C)C)c(N2CCN(C(=O)[C@H](C)Cc3ccc(Cl)cc3Cl)CC2)n1,64.9,4.1728476237100445,0.4868712514944032
6880,COc1cnc(C(=O)Nc2ccc(F)c([C@]3(C)C=C(CF)OC(N)=N3)c2)cn1,64.9,4.1728476237100445,0.4868712514944032
6539,NC(=O)c1sc(-c2ccnc(N)n2)nc1-c1ccc(Cl)cc1Cl,64.83,4.171768459186905,0.4867979574543731
1536,Cc1cccc(C[C@H](Nc2ccccc2)C(=O)N[C@H](C#N)COCc2ccc(F)c(C(=O)O)c2)c1,64.8,4.1713056033582285,0.4867665214935833
6350,Cc1cccc(-c2ccc(CNC(=O)CCCc3ccc4cccnc4n3)cc2)c1,64.7,4.169761201506855,0.4866616297475241
5899,COc1cccc(-c2c(C)n(Cc3c(F)cccc3F)c(=O)n(C[C@H](N)c3ccccc3)c2=O)c1F,64.7,4.169761201506855,0.4866616297475241
6015,CC(=O)O[C@@H](C[C@@H](C)C1=C2C[C@H](OC(C)=O)[C@H]3[C@@]4(C)CCC(=O)C(C)(C)[C@@H]4CC[C@]3(C)[C@@]2(C)CC1)[C@@H](OC(C)=O)C(C)(C)OC(C)=O,64.5,4.1666652238017265,0.4864513590158734
5861,CC(C)CC(O)c1ccccc1N1CCN(C(=O)[C@@H](Cc2ccc(Cl)cc2Cl)NC(=O)CCN)CC1,64.5,4.1666652238017265,0.4864513590158734
5993,O=C(O)c1ccc(-c2c[nH]c3ncc(-c4ccccc4)cc23)cc1,64.4,4.165113633110308,0.4863459790225464
6692,CC(C)c1nc(C(=O)NCC2CCN(CC3CCOCC3)CC2)c2ccccn12,64.2,4.162003210695915,0.4861347272439131
6836,Cc1ccnc(-n2nnc3c2CCN(C(=O)c2cccc(C(F)(F)F)c2Cl)[C@@H]3C)n1,64,4.1588830833596715,0.4859228163322974
1639,O=C(O)c1cccc(-c2ccccc2-c2cc(Cl)ccc2OCc2ccccc2)c1,64,4.1588830833596715,0.4859228163322974
1556,CN(C)C(=O)c1ccccc1CCC(SCCC(=O)[O-])c1cccc(OCc2ccc3ccc(Cl)cc3n2)c1.[Na+],64,4.1588830833596715,0.4859228163322974
6817,O=C(O)c1ccc(NC(=O)[C@@H]2c3cccc(N4CCNCC4=O)c3CCN2C(=O)/C=C/c2c(-n3cnnn3)ccc(Cl)c2F)cc1,64,4.1588830833596715,0.4859228163322974
1557,O=C([O-])CCSC(CCc1ccccc1-c1nc[nH]n1)c1cccc(OCc2ccc3ccc(Cl)cc3n2)c1.[Na+],64,4.1588830833596715,0.4859228163322974
6524,N#Cc1ccc(NC(=O)[C@H](CN2CC(O)C2)Oc2ncnc3c2cnn3-c2c(Cl)cccc2Cl)nc1,64,4.1588830833596715,0.4859228163322974
1520,CCn1nc(Cc2ccccc2)cc1C1CCN(C[C@H]2CN([C@@H](C(=O)O)C3CCCCC3)C[C@@H]2c2ccccc2)CC1,64,4.1588830833596715,0.4859228163322974
1758,Cn1c(C(F)(F)F)nc2c1CCN(C(=O)C[C@H](N)Cc1cc(F)c(F)cc1F)C2Cc1ccccc1,64,4.1588830833596715,0.4859228163322974
6108,CN(C)S(=O)(=O)N1C[C@@H](F)C[C@H]1c1nc(C(=O)NCc2ccc(F)cc2)c(O)c(=O)n1C,64,4.1588830833596715,0.4859228163322974
6128,CC(C)(C)NC(=O)Cn1c(-c2ccc(OC(F)(F)F)cc2)cc2cc(C(C)(C)C(=O)NC(C)(C)C)ccc21,64,4.1588830833596715,0.4859228163322974
6427,[2H]C1([2H])Oc2ccc(S(=O)(=O)N(C[C@@]([2H])(O)[C@H](Cc3ccc(OC([2H])([2H])c4csc(C)n4)cc3)NC(=O)O[C@@]3([2H])CO[C@@]4([2H])OCC[C@H]43)C([2H])([2H])C([2H])(C([2H])([2H])[2H])C([2H])([2H])[2H])cc2O1,64,4.1588830833596715,0.4859228163322974
6859,CC(C)Oc1ccc2[nH]nc(-c3cc(N4C[C@@H](C)O[C@@H](C)C4)ncn3)c2c1,64,4.1588830833596715,0.4859228163322974
6844,C[C@@H]1CC(=O)Nc2ncnc(N3CCC(c4nc(C5CCOCC5)cn4CCN4CCCC4)CC3)c21,64,4.1588830833596715,0.4859228163322974
6381,COc1ccc(S(=O)(=O)n2cc(C)c3cc(Cl)cnc32)cc1NC1CCN(C)CC1,64,4.1588830833596715,0.4859228163322974
1523,COc1cccc(N2CCC[C@H]2C(=O)N[C@@H](Cc2ccc(-c3c(OC)cccc3OC)cc2)C(=O)O)c1,64,4.1588830833596715,0.4859228163322974
5865,COc1cccc(-c2cn(Cc3c(F)cccc3C(F)(F)F)c(=O)n(C[C@H](NCCCC(=O)O)c3ccccc3)c2=O)c1F,64,4.1588830833596715,0.4859228163322974
6246,C[C@@H]1C(=O)N[C@H](Cc2ccc(F)cc2)C(=O)NCCCc2ccccc2O[C@@H](C)CN[C@@H](C2CC2)C(=O)N1C,64,4.1588830833596715,0.4859228163322974
6049,CNC(C)(C)C(=O)N1CCN(C(=O)c2cc(Cc3n[nH]c(=O)c(C)c3C)ccc2F)CC1,64,4.1588830833596715,0.4859228163322974
6109,CC(=O)N1C[C@@H](F)C[C@H]1c1nc(C(=O)NCc2ccc(F)cc2)c(O)c(=O)n1C,64,4.1588830833596715,0.4859228163322974
5829,CC(C)(C)Cn1c(CNC(=O)[C@@H](Cc2ccccc2C(F)(F)F)NC(=O)OC(C)(C)C)nc2cccnc21,64,4.1588830833596715,0.4859228163322974
6687,N[C@H]1C[C@@H](N2Cc3[nH]nc(NC(=O)C4CC4)c3C2)CO[C@@H]1c1cc(F)ccc1F,64,4.1588830833596715,0.4859228163322974
6179,COc1c2c(c(O)c3cc(CN4CC(F)C4)ccc13)C(=O)C1=C(O)[C@]3(O)C(=O)C(C(N)=O)=C(O)[C@@H](N(C)C)[C@@H]3C[C@@H]1C2,63.9,4.157319361383489,0.4858166124137467
1741,CNc1ncnc(-c2cccnc2Oc2cc(NC(=O)c3cccc(-n4cccc4)c3)ccc2C)n1,63.75,4.154969184038536,0.4856569944975668
6516,CC(C)C[C@@H]1NC(=O)[C@H](Cc2ccc(O)cc2)N(C)C(=O)[C@H]2CCCN2C(=O)[C@H](CC(C)C)NC(=O)[C@H]([C@@H](C)O)N(C)C(=O)[C@@H](CC(C)C)N(C)C1=O,63.6,4.152613470346076,0.4854970005671025
6011,CC(C)(Cc1ccc2ccccc2c1)NC[C@@H](O)COc1ccc(CCC(=O)O)cc1C#N,63.6,4.152613470346076,0.4854970005671025
6714,COc1cccc(CNC(=O)c2cc(-c3nnn(CC4CCCCC4)n3)cc(C)n2)c1,63.5,4.151039905898646,0.485390128173573
6298,Cc1c(NCCN2CCCC2)cc(COCC(F)(F)F)cc1N1CCN(c2ncnc3[nH]nc(Br)c23)CC1,63.48,4.150724895658208,0.485368733499566
1726,CSC(=S)N1CC(C)(C)CS/C1=N\c1ccccc1C(C)C,63.4,4.14946386144318,0.4852830873443655
6736,O=C(CN1CCN(c2cccc3c2cnn3-c2ccccc2F)C1=O)N1CCCC1,63.33,4.148359150528339,0.4852080582600341
6743,O=C(Nc1cnc2ccccn12)N1CCN(Cc2cccc(Oc3ccc(Cl)cc3)c2)CC1,63.33,4.148359150528339,0.4852080582600341
6148,CO[C@@H]1COCC[C@@H]1N[C@@H]1CC[C@@](C(=O)N2CCN(c3cc(C(F)(F)F)ccn3)CC2)(C(C)C)C1,63.33,4.148359150528339,0.4852080582600341
5828,CC(C)c1nc2ccccc2n1Cc1ccc(C(=O)N[C@@H]2CCOC[C@@H]2C(=O)NO)cc1,63.33,4.148359150528339,0.4852080582600341
6402,CCCN1CCN(C(=O)c2ccc3[nH]c(=O)c4c(c3c2)CCSC4)CC1,63.33,4.148359150528339,0.4852080582600341
6478,NS(=O)(=O)c1ccc(-c2nsc(NC(=O)N(CCC(c3ccccc3)c3ccccc3)CCN3CCOCC3)n2)cc1,63.33,4.148359150528339,0.4852080582600341
6292,CCCNC(=O)c1c(NC(=O)C23CC4CC(CC2C4)C3)sc2c1CCOC2,63.33,4.148359150528339,0.4852080582600341
6826,Cc1cnn(CC(=O)[C@H]2CC[C@H]3[C@@H]4CC[C@@H]5C[C@](C)(O)CC[C@@H]5[C@H]4CC[C@]23C)c1,63.33,4.148359150528339,0.4852080582600341
6738,O=C(CN1CCN(c2cccc3c2cnn3-c2ccccc2F)C1=O)N1CC[C@H](O)C1,63.33,4.148359150528339,0.4852080582600341
6477,CS(=O)(=O)Nc1ccc(-c2csc(NC(=O)N(CCC(c3ccccc3)c3ccccc3)CCN3CCOCC3)n2)cc1,63.33,4.148359150528339,0.4852080582600341
6486,O=S(=O)(c1ccc(Cl)cc1)N1CCCc2ccc(Oc3cc(-c4nnc(C5CC5)o4)cc(Cl)n3)cc21,63.33,4.148359150528339,0.4852080582600341
6392,Cc1cc(C(N)=O)c(NC(C)C)cc1C(=O)NC1CC2CCC(C1)N2c1ccc(C(=O)C2CC2)cn1,63.17,4.145829504910609,0.4850362513268072
6127,CCNc1nc2sc(-c3cccc([C@H](C)NC(C)=O)c3)nc2c2c1ncn2C,63,4.143134726391533,0.4848532289975751
5985,Cl.O=c1n(C(CO)CO)c2ccccc2n1C1CCN(C[C@H]2[C@H]3CC[C@H](C3)C23CC3)CC1,63,4.143134726391533,0.4848532289975751
1768,CCS(=O)(=O)CCN(C(=O)Cc1ccc(F)c(C(F)(F)F)c1)[C@H](C)c1nc2c(c(=O)n1-c1ccc(C#N)cc1)CCCN2C,63,4.143134726391533,0.4848532289975751
6364,N#CC1(NC(=O)[C@@H]2CCCC[C@H]2C(=O)N2CCc3[nH]c4ccc(F)cc4c3C2)CC1,63,4.143134726391533,0.4848532289975751
6464,CCNC(=O)C[C@@H]1N=C(c2ccc(Cl)cc2)c2cc(OC)ccc2-n2c(C)nnc21,63,4.143134726391533,0.4848532289975751
6578,CC[C@H](C)[C@@H]1NC(=O)[C@H](Cc2ccc(O)cc2)NC(=O)CCSSC[C@@H](C(=O)N(CCc2ccccn2)CC(=O)N[C@@H](CC(C)C)C(=O)NCC(N)=O)NC(=O)[C@H](CC(N)=O)NC(=O)[C@H](CCC(N)=O)NC1=O,63,4.143134726391533,0.4848532289975751
5888,O=C(O)CCc1ccc(S(=O)(=O)CCc2c(CCNS(=O)(=O)Cc3ccccc3Cl)n(C(c3ccccc3)c3ccccc3)c3ccc(Cl)cc23)cc1,63,4.143134726391533,0.4848532289975751
6474,O=C(N1CCOCC1)N1CCC(Oc2ccc3c(c2)CCN(C2CCC2)CC3)CC1,63,4.143134726391533,0.4848532289975751
6396,C[C@@](NC(=O)c1ccsc1)(c1cn(C2(C#N)CC2)nn1)[C@H]1CC[C@H](C)CC1,63,4.143134726391533,0.4848532289975751
1568,CN1Cc2cc(C(=O)NCc3cccc(N)n3)ccc2N[C@@H](CC(=O)O)C1=O,63,4.143134726391533,0.4848532289975751
6302,O=c1ncn2nc(Sc3ccc(F)cc3F)ccc2c1-c1c(Cl)cccc1Cl,63,4.143134726391533,0.4848532289975751
1658,O=C1NC[C@@H](c2ccccc2)C12CCN(C1CCCCC1c1ccccc1)CC2,63,4.143134726391533,0.4848532289975751
6060,CCCCCOC(=O)N1CCN(C(=O)[C@H](CCC(=O)O)NC(=O)c2cc(OCC3CCN(C(C)C)CC3)cc(-c3ccccc3)n2)CC1,63,4.143134726391533,0.4848532289975751
1533,C[C@H](Nc1cc(-c2c(-c3cccc(C(F)(F)F)c3)nc(C3CCNCC3)n2C)ccn1)c1ccccc1,63,4.143134726391533,0.4848532289975751
6587,CC[C@H](C)[C@@H]1NC(=O)[C@H](Cc2ccccc2)NC(=O)CCSCC[C@@H](C(=O)N(CC(=O)N[C@@H](CC(C)C)C(=O)NCC(N)=O)Cc2cccc(C)c2)NC(=O)[C@H](CC(N)=O)NC(=O)[C@H](CCC(N)=O)NC1=O,63,4.143134726391533,0.4848532289975751
6047,Cc1c(Cc2ccc(F)c(C(=O)N3CCN(C(=O)C4(Cc5ccccc5)CCCN4)CC3)c2)n[nH]c(=O)c1C,63,4.143134726391533,0.4848532289975751
6207,Cc1nc(C)n(CC23CNCC[C@]2(c2ccc(Cl)c(Cl)c2)C3)n1,63,4.143134726391533,0.4848532289975751
6458,CCc1nc2ccccc2n1-c1nc(N2CCOCC2)c2nc(CC3CN(C4CCS(=O)(=O)CC4)C3)n(C)c2n1,63,4.143134726391533,0.4848532289975751
6421,CC1=C(c2nccn2C(C)C)[C@@H](c2ccc(Cl)c(Cl)c2)n2nc(C(F)(F)F)cc2N1,63,4.143134726391533,0.4848532289975751
1553,O=C(O)CC1Cc2ccc(OCCCNc3ccccn3)cc2CN(CC(F)(F)F)C1=O,63,4.143134726391533,0.4848532289975751
5924,CCOc1cc2ncc(C(N)=O)c(Nc3cccc(Cl)c3Cl)c2cc1N1CCCN(C)CC1,63,4.143134726391533,0.4848532289975751
6727,COC[C@H](C)CN1[C@H](c2ccc(/C=C/C(=O)O)cc2)c2ccc(O)cc2C[C@H]1C,63,4.143134726391533,0.4848532289975751
6574,CCCCN(CC(=O)N[C@@H](CC(C)C)C(=O)NCC(N)=O)C(=O)[C@@H]1CSSCCC(=O)N[C@@H](Cc2ccc(O)cc2)C(=O)N[C@@H]([C@@H](C)CC)C(=O)N[C@@H](CCC(N)=O)C(=O)N[C@@H](CC(N)=O)C(=O)N1,63,4.143134726391533,0.4848532289975751
6605,CC(C)(C)c1cc(F)c(NC(=O)c2c[nH]c3ccccc3c2=O)cc1O,62.9,4.141546163706395,0.4847453379628549
6343,O=[N+]([O-])c1ccc(C2=NOC(c3ccc(N4CCCCC4)cc3)C2)o1,62.83,4.140432666414855,0.4846697121307324
6713,Cc1ccoc1C(=O)Nc1ccc(N2C(=O)c3ccc(F)cc3C2=O)cc1F,62.6,4.136765278106052,0.4844206326810767
6385,COC(=O)c1ccc2c(c1)c1c(n2CCCNc2nc(OC)cc(OC)n2)CCCC1,62.5,4.135166556742356,0.484312051695402
6846,CCCCCNc1nc(C(C)(C)C)ncc1C(=O)N(CC(C)C)[C@@H]1CNC[C@H](C(=O)N2CCOCC2)C1,62.42,4.133885736842633,0.4842250617480966
1691,Fc1ccccc1OC1CCN(c2ccc(-c3nc(Cc4ccccc4)no3)nn2)CC1,62.33,4.132442850820759,0.4841270646924313
6462,O=c1ccc2ncc(F)c3c2n1C[C@@]3(O)CN1CCC(NCc2cc3c(cn2)OCCO3)CC1,62.2,4.130354999745133,0.4839852632923364
6834,O=C(N[C@@H](C(=O)N1CCC[C@H]1C(=O)Nc1nc(-c2ccccc2)cs1)c1ccccc1)c1ccncc1,62.2,4.130354999745133,0.4839852632923364
6794,O=S(=O)(Nc1ncns1)c1cc(F)c(NCC23CCCN2CCC3)cc1F,62,4.127134385045092,0.4837665275410353
6125,C[C@@H]1CCN(C(=O)CC#N)C[C@@H]1N(C)c1ncnc2[nH]ccc12,62,4.127134385045092,0.4837665275410353
6635,COc1ccc(S(=O)(=O)Nc2nc(-c3cccc([N+](=O)[O-])c3)c(CN3CCCCC3)s2)cc1OC,62,4.127134385045092,0.9529232511731036
5891,CCc1cn2c3c(cc(C(=O)N[C@@H](Cc4ccccc4)[C@H](O)CNC4CC4)cc13)N(C)S(=O)(=O)CC2,62,4.127134385045092,0.4837665275410353
5933,CC[C@H](NC(=O)c1c(C)c(-c2ccccc2)nc2ccccc12)c1ccccc1,62,4.127134385045092,0.4837665275410353
5989,COc1ccc(CC(=O)NC(N/C(=N/C#N)Nc2cccc3ncccc23)C(C)(C)C)cc1OC,62,4.127134385045092,0.4837665275410353
6521,Cc1ccc(NC(=O)[C@H](COC(C)C)Oc2ncnc3c2cnn3-c2ncccc2Cl)nc1,62,4.127134385045092,0.4837665275410353
6723,CC(C)n1ncnc1-c1cn2c(n1)-c1cnc(O[C@@H](C)C(N)=O)cc1OCC2,62,4.127134385045092,0.4837665275410353
5838,CCCc1nc2cc3c(cc2o1)CCN(CCCSc1nnc(-c2cccc4nc(C)ccc24)n1C)CC3,62,4.127134385045092,0.4837665275410353
1655,Cc1ccc(-c2cc(Cl)ccc2OCc2ccc(F)cc2F)n1-c1cccc(C(=O)O)c1,62,4.127134385045092,0.4837665275410353
6146,CC(=O)N1CCc2nc(C)n([C@H]3C[C@H]4CC[C@@H](C3)N4CCC(CNS(=O)(=O)c3ccccc3)c3ccccc3)c2C1,62,4.127134385045092,0.4837665275410353
6879,CC(C)n1c(=O)c(C(=O)NCCCN2CCCCC2)c(O)c2ccsc21,62,4.127134385045092,0.4837665275410353
6305,CCCCCS(=O)(=O)NC(=O)CCc1ccc(OCCOC)cc1Oc1ncc(C(F)(F)F)cc1Cl,62,4.127134385045092,0.9529232511731036
6370,CC(C)(C)NC[C@H](O)COc1ccc2c(=O)cc(-c3cc(OCc4ccccc4)cc(OCc4ccccc4)c3)oc2c1,62,4.127134385045092,0.4837665275410353
6126,CCCCNCc1ccc(-c2nc(CN([C@@H]3CCOC3)S(=O)(=O)c3ccc(OC)cc3)cs2)cc1,62,4.127134385045092,0.4837665275410353
6173,Cc1nc2ccccc2n1C1CC2CCC(C1)N2CCC1(c2ccccc2)CCN(C(=O)c2cccc(C(=O)O)c2)CC1,62,4.127134385045092,0.4837665275410353
6358,N#Cc1ccc2ccc(=O)n(CCN3CC[C@@H](NCc4ccc5c(n4)NC(=O)CO5)[C@@H](F)C3)c2c1,62,4.127134385045092,0.4837665275410353
5923,CCOc1cc2ncc(C(N)=O)c(Nc3cccc(Cl)c3Cl)c2cc1N1CCN(C(C)=O)CC1,62,4.127134385045092,0.4837665275410353
6149,CC[C@@H]1CN(C(=O)N[C@H](Cc2ccc(F)cc2)C(=O)N2CCC(C(=O)NC(C)(C)C)(C3CCCCC3)CC2)C[C@@H](CC)N1,62,4.127134385045092,0.4837665275410353
6147,O=S(=O)(Nc1ccc(CCNC[C@H](O)c2cccnc2)cc1)c1ccc(-c2nc(-c3ccc(C(F)(F)F)cc3)cs2)cc1,62,4.127134385045092,0.4837665275410353
6353,COc1cc(C2CCN(CC(O)CF)CC2)ccc1Nc1ncc2ccc(-c3ccccc3OC)n2n1,62,4.127134385045092,0.4837665275410353
5839,Cc1nc2cc3c(cc2o1)CCN(CCCSc1nnc(-c2ccc(C(F)(F)F)cc2)n1C)CC3,62,4.127134385045092,0.4837665275410353
6702,O=C(c1ccc(C[C@@H]2CC[C@H]([C@H](O)c3ccccc3)N2)cc1)N1C[C@@H]2[C@H](C1)[C@H]2c1nnco1,62,4.127134385045092,0.4837665275410353
6086,CC(C)(O)C(=O)NC1CC2(CCCCC2)Oc2nc(-c3ccccc3Cl)c(-c3ccc(Cl)cc3)cc21,62,4.127134385045092,0.4837665275410353
6352,O=C(c1cccc2c1C(=O)N(Cc1ccccc1)C2)N1CCCC1,62,4.127134385045092,0.9529232511731036
1504,C[C@]1(C(=O)N[C@H](Cc2ccccc2)C(=O)O)CCCN1S(=O)(=O)c1cc(Cl)cc(Cl)c1,62,4.127134385045092,0.4837665275410353
6059,CCCCCOC(=O)N1CCN(C(=O)[C@H](CCC(=O)O)NC(=O)c2cc(OCC3CCNCC3)cc(-c3ccccc3)n2)CC1,62,4.127134385045092,0.4837665275410353
6411,Cc1cccc(N2CNC(=O)C23CCN(C[C@H](C)NC(=O)c2ccc(Br)cc2)CC3)c1,61.8,4.123903364463645,0.4835470850494068
6840,COc1ccc(C[C@H]2CC[C@](O)(Cc3cc(-c4cn[nH]c4)on3)CC2)cc1,61.8,4.123903364463645,0.4835470850494068
6165,CC(=O)Nc1nc2ccc(-c3ccnc(N(C)S(=O)(=O)c4ccc(C)cc4)n3)cc2s1,61.67,4.1217975890034015,0.4834040662718541
1683,CCN(CC)c1ccc(NC(=O)c2c(-c3c(Cl)cccc3Cl)noc2C)cc1,61.67,4.1217975890034015,0.4834040662718541
6023,CCS(=O)(=O)CCN(C(=O)Cc1ccc(F)c(C(F)(F)F)c1)[C@H](C)c1nc2ncccn2c1-c1ccc(C#N)cc1,61.67,4.1217975890034015,0.4834040662718541
6615,Fc1cccnc1-c1ccc2[nH]nc(-c3cncc(O[C@H]4CNCCC45CC5)n3)c2c1,61.67,4.1217975890034015,0.4834040662718541
1737,Cc1nn(C)cc1-c1ccc2cc(CCN3CCC[C@H]3C)ccc2n1,61.67,4.1217975890034015,0.4834040662718541
6322,CN1CCOCCN(C)S(=O)(=O)NC(=O)c2ccc3c(C4CCCCC4)c4n(c3c2)CC(=Cc2cc(F)ccc2-4)C1=O,61.67,4.1217975890034015,0.4834040662718541
1632,CCc1nc(N)nc(N)c1-c1ccc(NCc2ccc(C(C)=O)cc2)cc1,61.67,4.1217975890034015,0.4834040662718541
5881,CCNCc1ccc(Nc2ccnc3cc(Cl)ccc23)cc1O,61.5,4.119037174812473,0.4832165861389629
6816,CNC(=O)c1ccc(-c2c[nH]c3nc(Nc4ccc(C(=O)NC)cc4OC)nc(OC4CCCC4)c23)cc1,61.3,4.115779842942166,0.482995356653213
6749,CN(c1ccc2[nH]ncc2c1)c1ccn(-c2ccccn2)n1,61.3,4.115779842942166,0.482995356653213
6435,Cc1ccc(-c2ccccc2)c(C(=O)N2CC3(CC3)C[C@H]2CNc2ccc(C(F)(F)F)cn2)n1,61.3,4.115779842942166,0.482995356653213
6875,Cc1ccc(-c2ccc(F)cc2COc2ccc(CCC(=O)O)cc2)cc1,61.17,4.113656873254474,0.4828511700885734
6606,Cn1c(=O)n(Cc2ccccc2C#N)c2c(N3CCC[C@@H](N)C3)ncnc21,61.17,4.113656873254474,0.4828511700885734
6014,O=C(Nc1ccc(CC(=O)N2C[C@@H](F)C[C@H]2CO[C@H]2CC[C@H](C(=O)O)CC2)cc1Cl)c1c[nH]c2ccccc12,61.1,4.11251186617755,0.4827734041940028
6582,CCCCN(CC(=O)N[C@@H](CC(C)C)C(=O)NCC(N)=O)C(=O)[C@@H]1CCSCCC(=O)N[C@@H](Cc2ccccc2)C(=O)N[C@@H]([C@@H](C)CC)C(=O)N[C@@H](CCC(N)=O)C(=O)N[C@@H](CC(N)=O)C(=O)N1,61,4.110873864173311,0.4826621553696634
5943,N#Cc1cccnc1N1CCN([C@@H]2CN[C@H](C(=O)N3CCC(F)(F)C3)C2)CC1,61,4.110873864173311,0.4826621553696634
1625,CCc1ccc(Cc2c[nH]c3cccc(O[C@@H]4O[C@H](CO)[C@@H](O)[C@H](O)[C@H]4O)c23)cc1,61,4.110873864173311,0.4826621553696634
6586,CC[C@H](C)[C@@H]1NC(=O)[C@H](Cc2ccc(O)cc2)NC(=O)CCSCC[C@@H](C(=O)N(CC(=O)N[C@@H](CC(C)C)C(=O)NCC(N)=O)Cc2cccc(C)c2)NC(=O)[C@H](CC(N)=O)NC(=O)[C@H](CCC(N)=O)NC1=O,61,4.110873864173311,0.4826621553696634
6114,COc1ccc(F)cc1C(C)(C)C[C@@](O)(Cc1cc2ccncc2[nH]1)C(F)(F)F,61,4.110873864173311,0.4826621553696634
6821,O=C(O[C@H](CO)C(F)(F)F)N1C[C@@H]2[C@H](C1)[C@H]2c1ccn(-c2ccc(F)cc2)n1,61,4.110873864173311,0.4826621553696634
6644,CCN(Cc1ccc2[nH]cnc2c1Cl)c1nccc(Nc2cc(C3CC3)[nH]n2)n1,61,4.110873864173311,0.4826621553696634
1539,CCN(c1nc(F)ccc1NC(C)(C)C)C1CCN(C(=O)c2cc3cc(NS(=O)(=O)N4CCN(C)CC4)ccc3[nH]2)CC1,61,4.110873864173311,0.4826621553696634
5936,CN(C)CCOc1cc(-c2cn[nH]c2)ccc1NC(=O)C1COc2ccc(F)cc2C1,61,4.110873864173311,0.4826621553696634
5832,Cc1ccccc1S(=O)(=O)NCCc1c(CCOc2ccc(C(=O)O)cc2)c2cc(Cl)ccc2n1C(c1ccccc1)c1ccccc1,61,4.110873864173311,0.4826621553696634
6457,CC(C)Oc1cc(Oc2ccc(S(C)(=O)=O)cc2)cc(-c2nccc(=O)[nH]2)c1,61,4.110873864173311,0.4826621553696634
6001,N[C@H]1Cn2c(nc3cc(C(=O)O)ccc32)C[C@@H]1c1cc(F)c(F)cc1F.O=C(O)C(F)(F)F,61,4.110873864173311,0.4826621553696634
1558,CCC(CSC(CCc1ccccc1-c1nn[nH]n1)c1cccc(OCc2ccc3ccc(Cl)cc3n2)c1)C(=O)[O-].[Na+],61,4.110873864173311,0.4826621553696634
1734,CN(C(=O)Oc1ccc(Oc2ccc(C(F)(F)F)cn2)cc1)c1ccccc1,61,4.110873864173311,0.4826621553696634
5999,O=c1n(Cc2nc3ccccc3n2CCCCO)c2cnccc2n1C1CC1,61,4.110873864173311,0.4826621553696634
6119,O=C(O)C1(F)CCN(C2CC[C@]3(Cc4ccccc4Cc4ccccc43)C2)CC1,61,4.110873864173311,0.4826621553696634
6254,Cc1cccc(C[C@H](O)/C=C/[C@H]2CCC(=S)N2CCSCCCC(=O)O)c1,61,4.110873864173311,0.4826621553696634
6412,NC(=O)c1ccc2c(c1)OCCc1cc(-c3ncnn3C3CCC3)sc1-2,61,4.110873864173311,0.4826621553696634
6339,Nc1nc(C(F)(F)F)nc2c1nnn2C[C@H]1CCCO1,61,4.110873864173311,0.4826621553696634
1572,OC1(CCCc2ccc(-c3nnn[nH]3)cc2)CCN(C[C@H]2CN(CC3CCCCC3)C[C@@H]2c2ccccc2)CC1,61,4.110873864173311,0.4826621553696634
5963,C[C@@H]1CN(Cc2ccc(-n3ccnc3C(=O)N3CCC(Nc4cccc(F)c4)CC3)cc2)C[C@H](C)N1,61,4.110873864173311,0.4826621553696634
1524,CS(=O)(=O)Oc1cccc2c1CCC1C2CCCN1CCCCNC(=O)c1ccc(-c2ccccc2)cc1,61,4.110873864173311,0.4826621553696634
6445,CNc1cc(C)cc(N2CCC(C(=O)NCc3ccccc3C(F)(F)F)CC2)n1,61,4.110873864173311,0.4826621553696634
6752,COC(=O)N[C@H](C(=O)Nc1ccccc1CC[C@@H]1CN[C@H](COC(=O)NCc2ccccc2F)CO1)C(c1ccccc1)c1ccccc1,61,4.110873864173311,0.4826621553696634
6552,Cc1cccc2nc(C(=O)N[C@H]3CC[C@@H](NC(=O)c4cc(F)cnc4Oc4cccc(-c5ccc(CN6C[C@@H](C)N[C@@H](C)C6)cc5)c4)CC3)cn12,61,4.110873864173311,0.4826621553696634
6078,CC(=O)N1CCCC1(Cc1ccccc1)C(=O)OCc1ccccc1,61,4.110873864173311,0.4826621553696634
5934,CN(C)CCN1CCn2c(c(C3CCCCC3)c3ccc(C(=O)O)cc32)-c2ccccc2C1,61,4.110873864173311,0.4826621553696634
6410,O=C(NCCN1CCC2(CC1)C(=O)NCN2c1cccc(F)c1)c1ccc(F)c(F)c1,60.9,4.109233174715851,0.4825507240205098
1577,CN(C)CC/N=C(\S)c1cccnc1S.Cl,60.83,4.108083088332614,0.4824726131527008
6371,CC(C)(C)NCC(O)COc1ccc2c(=O)cc(-c3cc(OCc4ccccc4)cc(OCc4ccccc4)c3)oc2c1,60.83,4.108083088332614,0.4824726131527008
6389,CCCN1CCc2c(c3cc(OC)c(OC)cc3c3cc(OC)c(OC)cc23)C1,60.8,4.107589788972121,0.4824391095466245
6733,O=c1ccc2ccc(F)c3c2n1C[C@H]3CN1CCC(NCc2cc3c(nn2)OCCO3)CC1,60.8,4.107589788972121,0.4824391095466245
6113,C[C@@H](CN1CCC(n2c(=O)[nH]c3cc(Br)ccc32)CC1)NC(=O)[C@H]1C[C@@H]1c1ccccc1,60.7,4.1059436980654525,0.4823273113451272
6604,CC(C)(C)c1c[nH]c2cc(NC(=O)c3c[nH]c4ccccc4c3=O)ccc12,60.7,4.1059436980654525,0.4823273113451272
1740,CNc1cc(-c2cccnc2Oc2cc(NC(=O)c3cccc(OC(F)(F)C(F)F)c3)ccc2C)ccn1,60.67,4.105449341954206,0.4822937359672957
6386,Cc1noc(-c2ccc3c(c2)c2c(n3CCCOc3cc(F)cc(F)c3)CCCC2)n1,60.67,4.105449341954206,0.4822937359672957
6167,CC(C)(C)OC[C@@H]1C(=O)NCCN1C(=O)C[C@H](N)Cc1cc(F)c(F)cc1F,60.5,4.102643365036796,0.482103161332846
6532,Cc1nn(-c2c(F)cccc2CO)cc1CN1CCC2(CC1)OCC(F)(F)c1cc(Cl)sc12.O=C(O)C(O)C(O)C(=O)O,60.5,4.102643365036796,0.482103161332846
1552,O=C(O)[C@@H](CC1CC1)N1C[C@H](CN2CCC(c3[nH]c(Cc4ccccc4)nc3Cl)CC2)[C@@H](c2cccc(F)c2)C1,60.5,4.102643365036796,0.482103161332846
1727,CSC(=S)N1CC2(CCCCC2)CS/C1=N\c1cccc2nsnc12,60.4,4.100989104940769,0.4819908083013122
1724,Cl.c1cn(C[C@H]2CC[C@]3(CC2)OO[C@]2(O3)C3CC4CC(C3)CC2C4)cn1,60.1,4.096009841541162,0.4816526297167627
6144,N[C@H]1CN(c2cc(N3CCC(F)(F)C3)ncn2)C[C@@H]1N1CCCCC1=O,60.1,4.096009841541162,0.4816526297167627
6130,CC(C)n1cc(C[C@H](NC(=O)c2c(Cl)cc3c(c2Cl)CCN(C(=O)c2ccc(Cl)cc2)C3)C(=O)O)nn1,60,4.0943445622221,0.4815395282883378
1757,N[C@@H](CC(=O)N1CCn2nc(C(F)(F)F)nc2C1)Cc1cc(F)c(F)cc1F,60,4.0943445622221,0.4815395282883378
6214,COc1ccccc1-c1ccc2cnc(Nc3ccc(N4CCN(C)CC4)cc3)nn12,60,4.0943445622221,0.4815395282883378
5922,COCCOc1cc2ncc(C(N)=O)c(Nc3cc(C)ccc3F)c2cc1N1CCN(C)CC1,60,4.0943445622221,0.4815395282883378
6426,CN1C(=O)[C@]2(CC(C)(C)Cc3ccc(-c4cccnc4F)cc32)N=C1N,60,4.0943445622221,0.4815395282883378
6449,O=C(N[C@H]1CCC[C@H](CO)C1)C1CCN(c2nc3cc(Cl)c(C(F)F)cc3o2)CC1,60,4.0943445622221,0.4815395282883378
5835,Cc1ccc2c(-c3nnc(SCCCN4CCc5ccc6oc(C(F)(F)F)nc6c5CC4)n3C)cccc2n1,60,4.0943445622221,0.4815395282883378
1585,COc1ccc(S(=O)(=O)Nc2ccccc2Br)cc1N1CCNCC1,60,4.0943445622221,0.4815395282883378
6265,O=C(c1cc2cc(Cl)ccc2[nH]1)N1C[C@]2(CCN(C3CCNC3)C2)c2ccccc21,60,4.0943445622221,0.4815395282883378
6704,Cc1nc(C)c(CNc2nc(OCCCc3ccc4ccccc4n3)nc(Cl)c2C)s1,60,4.0943445622221,0.4815395282883378
6398,O=C(NC[C@@H](O)CN1CCC(Oc2ccc(Cl)c(Cl)c2)CC1)c1c[nH]c(=O)c2ccccc12,60,4.0943445622221,0.4815395282883378
1701,CC(C)C(=O)Nc1cc(C2CCN(CCCNC(=O)C(c3ccc(F)cc3)c3ccc(F)cc3)CC2)c(F)cc1F,60,4.0943445622221,0.4815395282883378
6200,CC(C)(C)OC(=O)NC[C@H]1CC[C@H](CNC(=O)c2cc(-c3ccccc3)nc3ccccc23)CC1,60,4.0943445622221,0.4815395282883378
1725,CCc1cccc(CC)c1NC(=O)NCC1(O)CCN(Cc2cc(Br)ccc2OCc2ccc(Cl)cc2)CC1,60,4.0943445622221,0.4815395282883378
6460,CN[C@@H](CC(C)C)C(=O)N[C@@H]1CC[C@H]2CN(S(=O)(=O)c3cccc(C(F)(F)F)c3)C[C@H]21,60,4.0943445622221,0.4815395282883378
6735,O=C(CN1CCN(c2cccc3c2cnn3-c2ccccc2F)C1=O)NC1CC1,60,4.0943445622221,0.4815395282883378
6500,COC(=O)N[C@H](C(=O)N1CCC[C@H]1c1ncc(-c2ccc(-c3ccc(-c4cnc([C@@H]5CC6(CN5C(=O)[C@@H](NC(=O)OC)C(C)C)OCCO6)[nH]4)cc3)cc2)[nH]1)C(C)C,60,4.0943445622221,0.4815395282883378
6155,COCCCc1cc(CN(C(=O)[C@H]2CNCC[C@@H]2c2ccc(OCCOc3c(Cl)cc(C)cc3Cl)cc2)C2CC2)cc(OC[C@H]2C[C@@H]2C(=O)O)c1,60,4.0943445622221,0.4815395282883378
6255,O=C1COc2ccc(C3=Nn4cnnc4SC3c3ccc(F)cc3)cc2N1,60,4.0943445622221,0.950696251920406
6230,CCN1CCN(c2ccc(Nc3cc(N(C)C(=O)Nc4c(Cl)c(OC)cc(OC)c4Cl)ncn3)cc2)CC1.O=P(O)(O)O,60,4.0943445622221,0.4815395282883378
1518,CCn1nc(Cc2ccccc2)cc1C1CCN(C[C@H]2CN([C@@H](C(=O)O)C3CCC3)C[C@@H]2c2ccccc2)CC1,60,4.0943445622221,0.4815395282883378
5860,N#CCN(CC(=O)N1CCCC(c2ccccc2)C1CN1CCOCC1)c1ccc(Cl)c(Cl)c1,60,4.0943445622221,0.4815395282883378
6228,Cc1c(-c2noc(-c3ccc(OC(C)C)c(C#N)c3)n2)ccc2c1CCN(C(CO)CO)C2,60,4.0943445622221,0.4815395282883378
6537,Cc1cccc(-c2[nH]c(CNc3ccccc3F)nc2-c2ccc3ncnn3c2)n1.Cl,60,4.0943445622221,0.4815395282883378
6099,N[C@H]1CC[C@@H](C(=O)Nc2cc3cc[nH]c(=O)c3cc2Cl)CC1,60,4.0943445622221,0.4815395282883378
6851,N#Cc1cccnc1N1CCN(C(=O)c2cc(Cc3n[nH]c(=O)c4ccccc34)cc(F)c2F)CC1,60,4.0943445622221,0.4815395282883378
6571,CO[C@H]1CN(c2nc3cccc(C(=O)O)c3s2)CC[C@H]1NC(=O)c1[nH]c(C)c(Cl)c1Cl,60,4.0943445622221,0.4815395282883378
6439,CC(C)n1ncnc1-c1nc2c(s1)CCOc1cc(C3CN(C(=O)C(C)(C)N)C3)ccc1-2,60,4.0943445622221,0.4815395282883378
6694,CC(C)c1nc(C(=O)NC[C@@H]2[C@H]3CN(CC4CCOCC4)C[C@@H]23)c2ccccn12,60,4.0943445622221,0.4815395282883378
5939,Cc1ccc(NC(=O)c2cccc(C(C)(C)C#N)c2)cc1C(=O)Nc1cncc(Cl)c1,60,4.0943445622221,0.4815395282883378
6243,CS(=O)(=O)N1CCN(Cc2cc3nc(-c4cccc5[nH]ncc45)nc(N4CCOCC4)c3s2)CC1.CS(=O)(=O)O,60,4.0943445622221,0.4815395282883378
6699,C[C@H]1Cn2c(nnc2C(C)(C)C)CN1C(=O)c1cccc(C(F)(F)c2n[nH]c(=O)c3ccccc23)c1,60,4.0943445622221,0.4815395282883378
6709,CC1(C)OCc2c(Nc3n[nH]c4c(Cl)c(F)ccc34)nc(-c3cn[nH]c3)nc21,60,4.0943445622221,0.4815395282883378
5880,Cc1nc(NC(=O)C2c3ccccc3Oc3ccccc32)no1,60,4.0943445622221,0.4815395282883378
1717,N[C@@H](CC(=O)N1CCn2c(nnc2C(F)(F)F)C1)Cc1cc(F)c(F)cc1F,60,4.0943445622221,0.4815395282883378
1676,CN1C(=O)NC(=O)[C@]12Cc1ccc(NC(=O)Cn3c(=O)n(-c4cnsc4)c4ccccc43)cc1C2,60,4.0943445622221,0.4815395282883378
1735,CNCCN[C@H](c1cc(C)ccc1N1CCN(C(=O)[C@H](C)Cc2ccc(Cl)cc2F)CC1)C(C)C,60,4.0943445622221,0.4815395282883378
6751,COC(=O)N[C@H](C(=O)Nc1ccccc1CC[C@@H]1CN[C@H](COC(=O)NC(C)C)CO1)C(c1ccccc1)c1ccccc1,60,4.0943445622221,0.4815395282883378
6697,CC(C)c1nc(C(=O)NC[C@@H]2[C@H]3CN(CC(C)(C)O)C[C@@H]23)c2ccccn12,60,4.0943445622221,0.4815395282883378
6686,CCC(=O)Nc1n[nH]c2c1CN([C@H]1CO[C@H](c3cc(F)ccc3F)[C@@H](N)C1)C2,60,4.0943445622221,0.4815395282883378
6104,O=C(NC[C@H](NC(=O)c1c(Cl)cc2c(c1Cl)CCN(C(=O)c1ccc(Cl)cc1)C2)C(=O)O)c1ccccc1,60,4.0943445622221,0.4815395282883378
5912,CNC(=O)c1cccc(-c2ccc(C(CN3CCOCC3)N(C)C(=O)Cn3c(=O)cnc4cc(C)c(C)cc43)cc2)c1,60,4.0943445622221,0.4815395282883378
6105,O=C(NC[C@H](NC(=O)c1c(Cl)cc2c(c1Cl)CCN(C(=O)c1cc3ccccc3o1)C2)C(=O)O)c1cccs1,60,4.0943445622221,0.4815395282883378
1554,O=C(O)C[C@H]1Cc2ccc(OCCCNc3ccccn3)cc2CN(CC(F)(F)F)C1=O,60,4.0943445622221,0.4815395282883378
6354,CN1CCN(c2nc3c(c(-c4cc(F)ccc4Br)c2CN)c(=O)n(C)c(=O)n3C)CC1,60,4.0943445622221,0.4815395282883378
6470,Cc1ccc(C(=O)O)cc1-c1cnc(N)c(N[C@H](C)c2ccc(Cl)cc2)n1,60,4.0943445622221,0.4815395282883378
1621,CN[C@H]1CC[C@@H](c2ccc(Cl)c(Cl)c2)c2ccc(S(N)(=O)=O)cc21,60,4.0943445622221,0.4815395282883378
6111,CNc1nccc(-c2cccnc2Oc2ccc(NC(=O)c3ccccc3Nc3ccccc3)cc2)n1,60,4.0943445622221,0.4815395282883378
1508,C[C@]1(C(=O)N[C@@H](Cc2ccccc2)C(=O)O)CCCN1S(=O)(=O)c1cc(Cl)cc(Cl)c1,60,4.0943445622221,0.4815395282883378
6131,CS(=O)(=O)c1ccc(C[C@H](NC(=O)c2c(Cl)cc3c(c2Cl)CCN(C(=O)c2ccc4ccoc4c2)C3)C(=O)O)o1,60,4.0943445622221,0.4815395282883378
6622,COCCCOc1cc(C(=O)N(C[C@@H]2CNC[C@H]2NS(=O)(=O)Cc2ccccc2)C(C)C)ccc1OC,60,4.0943445622221,0.4815395282883378
6873,N#Cc1cc(S(=O)(=O)Nc2ncns2)ccc1Oc1ccc(-c2cccc(C(F)(F)F)c2)cc1-c1ccnc(CNCCC2CCNCC2)c1,59.8,4.091005660956586,0.4813127588219923
1604,COc1ccc2c(c1)CCN1Cc3c(ccc4[nH]c(C)c(Cc5ccccc5)c34)OC21,59.78,4.090671156855792,0.4812900401758284
6158,N#Cc1cnc2ccc(-c3cncc(NS(=O)(=O)c4ccccc4)c3)cn12,59.67,4.088829381533991,0.4811649515991859
6700,Cc1cc(C(=O)O)cc(C)c1NC(=O)c1cc(-c2cccc(CO)c2)nc2ccccc12,59.6,4.087655574071304,0.4810852296575235
6345,O=C(c1ccc(F)c(F)c1Nc1ccc(I)cc1F)N1CC(O)([C@@H]2CCCCN2)C1,59.42,4.084630870034462,0.4808797996475463
6682,COc1ccc(-c2cc(=O)[nH]c(=S)n2CCO)c(OC)c1,59.3,4.08260930600368,0.4807425002906655
6623,CC1CCN(c2nc3c(c(Nc4cc(C5CC5)[nH]n4)n2)CCC3)CC1,59.13,4.079738409832738,0.4805475165098207
6642,N[C@@H](CC(=O)N1CCn2c(nnc2C(F)(F)F)C1)[C@H]1CCc2cc(F)c(F)cc21,59.08,4.078892457663179,0.4804900616446451
5971,CCC(=O)CCCCC[C@H](NC(=O)CCN(C)C)c1ncc(-c2cc(OC)c3ccccc3n2)[nH]1,59,4.07753744390572,0.4803980326440144
6525,NC(=O)c1ccccc1Nc1nc(Nc2ccc(N3CCOCC3)cc2)ncc1Cl,59,4.07753744390572,0.4803980326440144
6316,Cc1cccnc1CN1CCC2(CC1)C(=O)N(c1ccc(-c3ccccc3)cc1)c1ncccc12,59,4.07753744390572,0.4803980326440144
6275,O[C@H]1CC[C@H](Nc2ncc3nc(Nc4ccc(F)cc4F)n(C4CCCC4)c3n2)CC1,59,4.07753744390572,0.4803980326440144
1547,N=C(N)c1cc2cc(-c3cccc(-c4ccccc4)c3O)[nH]c2cc1Cl,59,4.07753744390572,0.4803980326440144
1713,COc1ccc(N2Cc3cc(C)cc(C)c3C2=O)cc1OCCN1CCC(C)CC1,59,4.07753744390572,0.4803980326440144
6032,CCOCCCO[C@@H](c1ccccc1)[C@@H]1CCCN(C(=O)N[C@H](CNC)CC2CCCCC2)C1,59,4.07753744390572,0.4803980326440144
6241,[O-][n+]1ccc2c(-c3ccc(F)cc3F)cc(NC3CCNCC3)nc2c1-c1c(F)cccc1F,59,4.07753744390572,0.4803980326440144
6235,CN1C[C@@H]2CN(C(=O)c3nc4cc(F)c(F)cc4[nH]3)C[C@@H]2C1,59,4.07753744390572,0.4803980326440144
5976,CNC[C@H](CC1CCCCC1)NC(=O)N1CCC[C@@H]([C@@](O)(CCCCOC)c2cccc(F)c2)C1.O=C(O)/C=C/C(=O)O,59,4.07753744390572,0.4803980326440144
5918,COc1cc2ncc(C(N)=O)c(Nc3ccc(F)c(Cl)c3)c2cc1OC,59,4.07753744390572,0.4803980326440144
6665,CC(C)c1nn(C)cc1-c1nc2c(N3CCN(Cc4cccnc4)CC3)c(Br)cnc2[nH]1,59,4.07753744390572,0.4803980326440144
1633,Fc1cnc(-c2cc(-c3cnnc(-c4c(F)cncc4F)c3)ccc2F)c(F)c1,59,4.07753744390572,0.4803980326440144
6600,O=C(N[C@@H]1CCC[C@H](Nc2nc(-c3c[nH]c4ncc(Cl)cc34)ncc2F)C1)N1CCOCC1,59,4.07753744390572,0.4803980326440144
6347,CC(C)(O)C1CCN(Cc2ccc3nc(-c4c(F)ccc5[nH]ccc45)nc(N4CCOCC4)c3n2)CC1,59,4.07753744390572,0.4803980326440144
6075,OC(c1cccnc1)(c1cccnc1)C(c1ccccc1)N1CCCC1,59,4.07753744390572,0.4803980326440144
6872,C[C@H](O)[C@@H](CCc1ccc(C(F)(F)F)cc1)n1cnc2c(N)ncnc21,59,4.07753744390572,0.4803980326440144
5973,CCOCCCO[C@@H](c1ccccc1)[C@@H]1CCCN(C(=O)N[C@H](CNC)CC2CCCCC2)C1.O=C(O)/C=C/C(=O)O,59,4.07753744390572,0.4803980326440144
5914,Cn1c(CN2C[C@@H]3C(COc4ccc(Cl)cn4)[C@@H]3C2)nc2ccccc21,59,4.07753744390572,0.4803980326440144
6675,COc1cc2ncnc(Nc3cccc(Cl)c3F)c2cc1CN1CCOCC1,59,4.07753744390572,0.4803980326440144
5852,Cc1cc(NC(=O)Cc2ccccc2)nn1Cc1cc(Cl)ccc1OCc1ccccc1,59,4.07753744390572,0.4803980326440144
1521,O=C(NCCCCN1CC[C@@H]2c3ccccc3CC[C@@H]21)c1ccc(-c2ccccc2)cc1,59,4.07753744390572,0.4803980326440144
6641,Cn1c(-c2cccnc2)nc2ccc(F)cc21,59,4.07753744390572,0.4803980326440144
6070,CN(C)CCC1(c2ccccc2)CCCN(C(=O)Nc2ccc(Cl)cc2)C1,59,4.07753744390572,0.4803980326440144
6428,[2H]C1([2H])C[C@@H]2[C@H](O1)OC([2H])([2H])[C@]2([2H])OC(=O)N[C@@H](Cc1ccc(OC([2H])([2H])c2csc(C)n2)cc1)[C@]([2H])(O)CN(C([2H])([2H])C([2H])(C([2H])([2H])[2H])C([2H])([2H])[2H])S(=O)(=O)c1ccc2c(c1)OC([2H])([2H])O2,59,4.07753744390572,0.4803980326440144
5983,CN(C)C(=N)/N=C(\N)NSC1CCCCC1,59,4.07753744390572,0.4803980326440144
6759,[2H]/C(c1nc[nH]c1C(C)(C)C)=c1/[nH]c(=O)/c(=C/c2ccccc2)[nH]c1=O,58.83,4.0746519288763645,0.480202055988431
6251,COc1ccc(N(Cc2cnccc2C)C2CCN([C@H](C)CCNC(=O)c3c(C)ccnc3Cl)CC2)cc1,58.7,4.072439726834051,0.4800518089949769
1510,O=C1NCc2c(-c3ccc(F)cc3F)cc(C3CCNCC3)cc2N1c1c(Cl)cccc1Cl,58.6,4.070734696582967,0.4799360077869164
5961,COC(C)(C)CCn1nc(Nc2c(C)cccc2C)c2cnc(Nc3ccc(OCCCN4CCCCC4)c(F)c3)nc21,58.33,4.066116540765546,0.479622354687607
6425,CCC(C(=O)O)N1Cc2sc(C#Cc3ccc(N(C)C)cc3)cc2S1(=O)=O,58.33,4.066116540765546,0.479622354687607
1616,COc1ccccc1COc1ccc(S(=O)(=O)c2ccc(C)nc2Nc2c(C)cc(C)cc2C)cc1,58.33,4.066116540765546,0.479622354687607
6211,O=C(NC(c1ccc(Cl)c(Cl)c1)C1CCNCC1)c1ccc2cnc(F)cc2c1,58.33,4.066116540765546,0.479622354687607
6538,Cc1cccc(-c2[nH]c(CNc3cc(C#N)ccc3N(C)C)nc2-c2ccc3ncnn3c2)n1.Cl,58.33,4.066116540765546,0.479622354687607
6548,COc1ccc(C(=O)O)cc1OCCCCOc1ccc(C(=O)CC(C)C)c(O)c1C,58.29,4.0654305520574585,0.4795757641235617
1678,CNc1nccc(-c2cccnc2Oc2cc(C(=O)Nc3cc(C4CCCCC4)ccc3OC)ccc2C)n1,58.17,4.06336975792267,0.4794358003603259
6823,N#Cc1cc(S(=O)(=O)Nc2ncns2)ccc1Oc1ccc(C(F)(F)F)cc1-c1ccnnc1,58,4.060443010546419,0.4792370233112724
6380,COc1ccc(S(=O)(=O)N2CCOc3ccc(Cl)cc32)cc1NC1CCN(C)CC1,58,4.060443010546419,0.4792370233112724
1567,CCC(CSC(CCc1ccccc1C(N)=O)c1cccc(OCc2ccc3ccc(Cl)cc3n2)c1)C(=O)[O-].[Na+],58,4.060443010546419,0.4792370233112724
6740,O=c1ccn(-c2cccc(-c3ccccc3)c2)cc1O,58,4.060443010546419,0.4792370233112724
6287,C[C@@](CCc1ccc(-c2ccccc2)cc1)(C(=O)NO)S(C)(=O)=O,58,4.060443010546419,0.4792370233112724
6869,N#Cc1ccc(O[C@H]2CN(S(=O)(=O)c3ccc(Cl)cc3Cl)C[C@@]2(O)CO)cc1F,58,4.060443010546419,0.4792370233112724
1583,COc1ccc(S(=O)(=O)Nc2cccc(I)c2)cc1N1CCNCC1,58,4.060443010546419,0.4792370233112724
5952,N[C@@H](CC(=O)N1CCn2c(nnc2C(F)(F)C(F)(F)F)C1)Cc1cc(F)c(F)cc1F,58,4.060443010546419,0.4792370233112724
6857,COc1cnc(O[C@@H]2C[C@@H](C(=O)N[C@]3(C(=O)NS(=O)(=O)C4CC4)C[C@H]3C(F)F)N(C(=O)[C@@H](NC(=O)OC(C)(C)C)C(C)(C)C)C2)c2cc(Cl)ccc12,58,4.060443010546419,0.4792370233112724
6058,CCOC(=O)N1CCN(C(=O)[C@H](CCC(=O)O)NC(=O)c2cc(N3CCOCC3)cc(-c3ccccc3)n2)CC1,58,4.060443010546419,0.4792370233112724
6454,COc1cc2nnc(C(N)=O)c(Nc3ccc(C)cc3F)c2cc1N1CCC(OC)CC1,58,4.060443010546419,0.4792370233112724
1507,O=C(O)[C@H](Cc1ccccn1)NC(=O)[C@@H]1CCCN1S(=O)(=O)c1cc(Cl)cc(Cl)c1,58,4.060443010546419,0.4792370233112724
6501,COC(=O)N[C@H](C(=O)N1CC2(C[C@H]1c1ncc(-c3ccc(-c4ccc(-c5cnc([C@@H]6CC7(CN6C(=O)[C@@H](NC(=O)OC)C(C)C)OCCO7)[nH]5)cc4)cc3)[nH]1)OCCO2)C(C)C,58,4.060443010546419,0.4792370233112724
1515,COc1cccc(OC)c1-c1ccc(C[C@H](NC(=O)[C@@]2(C)CCCO2)C(=O)O)cc1,58,4.060443010546419,0.4792370233112724
6028,O=C(NC1(c2ccccc2)CCC1)[C@@H]1CCC[C@H]1c1cc(-c2ccccc2)on1,58,4.060443010546419,0.4792370233112724
6204,COCCCC[C@@](O)(c1cccc(Cl)c1-c1cccc(C)c1)[C@H]1CN(C(=O)[C@H]2C[C@@H](N)[C@@H](O)C2)CCO1.O=C(O)/C=C/C(=O)O,58,4.060443010546419,0.4792370233112724
6657,COc1cccc2nc(CCCN(C)CC[C@]3(OC(=O)C(C)C)C[C@H]4CCC[C@@H]3c3ccccc34)[nH]c12,58,4.060443010546419,0.4792370233112724
6261,C[C@H]1O[C@@H](n2cnc3c(N)nc(OCC4CCC(F)(F)CC4)nc32)[C@H](O)[C@@H]1O,58,4.060443010546419,0.4792370233112724
1693,CC[C@H]1[C@@H]2[C@@H](O)CCN2C(=O)N1c1ccc(C#N)c(Cl)c1C,58,4.060443010546419,0.4792370233112724
6279,Cn1cnc2c(C#N)c(N3CCC[C@H](N)C3)n(Cc3ccccc3)c2c1=O,58,4.060443010546419,0.4792370233112724
6492,O=C([C@@H](c1ccccc1)N1CCCCC1)N1CCC[C@H]1c1ncc(-c2ccc(-c3ccc(-c4cnc([C@@H]5CCCN5C(=O)[C@@H](c5ccccc5)N5CCCCC5)[nH]4)cc3)cc2)[nH]1,58,4.060443010546419,0.4792370233112724
5864,O=C(Nc1ccc(Cl)c(C(=O)Nc2cncs2)c1)c1cccc(C(F)(F)F)c1,58,4.060443010546419,0.4792370233112724
6154,O=C(c1ccc(OCCN2CCCCC2)cc1)c1c(-c2ccc(O)cc2)sc2cc(O)ccc12,58,4.060443010546419,0.9483937469433408
6551,C[C@@H]1CN(Cc2ccc(-c3cccc(Oc4ncc(F)cc4C(=O)N[C@H]4CC[C@@H](NC(=O)c5cc6ccccn6n5)CC4)c3)cc2)C[C@H](C)N1,58,4.060443010546419,0.4792370233112724
5901,CCN(CC)C(=O)[C@]1(c2ccccc2)C[C@H]1CN,58,4.060443010546419,0.4792370233112724
6589,CC[C@H](C)[C@@H]1NC(=O)[C@H](Cc2ccc(O)cc2)NC(=O)CCSCC[C@@H](C(=O)N(CC(=O)N[C@@H](CC(C)C)C(=O)NCC(N)=O)Cc2ccc(F)cc2)NC(=O)[C@H](CC(N)=O)NC(=O)[C@H](CCC(N)=O)NC1=O,58,4.060443010546419,0.4792370233112724
6648,CC1Cc2ccccc2N1S(=O)(=O)c1cccc(C(=O)NCC2CCCCC2)c1,57.83,4.057507672170127,0.4790376627839006
6720,COc1cc2ncnc(-n3nc(-c4ccccn4)nc3N)c2cc1OC,57.8,4.056988775678332,0.4790024206874217
6867,N#Cc1cc(F)cc(Oc2ccc(S(=O)(=O)C(F)F)c3c2CC(F)(F)[C@H]3O)c1,57.7,4.055257173514054,0.4788848147843147
6838,CC(C)c1cc(CN2Cc3ccccc3S2(=O)=O)nn1-c1ccc(F)cc1,57.7,4.055257173514054,0.4788848147843147
6891,C[C@H]1[C@@H](Oc2ccc(-c3cc(-c4ccccc4)[nH]n3)cc2)O[C@@H]2O[C@@]3(C)CC[C@H]4[C@H](C)CC[C@@H]1[C@@]24OO3,57.67,4.0547371076273215,0.4788494932655813
6868,N#Cc1cc(F)cc(Oc2ccc(S(=O)(=O)CF)c3c2CC(F)(F)[C@H]3O)c1,57.6,4.053522567701846,0.4787670048812735
5946,COc1ccc(NC(=O)c2ccc(C(=N)N(C)C)cc2F)c(C(=O)Nc2ccc(Cl)cn2)c1,57.5,4.051784947803305,0.4786489902693492
6546,CC1(C)[C@@H]2CC[C@@]1(C)c1c2c(=O)n(-c2ccccc2)n1Cc1ccccc1,57.5,4.051784947803305,0.4786489902693492
6634,O=C1NC(=O)C(c2cnc3ccccn23)=C1c1cn2c3c(cc(F)cc13)CN(C(=O)N1CCCCC1)CC2,57.5,4.051784947803305,0.4786489902693492
6198,Cc1nc(Nc2cc(-c3cccc(NS(=O)(=O)c4ccccc4)c3)n[nH]2)cc(N2CCN(C)CC2)n1,57.4,4.050044303325521,0.4785307702358906
6721,O=S(=O)(NNc1ccc(Br)cc1)c1ccc2[nH]c(O)nc2c1,57.1,4.044804116661965,0.4781748704237222
5991,O=C(CN1C[C@H](NC(=O)c2ccc(Cl)s2)[C@@H](OCCO)C1)Nc1ccc(-n2ccccc2=O)cc1F,57.1,4.044804116661965,0.4781748704237222
1600,O=S(=O)(c1ccc2cc[nH]c2c1)N1CCC[C@@H]1CCN1CCC(Oc2ccc(Cl)cc2)CC1,57,4.04305126783455,0.4780558215026648
6792,Cc1csc2cc([C@H](C)Nc3ncnc(N)c3C#N)c(-c3cccc(CN4CCC(N(C)C)CC4)c3)c(=O)n12,57,4.04305126783455,0.4780558215026648
6215,COCCCc1cc(Cl)c(Cl)c(CN(C(=O)[C@H]2CNCC[C@@H]2c2ccn(C)c(=O)c2)C2CC2)c1,57,4.04305126783455,0.4780558215026648
6896,CN(c1ccc(-c2cc3cnccc3cc2O)nn1)C1CC(C)(C)NC(C)(C)C1,57,4.04305126783455,0.4780558215026648
6729,CN1C(=O)[C@@H](NC(=O)c2cc(Cc3ccccc3)on2)CNc2ccccc21,57,4.04305126783455,0.4780558215026648
5921,CCOc1cc2ncc(C(N)=O)c(Nc3cccc(Cl)c3Cl)c2cc1N1CCN(C)CC1,57,4.04305126783455,0.4780558215026648
6065,CCCN(CC1CC1)c1cc(C(=O)Nc2ccc3[nH]ncc3c2)ncn1,57,4.04305126783455,0.9472125451347332
6324,Cc1csc(N(C(=O)CSc2ccc(-c3ccccc3)nn2)C2CC2)n1,57,4.04305126783455,0.4780558215026648
6185,CCOc1ccc(-n2nc3c(N4CCN(C)CC4)nnc(C)c3c2C)cc1,57,4.04305126783455,0.4780558215026648
5987,CCn1cc2c3c(cc(C(=O)N[C@@H](Cc4ccccc4)[C@H](O)CNCCC(F)(F)F)cc31)N(C)S(=O)(=O)CC2,57,4.04305126783455,0.4780558215026648
1666,COc1cc(N(C)C(=O)c2ccc(-c3ccccc3)cc2)ccc1OCCN1CCCC1,57,4.04305126783455,0.4780558215026648
1751,Cc1ccc2c(OCCN3CCC(Cc4ccc5c(c4)N(C)C(=O)CO5)CC3)cccc2n1,57,4.04305126783455,0.4780558215026648
6050,Cc1c(Cc2ccc(F)c(C(=O)N3CCC4(CCCN4)CC3)c2)n[nH]c(=O)c1C,57,4.04305126783455,0.4780558215026648
6313,NC1(c2ccc(-c3nn4ccnc4cc3-c3ccccc3)cc2)CCC1,57,4.04305126783455,0.4780558215026648
6758,O=C(O)c1ccc(Cl)cc1OC[C@@H]1CCC[C@@H]1NC(=O)C1CCN(c2ccc(C(F)(F)F)cc2)CC1,57,4.04305126783455,0.4780558215026648
1672,O=C(Nc1ccc2nc([N+]34CCC(CC3)CC4)ccc2c1)c1ccc(C(F)(F)F)nc1,57,4.04305126783455,0.4780558215026648
6440,CC(C)n1ncnc1-c1nc2c(s1)CCOc1cc(C3CN(C[C@H](O)CO)C3)ccc1-2,57,4.04305126783455,0.4780558215026648
6646,Cc1cc(C)nc(N2C[C@H]3CN(C(=O)c4cccc(F)c4-n4nccn4)C[C@H]3C2)n1,57,4.04305126783455,0.4780558215026648
6493,CN(C)[C@@H](C(=O)N1CCC[C@H]1c1ncc(-c2ccc(-c3ccc(-c4cnc([C@@H]5CCCN5C(=O)[C@H]5CCCO5)[nH]4)cc3)cc2)[nH]1)c1ccccc1,57,4.04305126783455,0.4780558215026648
5837,CCc1nc2cc3c(cc2o1)CCN(CCCSc1nnc(-c2cccc4nc(C)ccc24)n1C)CC3,57,4.04305126783455,0.4780558215026648
1675,CC1=C(C(=O)Nc2ccc3[nH]ncc3c2)C(c2ccc(Cl)c(Cl)c2)CC(=O)N1,57,4.04305126783455,0.4780558215026648
1591,CCN1c2ncc(CSc3cc(C)nc(C)c3)cc2C(=O)Nc2c(C)cc(Cl)nc21,57,4.04305126783455,0.4780558215026648
6430,COc1cc(NC(=O)c2cccc(-n3ncc4cc(Nc5ccccc5F)ccc43)c2)cc(OC)c1OC,57,4.04305126783455,0.4780558215026648
6527,CC1(C)C(=O)N(c2ccc(F)cc2)C1c1cccc2nccnc12,57,4.04305126783455,0.4780558215026648
1598,CCCN(CCC)C1CCc2cccc(OS(=O)(=O)C(F)(F)F)c2C1,57,4.04305126783455,0.4780558215026648
6150,N#Cc1ccc(C(=O)N2CCC3(CC2)N=C(N)c2c(F)ccc(F)c2N3)cn1,57,4.04305126783455,0.4780558215026648
6640,OC1CCN(c2cccc(-c3cnc4ccc(N5CCC[C@@H]5c5cccc(F)c5)nn34)n2)CC1,56.9,4.041295341132285,0.4779365635403743
5895,CCn1c(-c2nonc2N)nc2c(C#CC(C)(C)O)ncc(OC[C@H]3CCCNC3)c21,56.7,4.037774210733707,0.4776974175465512
6779,COc1ccc(N(C(=O)OC[C@H]2CC[C@H](COCC(=O)O)CC2)c2ccccc2)cc1,56.67,4.037244970181528,0.4776614729084677
6349,N#Cc1c(-c2ccc(Oc3ccccc3)cc2)ccn2c(CC(F)(F)F)cnc12,56.67,4.037244970181528,0.4776614729084677
6267,COc1nc2ccc(F)cc2nc1NC(=O)N1CCN(c2cc(C)cc(C)c2)CC1,56.67,4.037244970181528,0.4776614729084677
6278,COc1ccc([C@]2(O)CC[C@H](N3CC[C@@H](NC(=O)CNC(=O)c4cccc(C(F)(F)F)c4)C3)CC2)cn1.CS(=O)(=O)O,56.67,4.037244970181528,0.4776614729084677
6077,CCCN1CCC(Oc2ccc3[nH]c(=O)c4c(c3c2)CCSC4)CC1,56.67,4.037244970181528,0.4776614729084677
6169,Cc1ccc(S(=O)(=O)N2CCNC(=O)[C@H]2CC(=O)N[C@@H]2CCCc3cc(CNC(C)(C)C)ccc32)cc1,56.67,4.037244970181528,0.4776614729084677
6459,CC(C)C[C@@H](C(=O)N[C@@H]1CC[C@H]2CN(S(=O)(=O)c3cccc(C(F)(F)F)c3)C[C@H]21)N(C)C,56.67,4.037244970181528,0.4776614729084677
6506,COC(=O)N[C@H](C(=O)N1CCC[C@H]1C(=O)Nc1ccc([C@@H]2CC[C@@H](c3ccc(NC(=O)[C@@H]4CCCN4C(=O)[C@@H](NC(=O)OC)[C@@H](C)OC)cc3)N2c2ccc(F)cc2)cc1)[C@@H](C)OC,56.67,4.037244970181528,0.4776614729084677
6487,C[C@H]1Cc2ccccc2N1C(=O)Cc1nc(N2CCOCC2)cc(=O)[nH]1,56.67,4.037244970181528,0.4776614729084677
6536,CN1CC2(CCN(C(=O)c3nn4c(C(F)(F)F)cc(C5CC5)cc4c3Cl)CC2)OC1=O,56.5,4.034240638152395,0.4774574265121253
6839,O[C@]1(Cc2cc(-c3cn[nH]c3)on2)CC[C@H](Cc2ccccc2)CC1,56.5,4.034240638152395,0.4774574265121253
6133,CS(=O)(=O)Oc1ccc(Oc2ccc(S(=O)(=O)CC3CS3)cc2)cc1,56.5,4.034240638152395,0.4774574265121253
1570,CN(C)c1nccc2ccc(/C=C\C(=O)Nc3ccc(-c4ccccc4S(N)(=O)=O)cc3)cc12,56.4,4.032469158504013,0.4773371122342956
6515,CC(C)C[C@@H]1NC(=O)[C@H](Cc2ccc(O)cc2)N(C)C(=O)[C@H]2CCCN2C(=O)[C@H](CC(C)C)NC(=O)[C@H](CC(=O)O)N(C)C(=O)[C@@H](CC(C)C)N(C)C1=O,56.4,4.032469158504013,0.4773371122342956
6399,COc1cc(-c2nn(C(C)C)cc2-c2ccnc(NC[C@H](C)O)n2)cnc1N,56.3,4.030694535145645,0.477216584443882
1512,CCN1CCC(c2cc(-c3ccc(F)cc3Cl)c3c(c2)N(c2c(Cl)cccc2Cl)C(=O)NC3)CC1,56.3,4.030694535145645,0.477216584443882
6312,N[C@@H]1CCN(Cc2nc3c(oc4ccc(Br)cc43)c(=O)[nH]2)C1,56.18,4.0285608216760975,0.4770716681895978
5849,N#Cc1cccnc1-c1ccc(C(=O)Nc2ccccc2N)cc1,56.1,4.027135812528651,0.476974885284622
6829,Cc1cc(N(Cc2ccc(-n3cc(CCN4CCC(O)CC4)nn3)cc2)CC(C)(C)C)nc(C)n1,56,4.02535169073515,0.4768537123852654
5938,COc1cncc(NC(=O)c2cc(NC(=O)c3cccc(C(C)(C)C#N)c3)ccc2C)c1,56,4.02535169073515,0.4768537123852654
6499,CC/C(=C1\c2ccccc2OCc2cccc(OC)c21)c1cccc(NS(C)(=O)=O)c1,56,4.02535169073515,0.4768537123852654
6734,CSc1sc(-c2cc[nH]n2)c2c1C(=O)CCC2,56,4.02535169073515,0.4768537123852654
1690,Cc1cccc(N2C(=O)N(c3ccccc3)C3(CCN(Cc4ccc(-c5cccc(C#N)c5)cc4)CC3)C2=O)c1,56,4.02535169073515,0.4768537123852654
6703,CCc1nnc([C@H]2[C@@H]3CN(C(=O)c4ccc(C[C@@H]5CC[C@H]([C@H](O)c6ccccc6)N5)cc4)C[C@@H]32)o1,56,4.02535169073515,0.4768537123852654
6041,O=C(c1ccc(Cn2cnc3ccccc32)cc1)N1CC[C@H](N2CCCC2)C1,56,4.02535169073515,0.4768537123852654
6400,COc1cc(C(=O)NC[C@@H](O)CN2CCC(Oc3ccc(Cl)c(Cl)c3)CC2)ccc1N,56,4.02535169073515,0.4768537123852654
6849,COc1cc(-c2ccc3c(c2)CN(c2cnn(CC#N)c2)C3=O)cnc1OC,56,4.02535169073515,0.4768537123852654
6599,OC[C@H](O)CN1CCC[C@H](Nc2nc(-c3c[nH]c4ncc(Cl)cc34)ncc2F)C1,56,4.02535169073515,0.4768537123852654
6072,CS(=O)(=O)c1cccc(-c2cc3nc(-c4cnc(N)nc4)nc(N4CCOCC4)c3s2)c1,56,4.02535169073515,0.4768537123852654
6850,COc1cc(-c2ccc3c(n2)CN(c2cnn(CC(F)(F)F)c2)C3=O)cnc1OC,56,4.02535169073515,0.4768537123852654
6089,Cc1ccccc1C(=O)c1c[nH]c(C(=O)NCc2ccco2)c1,56,4.02535169073515,0.4768537123852654
6418,COCCNC(C)c1ccc(Nc2ncc3cc(-c4ccncc4)ccc3n2)cc1,56,4.02535169073515,0.4768537123852654
6016,CC[C@@H]1C[C@]1(NC(=O)[C@@H]1C[C@@H]2CN1C(=O)[C@H](C1CCCCC1)Nc1nc(cs1)CCC/C=C/c1cccc3c1CN(C3)C(=O)O2)C(=O)NS(=O)(=O)C1CC1.O=C(O)C(F)(F)F,56,4.02535169073515,0.4768537123852654
6151,N#Cc1ccc(C(F)(F)F)nc1O[C@H](CCN)c1ccno1.O=C(O)C(=O)O,56,4.02535169073515,0.4768537123852654
5984,Cl.O=c1n(C[C@@H](O)CO)c2ccccc2n1C1CCN(C[C@H]2[C@H]3CC[C@H](C3)C23CC3)CC1,56,4.02535169073515,0.4768537123852654
6331,CCn1c(CNc2ccccc2)nnc1SCc1nc2cc(C(F)(F)F)ccc2o1,56,4.02535169073515,0.4768537123852654
1509,COCCN(C)CCOc1ccc2[nH]c(-c3cc4ccccc4nc3O)cc2c1,56,4.02535169073515,0.4768537123852654
6191,CCOc1ccc(-n2nc3c(N4CC[C@@H](F)C4)nnc(C)c3c2C)cc1,56,4.02535169073515,0.4768537123852654
6650,Cn1cc(NC(=O)c2cnn3ccc(N[C@@H]4CCCC[C@@H]4N)nc23)c(C(N)=O)n1,56,4.02535169073515,0.4768537123852654
6248,O=C(O)CCCSCCN1C(=O)SC[C@@H]1/C=C/[C@@H](O)Cc1ccccc1,56,4.02535169073515,0.4768537123852654
6468,COc1c(/C=C/c2ccc(NS(C)(=O)=O)cc2)cc(-c2c[nH]c(=O)[nH]c2=O)cc1C(C)(C)C,56,4.02535169073515,0.4768537123852654
1534,Cc1cc(C(=O)Nc2ccc(C(=N)N(C)C)cc2F)n(-c2ccc3cc(Cl)ccc3c2)n1,55.9,4.023564380161053,0.476732322912247
1590,Cl.Oc1ccc2c(c1)CC[C@H](c1ccccc1)[C@@H]2c1ccc(OCCN2CCCC2)cc1,55.7,4.019980146933238,0.4764888911388298
6631,C[C@@]1(O)CC[C@H]2[C@H](CC[C@@H]3[C@@H]2CC[C@]2(C)[C@@H](C(=O)Cn4cc5ccncc5n4)CC[C@@H]32)C1,55.67,4.019441402195416,0.4764523010012435
6632,C[C@@]1(O)CC[C@H]2[C@H](CC[C@@H]3[C@@H]2CC[C@]2(C)[C@@H](C(=O)Cn4cc5ncccc5n4)CC[C@@H]32)C1,55.67,4.019441402195416,0.4764523010012435
6627,CC(=O)[C@H]1CC[C@H]2[C@@H]3CC[C@H]4C[C@H](O)CC[C@]4(C)[C@H]3CC[C@]12C,55.67,4.019441402195416,0.4764523010012435
6628,CC(=O)[C@H]1CC[C@H]2[C@@H]3CC[C@H]4C[C@](C)(O)CC[C@]4(C)[C@H]3CC[C@]12C,55.67,4.019441402195416,0.4764523010012435
6630,C[C@@]1(O)CC[C@H]2[C@H](CC[C@@H]3[C@@H]2CC[C@]2(C)[C@@H](C(=O)Cn4cc5c(n4)CCCC5)CC[C@@H]32)C1,55.67,4.019441402195416,0.4764523010012435
6423,Cn1nc(-c2cnc3[nH]cc(C(=O)N[C@]4(C)C[C@H](N)C4)c3n2)c2ccc(F)cc21,55.6,4.018183201256536,0.47636684727477
5900,NC(=O)C[C@H](NC(=O)CO)C(=O)N[C@@H](Cc1ccc(O)cc1)C(N)=O,55.4,4.014579593753238,0.4761220996510886
6436,Cc1nc(C(=O)N2CC3(CC3)C[C@H]2CNc2ccc(C(F)(F)F)cn2)c(-c2ccccc2)s1,55.2,4.01096295328305,0.4758764668622851
5977,COCCCOc1cc(C[C@@H](C[C@H](N)[C@@H](O)C[C@H](C(=O)NCC(C)(C)C(N)=O)C(C)C)C(C)C)ccc1OC.COCCCOc1cc(C[C@@H](C[C@H](N)[C@@H](O)C[C@H](C(=O)NCC(C)(C)C(N)=O)C(C)C)C(C)C)ccc1OC.O=C(O)/C=C/C(=O)O,55,4.007333185232471,0.4756299424824572
6567,N#CC1(c2cc(C[C@@H](O)CO)cc(-c3ccnc4[nH]nc(C(F)(F)F)c34)c2)CC1,55,4.007333185232471,0.4756299424824572
6136,O=C(Cc1ccc(-n2nc(C(F)(F)F)c3c2CCCC3)cc1)N1CCCC1,55,4.007333185232471,0.4756299424824572
6437,CC(C)n1nc(N)nc1-c1nc2c(s1)CCOc1cc(-c3cnn(CC(C)(C)O)c3)ccc1-2,55,4.007333185232471,0.4756299424824572
1596,COc1ccc([C@@H](CC(=O)O)NC(=O)[C@@H]2CCN2S(=O)(=O)c2cc(Cl)cc(Cl)c2)cn1,55,4.007333185232471,0.4756299424824572
6226,CC(C)c1onc(-c2c(Cl)cccc2Cl)c1COc1ccc(-c2ccc3[nH]c(C(=O)O)cc3c2)cc1,55,4.007333185232471,0.4756299424824572
6404,CN1CCC(NC(=O)c2cnc(Nc3cc(Cl)cc(Cl)c3)nc2N[C@@H]2COC[C@H]2O)CC1,55,4.007333185232471,0.4756299424824572
5833,C#CCN1C[C@H](C(=O)NO)[C@H](NC(=O)c2ccc(OCc3cc(C)nc4ccccc34)cc2)C1,55,4.007333185232471,0.4756299424824572
6443,C[C@@H](O)c1nc2cnc3[nH]ccc3c2n1[C@H]1CC[C@@H](NCC(F)(F)F)C1,55,4.007333185232471,0.4756299424824572
6238,CC(C)CCN([C@@H](C(=O)NO)C(C)O)S(=O)(=O)c1ccc2ccccc2c1,55,4.007333185232471,0.4756299424824572
1702,Cc1ccc(NC(=O)C(C)C)cc1C1CCN(CCCNC(=O)[C@@H](C)c2ccc(F)cc2)CC1,55,4.007333185232471,0.4756299424824572
6106,COc1ccc2c(c1)C(=O)N(C[C@@]1(c3ccc(-c4cnn(C)c4)cc3)NC(=O)NC1=O)C2,55,4.007333185232471,0.4756299424824572
1643,COc1cc2ncnc(Nc3cccc(Cl)c3F)c2cc1CN(C)C1(C(N)=O)CN(C)C1,55,4.007333185232471,0.4756299424824572
6496,CNc1nc(Nc2cn(C3(C#N)CC3)nc2C)ncc1C(F)(F)F,55,4.007333185232471,0.4756299424824572
5967,CC1(C(=O)N[C@H]2CCCCNC2=O)CCCCC1,55,4.007333185232471,0.4756299424824572
6290,COC[C@@H]1CCCN1C(=O)c1cc(Nc2ncc3cnn([C@@H]4C[C@H]5C[C@H]5C4)c3n2)cn1C,55,4.007333185232471,0.4756299424824572
5882,CNc1nc2cc(-c3ccccc3)nn2c2c1ncn2C,55,4.007333185232471,0.4756299424824572
6698,COc1ccc(C[C@@H]2CCCN2C(=O)c2cc(C)ccc2-n2nccn2)cc1OC,55,4.007333185232471,0.4756299424824572
6120,O=C(COCc1ccncc1)N1CCN(c2ccc(F)cc2Cl)CC1,55,4.007333185232471,0.4756299424824572
6195,COc1ccc2nc(C)cc(SCC(=O)N/N=C/c3cc(OC)c(OC)c(OC)c3)c2c1,55,4.007333185232471,0.4756299424824572
1566,O=C([O-])CCSC(CCc1ccccc1C(=O)N1CCCCC1)c1cccc(OCc2ccc3ccc(Cl)cc3n2)c1.[Na+],55,4.007333185232471,0.4756299424824572
5854,Cc1cc(NC(=O)C2CCOCC2)nn1Cc1cc(Cl)ccc1OCc1ccccc1,55,4.007333185232471,0.4756299424824572
6542,O=c1nc(NCc2ccc(N3CCOCC3)cc2)c2cccnc2n1O,55,4.007333185232471,0.4756299424824572
6739,CC(C)CS(=O)(=O)n1ccc2c(-c3ccc(C(F)(F)F)cc3)cc(N3CCN(C)CC3)nc21,55,4.007333185232471,0.9447866661145254
6035,COCCCOc1cc(C[C@@H](C[C@H](N)[C@@H](O)C[C@H](C(=O)NCC(C)(C)C(N)=O)C(C)C)C(C)C)ccc1OC,55,4.007333185232471,0.4756299424824572
1650,CC(C)C[C@H](NC(=S)Nc1ccccc1)C(=O)N[C@H]1CCOC1O,55,4.007333185232471,0.4756299424824572
6676,COc1cc2ncnc(Nc3cccc(Cl)c3F)c2cc1OC(=O)N1CCN(C)[C@H](C)C1,55,4.007333185232471,0.4756299424824572
6094,Cc1ccc(-c2ccc3c(c2)C[C@@H](NS(=O)(=O)C(C)C)C3)cn1,55,4.007333185232471,0.4756299424824572
6638,C[C@H](c1ccc(F)cc1)N1C(=O)O[C@](Cc2ccccc2)(c2nc3c(NS(C)(=O)=O)cccc3[nH]2)C1=O,55,4.007333185232471,0.4756299424824572
6754,CCCn1c(Oc2cccnc2C)nc2nc(C3CCCC3)[nH]c2c1=O,55,4.007333185232471,0.4756299424824572
6878,CCCCNc1nc(N)nc2cccc(C(=O)N(C)Cc3ccccc3)c12,55,4.007333185232471,0.4756299424824572
1641,COc1cc2ncnc(Nc3cccc(Cl)c3F)c2cc1CN(C)C1(C(N)=O)CCN(C)CC1,55,4.007333185232471,0.4756299424824572
1589,Oc1ccc2c(c1)CCN(c1ccccc1)C2c1ccc(OCCN2CCCC2)cc1,55,4.007333185232471,0.4756299424824572
6020,Cc1c(Nc2c(C#N)cncc2-c2cc3cc(CN4CCN(C)CC4)ccc3o2)ccc2[nH]ccc12,55,4.007333185232471,0.4756299424824572
6438,CC(C)n1ncnc1-c1nc2c(s1)CCOc1cc(C3CN(C(C)(C)C(N)=O)C3)ccc1-2,55,4.007333185232471,0.4756299424824572
6237,CC(C)[C@H](C(=O)NO)N(CCc1ccccc1)S(=O)(=O)c1ccc2ccccc2c1,55,4.007333185232471,0.4756299424824572
5915,COc1ccc(C2=NC(c3ccc(F)cc3)C(C(=O)Nc3ccc4[nH]ncc4c3)=C(C)N2)cc1,55,4.007333185232471,0.4756299424824572
5988,CC(C)(CC(=O)NC1CC1)CC(=O)N[C@H]1C2CC3CC1C[C@](C(N)=O)(C3)C2,55,4.007333185232471,0.4756299424824572
5836,CN(C(=O)CS(=O)(=O)N(C)C)[C@H]1CCCn2c1nc(C(=O)NCc1ccc(F)cc1)c(O)c2=O,55,4.007333185232471,0.4756299424824572
5997,CCN(CC)C(=O)c1ccc(C2=CC3(CCNCC3)Oc3ccccc32)c(O)c1,55,4.007333185232471,0.4756299424824572
6746,CN(C/C=C/c1ccccc1)Cc1cccc2ccccc12.Cl,54.67,4.001315112906908,0.4752212107047938
6715,COc1cccc(CNC(=O)c2cc(-c3nnn(CC4CCCCO4)n3)cc(C)n2)c1,54.5,3.9982007016691985,0.4750096880156834
1498,Cc1nc2cc(OC[C@H](O)CN3CCN(CC(=O)Nc4c(C)cccc4C)CC3)ccc2s1,54.5,3.9982007016691985,0.4750096880156834
6711,COc1ccc2c(c1)C1CC1(C(=O)N1C3CCC1CN(C)C3)Cn1c-2c(C2CCCCC2)c2ccc(C(=O)NS(C)(=O)=O)cc21,54.4,3.996364153861897,0.4748849544781928
5959,Nc1ccc(CN2CCN(c3ccc(N4C[C@H](Cn5ccnn5)OC4=O)cc3F)CC2)cc1,54.4,3.996364153861897,0.4748849544781928
1743,CNc1cc(-c2cccnc2Oc2cc(NC(=O)c3cccc(C(C)C)c3)ccc2C)ccn1,54.33,3.9950765605634317,0.4747975044993094
6747,CN(C/C=C/c1ccc(C(F)(F)F)cc1)Cc1cccc2ccoc12.Cl,54.33,3.9950765605634317,0.4747975044993094
1535,Cc1cc(C(=O)Nc2ccc(C(=N)N(C)C)cc2F)n(-c2cc3ccccc3cc2F)n1,54.3,3.9945242269398897,0.4747599914400437
1729,CSC(=S)N1CC2(CCCC2)CS/C1=N\c1ccccc1C(C)C,54.2,3.9926809084456005,0.4746347980551504
1501,C[C@@H](O)[C@H]1C(=O)N2C(C(=O)O)=C(S[C@@H]3CN[C@H](C(=O)N(C)C)C3)[C@H](C)[C@H]12,54.2,3.9926809084456005,0.4746347980551504
6858,Cc1ccc(CN2CC[C@@H](N3CC[C@@H](c4ccc(O)cc4)[C@H](F)C3)C2=O)cc1,54,3.9889840465642745,0.4743837168373138
6132,FC(F)(F)c1ccccc1-c1ccc2[nH]c(C3=NOC4(CCCCC4)C3)nc2c1,54,3.9889840465642745,0.4743837168373138
5998,CCn1c(=O)n([C@@H](c2ccccc2)[C@H](O)CNC)c2ccccc21,54,3.9889840465642745,0.4743837168373138
6401,CS(=O)(=O)c1ccccc1C(=O)NCC(O)CNC1CCN(Cc2ccc(Cl)c(Cl)c2)CC1,54,3.9889840465642745,0.4743837168373138
6057,CCCCCOC(=O)N1CCN(C(=O)[C@H](CCC(=O)O)NC(=O)c2cc(C(=O)N3CCC(OC)CC3)cc(-c3ccccc3)n2)CC1,54,3.9889840465642745,0.4743837168373138
1654,Cc1c(Br)cc(-c2cc(Cl)ccc2OCc2ccccc2)n1-c1cccc(C(=O)O)c1,54,3.9889840465642745,0.4743837168373138
6285,Cc1n[nH]c(=O)cc1-c1ccc(OCCCN2CCCCCC2)cc1,54,3.9889840465642745,0.4743837168373138
6556,COc1cnc2ccc(=O)n(CCN3CC[C@@H](NCc4cnc(C)c(C#N)c4)[C@@H](OC)C3)c2c1,54,3.9889840465642745,0.4743837168373138
6519,COCC[C@H](Oc1ncnc2c1cnn2-c1ncccc1Cl)C(=O)Nc1ccc(C)cn1,54,3.9889840465642745,0.4743837168373138
6804,O=C(O)/C=C/c1ccc(Oc2c(-c3ccc(O)cc3)sc3cc(O)ccc23)cc1,54,3.9889840465642745,0.4743837168373138
5907,COC(=O)N[C@H](C(=O)N[C@H](Cc1ccc(-c2ccccn2)cc1)C[C@H](O)[C@H](Cc1ccccc1)NC(=O)[C@@H](N1CCN(Cc2nc3ccccc3n2C)C1=O)C(C)(C)C)C(C)(C)C,54,3.9889840465642745,0.4743837168373138
6304,O=C(Nc1ccc(-c2nnc(NCCCCN3CCOCC3)o2)c(F)c1)c1ccccc1F,54,3.9889840465642745,0.4743837168373138
5863,O=C(Nc1ccc(Cl)c(C(=O)Nc2cncs2)c1)c1cccc(Cl)c1,54,3.9889840465642745,0.4743837168373138
1638,O=C(O)c1cccc(C2=C(c3cc(Cl)ccc3OCc3ccccc3)CCC2)c1,54,3.9889840465642745,0.4743837168373138
5955,O/N=C1\CCc2cc(-c3cc(CN4CCOCC4)oc3-c3ccncc3)ccc21,54,3.9889840465642745,0.4743837168373138
1652,C=CCN(C(=O)Cc1ccc(S(C)(=O)=O)cc1)C1CCN(CCC(c2ccccc2)c2ccccc2)CC1,54,3.9889840465642745,0.4743837168373138
6142,O=C(Nc1ccc(NC(=O)c2ccc(F)cc2Cl)c(Cl)c1)c1ccccn1,54,3.9889840465642745,0.4743837168373138
1767,C[C@@H]1c2nnc(C(F)(F)F)n2CCN1C(=O)C[C@H](N)Cc1cc(F)c(F)cc1F.Cl,54,3.9889840465642745,0.4743837168373138
6031,Cc1ccc(C(=O)O)c(Oc2nc(Oc3cccc(-c4cccc(CN)c4)c3)c(F)cc2F)c1,54,3.9889840465642745,0.4743837168373138
1517,CC(=O)N1CCN(S(=O)(=O)c2ccc(OCc3ccccc3C)cc2)[C@@H](C(=O)NO)[C@@H]1C,54,3.9889840465642745,0.4743837168373138
1716,O=C(NC12CC3CC(CC(C3)C1)C2)c1ccc2[nH]c3c(c2c1)CCNC3=O,54,3.9889840465642745,0.4743837168373138
6359,N#Cc1ccc2ccc(=O)n(CCN3CC[C@H](NCc4cc5c(cn4)OCCO5)[C@H](F)C3)c2c1,54,3.9889840465642745,0.4743837168373138
6530,CC(C)N(C)[C@@H]1CC[C@H](N2CC[C@H](NC(=O)c3cccc(C(F)(F)F)c3)C2=O)[C@H](CS(=O)(=O)C(C)(C)C)C1,54,3.9889840465642745,0.4743837168373138
6696,CC(C)c1nc(C(=O)NC[C@@H]2[C@H]3CN(CC(C)(C)F)C[C@@H]23)c2ccccn12,54,3.9889840465642745,0.4743837168373138
1651,CCN(C(=O)Cc1ccc(S(C)(=O)=O)cc1)C1CCN(CC[C@H](c2ccc(S(C)(=O)=O)cc2)c2cccc(F)c2)CC1,54,3.9889840465642745,0.4743837168373138
6213,O=C(NC1CCCCC1)N1CCN(c2nc(-c3ccc4ccccc4n3)no2)CC1,54,3.9889840465642745,0.4743837168373138
6473,COC(=O)N1C[C@@H]2CCC(O)(C#Cc3cccc(C)c3)[C@@H]2C1,54,3.9889840465642745,0.943540440469382
5845,CS(=O)(=O)c1ccc(-c2noc([C@@H](CC3CC3)[C@H](N)C(F)=C3CCCC3)n2)c(Cl)c1.O=C(O)C(F)(F)F,54,3.9889840465642745,0.4743837168373138
6785,COc1ccc2c(c1)c(CN1CCN(C)CC1)cn2S(=O)(=O)c1ccc(C(C)C)cc1.CS(=O)(=O)O.CS(=O)(=O)O,54,3.9889840465642745,0.4743837168373138
1752,CCCC(CCC)n1cc2c3c(nc(C)cc31)N(c1ccc(C#N)cc1C)CC2,54,3.9889840465642745,0.4743837168373138
6231,NC(=O)c1cnc(N[C@H](C2CC2)C(F)(F)F)c2c1[nH]c1cc(-c3ccc(N4CCS(=O)(=O)CC4)nn3)ccc12,54,3.9889840465642745,0.4743837168373138
6678,Cc1c(-c2noc(-c3ccc(OC(C)C)c(C#N)c3)n2)ccc2c1OCCN(C(CO)CO)C2,54,3.9889840465642745,0.4743837168373138
6293,CC(=O)N1CCN(c2nc(NC(C)(C)Cc3ccc(Cl)cc3)c3c(n2)C(=O)N(C(C)C)C3)CC1,54,3.9889840465642745,0.4743837168373138
6777,CS(=O)(=O)N1CCO[C@H](c2csc(-c3cc(N4CCOCC4)ccc3NC(=O)c3ncc[nH]3)n2)C1,54,3.9889840465642745,0.4743837168373138
6808,C[C@@H]1CN(c2ccc3c(c2)NC(=O)CO3)[C@H](c2ccccc2)CO1,54,3.9889840465642745,0.4743837168373138
1680,CNc1nccc(-c2cccnc2Oc2cccc(C(=O)Nc3cc(C(F)(F)F)ccc3N3CCCCC3)c2)n1,54,3.9889840465642745,0.4743837168373138
6502,Cc1nc([C@](C)(O)CO)sc1-c1cnc(N)c(O[C@H](C)c2cc(F)ccc2-n2nccn2)c1,54,3.9889840465642745,0.4743837168373138
6431,O=C(NCCN1CCOCC1)c1ccnc(-n2ncc3cc(Nc4ccccc4Cl)ccc32)c1,54,3.9889840465642745,0.4743837168373138
1503,O=C1NCc2c(-c3ccc(F)cc3Cl)cc(C3CCN(C4CCC4)CC3)cc2N1c1c(Cl)cccc1Cl,53.7,3.983413001514819,0.4740053459864295
6294,COc1ccc2c(O[C@@H]3C[C@H]4C(=O)N[C@]5(C(=O)NS(=O)(=O)C6CC6)C[C@H]5/C=C\CCCCCC(OC(=O)n5ccnc5)C(=O)N4C3)cc(-c3nc(C(C)C)cs3)nc2c1C,53.7,3.983413001514819,0.4740053459864295
6407,CN1C[C@@H](c2ccc(-c3ccc4c(c3)OC[C@H]3[C@H](CO)OC(=O)N43)cn2)OC1=O,53.67,3.9828541861887374,0.4739673927068312
5937,CNc1ccc(NC(=O)c2cc(NC(=O)c3cccc(C(C)(C)C#N)c3)ccc2C)cn1,53.5,3.979681653901961,0.4737519225876436
6509,CC(C)[C@@H](CN(C)S(=O)(=O)C1CC1)N1C(=O)[C@@](C)(CC(=O)O)C[C@H](c2cccc(Cl)c2)[C@H]1c1ccc(Cl)cc1,53.33,3.9764990246125107,0.4735357667063667
6276,CC(=O)N1CCC(Cn2c(C(C)(C)C)nc3cc(S(=O)(=O)c4nccs4)ccc32)CC1,53.33,3.9764990246125107,0.4735357667063667
1692,NC(=O)c1ccc(N2CCC(Oc3ccccc3Cl)CC2)nn1,53.33,3.9764990246125107,0.4735357667063667
6545,C=C[C@]1(C)C[C@@H](OC(=O)CSc2cncc(NC(=O)CN3CCC(O)CC3)c2)[C@]2(C)[C@H](C)CC[C@]3(CCC(=O)[C@H]32)[C@@H](C)[C@@H]1O,53.33,3.9764990246125107,0.4735357667063667
1699,CC(=O)Nc1nc2c(Oc3cc(N4CCN(C(C)c5cccc(F)c5)CC4)ncn3)cccc2s1,53.33,3.9764990246125107,0.4735357667063667
6320,COc1ccc2c(c1)C[C@@H]1Cn3c-2c(C2CCCCC2)c2ccc(cc23)C(=O)NS(=O)(=O)N(C)CCOCCN(C)C1=O,53.33,3.9764990246125107,0.4735357667063667
6472,C=CC(=O)Nc1cccc(N2C(=O)N(Cc3ccccc3)Cc3cnc(Nc4ccc(N5CCN(C)CC5)cc4OC)nc32)c1.CS(=O)(=O)O,53.33,3.9764990246125107,0.4735357667063667
6212,Cc1cc(Nc2nc(Sc3ccc(NC(=O)C4CC4)cc3)nn3cc(NC(=O)C(=O)N4CCN(C)CC4)cc23)n[nH]1,53.3,3.975936331171799,0.4734975500353365
6037,Cc1n[nH]c2ncc(-c3cc(OC[C@@H](N)Cc4c[nH]c5ccccc45)cnc3-c3ccoc3)nc12,53.2,3.9740583963475986,0.4733700055995924
1624,Cc1cc(O)c(C(=O)CCc2ccc3occc3c2)c(O[C@@H]2O[C@H](CO)[C@@H](O)[C@H](O)[C@H]2O)c1,53.1,3.9721769282478934,0.4732422211929905
6802,CNS(=O)(=O)c1cccc(Nc2cc(Nc3cccc(Br)c3)ncn2)c1,53,3.970291913552122,0.473114195910833
6205,CCc1cccc(-c2c(Cl)cccc2[C@](O)(CCCCOC)[C@H]2CN(C(=O)[C@H]3C[C@@H](N)[C@@H](O)C3)CCO2)c1.O=C(O)/C=C/C(=O)O,53,3.970291913552122,0.473114195910833
6471,C[C@@H](Sc1cc(-c2cnn(C3CCNCC3)c2)cnc1N)c1c(Cl)ccc(F)c1Cl,53,3.970291913552122,0.473114195910833
6009,O=C(CO)NCCN1C(=O)COc2ccc(NCc3ccc(Cl)c(Cl)c3)cc21,53,3.970291913552122,0.473114195910833
6790,O=C(Cc1ccccc1)Nc1nnc(CCSCCc2nnc(NC(=O)Cc3ccccc3)s2)s1,53,3.970291913552122,0.473114195910833
5920,CCOc1cc2ncc(C(N)=O)c(Nc3ccc(F)c(Cl)c3)c2cc1N1CCN(C)CC1,53,3.970291913552122,0.473114195910833
6688,Cc1nc2cnc(Nc3ccnc(OCC(C)(C)S(C)(=O)=O)n3)cc2n1C(C)C,53,3.970291913552122,0.473114195910833
6000,Cc1ccccc1-c1nnc(NC(=O)c2ccc3c(c2)OCCO3)s1,53,3.970291913552122,0.473114195910833
6469,COc1c(/C=C/c2ccc(NS(C)(=O)=O)cc2)cc(-c2ccn[nH]c2=O)cc1C(C)(C)C,53,3.970291913552122,0.473114195910833
6784,COc1ccc2c(c1)c(CN1CCN(C)CC1)cn2S(=O)(=O)c1ccccc1Br.CS(=O)(=O)O.O,53,3.970291913552122,0.473114195910833
1527,N[C@H](C(=O)N1CCCC1)[C@H]1CC[C@H](NS(=O)(=O)c2ccc(F)cc2F)CC1,53,3.970291913552122,0.473114195910833
6594,CC[C@H](C)[C@@H]1NC(=O)[C@H](Cc2ccc(O)cc2)NC(=O)CCSCC[C@@H](C(=O)N(CC(=O)N[C@@H](CC(C)C)C(=O)NCC(N)=O)Cc2cccs2)NC(=O)[C@H](CC(N)=O)NC(=O)[C@H](CCC(N)=O)NC1=O,53,3.970291913552122,0.473114195910833
6725,Cc1ncoc1-c1nnc(SCCCN2CC3CCN(c4ccc(F)cc4)C3C2)n1C,53,3.970291913552122,0.473114195910833
5964,C[C@@H]1CN(Cc2ccc(-c3cccnc3C(=O)N3CCC(Nc4ccc(F)cc4)CC3)cc2)C[C@H](C)N1,53,3.970291913552122,0.473114195910833
6680,Cc1c(-c2noc(-c3ccc(OC(C)C)c(C#N)c3)n2)ccc2c1CCN(C[C@@H](O)CO)C2,53,3.970291913552122,0.473114195910833
6684,C[C@H](NC(=O)CNC(=O)c1cccc(Cl)c1)c1ccccc1,53,3.970291913552122,0.473114195910833
6870,Cc1ccc2nc(N3CCCc4ccc(F)cc4C3)cc(NC3(CN)COC3)c2c1,53,3.970291913552122,0.473114195910833
5930,CCOC(=O)N1CC(=O)C(NC(=O)[C@H](CC(C)(C)F)N[C@@H](c2ccc(-c3ccc(S(C)(=O)=O)cc3)cc2)C(F)(F)F)C1,53,3.970291913552122,0.473114195910833
1594,CCCN(c1ccccn1)C1CCN(C[C@H]2CN([C@@H](C(=O)O)C3CCCCC3)C[C@@H]2c2ccccc2)CC1,53,3.970291913552122,0.473114195910833
6788,Cc1ccc(NC(=O)c2cccc(C(F)(F)F)c2)cc1-c1cc(N2CCOCC2)c(=O)n(C)c1,53,3.970291913552122,0.473114195910833
6180,O=C(O)c1ccc2c(C3CCCCC3)c3n(c2c1)CCCc1ccccc1-3,53,3.970291913552122,0.473114195910833
1736,Cc1ccc(N2CCN(C(=O)[C@H](C)Cc3ccc(Cl)cc3)CC2)c([C@@H](NC(=O)CCN(C)C)C(C)C)c1,53,3.970291913552122,0.473114195910833
6013,CC[C@H](C1CC1)n1cc(C#N)nc(Nc2cc(C)c(OC)nc2C)c1=O,53,3.970291913552122,0.473114195910833
6174,Cc1nc2ccccc2n1C1CC2CCC(C1)N2CCC1(c2ccccc2)CCN(C(=O)C(C)(C)C(=O)NS(C)(=O)=O)CC1,53,3.970291913552122,0.473114195910833
6830,O=C(CCCCCCNc1ncnc2ccc(Cl)cc12)NO,53,3.970291913552122,0.473114195910833
6288,C[C@@](CCc1ccc(-c2ccc(C#N)cc2)cc1)(C(=O)NO)S(C)(=O)=O,53,3.970291913552122,0.473114195910833
6074,Cc1ccc(-n2nccn2)c(C(=O)N2CCCN(c3ncc4ccccc4n3)CC2)c1,53,3.970291913552122,0.473114195910833
6669,COc1ccc(-c2cc3ncsc3c(O[C@H](C)[C@H]3CNC(=O)C3)n2)cc1OC,53,3.970291913552122,0.473114195910833
1649,CC(C)C[C@@H]1C(=O)N[C@H](C2Cc3ccccc3C2)C(=O)N1[C@@H](C(=O)O)c1ccc(F)cc1F,53,3.970291913552122,0.473114195910833
1506,C[C@@]1(C(=O)N[C@@H](Cc2ccc(C(F)(F)F)cc2)C(=O)O)CCCN1S(=O)(=O)c1cc(Cl)cc(Cl)c1,53,3.970291913552122,0.473114195910833
6311,C[C@@H]1CCCN1CCCOc1ccc(C(=O)CN2CCC(F)(F)CC2)cc1,53,3.970291913552122,0.473114195910833
6787,CN(C)CCOC(c1ccccc1)c1ccccc1,53,3.970291913552122,0.473114195910833
6034,COC(=O)NCCO[C@@H](c1cccc(Cl)c1)[C@@H]1CCCN(C(=O)N[C@H](CN)CC2CCCCC2)C1,53,3.970291913552122,0.473114195910833
1712,COc1ccc(N2C(=O)c3c(Cl)cccc3C2C)cc1OCCN1CCC(C)CC1,53,3.970291913552122,0.473114195910833
6780,C=CC(=O)N1C[C@H](Nc2ncnc3[nH]ccc23)CC[C@@H]1C,53,3.970291913552122,0.473114195910833
6511,CC(=O)O.O=S(=O)(c1cccc(CCCCOCCCCCCNC[C@H](O)c2ccc(O)c(CO)c2)c1)C1CCCC1,53,3.970291913552122,0.473114195910833
6531,Cc1nn(-c2c(F)cccc2F)cc1CN1CCC2(CC1)OCC(F)(F)c1cc(Cl)sc12.O=C(O)C(O)C(O)C(=O)O,52.9,3.9684033388642534,0.4729859288432966
6123,Cl.Cn1c(=O)[nH]c2cc(N3CCC[C@@](C)(N)C3)n(Cc3ccccc3)c2c1=O,52.7,3.9646154555473165,0.4727286656869306
5958,O=C(O)COc1ccc2c(c1)C[C@@H](NC[C@H](O)c1cccc(Cl)c1)CC2,52.6,3.9627161197436642,0.4725996677524742
1582,O=C(NO)C1(NS(=O)(=O)c2ccc(Oc3ccc(F)cc3)cc2)CCOCC1,52.6,3.9627161197436642,0.4725996677524742
6362,CONC(=O)N(Cc1ccsc1)C1CCN([C@H](C)CCNC(=O)c2c(C)cc(Cl)nc2C)CC1,52.6,3.9627161197436642,0.4725996677524742
6178,CN(C)[C@@H]1C(O)=C(C(N)=O)C(=O)[C@@]2(O)C(O)=C3C(=O)c4c(c(F)c5ccc(CN6CCC6)cc5c4O)C[C@H]3C[C@@H]12,52.4,3.9589065913269965,0.4723409345173833
6841,CNCc1cc(Oc2ccc3c(ccn3C(=O)Nc3cc(C(C)C)[nH]n3)c2)ncn1,52.3,3.9569963710708773,0.9413679209713696
6645,Cc1cc(C)nc(N2C[C@H]3CN(C(=O)c4ccccc4-n4nccn4)C[C@H]3C2)n1,52.1,3.9531649487593215,0.4719509771279673
6064,Cc1cc(O)ccc1NC(=O)c1cc(N(CC2CC2)C2CCCCC2)ncn1,52,3.9512437185814275,0.9409772158167796
1710,O=C(O)c1cccc(C2=C(c3cc(Br)ccc3OCc3ccccc3)CCC2)c1,52,3.9512437185814275,0.4718204921847114
6252,CCCc1cccc(C[C@H](O)/C=C/[C@H]2CSC(=O)N2CCSCCCC(=O)O)c1,52,3.9512437185814275,0.4718204921847114
5884,Cn1cnc2c(NCCNCCO)nc3sc(-c4ccc(F)cc4)nc3c21,52,3.9512437185814275,0.4718204921847114
6069,CCCC[C@H]1CN(CC2CCOCC2)C(=O)OC12CCN(C1(C)CCN(C(=O)c3c(C)ncnc3C)CC1)CC2,52,3.9512437185814275,0.4718204921847114
6024,CCCOCCn1c(=O)c(NCC2CCCO2)nc2cnc(-c3ccc(OC)nc3)cc21,52,3.9512437185814275,0.4718204921847114
6073,CN1CCN(C(=O)c2cccc(-c3cc4nc(-c5cnc(N)nc5)nc(N5CCOCC5)c4s3)c2)CC1,52,3.9512437185814275,0.4718204921847114
6809,O=C1COc2ccc(N3C[C@@H](CO)OC[C@H]3c3ccccc3)nc2N1,52,3.9512437185814275,0.4718204921847114
6679,Cc1cc(C(=O)N2CCC3(CC2)CCN(C(=O)OCC(C)(C)C)[C@H]3C)cc2cn[nH]c12,52,3.9512437185814275,0.4718204921847114
6056,CCCCCOC(=O)N1CCN(C(=O)[C@H](CCC(=O)O)NC(=O)c2cc(N3CCC(N4CCCC4)CC3)cc(-c3ccccc3)n2)CC1,52,3.9512437185814275,0.4718204921847114
6570,CO[C@H]1CN(c2ncc(C(=O)O)s2)CC[C@H]1NC(=O)c1[nH]c(C)c(Cl)c1Cl,52,3.9512437185814275,0.4718204921847114
6592,CC[C@H](C)[C@@H]1NC(=O)[C@H](Cc2ccc(O)cc2)NC(=O)CCSCC[C@@H](C(=O)N(CCc2ccccc2)CC(=O)N[C@@H](CC(C)C)C(=O)NCC(N)=O)NC(=O)[C@H](CC(N)=O)NC(=O)[C@H](CCC(N)=O)NC1=O,52,3.9512437185814275,0.4718204921847114
6357,CN1CCN(C(=O)c2ccc3c(c2)-c2nc(N)nc(-c4ccccc4)c2C3=O)CC1,52,3.9512437185814275,0.4718204921847114
6335,CN(C)C[C@@H](OC(=O)N1Cc2c(NC(=O)C(C)(C)C)n[nH]c2C1(C)C)c1ccccc1,52,3.9512437185814275,0.4718204921847114
6052,CC(C)OC(=O)C1=CN(C(=O)c2ccc(OCCCN3CCOCC3)cc2)CC(C)(C)c2c1[nH]c1cc(F)ccc21,52,3.9512437185814275,0.4718204921847114
6756,C[C@H](NC(=O)c1c(CN2CCC(N3CCCCC3)CC2)c(-c2ccccc2)nc2ccccc12)c1ccccc1,52,3.9512437185814275,0.4718204921847114
5982,CN(C)C(=N)NC(=N)N,52,3.9512437185814275,0.4718204921847114
6330,CCn1c(CNc2ccccc2)nnc1SCc1nc2cc(OC(F)(F)F)ccc2o1,52,3.9512437185814275,0.4718204921847114
1669,C[C@@H](CN1CC(C)(C)c2cc(F)ccc21)NC(=O)O[C@@H](CC1CCCCC1)C(=O)N1CCOCC1,52,3.9512437185814275,0.4718204921847114
6159,Cc1cc(C)cc(-c2cnc3cc(Cl)c(-c4cccc(O)c4)cc3c2OCCCN)c1,52,3.9512437185814275,0.4718204921847114
6141,CC(O)(Cc1nc(CC2(C(F)(F)F)CC2)c[nH]1)c1ccc(-n2cccn2)cc1,52,3.9512437185814275,0.4718204921847114
1668,C[C@@H](CN1CC(C)(C)c2cc(F)ccc21)NC(=O)[C@H](CC1CCCCC1)NC(=O)N1CCOCC1,52,3.9512437185814275,0.4718204921847114
6206,Cc1cc(C)n(CC23CNCC[C@]2(c2ccc(Cl)c(Cl)c2)C3)n1,52,3.9512437185814275,0.4718204921847114
6451,C[C@@H]1CN(c2cccnc2C#N)CCN1C(=O)C12CC3CC(CC(C3)C1)C2,52,3.9512437185814275,0.4718204921847114
6837,Nc1nc(Nc2ccc(N3CCN(C4CC5CCC4C5)CC3)cc2)nn1-c1nccc2ccccc12,52,3.9512437185814275,0.4718204921847114
5887,O=C(O)CCc1ccc(S(=O)(=O)CCc2c(CCNS(=O)(=O)Cc3c(F)cccc3F)n(C(c3ccccc3)c3ccccc3)c3ccc(Cl)cc23)cc1,52,3.9512437185814275,0.4718204921847114
6088,CC(=O)c1cc(C(=O)NOCCO)c(Nc2ccc(I)cc2F)n1C,52,3.9512437185814275,0.4718204921847114
6514,O=C(NC1C2CC3CC1CC(O)(C3)C2)c1scnc1[C@H]1CCCO1,52,3.9512437185814275,0.4718204921847114
6102,NC(=O)c1nc(-c2cccc(-c3ccccc3OC(F)(F)F)c2)cs1,52,3.9512437185814275,0.4718204921847114
6801,CNS(=O)(=O)c1cccc(Nc2cc(Nc3cccc(Cl)c3)ncn2)c1,52,3.9512437185814275,0.4718204921847114
6045,Cc1ncc(-c2cc(Cl)cc(-c3nnc(CC(=O)N4CCC(n5c(=O)[nH]c6ncccc65)CC4)o3)c2)n1C,52,3.9512437185814275,0.4718204921847114
6232,Cn1nc(-c2ccc(OCCCN3CCCCC3)cc2)c2ccccc2c1=O,52,3.9512437185814275,0.4718204921847114
6004,Cc1c(CC(=O)O)c2cccnc2n1S(=O)(=O)c1ccc(F)c(C#N)c1,52,3.9512437185814275,0.4718204921847114
1584,COc1ccc(S(=O)(=O)Nc2ccccc2C(C)C)cc1N1CCNCC1,52,3.9512437185814275,0.4718204921847114
1593,Oc1ccc2c(c1)CCN(c1ccccc1)C2c1ccc(OCCN2CCCCC2)cc1,51.9,3.949318790171843,0.4716897560672037
1603,CC(C)C[C@H](NC(=O)c1cc2ccccc2o1)C(=O)N[C@@H]1CCCN(S(=O)(=O)c2ccccn2)CC1=O,51.9,3.949318790171843,0.4716897560672037
6391,CCC(CC)Nc1cc(C(=O)NC2CC3CCC(C2)N3c2ccc(C(C)=O)cn2)c(C)cc1C(N)=O,51.83,3.947969132201615,0.4715980908176743
1543,O=C(CCn1c2c(c(=O)[nH]c1=O)CSCC2)NCC(=O)N1CCN(c2ccccn2)CC1,51.83,3.947969132201615,0.4715980908176743
6390,CCN1Cc2c(c3ccc(OC)cc3c3cc(OC)c(OC)cc23)C(O)C1,51.8,3.9473901492654373,0.4715587678065939
1581,Cc1cc(C(=O)Nc2ccc(-c3ccccc3CN)cc2F)n(-c2cc3ccccc3cc2F)n1,51.8,3.9473901492654373,0.4715587678065939
6611,O=CN(O)C[C@@H](CC1CCCC1)C(=O)N1CC=C[C@H]1C(=O)Nc1ccc(F)c[n+]1[O-],51.68,3.945070859474346,0.4714012476925198
6666,O=S(=O)(N[C@]12CC[C@](c3nnc4cnc5[nH]ccc5n43)(CC1)CC2)C1CC1,51.67,3.9448773422990935,0.4713881045106551
6825,CCc1nc2ccc(C3CCN(CC(=O)N4CC(O)C4)CC3)cn2c1N(C)c1nc(-c2ccc(F)cc2)c(C#N)s1,51.67,3.9448773422990935,0.4713881045106551
6885,CC(=O)N(C)[C@@H](CC(C)(C)C)C(=O)N[C@H]1CCCCC/C=C\[C@@H]2C[C@@]2(C(=O)NS(=O)(=O)C2(C)CC2)NC(=O)[C@@H]2C[C@@H](Oc3nc4cc(F)ccc4c4ccccc34)CN2C1=O,51.67,3.9448773422990935,0.4713881045106551
5892,CC(=O)N1CCN(c2ccc(OCc3cc4cnc(C#N)nc4n3CCC3CCC(F)(F)CC3)cc2)CC1,51.67,3.9448773422990935,0.4713881045106551
1746,Cc1ccccc1Cn1cnnc1-c1cccc(Cl)c1Cl,51.67,3.9448773422990935,0.4713881045106551
6365,CN(C)CCn1cc(-c2ccncc2)cc(NC(=O)[C@H](Cc2ccccc2)NC2(c3ccccn3)CC2)c1=O,51.67,3.9448773422990935,0.4713881045106551
6083,Cc1cc(C)cc([C@@H](CC(C)C)NC(=O)c2cc(COc3ccccc3C)ccc2CCC(=O)O)c1,51.5,3.9415818076696905,0.4711642803931373
6124,Cc1ccc(F)cc1Cn1c(N2CCC[C@@](C)(N)C2)cc2c1c(=O)n(C)c(=O)n2C.Cl,51.5,3.9415818076696905,0.4711642803931373
6722,CC(C)[C@H](C)n1cc(-c2cc(C3CCOCC3)n(C)n2)c2[nH]nc(N)c2c1=O,51.33,3.9382753765722116,0.4709397162159252
1684,O=C(C[C@@H](NS(=O)(=O)c1cccc(C(F)(F)F)c1)c1ccc(F)cc1)N[C@@H]1CCOc2cc(CN3CCCC3)ccc21,51.3,3.937690752176724,0.4709000100516409
6378,CNc1ccn2ncc(C(=O)Nc3cc(C)nn3-c3cccc(Cl)c3)c2n1,51.3,3.937690752176724,0.4709000100516409
5972,CO/C(C)=C1/NC(=O)[C@H]([C@@H](C)O)NC(=O)c2csc(n2)-c2cc(OC)c(-c3nc(C(=O)NCCCN4CCOCC4)cs3)nc2-c2csc(n2)[C@@H]2COC(=O)c3c4c5c(cccc5n3O)COC(=O)[C@@H](O[C@H]3C[C@](C)(O)[C@H](N(C)C)[C@H](C)O3)[C@@H](OC4)[C@H](NC(=O)c3csc1n3)c1nc(cs1)C(=O)N2,51.3,3.937690752176724,0.4709000100516409
6484,COc1cc(NC(C)CCCNCC2CCC3(CC2)OOC2(OO3)C3CC4CC(C3)CC2C4)c2ncccc2c1,51.2,3.9357395320454622,0.939924211901032
6019,CN1CCN(c2nc(C3=C(c4c[nH]c5ccccc45)C(=O)NC3=O)c3ccccc3n2)CC1,51.2,3.9357395320454622,0.4707674882689638
6161,c1ccc(Cc2ncc3c(n2)CCNCC3)cc1,51,3.9318256327243257,0.4705016664342331
6356,O=C(O)c1ccc(NC(=O)[C@H](CC2CCCC2)n2cnc(C(F)(F)F)c2)nc1,51,3.9318256327243257,0.4705016664342331
6266,CC(C)CCS(=O)(=O)NC(=O)/C=C/c1cc(OC(C)C)nn1Cc1ccc(C(F)(F)F)cc1Cl,51,3.9318256327243257,0.9396583900663014
6871,Cc1ccc2nc(N3CCCc4ccc(F)cc4C3)cc(NCC3(N)COC3)c2c1,51,3.9318256327243257,0.4705016664342331
6351,Clc1cccc(-c2ccc(-c3nnc(CCCc4ccc5cccnc5n4)o3)cc2)c1,51,3.9318256327243257,0.4705016664342331
1599,CC(C)N1CCC(c2cc3c(ccc(=O)n3-c3c(Cl)cccc3Cl)c(-c3ccccc3Cl)n2)CC1,51,3.9318256327243257,0.4705016664342331
1630,c1ccc(-c2cc(-c3c[nH]nc3-c3ccccn3)ccn2)cc1,51,3.9318256327243257,0.4705016664342331
1689,C[C@@H]1C(=O)N(C2CC2)CCCN1C(=O)C[C@H](N)Cc1cc(F)c(F)cc1F,51,3.9318256327243257,0.4705016664342331
5951,N[C@@H](CC(=O)N1CCn2c(nnc2C(F)(F)F)C1)Cc1ccc(F)c(F)c1,51,3.9318256327243257,0.4705016664342331
1674,CC1=C(C(=O)Nc2ccc3[nH]ncc3c2)C(c2ccc(C(F)(F)F)cc2)CC(=O)N1,51,3.9318256327243257,0.4705016664342331
5830,CC(C)(C)OC(=O)N[C@H](Cc1ccccc1C(F)(F)F)C(=O)N[C@@H]1CN(CC2CC2)c2ccccc2N(CC(F)(F)F)C1=O,51,3.9318256327243257,0.4705016664342331
6233,CC(C)(C[C@@](O)(Cc1cc2ccc(C#N)cc2[nH]1)C(F)(F)F)c1cc(S(C)(=O)=O)cc2c1OCC2,51,3.9318256327243257,0.4705016664342331
6038,Cc1cc(-n2ncc(=O)[nH]c2=O)cc(C)c1Oc1ccc(O)c(Cc2ccc(F)cc2)c1,51,3.9318256327243257,0.4705016664342331
1592,Cc1cc(O)cc2c1S[C@@H](c1ccc(O)cc1)[C@@H](c1ccc(OCCN3CCCCC3)cc1)O2,51,3.9318256327243257,0.4705016664342331
1614,CSc1ccc(-c2ccccc2C2CCC(Cl)(Cl)CC2C(=O)NCC#N)cc1,51,3.9318256327243257,0.4705016664342331
6281,Cc1ccn2c(C(=O)NCc3ccc(Cl)cc3)c(C)nc2c1,51,3.9318256327243257,0.4705016664342331
6317,Cc1cccnc1CN1CCC2(CC1)C(=O)N(c1ccc(-c3ccccc3)cc1)C(=O)N2c1ncccn1,51,3.9318256327243257,0.4705016664342331
6888,Cc1cc(C)n(-c2cccc([C@H](CC(=O)O)CN3CC[C@@H](CCc4ccc5c(n4)NCCC5)C3)c2)n1,51,3.9318256327243257,0.4705016664342331
1753,CCS(=O)(=O)NC(=O)c1ccc2c(C3CCCCC3)c(-c3ccccc3)n(CC(=O)N(C)C)c2c1,51,3.9318256327243257,0.4705016664342331
6348,CC(C)Oc1cc(Nc2nc3c(cc2F)ncn3[C@@H](CO)c2ccc(F)cn2)n[nH]1,51,3.9318256327243257,0.4705016664342331
6055,CCCCCOC(=O)N1CCN(C(=O)[C@H](CCC(=O)O)NC(=O)c2cc(C(=O)N3CCOCC3)cc(-c3ccccc3)n2)CC1,51,3.9318256327243257,0.4705016664342331
6025,CC(C)(c1cc(-c2cccc(CC(CO)c3ccc(S(C)(=O)=O)cc3)c2)c2ncccc2c1)S(C)(=O)=O,51,3.9318256327243257,0.4705016664342331
5856,COc1cc(N2CCOCC2)ccc1NC(=O)c1cccc(-c2ccn[nH]2)n1,51,3.9318256327243257,0.9396583900663014
6447,CNc1nc(C)nc(N2CCC(C(=O)NCc3ccccc3C(F)(F)F)CC2)n1,51,3.9318256327243257,0.4705016664342331
5903,COc1cc(N2CCN(C(C)C)CC2)ccc1Nc1nc(Nc2cccc(F)c2C(N)=O)c2cc[nH]c2n1,51,3.9318256327243257,0.4705016664342331
6318,Cc1cccnc1CN1CCC2(CC1)C(=O)N(c1ccc(-c3ccc(C(=O)O)cc3)cc1)C(=O)N2c1ncccn1,51,3.9318256327243257,0.4705016664342331
6444,COc1cc(C(=O)NC2CCN(C)CC2)ccc1Nc1ncc2c(n1)N(C1CCCC1)CC(F)(F)C(=O)N2C,51,3.9318256327243257,0.4705016664342331
1760,Cc1ccc(Nc2c(C(N)=O)cnc3cc(-c4ccc(S(C)(=O)=O)cc4)ccc23)cc1C,51,3.9318256327243257,0.4705016664342331
6283,COc1ccc(-c2ocnc2C(=O)NCc2ccnc(C)c2)cc1Cl,51,3.9318256327243257,0.4705016664342331
6583,CC[C@H](C)[C@@H]1NC(=O)[C@H](Cc2ccc(O)cc2)NC(=O)CCCSC[C@@H](C(=O)N(CC(=O)N[C@@H](CC(C)C)C(=O)NCC(N)=O)Cc2ccccc2)NC(=O)[C@H](CC(N)=O)NC(=O)[C@H](CCC(N)=O)NC1=O,51,3.9318256327243257,0.4705016664342331
1653,Cc1ccc(-c2cc(Br)ccc2OCc2ccc(Cl)cc2)n1-c1cccc(C(=O)O)c1,51,3.9318256327243257,0.4705016664342331
1511,O=C1NCc2c(-c3ccc(F)cc3Cl)cc(C3CCN(CC4CC4)CC3)cc2N1c1c(Cl)cccc1Cl,50.9,3.929862923556477,0.4703683643461536
5842,CC1(N2CCC(c3cc(-c4ccc(F)cc4Cl)c4c(c3)N(c3c(Cl)cccc3Cl)C(=O)NC4)CC2)CC1,50.9,3.929862923556477,0.4703683643461536
6139,CCCCN1C(=O)[C@H]([C@@H](O)C2CCCCC2)NC(=O)C12CCN(Cc1ccc(Oc3ccc(C(=O)O)cc3)cc1)CC2.Cl,50.9,3.929862923556477,0.4703683643461536
6898,COc1c([C@@H]2O[C@H](CO)[C@@H](F)[C@H](O)[C@H]2O)cc(Cc2ccc3c(c2)OCCO3)c2c1CCO2,50.9,3.929862923556477,0.4703683643461536
6541,COc1ccc(Nc2nc(-c3ccc(C(N)=O)cc3)cn3ccnc23)cc1OC,50.83,3.928486731458811,0.4702748969678876
5844,COCCNC(=O)c1cccc2cc(Oc3ccnc4cc(OC)c(C(N)=O)cc34)ccc12,50.8,3.927896354584436,0.4702348001102394
6815,COc1cc(C(=O)NCCO)ccc1Nc1nc(OC2CCCC2)c2c(-c3ccc4nc(C)oc4c3)c[nH]c2n1,50.8,3.927896354584436,0.4702348001102394
6895,CCN1CCN(Cc2ccc(Nc3ncc(F)c(-c4cc(F)c5c(c4)C(C)(CC)C(C)=N5)n3)nc2)CC1,50.7,3.9259259105971376,0.4701009726933947
6595,CC(=O)N1CCC(c2cccnc2Oc2ccc(C(=O)c3nc4ccccc4[nH]3)cc2)CC1,50.5,3.9219733362813143,0.4698325241538864
6162,CC(=O)O[C@@]12CO[C@@H]1C[C@H](O)[C@@]1(C)C(=O)[C@H](O)C3=C(C)[C@@H](OC(=O)[C@H](O)[C@@H](NC(=O)OC(C)(C)CF)c4ccc(F)cc4)C[C@@](O)([C@@H](CC(=O)c4ccccc4)[C@H]21)C3(C)C,50.33,3.9186013207882686,0.4696035056555664
6344,O=[N+]([O-])c1ccc(C2=NOC(c3ccc(N4CCOCC4)nc3)C2)o1,50.33,3.9186013207882686,0.4696035056555664
1687,c1ccc2c(CCO[C@@H]3CCCC[C@H]3N3CCOCC3)cccc2c1,50.1,3.914021008090819,0.4692924227622734
1555,CN1Cc2cc(OCCCNc3ccccn3)ccc2CC(CC(=O)O)C1=O,50,3.912023005428146,0.4691567236320683
6066,COc1cccc(CN(CCN(C)C)C(=O)c2nc3ccc(-c4cn[nH]c4)cc3s2)c1,50,3.912023005428146,0.4691567236320683
6668,C[C@@H]1CN(c2cncc(F)c2)C(=O)c2cc(COc3ccc(Cl)cn3)nn21,50,3.912023005428146,0.4691567236320683
6677,Cc1nnc2n1-c1ccc(-c3cncc(C(C)(C)O)c3)cc1CC2,50,3.912023005428146,0.4691567236320683
1739,Cc1ccc2c(OCCN3CCC(Cc4ccc5c(c4)NC(=O)CO5)CC3)cccc2n1,50,3.912023005428146,0.4691567236320683
1580,CCCCCCC/N=C(\S)c1cccnc1S,50,3.912023005428146,0.4691567236320683
6152,Cc1nc(N)nc(-n2c(Nc3cc[nH]n3)nc3cc(F)c(F)cc32)n1,50,3.912023005428146,0.4691567236320683
5840,Cc1ccc2c(-c3nnc(SCCCN4CCc5cc6nc(CC7CC7)oc6cc5CC4)n3C)cccc2n1,50,3.912023005428146,0.4691567236320683
6224,CC(C)c1onc(-c2c(Cl)cccc2Cl)c1COc1ccc(-c2ccc3c(C(=O)O)csc3c2)cc1,50,3.912023005428146,0.4691567236320683
1588,COCCN(CCOC)c1nc(C)nc2c1nnn2-c1ccc(C(C)C)cc1Br,50,3.912023005428146,0.4691567236320683
6597,COCCCOc1cccc([C@H]2NC(=S)Nc3c2oc2ncccc32)c1,50,3.912023005428146,0.4691567236320683
6558,FC(F)(F)c1ccccc1-c1cc2cn[nH]c2cc1OCC1CC1,50,3.912023005428146,0.4691567236320683
1765,Cl.N[C@@H](CC(=O)N1CCn2c(nnc2C(F)(F)F)C1Cc1cc(C(F)(F)F)cc(C(F)(F)F)c1)Cc1cc(F)c(F)cc1F,50,3.912023005428146,0.4691567236320683
6258,C[C@H]1O[C@@H](n2cnc3c(N)nc(OC4C[C@@H]5C[C@@H]5C4)nc32)[C@H](O)[C@@H]1O,50,3.912023005428146,0.4691567236320683
6818,O=C(O)c1ccc2nc(N3CCC(OCc4c(-c5c(Cl)cccc5Cl)noc4C4CC4)CC3)sc2c1,50,3.912023005428146,0.4691567236320683
6346,COc1ncc(-c2cccc(C)c2CCNC(=O)c2ccc(OCCC(F)(F)F)nc2)cn1,50,3.912023005428146,0.4691567236320683
6523,C[C@H](CO)OC[C@H](Oc1ncnc2c1cnn2-c1ncccc1Cl)C(=O)Nc1ccc(Cl)cn1,50,3.912023005428146,0.4691567236320683
5992,CC(C)=CCC/C(C)=C/CN(CCNC1C2CC3CC(C2)CC1C3)C(=O)OCOC(=O)C(C)(C)C.O=C(O)/C=C\C(=O)O,50,3.912023005428146,0.4691567236320683
6503,Nc1nc2c(s1)CC[C@H]2C(=O)Nc1ccc(C[C@@H]2CC[C@H]([C@H](O)c3ccccc3)N2)cc1,50,3.912023005428146,0.4691567236320683
6463,CN1CCc2nc(COc3ccccc3)sc2C1=O,50,3.912023005428146,0.4691567236320683
6046,CN(C)CCOc1cc(Cl)cc(-c2nnc(CC(=O)N3CCC(N4CCc5ccccc5NC4=O)CC3)o2)c1,50,3.912023005428146,0.4691567236320683
5932,CC(C)(F)C[C@H](NC(=O)c1cc2ccccc2o1)C(=O)N[C@H]1CCCN(S(=O)(=O)c2ccccn2)CC1=O,50,3.912023005428146,0.4691567236320683
6639,CNc1cc2c(cn1)cc(-c1ccc(F)c(NC(=O)Nc3cc(C(C)(C)C)no3)c1)c(=O)n2[C@H]1CCOC1,50,3.912023005428146,0.4691567236320683
6689,Cc1nc2cnc(Nc3ccnc(/C=C/C(C)(C)O)n3)cc2n1C(C)C,50,3.912023005428146,0.4691567236320683
1732,CC(C)(C)Nc1c(C#N)cnc2cnc(NCc3cccnc3)cc12,50,3.912023005428146,0.4691567236320683
6194,CCn1c(-c2ccccc2)nc(C)c1CC(=O)NCc1c(C)cccc1Cl,50,3.912023005428146,0.9383134472641368
6026,CC(C)(O)C(Cc1cccc(-c2cc(C(C)(C)S(C)(=O)=O)cc3cccnc23)c1)c1ccc(S(C)(=O)=O)cc1,50,3.912023005428146,0.4691567236320683
6667,C[C@@H]1CN(c2cccnc2)C(=O)c2cc(COc3ccc(Cl)cn3)nn21,50,3.912023005428146,0.4691567236320683
1750,CC(C)N1C(=O)[C@H](NC(=O)[C@@H](Cc2ccccc2C(F)(F)F)NC(=O)OC(C)(C)C)CCc2ccccc21,50,3.912023005428146,0.4691567236320683
5957,COc1ccc(-n2c(C)nnc2-c2cnc(-c3ccc(F)cc3C)cn2)cn1,50,3.912023005428146,0.4691567236320683
6170,CNCc1ccc(OC)c([C@@]2(N3CCC[C@H]3c3ncco3)C(=O)N(S(=O)(=O)c3ccc(OC)cc3)c3ccc(Cl)cc32)c1,50,3.912023005428146,0.4691567236320683
6327,O=C1CCc2ccccc2N1CCCN1CCC(n2c(=O)[nH]c3ccccc32)CC1,50,3.912023005428146,0.4691567236320683
1707,Cn1cnc(CNc2cc(Br)c3ncc(C#N)c(Nc4ccc(F)c(Cl)c4)c3c2)c1,50,3.912023005428146,0.4691567236320683
5878,C[C@@](O)(c1ccc(C(=O)N(C2CC2)[C@H]2CC[C@H](CCC(N)=O)CC2)cc1)C(F)(F)F,50,3.912023005428146,0.4691567236320683
6827,Cc1cnn(CC(=O)[C@H]2CC[C@H]3[C@@H]4CC[C@@H]5C[C@](C)(O)CC[C@@H]5[C@H]4CC[C@]23C)n1,50,3.912023005428146,0.4691567236320683
5874,CC(C)c1cc(C(C)C)n(C[C@H](NC(=O)Nc2ccc(F)cc2F)C(C)C)n1,50,3.912023005428146,0.4691567236320683
6791,O=C(O)Cc1nc(NC(=O)c2nc(Sc3ccccn3)ccc2Sc2ccc(F)cc2)sc1Cl,50,3.912023005428146,0.4691567236320683
6555,Cc1ccc(O)c(C(=O)N[C@H]2CC[C@@H](NC(=O)c3cc(F)cnc3Oc3cccc(-c4ccc(CN5C[C@@H](C)N[C@@H](C)C5)cc4CN4CCOCC4)c3)CC2)c1,50,3.912023005428146,0.4691567236320683
1619,CN1CC(=O)N=C1NC(=O)Nc1cccc(Cl)c1,50,3.912023005428146,0.9383134472641368
1682,CCCCC[C@H](O)CC[C@H]1CCC(=O)N1CCc1ccc(C(=O)O)cc1,50,3.912023005428146,0.4691567236320683
6617,CS(=O)(=O)Nc1ccc(-c2ccc3[nH]nc(-c4cncc(O[C@H]5CNCCC56CC6)n4)c3c2)c(F)c1,50,3.912023005428146,0.4691567236320683
6202,COC(=O)NCCC[C@@](O)(c1cccc(F)c1-c1cccc(C)c1)[C@@H]1CCCN(C(=O)[C@H]2C[C@@H](N)[C@@H](O)C2)C1,50,3.912023005428146,0.4691567236320683
6270,CC(=O)Nc1cccc(C2CCN(CCCn3nc(-c4ccc(F)c(F)c4)c4ccccc4c3=O)CC2)c1,50,3.912023005428146,0.4691567236320683
6674,C#Cc1cccc(Nc2ncnc3cc(O[C@H]4CCOC4)c(NC(=O)/C=C/CNC4CC4)cc23)c1,50,3.912023005428146,0.4691567236320683
6145,CC(C)[C@H](N)C(=O)O/N=C(\N)c1ccccc1,50,3.912023005428146,0.4691567236320683
1686,C[C@H]1CN([C@@H]2CC[C@](C)(C(=O)NCc3cc(C(F)(F)F)cc(C(F)(F)F)c3)C2)CC[C@@]12C=Cc1ccccc12,50,3.912023005428146,0.4691567236320683
1542,CCN(c1ncccc1NC(C)C)C1CCN(C(=O)c2cc3cc(NC(=O)N4CCN(C)CC4)ccc3[nH]2)CC1,50,3.912023005428146,0.4691567236320683
1714,COc1ccc(N2Cc3cc(Cl)cc(Cl)c3C2=O)cc1OCCN1CCC(C)CC1,50,3.912023005428146,0.4691567236320683
6789,Cc1ncc(NC(=O)c2cccc(C(F)(F)F)c2)cc1-c1cnc(OC2CCOCC2)c(N2CCOCC2)c1,50,3.912023005428146,0.4691567236320683
6625,Cc1ccc(C(=O)c2c(-c3ccccc3)n(C)n(-c3ccccc3)c2=O)c(N)c1-c1ccc2nc(N)sc2c1,50,3.912023005428146,0.4691567236320683
1700,CC(=O)Nc1nc2c(Oc3cc(N4CCN(C(C)c5ccccc5F)CC4)ncn3)cccc2s1,50,3.912023005428146,0.4691567236320683
6071,CC(=O)N(C)Cc1cc2nc(-c3cnc(N)nc3)nc(N3CCOCC3)c2s1,50,3.912023005428146,0.4691567236320683
6466,COc1c(/C=C/c2ccc(NS(C)(=O)=O)cc2)cc(-c2ccc[nH]c2=O)cc1C1(C)COC1,50,3.912023005428146,0.4691567236320683
6742,Cn1c(=O)n(CC(C)(C)C)c2ccc(N3CC4CCC3CN4C(=O)c3cccnc3)nc21,50,3.912023005428146,0.4691567236320683
6482,CN[C@@H](C)C(=O)N[C@H](C(=O)N1CCC[C@H]1C(=O)N[C@H]1c2ccccc2C[C@H]1OCC#CC#CCO[C@@H]1Cc2ccccc2[C@@H]1NC(=O)[C@@H]1CCCN1C(=O)[C@@H](NC(=O)[C@H](C)NC)C1CCCCC1)C1CCCCC1,50,3.912023005428146,0.4691567236320683
6695,COC(=O)N1CCC(CN2C[C@@H]3[C@@H](CNC(=O)c4nc(C(C)C)n5ccccc45)[C@@H]3C2)CC1,50,3.912023005428146,0.4691567236320683
6517,CCOC[C@H](Oc1ncnc2c1cnn2-c1ncccc1Cl)C(=O)Nc1cnc(C)cn1,50,3.912023005428146,0.4691567236320683
5826,CC(C)c1nc2ccccc2n1Cc1ccc(C(=O)N[C@@H]2CCC[C@@H]2C(=O)NO)cc1,50,3.912023005428146,0.4691567236320683
1149,CN1CCC(c2cc(-c3ccc(F)cc3Cl)c3c(c2)N(c2c(Cl)cccc2Cl)C(=O)NC3)CC1,49.8,3.9080149840306073,0.4688845092713717
4811,CC(C)S(=O)(=O)NC[C@H](C)c1ccc(-n2cc(CO)c(C(F)(F)F)n2)cc1,49.7,3.906004933102583,0.4687479918544049
1485,CO[C@@H]1CN(C[C@H]2Cc3ccc(C#N)cc3C2)CC[C@H]1n1c(C(C)(C)O)nc2cc(C)ccc21,49.5,3.901972669574645,0.4684741310314333
5762,COCCCCn1c(C(=O)N(CC(C)C)[C@@H]2CNC[C@H](C(=O)N3CCOCC3)C2)ccc1-c1ccccc1,49.47,3.901366425239617,0.4684329564972387
5446,CCOC(=O)N1CCC(CN2CCC3(CC2)CC(=O)N(CC)c2ncccc23)CC1,49.3,3.8979240810486444,0.4681991614571677
1176,Cc1cc(C(=O)Nc2ccc(C3=NCCN3C)cc2F)n(-c2cc3ccccc3cc2F)n1,49.3,3.8979240810486444,0.4681991614571677
5634,O=c1ccc(OCCCN2CCCCC2)nn1-c1ccc(Cl)c(Cl)c1,49.3,3.8979240810486444,0.4681991614571677
1247,CC(C)C[C@H](NC(=O)c1cc2ccccc2o1)C(=O)N[C@H]1CCCN(S(=O)(=O)c2ccccn2)CC1=O,49.2,3.8958936234982624,0.4680612580756293
5358,CCN1CC23COCC2(C1)CN(C(=O)[C@]12C[C@H]1c1cc(OC)ccc1-c1c(C4CCCCC4)c4ccc(C(=O)NS(=O)(=O)C(C)C)cc4n1C2)C3,49,3.8918202981106265,0.4677846084382333
4790,CN1C[C@@H](C(=O)NCc2cccc(Cl)c2Cl)N(C)C1=O,49,3.8918202981106265,0.4677846084382333
5418,CO[C@H]1CN(c2nc(C(=O)O)cs2)CC[C@H]1NC(=O)c1[nH]c(C)c(Cl)c1Cl,49,3.8918202981106265,0.4677846084382333
4781,CC(C)(C[C@@](O)(Cc1cc2ccncc2[nH]1)C(F)(F)F)c1cc(F)ccc1O,49,3.8918202981106265,0.4677846084382333
5402,C[C@@H]1COCCN1c1nc(-c2cncc3[nH]ccc23)cc2c1ncn2C,49,3.8918202981106265,0.4677846084382333
5655,COC(=O)N[C@H](C(=O)Nc1ccccc1CC[C@@H]1CN[C@H](COC(=O)NCc2ccc(F)cc2)CO1)C(c1ccccc1)c1ccccc1,49,3.8918202981106265,0.4677846084382333
5020,CCC(=O)c1cc(NCCN2CCCC2)c(C)c(N2CCN(c3ncnc4[nH]nc(Br)c34)CC2)c1,49,3.8918202981106265,0.4677846084382333
5373,O=C(c1cc(-n2ccc3c(Br)cccc32)c(O)cc1O)N1Cc2ccccc2C1,49,3.8918202981106265,0.9369413320703016
4851,N#Cc1cc(F)c(Cl)cc1O[C@H](CCN)c1ccccc1.O=C(O)C(=O)O,49,3.8918202981106265,0.4677846084382333
5784,CCc1nn2c(C)cc(C)nc2c1Cc1ccc(CCCC2(O)CCNCC2)cc1,49,3.8918202981106265,0.4677846084382333
1429,C[C@@H](C1CCC(N(C)C(=O)C2CC2)CC1)[C@H](N)C(=O)N1CC[C@H](F)C1.Cl,49,3.8918202981106265,0.4677846084382333
1248,O=C(O)[C@H](Cc1ccc2ccccc2c1)NC(=O)[C@@H]1CCCN1S(=O)(=O)c1cc(Cl)cc(Cl)c1,49,3.8918202981106265,0.4677846084382333
4449,CN(C)C(=O)c1ccc(CN2CCC(c3ccc(C(=O)Nc4ccccc4N)cc3)CC2)cc1,49,3.8918202981106265,0.4677846084382333
4754,O=C(c1ccc(Oc2cccc(F)c2)nc1)N1CCCN(C2CCC2)CC1,49,3.8918202981106265,0.4677846084382333
5508,COc1cc(-c2cc(=O)c3c(O)cc(O)cc3o2)ccc1O,49,3.8918202981106265,0.4677846084382333
4858,COCCCc1cc(CN(C(=O)[C@H]2CNCC[C@@H]2c2ccc(OCCOc3c(Cl)cc(C)cc3Cl)cc2)C2CC2)cc(OCC2(CC(=O)O)CC2)c1,49,3.8918202981106265,0.4677846084382333
4517,NCC(Cc1ccccc1)NC(=O)c1cc(Br)c(-c2ccnc3[nH]ccc23)s1,49,3.8918202981106265,0.4677846084382333
1145,C=CCN(C(=O)OCc1ccc([N+](=O)[O-])cc1)C1CCN(CCC(Cn2cnc3ccccc32)c2ccccc2)CC1,49,3.8918202981106265,0.4677846084382333
5619,CC(C)CN1[C@H](c2ccc(/C=C/C(=O)O)cc2)c2ccc(O)cc2C[C@H]1C,49,3.8918202981106265,0.4677846084382333
5076,C[C@H](N)CNc1nc(-c2ccncc2)cc2cnccc12,49,3.8918202981106265,0.4677846084382333
4502,O=C(c1cc(Cc2n[nH]c(=O)c3ccccc23)ccc1F)N1CCN(C(=O)C2CC2)CC1,49,3.8918202981106265,0.4677846084382333
4968,Nc1nc(OCC2CC2)nc2c1ncn2[C@@H]1O[C@H](CF)[C@@H](O)[C@H]1O,49,3.8918202981106265,0.4677846084382333
4908,CN(C)[C@H]1CC[C@H](NC(=O)[C@@H](Cc2ccc(Cl)cc2)NC(=O)C2(c3ccc(F)cc3)CC2)CC1,49,3.8918202981106265,0.4677846084382333
4892,Cc1nnc(N2CCCC2)c2nn(-c3ccc(OCC(F)(F)F)cc3)c(C)c12,49,3.8918202981106265,0.4677846084382333
4468,Fc1ccc(-c2nn3ccccc3c2-c2ccncc2)cc1,49,3.8918202981106265,0.4677846084382333
5818,CCN1CCN(Cc2ccc(Nc3ncc(F)c(-c4cc(F)c5c(c4)C4(CCCC4)C(C)=N5)n3)nc2)CC1,48.9,3.8897773964808264,0.4676458598872742
4934,O=C(N[C@@H]1CCCc2cc(CN3CCCCC3)ccc21)c1ccc(-c2csc3ccccc3c2=O)cc1,48.83,3.888344878073569,0.4675485669729556
5218,CC(C)(C)NC(=O)c1c[nH]c2ncc(-c3ncn4c3CCCC4)nc12,48.8,3.8877303128591016,0.4675068273063297
1213,C=CCN1CC[C@]23c4c5ccc(O)c4O[C@H]2C(=O)CC[C@@]3(O)[C@H]1C5,48.8,3.8877303128591016,0.4675068273063297
4850,C=C[C@@H]1C[C@]1(NC(=O)[C@@H]1C[C@@H](Oc2ncc(OC)c3ccc(Cl)cc23)CN1C(=O)[C@@H](Nc1ccc2c(c1)B(O)OC2)C(C)(C)C)C(=O)NS(=O)(=O)C1CC1,48.78,3.887320392787774,0.4674789866041265
1207,C/C(=C(\F)C(=O)Nc1ccc(-c2ccccc2S(N)(=O)=O)cc1)c1ccc2ccnc(N)c2c1,48.7,3.885679030088544,0.4673675095301476
4797,Cn1c(COc2ccc(F)cc2)c2c(=O)n(-c3ccccc3Cl)[nH]c2cc1=O,48.67,3.885062823845363,0.4673256584091312
4445,Cc1ccc(NC(=O)c2cccc(C(F)(F)F)c2C)cc1C(=O)Nc1cnc(Nc2ccc(N3CCN(C)CC3)cc2)nc1,48.67,3.885062823845363,0.4673256584091312
5278,CCC(=O)Oc1ccc(C(=O)/C=C/c2ccc(N(CC)CC)cc2)c2c1C=CC(C)(C)O2,48.37,3.878879786834892,0.4669057226602846
1185,CCN(c1nc(C)nc(N2CCOCC2)n1)c1c(Br)cc(OC)cc1OC,48.33,3.8780524858569927,0.4668495345354057
5284,Cn1c(N2CCO[C@@H](c3ccc(F)cc3)C2)nc(-c2ccncn2)cc1=O,48.33,3.8780524858569927,0.4668495345354057
5155,COc1ncc(Nc2ncc([C@H](C)N3CCN(S(C)(=O)=O)CC3)cc2-c2nc(C)nc(N)n2)cc1F,48.33,3.8780524858569927,0.4668495345354057
5443,COCCCOc1cccc([C@H]2NC(=S)NC3=C2C(=O)c2ccccc23)c1,48.33,3.8780524858569927,0.4668495345354057
4757,Cc1ccc(C(=O)Nc2ccc(CN3CCN(C)CC3)c(C(F)(F)F)c2)cc1C#Cc1cnc2cnccn12,48.33,3.8780524858569927,0.4668495345354057
1372,CC(C)(C)c1ccc(-c2cc(Nc3ccc4cccnc4c3)ncn2)cc1,48.33,3.8780524858569927,0.4668495345354057
1143,NC[C@@H]1CN[C@@H](C(=O)N[C@H](CCc2ccccc2)C(=O)Nc2ccc3ncccc3c2)C1,48.33,3.8780524858569927,0.4668495345354057
5626,O=C(CN1CCN(c2cccc3c2cnn3-c2ccccc2F)C1=O)N1CC[C@H](F)C1,48.33,3.8780524858569927,0.4668495345354057
4588,COC(C)(C)CCn1nc(Nc2c(Cl)cccc2Cl)c2cnc(Nc3ccc(OCCN4CCCC4)c(F)c3)nc21,48.33,3.8780524858569927,0.4668495345354057
4815,NC(=O)C12CC3CC(C1)C(NC(=O)C1SCCN1S(=O)(=O)c1ccccc1F)C(C3)C2,48.33,3.8780524858569927,0.4668495345354057
4531,CCCN1CCC(c2nc3cccc(C(N)=O)c3[nH]2)CC1,48.33,3.8780524858569927,0.4668495345354057
1328,Clc1ccc2c(c1Nc1ncnc3cc(OCCCN4CCCC4)cc(OC4CCOCC4)c13)OCO2,48.33,3.8780524858569927,0.4668495345354057
5252,O=S(=O)(c1ccc(C(F)(F)F)cc1)N1[C@H]2c3c[nH]nc3C[C@@H]1c1cccc(F)c12,48.33,3.8780524858569927,0.4668495345354057
5305,O=S(=O)(c1ccc(Cl)cc1)N1CCCc2cc(F)c(Oc3cc(-c4nnc(C5CC5)o4)cc(Cl)n3)cc21,48.33,3.8780524858569927,0.4668495345354057
5414,CCN(C)S(=O)(=O)C[C@@H](N1C(=O)[C@@](C)(CC(=O)O)C[C@H](c2cccc(Cl)c2)[C@H]1c1ccc(Cl)cc1)C(C)(C)C,48.33,3.8780524858569927,0.4668495345354057
1398,CCC1(CC)CS/C(=N\c2ccccc2C(C)C)N(C(=S)SC)C1,48.3,3.877431560658527,0.466807362915253
5810,OC[C@H]1O[C@@H](c2ccc(Cl)c(Cc3ccc4c(c3)CC4)c2)[C@H](O)[C@@H](O)[C@@H]1O,48.3,3.877431560658527,0.466807362915253
5799,C[C@@]1(c2cc(NC(=O)c3cnc(C(F)F)cn3)ccc2F)C=C(CF)OC(N)=N1,48.1,3.8732821771117156,0.4665255476060399
1322,Cc1ccc(C(=O)Nc2cccc(C(F)(F)F)c2)cc1-c1ccc2nc(NCCN3CCOCC3)ncc2c1,48.02,3.8716175907931074,0.4664124932443984
5429,CC[C@H](C)[C@@H]1NC(=O)[C@H](Cc2ccc(O)cc2)NC(=O)CCSSC[C@@H](C(=O)N(CCc2ccncc2)CC(=O)N[C@@H](CC(C)C)C(=O)NCC(N)=O)NC(=O)[C@H](CC(N)=O)NC(=O)[C@H](CCC(N)=O)NC1=O,48,3.871201010907891,0.4663842002250041
4750,CC(=O)c1cc(C(=O)NOC[C@H](O)CO)c(Nc2ccc(I)cc2F)n1C,48,3.871201010907891,0.4663842002250041
1312,Cc1ccc(-c2cc(Br)ccc2OCc2ccc(F)cc2Cl)n1-c1cccc(C(=O)O)c1,48,3.871201010907891,0.4663842002250041
4737,CCC/N=C1\S/C(=C\c2ccc(OCCO)c(Cl)c2)C(=O)N1c1ccccc1C,48,3.871201010907891,0.4663842002250041
1199,CN1CCC(c2c[nH]c3ccc(-n4cnnc4)cc23)CC1,48,3.871201010907891,0.4663842002250041
5379,C=C[C@]1(C)C[C@@H](OC(=O)CSc2cncc(CO)c2)[C@]2(C)[C@H](C)CC[C@]3(CCC(=O)[C@H]32)[C@@H](C)[C@@H]1O,48,3.871201010907891,0.4663842002250041
5011,Cc1nn(C)c(=O)cc1-c1ccc(OCCCN2CCCCC2)cc1,48,3.871201010907891,0.4663842002250041
1191,O=C(C(=O)N1CCN(C(=O)c2ccccc2)CC1)c1c[nH]c2cccc(F)c12,48,3.871201010907891,0.4663842002250041
5023,CNC[C@H](C[C@H]1CCCOC1)NC(=O)N1CCC[C@@H]([C@@H](OCCNC(=O)OC)c2cccc(Cl)c2)C1.O=C(O)/C=C/C(=O)O,48,3.871201010907891,0.4663842002250041
1332,COc1ccc2c(=O)n(C[C@H](O)CO)c(C#N)c(-c3ccccc3)c2c1,48,3.871201010907891,0.4663842002250041
1409,CCc1nc(N)nc(N)c1-c1ccc2c(c1)N(CCCOC)C(=O)C(C)(c1cc(F)cc(F)c1)O2,48,3.871201010907891,0.4663842002250041
5520,CCn1cc([C@@]2(c3nn(C)c(=O)o3)N[C@@H](c3nc(-c4ccc(F)cn4)c[nH]3)Cc3c2[nH]c2ccccc32)cn1,48,3.871201010907891,0.4663842002250041
4654,COP(=O)(OC)C(Cc1cccc(-c2cc(C(C)(C)S(C)(=O)=O)cc3cccnc23)c1)c1ccc(S(C)(=O)=O)cc1,48,3.871201010907891,0.4663842002250041
5206,NC1(C(=O)NCc2ccc(Cl)cc2)CCN(c2ncnc3[nH]ccc23)CC1,48,3.871201010907891,0.4663842002250041
4925,C[C@@H](c1ccc(-c2ccc(F)cc2F)cc1)N1CC[C@](CCCO)(c2ccccc2)OC1=O,48,3.871201010907891,0.4663842002250041
5185,N#CC1(n2cc([C@@H](NC(=O)c3ccsc3)C3CCCCC3)nn2)CC1,48,3.871201010907891,0.4663842002250041
1389,COc1ccc(N2Cc3c(F)ccc(C(F)(F)F)c3C2=O)cc1OCCN1CCC(C)CC1,48,3.871201010907891,0.4663842002250041
4812,CCCCNCc1ccc(-c2nc(CN(C3CCOCC3)S(=O)(=O)c3ccc(OC)cc3)cs2)cc1,48,3.871201010907891,0.4663842002250041
4605,Cc1cccc(C)c1CNc1cc(-n2ccccc2=O)cn2c(C)c(C)nc12,48,3.871201010907891,0.4663842002250041
1217,O=C(Nc1ccc(C[C@H](NC(=O)C2(S(=O)(=O)c3ccccc3)CCOCC2)C(=O)O)cc1)c1c(Cl)cccc1Cl,48,3.871201010907891,0.4663842002250041
4596,COc1cc2c(cc1Nc1nc(Nc3cccc(F)c3C(N)=O)c3cc[nH]c3n1)N(C(=O)CN(C)C)CC2,48,3.871201010907891,0.4663842002250041
1462,CC(C)(C)OC(=O)N[C@H](Cc1ccccc1)C(=O)N[C@@H]1CN(CC2CC2)c2ccccc2N(CC(F)(F)F)C1=O,48,3.871201010907891,0.4663842002250041
5658,CCCn1c(OC2CCC(O)C2)nc2nc(C3CCCC3)[nH]c2c1=O,48,3.871201010907891,0.4663842002250041
5383,Cc1cnc2c(C(=O)NCCO)cn(Cc3ncnc(OC(F)F)c3C)c2c1,48,3.871201010907891,0.4663842002250041
5357,Cc1ccc(F)cc1C(C)(C)C[C@@](O)(Cc1cc2cnccc2[nH]1)C(C)(C)C,48,3.871201010907891,0.4663842002250041
1479,CN(C1CCCn2c1nc(C(=O)NCc1ccc(F)cc1)c(O)c2=O)S(C)(=O)=O,48,3.871201010907891,0.4663842002250041
4606,CC(C)c1onc(-c2c(Cl)cncc2Cl)c1COc1ccc(/C=C/c2cccc(C(=O)O)c2)c(Cl)c1,48,3.871201010907891,0.4663842002250041
1303,CC(C)C[C@@H]1C(=O)N[C@H](C2Cc3ccccc3C2)C(=O)N1[C@@H](C(=O)NC(C)C)c1ccc(N(C)C)cc1,48,3.871201010907891,0.4663842002250041
4897,Brc1ccc(C2(CC3CCOCC3)c3ccccc3-c3nccn32)cc1,48,3.871201010907891,0.4663842002250041
5087,CCCSc1ncccc1C(=O)N(C)C1CCCCC1,48,3.871201010907891,0.4663842002250041
4808,Cc1c([C@@H](C)OC(=O)Nc2ccccc2)sc2ncnn12,48,3.871201010907891,0.4663842002250041
1493,CCc1nc2cc3c(cc2o1)CCN(CCCSc1nnc(-c2ccc(C(F)(F)F)cc2)n1C)CC3,48,3.871201010907891,0.4663842002250041
5469,O=C(NOCCO)c1ncc2cncn2c1Nc1ccc(I)cc1F,48,3.871201010907891,0.4663842002250041
4995,CC#CCn1c(N2CCCNCC2)c(C#N)c2ncn(Cc3nccc4ccccc34)c(=O)c21,48,3.871201010907891,0.4663842002250041
5722,Cc1cc(N(Cc2ccc(C(=O)NCCCCN(C)C)cc2)CC(C)(C)C)nc(C)n1,48,3.871201010907891,0.4663842002250041
4651,CNC(=O)c1cc(OC)c(O[C@@H](C)C(=O)N2CCN(c3nccc4ccccc34)C[C@H]2C)cn1,48,3.871201010907891,0.4663842002250041
1314,Cc1ccc(-c2cc(Cl)ccc2OCc2ccc(F)cc2)n1-c1cccc(C(=O)O)c1,48,3.871201010907891,0.4663842002250041
4626,Cc1cc(CN2C(=O)C(C3=NS(=O)(=O)c4c(CNS(N)(=O)=O)cccc43)=C(O)[C@@H]2C(C)(C)C)ccc1F,48,3.871201010907891,0.4663842002250041
4970,CCCC(Oc1cnn(-c2ccc(C(F)(F)F)cc2)c1)c1ccc(C(=O)NCCC(=O)O)cc1,48,3.871201010907891,0.4663842002250041
5289,COc1ccc2c3c1O[C@H]1[C@@H](O)C=C[C@H]4[C@@H](C2)N(C)CC[C@@]341,47.97,3.8705758155139725,0.935498462216381
4443,CCOC(=O)COc1ccc2c(c1)C[C@@H](NC[C@H](O)c1cccc(Cl)c1)CCC2,47.9,3.8691155044168695,0.4662425580629811
1220,N#Cc1ccc(CCCC2CCN(C[C@H]3CN([C@H](CC4CCC4)C(=O)O)C[C@@H]3c3cccc(F)c3)CC2)cc1,47.8,3.86702563949741,0.466100619887865
5809,Cc1cc(O)c([C@@H]2O[C@H](CO)[C@@H](O)[C@H](O)[C@H]2O)cc1Cc1ccc2c(c1)CC2,47.8,3.86702563949741,0.466100619887865
5563,Nc1ncnc2ccc(-c3cccc(F)c3)cc12,47.5,3.8607297110405954,0.4656730168463954
4452,CCN1CCN(Cc2cnc(-c3ccc(C(=O)Nc4ccccc4N)cc3)c(C#N)c2)CC1,47.5,3.8607297110405954,0.4656730168463954
5231,Cc1ccc(-c2ncccn2)c(C(=O)N2CC3(CC3)C[C@H]2CNc2ccc(C(F)(F)F)cn2)n1,47.5,3.8607297110405954,0.4656730168463954
4560,Cc1ccc(NC(=O)c2cc(NC(=O)c3cccc(C(C)(C)C#N)c3)ccc2C)cn1,47.5,3.8607297110405954,0.4656730168463954
5632,N=c1c(C(N)=O)cc(Cl)cn1Cc1cc(Cl)cc(C(N)=O)c1,47.17,3.8537580972961702,0.4651995230223285
4821,CCCS(=O)(=O)Oc1ccc(S(=O)(=O)CC2CS2)cc1,47.17,3.8537580972961702,0.4651995230223285
5463,CCn1c(-c2ccc(OCCN(C)c3ccccn3)cc2)nc2c1c(=O)n(Cc1ccccc1C#N)c(=O)n2C.Cl,47.08,3.851848282392076,0.4650698133746989
4591,COc1cc(N2CCN(C(C)C)CC2)ccc1Nc1nc2[nH]ccc2c2nc3cccc(F)c3c(=O)n12,47,3.8501476017100584,0.4649543075780261
4961,Cc1cccc(C[C@H](O)/C=C/[C@H]2COC(=O)N2CCSCCCC(=O)O)c1,47,3.8501476017100584,0.4649543075780261
4550,CCOc1cc2ncc(C(N)=O)c(Nc3ccc(Cl)c(Cl)c3)c2cc1N1CCN(C)CC1,47,3.8501476017100584,0.4649543075780261
4487,CC(=O)Nc1cccc(CC2CCN(CCOc3cccc4nc(C)ccc34)CC2)c1,47,3.8501476017100584,0.4649543075780261
5002,O=C(N1CCCCC1)N1CC(O[C@@H](c2ccc(Cl)cc2)c2cccnc2Cl)C1,47,3.8501476017100584,0.4649543075780261
4509,CNC(=O)c1cn(-c2ccc3c(c2)CCC3)c2nc(Nc3ccc(CCN4CCOCC4)cc3)ncc2c1=O,47,3.8501476017100584,0.4649543075780261
5592,CS(=O)(=O)N1CCC(C2Cc3[nH]c(=O)c4ccccc4c3CO2)C1,47,3.8501476017100584,0.4649543075780261
5311,CC(C)(C)CCN1C(=O)[C@H](CC(=O)N2CCC(N3CCc4ccccc4NC3=O)CC2)S[C@@H]1c1cccc(F)c1N1CCN(C(C)(C)C)CC1,47,3.8501476017100584,0.4649543075780261
5362,CC#C[C@H]1CN(S(=O)(=O)c2ccc(N)nc2)CCN1c1ccc(S(N)(=O)=O)cc1,47,3.8501476017100584,0.4649543075780261
4964,COCc1cccc(C[C@H](O)/C=C/[C@H]2CSC(=O)N2CCSCCCC(=O)O)c1,47,3.8501476017100584,0.4649543075780261
5166,C[C@H](c1nc2c(cnn2C2CCCC2)c(=O)[nH]1)N1CC(c2ncccn2)C1,47,3.8501476017100584,0.4649543075780261
5571,CNC(=O)C1Cc2ccccc2N1C(=O)COc1ccc(C)cc1,47,3.8501476017100584,0.4649543075780261
5453,COc1cnc2ccc(=O)n(C[C@H](N)[C@H]3CC[C@H](NCc4ccc5c(n4)NC(=O)CO5)CC3)c2c1,47,3.8501476017100584,0.4649543075780261
4681,CCCCCOC(=O)N1CCN(C(=O)[C@H](CCC(=O)O)NC(=O)c2cc(N3CCCC(CN4CCCC4)C3)cc(-c3ccccc3)n2)CC1,47,3.8501476017100584,0.4649543075780261
1381,CCCC[C@H](NC(=O)O[C@H](Cn1cnc(-c2ccc(C(F)(F)F)cc2)c1)C(C)(C)C)C(=O)CNS(=O)(=O)c1ccccn1,47,3.8501476017100584,0.4649543075780261
4890,CCOc1ccc(-n2nc3c(N4CCCNCC4)nnc(C)c3c2C)cc1,47,3.8501476017100584,0.4649543075780261
4747,COc1cc(C(=O)NC[C@H](NS(=O)(=O)c2ccccc2)C(=O)O)ccc1N1CCC(NC2=NCCCN2)CC1,47,3.8501476017100584,0.4649543075780261
1337,CC1=C(C(=O)Nc2ccc3[nH]ncc3c2)C(c2ccc(F)cc2)CC(=O)N1,47,3.8501476017100584,0.4649543075780261
5120,CCN(CCO)C(=O)c1cc2cccnn2c1-c1ccc(C(F)(F)F)cc1,47,3.8501476017100584,0.9341110312100944
5427,CC[C@H](C)[C@@H]1NC(=O)[C@H](Cc2ccc(O)cc2)NC(=O)CCSSC[C@@H](C(=O)N(CCOC)CC(=O)N[C@@H](CC(C)C)C(=O)NCC(N)=O)NC(=O)[C@H](CC(N)=O)NC(=O)[C@H](CCC(N)=O)NC1=O,47,3.8501476017100584,0.4649543075780261
1490,Cc1ccc2c(-c3nnc(SCCCN4CCc5cc6nc(C)oc6cc5CC4)n3C)cccc2n1,47,3.8501476017100584,0.4649543075780261
5022,COCCCC[C@@](O)(c1cccc(Cl)c1F)[C@@H]1CCCN(C(=O)NC[C@@H](N)CC2CCCCC2)C1.O=C(O)/C=C/C(=O)O,47,3.8501476017100584,0.4649543075780261
5337,COc1cc(N2CCN(C)CC2)ccc1-c1nc2c(N[C@H]3[C@@H](C(N)=O)[C@@H]4C=C[C@H]3C4)c(Cl)cnc2[nH]1,47,3.8501476017100584,0.4649543075780261
1147,COc1ccc(C[C@H](NC(=O)[C@]2(C)CCCN2S(=O)(=O)c2cc(Cl)cc(Cl)c2)C(=O)O)cc1,47,3.8501476017100584,0.4649543075780261
4612,O=C(CC12CC3CC(CC(C3)C1)C2)Nc1ccccc1,47,3.8501476017100584,0.4649543075780261
5181,CC(C)(C)c1cc(NC(=O)Nc2ccc(NC(=O)c3cc4ccccc4cn3)cc2)no1,47,3.8501476017100584,0.4649543075780261
4540,O[C@H]1C[C@H](CN2CC[C@H](c3ccc(F)cc3Cl)[C@@H](O)C2)Cc2cccnc21,47,3.8501476017100584,0.4649543075780261
5017,O=C(N1CC[C@](c2cc(F)ccc2F)(S(=O)(=O)c2ccc(Cl)cc2)[C@@H](O)C1)C1(C(F)(F)F)CC1,47,3.8501476017100584,0.4649543075780261
5071,N#CC1(NC(=O)[C@@H]2CCCC[C@H]2C(=O)N2CCN(c3nc4ccccc4s3)CC2)CC1,47,3.8501476017100584,0.4649543075780261
5243,CS(=O)(=O)C1CCN(c2cccc3c2ccn3-c2ccnc(N[C@H]3CC[C@H](O)CC3)n2)CC1,47,3.8501476017100584,0.4649543075780261
4603,O=C1CC2(CCN(C(=O)N[C@H]3C[C@@H]3c3ccccc3)CC2)Oc2ccccc21,47,3.8501476017100584,0.4649543075780261
5512,C[C@H](c1ccc(F)cc1)N1C(=O)O[C@](Cc2ccccc2)(c2nc3cc(Cl)ccc3[nH]2)C1=O,47,3.8501476017100584,0.4649543075780261
5770,C[C@]1(c2cc(NC(=O)c3ccc(C#N)cn3)ccc2F)N=C(N)CO[C@H]1C(F)(F)F,47,3.8501476017100584,0.4649543075780261
1438,CCCC(CCC)n1cc2c3c(nc(C)cc31)N(c1ccc(OC)c(F)c1)CC2,47,3.8501476017100584,0.4649543075780261
4827,CN(C)C(=O)Cc1ccc(-n2nc(C(F)(F)F)c3c2CCCC3)cc1,47,3.8501476017100584,0.4649543075780261
4951,COCCCc1cc(CCCN2CCOCC2)c(Cl)c(CN(C(=O)[C@H]2CNCC[C@@]23OCc2cc(F)c(F)cc23)C2CC2)c1.Cl.Cl.Cl,47,3.8501476017100584,0.4649543075780261
1190,COc1ccc([C@H](CC(=O)O)N2CCN(CCCc3ccc4c(n3)NCCC4)C2=O)cn1,47,3.8501476017100584,0.4649543075780261
1263,Cc1c(CCS(=O)(=O)c2ccc(CCC(=O)O)cc2)c2cc(Cl)ccc2n1C(c1ccccc1)c1ccccc1,47,3.8501476017100584,0.4649543075780261
5671,O=C(CC12CC3CC(CC(C3)C1)C2)Nc1ccc2[nH]ncc2c1,47,3.8501476017100584,0.4649543075780261
4909,Cc1ccc(-c2c(CN)c(CC(C)C)nc3ccc(N4CC(=O)NCC4=O)cc23)cc1.Cl.Cl,46.98,3.849721979230767,0.4649254004092246
5471,CCCC[C@H](CN(O)C=O)C(=O)N1CC=C[C@H]1C(=O)Nc1ccc(F)c[n+]1[O-],46.83,3.8465240231954505,0.4647082035753395
4962,COc1ccc(N(Cc2cnccc2C)C2CCN([C@H](C)CCNC(=O)c3c(C)cc(Cl)nc3C)CC2)cc1,46.7,3.8437441646748516,0.4645194028342865
5755,C[C@H](NS(=O)(=O)c1ccc(-c2sc(C(=O)NCC(C)(C)O)nc2CC2CCC2)c(C(F)F)c1)C(F)(F)F,46.7,3.8437441646748516,0.4645194028342865
4740,CC(C)(C)c1ccc(SCCc2c[nH]cn2)cc1,46.67,3.8431015599617244,0.4644757587980365
5627,CC(C)(O)CC(=O)N1C[C@H]2CN(c3cccc4c3cnn4-c3ccccc3F)C(=O)[C@H]2C1,46.67,3.8431015599617244,0.4644757587980365
5112,COc1ccc(Nc2ncc(CC3CCN(S(C)(=O)=O)CC3)cc2-c2nc(C)nc(N)n2)cn1,46.67,3.8431015599617244,0.4644757587980365
1395,CN(CC1=CC2C(=O)C(C(=O)NCc3ccc(Cl)cc3)=CN(C)C2S1)C[C@@H](O)c1ccccn1,46.67,3.8431015599617244,0.4644757587980365
1365,CCCCCCCCCC(=O)N(CCN(C)C)C(C)c1nc2ccccc2c(=O)n1-c1ccc(F)cc1,46.67,3.8431015599617244,0.4644757587980365
5385,Cc1cc(Cl)ccc1-c1cccc(COc2ccc([C@H](CC(=O)O)c3nnnn3C)cc2)c1,46.67,3.8431015599617244,0.4644757587980365
5208,COC(=O)N[C@H](C(=O)N[C@@H](Cc1ccc(-c2ccc(OC)nc2)cc1)[C@@H](O)C[C@@H](Cc1ccccc1F)C(=O)N[C@H]1c2cc(C)ccc2OC[C@H]1O)C(C)(C)C,46.67,3.8431015599617244,0.4644757587980365
5267,CN[C@@H](CC(C)C)C(=O)N[C@H]1CC[C@@H]2CN(S(=O)(=O)c3ccc(C(F)(F)F)cc3)C[C@@H]21,46.67,3.8431015599617244,0.4644757587980365
4521,COC(=O)N[C@H](C(=O)N[C@@H](Cc1ccc(-c2ccccn2)cc1)[C@@H](O)C[C@H](Cc1ccccc1)NC(=O)[C@@H](N1CCN(Cc2csc(-c3cccnc3)n2)C1=O)C(C)(C)C)C(C)(C)C,46.67,3.8431015599617244,0.4644757587980365
4700,Cc1n[nH]c2ccc(-c3nnc(NC[C@@H](N)Cc4ccc(C(F)(F)F)cc4)s3)cc12,46.67,3.8431015599617244,0.4644757587980365
5774,Cn1cnc(S(=O)(=O)N2C[C@H](N[C@@H]3CCc4ccccc43)[C@@H](c3ccc(F)cc3)C2)c1,46.67,3.8431015599617244,0.4644757587980365
5285,Cc1cnc(Nc2ccc(C(=O)Nc3c(C)cccc3C)cc2)nc1-c1ccc(OC(F)(F)F)cc1,46.62,3.842029633607611,0.46440295635557
1279,OC[C@H]1O[C@@H](Oc2cccc3[nH]cc(CCc4ccc5c(c4)CCO5)c23)[C@H](O)[C@@H](O)[C@@H]1O,46.6,3.8416005411316,0.4643738135136409
5319,COc1ccc2c(O[C@@H]3C[C@H]4C(=O)N[C@]5(C(=O)NS(=O)(=O)C6CC6)C[C@H]5/C=C\CCCCN(C)C(=O)[C@@H]4C3)cc(-c3ccccc3)nc2c1,46.5,3.8394523125933104,0.4642279114337419
5636,O=C(Nc1cnccc1Cl)N1CCN(Cc2cccc(Oc3ccc(Cl)cc3)c2)CC1,46.5,3.8394523125933104,0.4642279114337419
4784,N#Cc1cc(F)cc(N2CCCc3oc(-c4ccccn4)nc3C2)c1,46.5,3.8394523125933104,0.4642279114337419
5526,Nc1ccn([C@@H]2CS[C@H](CO)O2)c(=O)n1,46.5,3.8394523125933104,0.4642279114337419
5123,Cn1cc(-c2ccc3c(c2)CCN3C(=O)Cc2ccccc2F)c2c(N)ncnc21,46.4,3.8372994592322094,0.4640816952479387
5196,N=C(N)NCCC[C@H](N)C(=O)O.N=C(N)NCCC[C@H](N)C(=O)O.O=C1OC(COP(=O)(O)O)CN1c1ccc(-c2ccc3c(c2)OC[C@H]2[C@H](CO)OC(=O)N32)cn1,46.33,3.835789699428557,0.4639791562994169
5543,CCN(CC)CC.Nc1ccc(C(=O)NS(=O)(=O)NC[C@H]2O[C@@H](n3cnc4c(N)ncnc43)[C@H](O)[C@@H]2O)c(O)c1,46.3,3.835141961092188,0.4639351636008646
4835,Cc1ccccc1C(=O)Nc1ccc(NC(=O)c2ccccn2)cc1Cl,46.2,3.832979798087693,0.4637883151283609
5018,O=C(N1CCC(c2cc(F)ccc2F)(S(=O)(=O)c2ccc(Cl)cc2)CC1)C1(C(F)(F)F)CCC1,46.2,3.832979798087693,0.4637883151283609
4688,CCCCCOC(=O)N1CCN(C(=O)[C@H](CCC(=O)O)NC(=O)c2cc(OCCOC)cc(-c3ccccc3)n2)CC1,46,3.828641396489095,0.4634936622060156
4544,COc1cc(C2=NC(c3ccc(Cl)cc3F)C(C(=O)Nc3cc4cn[nH]c4cc3F)=C(C)N2)ccn1,46,3.828641396489095,0.4634936622060156
5426,CCCCCCN(CC(=O)N[C@@H](CC(C)C)C(=O)NCC(N)=O)C(=O)[C@@H]1CSSCCC(=O)N[C@@H](Cc2ccc(O)cc2)C(=O)N[C@@H]([C@@H](C)CC)C(=O)N[C@@H](CCC(N)=O)C(=O)N[C@@H](CC(N)=O)C(=O)N1,46,3.828641396489095,0.4634936622060156
5242,CNc1nc(N2CCC(C(=O)NCc3ccccc3C(F)(F)F)CC2)nc(N2CCN(C)CC2)n1,46,3.828641396489095,0.4634936622060156
4866,Cc1ccc(-c2nnn(CCCOc3ccc(S(=O)(=O)C4(C(=O)NO)CCOCC4)cc3)n2)nc1,46,3.828641396489095,0.4634936622060156
5734,C[C@@H]1c2nnn(-c3cnccn3)c2CCN1C(=O)c1cccc(C(F)(F)F)c1Cl,46,3.828641396489095,0.4634936622060156
4536,Cc1cc(NC(=O)c2ccc(CN3CCCC3)cc2)nn1Cc1cc(Cl)ccc1OCC(C)C.Cl,46,3.828641396489095,0.4634936622060156
5766,CS(=O)(=O)c1cc(F)ccc1CNC(=O)c1nc2n(c(=O)c1O)CCCC21CCCC1,46,3.828641396489095,0.4634936622060156
4552,CC(C)(F)C[C@H](N[C@@H](c1ccc(-c2ccc(S(C)(=O)=O)cc2)cc1)C(F)(F)F)C(=O)NC1CCCN(S(=O)(=O)c2ccccn2)CC1=O,46,3.828641396489095,0.4634936622060156
4598,O=c1[nH]c2ccccc2cc1O,46,3.828641396489095,0.4634936622060156
1166,O=C(NCCCCN1CCC[C@@H]2c3ccccc3CC[C@H]21)c1ccc(-c2ccccc2)cc1,46,3.828641396489095,0.4634936622060156
5089,CCCSc1ncccc1C(=O)N(C)C1CCOCC1,46,3.828641396489095,0.4634936622060156
4861,COCCCc1cc(CN(C(=O)[C@H]2CNCC[C@@H]2c2ccc(OCCOc3c(Cl)cc(C)cc3Cl)cc2)C2CC2)cc(OCC2(Cc3nn[nH]n3)CC2)c1,46,3.828641396489095,0.4634936622060156
4749,CCN(C(C)=O)c1ccc(OC)c2nc(NC(=O)c3ccnn3C)sc12,46,3.828641396489095,0.4634936622060156
5263,COc1cc(CNC(=O)[C@@]2(Cc3ccccc3)OC(=O)N([C@H](C)c3ccccc3)C2=O)cc(OC)c1,46,3.828641396489095,0.4634936622060156
1385,O=C(O)c1cccc(C2=C(c3cc(Br)ccc3OCc3ccc(F)cc3)CCC2)c1,46,3.828641396489095,0.4634936622060156
5128,O=C(c1nc2c(C(F)(F)F)cc(-c3ccoc3)cn2c1Cl)N1CCC(N2C(=O)COC2=O)CC1,46,3.828641396489095,0.4634936622060156
4803,Cc1ccc2c(N3CCN(CCc4c(C)ccc5c4ccc(=O)n5C)[C@@H](C)C3)cccc2n1,46,3.828641396489095,0.4634936622060156
5084,CC(C)Oc1cc(-n2cnc3ccc(N[C@@H](CO)c4ccc(F)cn4)nc32)n[nH]1,46,3.828641396489095,0.4634936622060156
4575,CC(C)c1n[nH]c2c(=O)[nH]c(C[C@@H]3CCCC[C@H]3Nc3ncccn3)nc12,46,3.828641396489095,0.4634936622060156
5542,Cn1cc(NC(=O)c2cnn3ccc(N4C[C@H](N)CC(F)(F)C4)nc23)c(C(F)F)n1,46,3.828641396489095,0.4634936622060156
5203,CC(C)Nc1nc2c(C(=O)N(C)C)c(Cl)c(Cl)cc2n1C1CCN(c2ccc(OC(C)C)cc2)CC1,46,3.828641396489095,0.4634936622060156
4829,COC(=O)N1CCc2nc(C)n([C@H]3C[C@H]4CC[C@@H](C3)N4CC[C@H](NC(C)=O)c3cccc(F)c3)c2C1,46,3.828641396489095,0.4634936622060156
5270,CC1CCCN(C(=O)c2nc(Nc3cc4c(cc3F)OCO4)sc2Cl)C1C,46,3.828641396489095,0.4634936622060156
1187,CC(C)(N)C(=O)N[C@H](COCc1ccc(F)cc1F)C(=O)N1CCC2=NN(CC(F)(F)F)C(=O)[C@]2(Cc2ccccn2)C1,46,3.828641396489095,0.4634936622060156
4689,CCCCCOC(=O)N1CCN(C(=O)[C@H](CCC(=O)O)NC(=O)c2cc(OC(=O)N3CCCC3)cc(-c3ccccc3)n2)CC1,46,3.828641396489095,0.4634936622060156
5464,CS(=O)(=O)c1ccc(-c2cnc3ccc(-c4cccc(S(=O)(=O)C5CC5)c4)nn23)cc1,46,3.828641396489095,0.4634936622060156
1414,O=C(Oc1ccc(Oc2ccc(C(F)(F)F)cn2)cc1)N1CCC(CO)CC1,46,3.828641396489095,0.4634936622060156
1164,CCn1nc(Cc2ccccc2)cc1C1CCN(C[C@H]2CN([C@H](CC3CCC3)C(=O)O)C[C@@H]2c2cccc(F)c2)CC1,46,3.828641396489095,0.4634936622060156
4535,CNCc1ccc(NC(=O)c2cc(C)n(Cc3cc(Cl)ccc3OCc3ccccc3)n2)cc1.Cl,46,3.828641396489095,0.4634936622060156
1343,CN1C(=O)NC(=O)[C@]12Cc1ccc(NC(=O)Cn3c(=O)n(-c4cncnc4)c4ccccc43)cc1C2,46,3.828641396489095,0.4634936622060156
4801,Cc1ccc2c(N3CCN(CCc4c(C)ccc5c4ccc(=O)n5C)CC3)cc(F)cc2n1,46,3.828641396489095,0.4634936622060156
4839,N[C@H]1CN(c2ncnc(N3CCC(F)(F)C3)n2)C[C@@H]1N1CC(F)(F)CCC1=O,46,3.828641396489095,0.4634936622060156
5746,COc1ccc(C[C@H]2CC[C@](O)(CC(=O)Nc3ccc4[nH]c(=O)oc4c3)CC2)cc1,45.9,3.8264651170664994,0.4633458549832092
5187,COc1ccc2c(O[C@@H]3C[C@H]4C(=O)N[C@]5(C(=O)NS(=O)(=O)C6CC6)C[C@H]5/C=C\CCCCC[C@H](NC(=O)OC(C)(C)C)C(=O)N4C3)cc(-c3nc(C4CC4)cs3)nc2c1C,45.6,3.8199077165203406,0.4629004934393311
5272,O=C(CCc1c(Cl)cccc1Cl)Nc1nnc2n1CCS2,45.6,3.8199077165203406,0.4629004934393311
5522,O=C(O)CN1CCN(c2cc(-c3cnc4ccc(N5CCC[C@@H]5c5cccc(F)c5)nn34)ccn2)CC1,45.5,3.817712325956905,0.4627513882376793
4713,O=C(CC(c1ccccc1)c1ccccc1)N1CCN(C(c2ccccc2)c2ccccc2)CC1,45.5,3.817712325956905,0.4627513882376793
5468,CNC(=O)c1ccc(COCc2csc3nc(C(=O)NCc4cccc(OC)c4)[nH]c(=O)c23)cc1,45.37,3.8148510936758724,0.4625570608030344
5021,Cc1c(NCCN2CCCC2)cc(C(=O)CCC(F)(F)F)cc1N1CCN(c2ncnc3[nH]nc(Br)c23)CC1,45.37,3.8148510936758724,0.4625570608030344
5167,Cc1noc(-c2ccc3c(c2)c2c(n3CC(F)COc3cc(F)cc(F)c3)CCCC2)n1,45.33,3.813969064952758,0.4624971557124263
5801,C[C@@]1(c2cc(NC(=O)c3ncc(OCF)nc3N)ccc2F)C=C(CF)OC(N)=N1,45.3,3.8133070324889884,0.462452192194019
1231,CC1(c2ccc(OCCN3CCCC3)cc2)c2ccc(O)cc2CCN1c1ccc(F)cc1,45.2,3.8110970868381857,0.4623020984487918
4696,Cc1cc(C)cc(C(CC(C)C)NC(=O)c2cc(COc3cccc(F)c3)ccc2CCC(=O)O)c1,45.2,3.8110970868381857,0.4623020984487918
5521,OC1CCN(c2cc(-c3cnc4ccc(N5CCC[C@@H]5c5cccc(F)c5)nn34)ccn2)CC1,45.2,3.8110970868381857,0.4623020984487918
5556,O=C(NCCNC(=O)c1ccc(-c2ccccc2)cc1)c1ccc(O[C@H]2C3CC4CC2C[C@](C(=O)O)(C4)C3)cc1,45.17,3.8104331496665127,0.4622570055675909
1237,C[C@@H]1CN(C(=O)N2Cc3c(C(=O)OC(C)(C)C)ncn3-c3ccc(Cl)cc32)C[C@H](C)N1C,45.17,3.8104331496665127,0.4622570055675909
1397,COc1cccc(/N=C2\SCC3(CCCCC3)CN2C(=S)SC)c1,45.1,3.8088822465086327,0.4621516722697487
5795,COCCOc1ccc(N2CCN(CCn3c(=O)n(C)c4c3nc(N)n3nc(-c5nccs5)nc43)CC2)cc1F,45,3.8066624897703196,0.4620009121810444
1311,Cl.NCCCC[C@H](NC(=O)c1ccc(F)cc1)C(=O)c1noc(Cc2ccc(OCCc3ccc(Cl)c(Cl)c3)cc2)n1,45,3.8066624897703196,0.4620009121810444
4871,COc1cc(Cl)c(-c2c(C)nn3c(NCCNC4CCOCC4)cc(C)nc23)c(Cl)c1,45,3.8066624897703196,0.4620009121810444
5567,O=c1[nH]c(N2CCOCC2)nc(N[C@@H]2CCCNC2)c1-c1nc2ccccc2s1,45,3.8066624897703196,0.4620009121810444
5001,O=C(CN1CCCC(c2ccccc2)(c2ccccc2)C1=O)N1CCC(c2ccccc2)(c2ccccc2)CC1,45,3.8066624897703196,0.4620009121810444
4497,CC(=O)N1CCN(c2ccc(OCc3cc4cnc(C#N)nc4n3CCC3CCCCC3)c(F)c2)CC1,45,3.8066624897703196,0.4620009121810444
5326,CC(C)[C@@H](CS(C)(=O)=O)N1C(=O)[C@@](C)(CC(=O)O)C[C@H](c2cccc(Cl)c2)[C@H]1c1ccc(Cl)cc1,45,3.8066624897703196,0.4620009121810444
5499,C[C@@]1(O)CC[C@H]2[C@H](CC[C@@H]3[C@@H]2CC[C@]2(C)[C@@H](C(=O)Cn4nccn4)CC[C@@H]32)C1,45,3.8066624897703196,0.4620009121810444
1426,O=C(c1cccc(Nc2c(Nc3ccccc3C(F)(F)F)c(=O)c2=O)c1O)N1CCCC1,45,3.8066624897703196,0.4620009121810444
5222,CN(C)c1ccnc2sc(C(N)=O)c(N)c12,45,3.8066624897703196,0.4620009121810444
1270,O=c1c2nn(-c3ccccc3Cl)c(-c3ccc(Cl)cc3)c2ncn1CC(F)(F)F,45,3.8066624897703196,0.4620009121810444
4703,N[C@H](CNc1ncc(-c2ccc3cnccc3c2)s1)Cc1ccc(C(F)(F)F)cc1,45,3.8066624897703196,0.4620009121810444
4587,CN(C)CCOc1ccc(-c2nc(-c3ccncc3)c(-c3ccc4c(c3)CC/C4=N\O)[nH]2)cc1,45,3.8066624897703196,0.4620009121810444
1405,CCc1nc(N)nc(N)c1-c1ccc2c(c1)N(CCNC(=O)OC)C(=O)C(C)(c1cc(F)cc(F)c1)O2,45,3.8066624897703196,0.4620009121810444
5082,Cc1cc(-n2cnc3ccc(N[C@@H](C)c4ncc(F)cn4)nc32)n[nH]1,45,3.8066624897703196,0.4620009121810444
5159,CC[C@@H](C(=O)OC(C)(C)C)N1C(=O)[C@@](C)(CC(=O)O)C[C@H](c2cccc(Cl)c2)[C@H]1c1ccc(Cl)cc1,45,3.8066624897703196,0.4620009121810444
1486,CCNC(=O)[C@H]1O[C@@H](n2cnc3c(NCC(c4ccccc4)c4ccccc4)nc(CNC(=O)NCCN(C(C)C)C4CCCC4)nc32)[C@H](O)[C@@H]1O,45,3.8066624897703196,0.4620009121810444
1195,COc1cccc(OC)c1-c1ccc(C[C@H](/N=C(\NCC(F)(F)F)[C@@H]2CCN2S(=O)(=O)c2ccccc2)C(=O)O)cc1,45,3.8066624897703196,0.4620009121810444
1292,CC(C)C[C@H](NC(=O)OCc1ccccc1)C(=O)N[C@H](C#N)COCc1ccccc1,45,3.8066624897703196,0.4620009121810444
5565,C[C@@H](Oc1cc(-c2cnn(C)c2)cc2nscc12)[C@H]1CNC(=O)C1,45,3.8066624897703196,0.4620009121810444
5699,Cc1nnc2sc(C(=O)NC3CN(c4ccccc4)C3)c(N)c2c1C,45,3.8066624897703196,0.4620009121810444
5654,COC(=O)N[C@H](C(=O)Nc1ccccc1CC[C@@H]1CN[C@H](COC(=O)NCc2cccc(Cl)n2)CO1)C(c1ccccc1)c1ccccc1,45,3.8066624897703196,0.4620009121810444
5424,CC[C@H](C)[C@@H]1NC(=O)[C@H](Cc2ccc(OC)cc2)NC(=O)CCCSC[C@@H](C(=O)NCC(=O)N[C@@H](CC(C)C)C(=O)NCC(N)=O)NC(=O)[C@H](CC(N)=O)NC(=O)[C@H](CCC(N)=O)NC1=O,45,3.8066624897703196,0.4620009121810444
5378,O=c1nc(Nc2ccc(N3CCOCC3)cc2)c2cccnc2n1O,45,3.8066624897703196,0.4620009121810444
5649,N[C@H](C(=O)Nc1cccc(F)c1CC[C@@H]1CN[C@H](COC(=O)NCC(F)(F)F)CO1)[C@@H](c1ccc(F)cc1)c1cccc(F)c1,45,3.8066624897703196,0.4620009121810444
4741,Nc1n[nH]c2nc(N3CCCCC3)c3c(c12)CCN(Cc1ccccc1)C3,45,3.8066624897703196,0.4620009121810444
4551,CN1CCN(c2ccc3ncc(C(N)=O)c(Nc4ccc(F)cc4F)c3c2)CC1,45,3.8066624897703196,0.4620009121810444
4493,Cc1ccc2c(OCCN3CCC(Cc4cccc(NC(=O)C(C)C)c4)CC3)cccc2n1,45,3.8066624897703196,0.4620009121810444
5353,O=C(Nc1ccc(F)cn1)[C@H](COCCO)Oc1ncnc2c1cnn2-c1ccccc1Cl,45,3.8066624897703196,0.4620009121810444
4485,O=C(c1ccc(-c2ccc(Cl)cc2)o1)N1CCN(C2CCCCC2)CC1,45,3.8066624897703196,0.4620009121810444
5012,C[C@H]1CCCN1CCCOc1ccc(-c2cnn(-c3ccccn3)c(=O)c2)cc1,45,3.8066624897703196,0.4620009121810444
4592,Nc1ccc(-c2ccccc2)cc1NC(=O)c1ccc(CN2CCC3(CCCN3)CC2)cc1,45,3.8066624897703196,0.4620009121810444
1338,CC1=C(C(=O)Nc2ccc3[nH]ncc3c2)C(c2ccc3ccccc3c2)CC(=O)N1,45,3.8066624897703196,0.4620009121810444
4917,Cc1cc(Nc2nc(Sc3ccc(NC(=O)CN4C[C@H](OC(C)(C)C)[C@@H](O)C4)cc3)nn3cccc23)n[nH]1,45,3.8066624897703196,0.4620009121810444
4506,CCCN1C(=O)NC2(CCN(Cc3cc4cnc(C#N)nc4n3CC(C)(C)C)CC2)C1=O,45,3.8066624897703196,0.4620009121810444
5725,Cc1ccccc1NC(=O)C[C@@H](C)C(=O)N[C@@H]1C(=O)N2CCCN2Cc2ccccc21,45,3.8066624897703196,0.4620009121810444
5297,CN[C@@H](C)C(=O)N[C@H](C(=O)N1CCC[C@H]1C(=O)N[C@H]1c2ccccc2C[C@H]1OCCCCCCO[C@@H]1Cc2ccccc2[C@@H]1NC(=O)[C@@H]1CCCN1C(=O)[C@@H](NC(=O)[C@H](C)NC)C1CCCCC1)C1CCCCC1,45,3.8066624897703196,0.4620009121810444
4946,COc1cc(OC)nc(NCCCn2c3c(c4cc(C(=O)N(C)C)ccc42)CCCC3)n1,45,3.8066624897703196,0.4620009121810444
4887,Cc1onc(-c2c(Cl)cccc2Cl)c1NC(=O)OCc1c(F)cccc1Cl,45,3.8066624897703196,0.4620009121810444
5540,Cn1cc(NC(=O)c2cnn3ccc(N[C@@H]4CCCC[C@@H]4O)nc23)c(C(F)F)n1,45,3.8066624897703196,0.4620009121810444
4833,O=C(Nc1ccc(NC(=O)c2ccccc2Cl)c(Cl)c1)c1ccccn1,44.9,3.8044377947482086,0.4618498166969832
5720,C=CCO[C@]1(C)C[C@@H](C)NC(=O)[C@H](C)[C@@H](O)[C@](C)(O)[C@@H](CC)OC(=O)[C@H](C)[C@@H](OC(=O)CCNCCNc2cc3c(=O)c(C(=O)O)cn(C4CC4)c3cc2Cl)[C@H](C)[C@H]1O[C@@H]1O[C@H](C)C[C@H](N(C)C)[C@H]1O,44.7,3.7999735016195233,0.4615466135502302
4931,CC(=O)Nc1cccc(Nc2nc(N)n(-c3ccccn3)n2)c1,44.6,3.7977338590260183,0.4613945028661021
1243,CC(C)C[C@H](NC(=O)c1cc2ccccc2o1)C(=O)N[C@@H](C)C(=O)CN(C)S(=O)(=O)c1ccccn1,44.6,3.7977338590260183,0.4613945028661021
4697,Cc1cc(C)cc(C(CC(C)C)NC(=O)c2cc(COc3cc(F)ccc3F)ccc2CCC(=O)O)c1,44.5,3.7954891891721947,0.4612420507435638
1205,CCNC(=O)[C@@H]1CCCN1C(=O)[C@H](CCCN=C(N)N)NC(=O)[C@H](CC(C)C)NC(=O)[C@@H](Cc1c[nH]c2ccccc12)NC(=O)[C@H](Cc1ccc(O)cc1)NC(=O)[C@H](CO)NC(=O)[C@H](Cc1c[nH]c2ccccc12)NC(=O)[C@H](Cc1ccccc1)N(C)C(=O)[C@@H]1CCC(=O)N1,44.5,3.7954891891721947,0.4612420507435638
4593,CCN(CC)c1ccc2nc3ccc(N4CCCCC4)cc3[o+]c2c1.[Cl-],44.5,3.7954891891721947,0.4612420507435638
1252,CCNC(=O)[C@H]1CCCN1C(=O)[C@H](CCCN=C(N)N)NC(=O)[C@H](CC(C)C)NC(=O)[C@@H](Cc1c[nH]c2ccccc12)NC(=O)[C@H](Cc1ccc(O)cc1)NC(=O)[C@H](CO)NC(=O)[C@H](Cc1c[nH]c2ccccc12)NC(=O)[C@H](Cc1ccccc1)N(C)C(=O)[C@@H]1CCC(=O)N1,44.4,3.7932394694381792,0.4610892556463327
4807,CCN(CC)CCOc1ccc(CCC(Cc2cc3ccc(C)cc3oc2=O)C(=O)NO)cc1,44.33,3.7916616487569623,0.4609820941805044
4725,Cc1ccc2cc(CC3CCN(C(=O)c4cccc5cn[nH]c45)CC3)ccc2n1,44.3,3.7909846770510898,0.4609361160277339
5787,Cl.N[C@@H]1CCC=C(c2ccc(F)cc2)[C@H]1CNc1cc(F)c(S(=O)(=O)Nc2nccs2)cc1Cl,44.2,3.7887247890836524,0.4607826303306067
5518,CC(C)N1CCN(C(=O)c2ccc(CN3CCC(F)CC3)cc2)CC1,44.2,3.7887247890836524,0.4607826303306067
5219,CC(C)(C)NC(=O)c1c[nH]c2ncc(-c3n[nH]c4c(C(C)(C)O)cccc34)nc12,44.2,3.7887247890836524,0.4607826303306067
4820,CCS(=O)(=O)Oc1ccc(S(=O)(=O)CC2CS2)cc1,44.17,3.7880458256084353,0.4607365169020566
4453,CC(C)N1CCN(Cc2cnc(-c3ccc(C(=O)Nc4ccccc4N)cc3)c(C#N)c2)CC1,44,3.784189633918261,0.4604746144191236
1400,CCc1nc(N)nc(N)c1-c1ccc2c(c1)N(CCCO)C(=O)C(C)(c1cc(F)cc(F)c1)O2,44,3.784189633918261,0.4604746144191236
5384,O=C(O)c1csc(-c2ccc3c(c2)/C(=N/Nc2nc4ccccc4s2)CCC3)n1,44,3.784189633918261,0.4604746144191236
4873,O=C(N[C@H]1C[C@H]2CC[C@@H](C1)N2)[C@@H](Cc1ccc(Cl)cc1)NC(=O)C1(c2ccc(Cl)cc2)CC1,44,3.784189633918261,0.4604746144191236
5741,Nc1nc(Nc2ccc(N3CCN(C4CC5CCC4C5)CC3)cc2)nn1-c1ncnc2ccc(F)cc12,44,3.784189633918261,0.4604746144191236
4678,CCCCCOC(=O)N1CCN(C(=O)[C@H](CCC(=O)O)NC(=O)c2cc(N3CCC(C(N)=O)CC3)cc(-c3ccccc3)n2)CC1,44,3.784189633918261,0.4604746144191236
5731,COc1ccc2ccc(=O)n(C[C@H](O)[C@@H]3CC[C@@H](NCc4ccc5c(n4)NC(=O)CO5)CO3)c2n1,44,3.784189633918261,0.4604746144191236
1180,CC(C)Nc1cccnc1N(C)C1CCN(C(=O)c2cc3cc(NS(C)(=O)=O)ccc3[nH]2)CC1,44,3.784189633918261,0.4604746144191236
5265,CCC(CC)Oc1cc(Oc2cnc(C(=O)N(C)C)nc2)cc(-c2nccc(=O)[nH]2)c1,44,3.784189633918261,0.4604746144191236
5470,C[C@H](O)CONC(=O)c1ncc2cncn2c1Nc1ccc(I)cc1F,44,3.784189633918261,0.4604746144191236
4641,Cn1nnc(-c2ccc(Nc3nccc(-c4cc(C#N)cc(N5CCOCC5)c4)n3)cc2)n1,44,3.784189633918261,0.4604746144191236
5392,Cc1csc(C(=O)N[C@H]2CC[C@@H](NC(=O)c3cc(F)cnc3Oc3cccc(-c4ccc(CN5C[C@@H](C)N[C@@H](C)C5)cc4CN4CCOCC4)c3)CC2)n1,44,3.784189633918261,0.4604746144191236
1158,CC1(C)[C@H](C(=O)N=C(N)N)[C@H]1c1cc(Cl)ccc1Cl,44,3.784189633918261,0.4604746144191236
5330,O=S(=O)(c1cccs1)N1CCN(c2ccc(C(O)(C(F)(F)F)C(F)(F)F)cc2)CC1,44,3.784189633918261,0.4604746144191236
5202,Cc1cc2oc(N3CCC(C(=O)N[C@H]4CCC[C@H](C(C)(C)O)C4)CC3)nc2cc1Cl,44,3.784189633918261,0.4604746144191236
5314,CNc1nc(Nc2cn(C(C)(C)C#N)nc2C)ncc1C(F)(F)F,44,3.784189633918261,0.4604746144191236
4888,COC(=O)Nc1ccc2c(c1)OCCc1cc(C(=O)N(C)c3ccccc3Cl)sc1-2,44,3.784189633918261,0.4604746144191236
5705,CCC(=O)N1CC[C@H](N2C(=O)N(c3cc(OC)ccc3F)Cc3cnc(Nc4ccc(N5CCN(C)CC5)c(C)c4)nc32)C1,44,3.784189633918261,0.4604746144191236
5241,CNc1nc(C)nc(N2CCC(C(=O)NCc3ccccc3OC(F)(F)F)CC2)n1,44,3.784189633918261,0.4604746144191236
1222,FC(F)(F)c1cc(CO[C@H]2CCCN(Cc3nc[nH]n3)[C@H]2c2ccccc2)cc(C(F)(F)F)c1,44,3.784189633918261,0.4604746144191236
5307,Cc1csc2c(Nc3cn(C)cn3)nc(N[C@@H](C)c3ncc(F)cn3)nc12,44,3.784189633918261,0.4604746144191236
4724,CCC12CC(=O)Nc3cccc(c31)N(Cc1ccc3cc4c(cc3n1)C[C@@]1(C4)C(=O)NC(=O)N1C)C2,44,3.784189633918261,0.4604746144191236
5681,CN(c1ncnc2[nH]ccc12)[C@H]1C[C@@H](NS(=O)(=O)CC2COC2)C1,44,3.784189633918261,0.4604746144191236
4566,O=C(O)CCNC(=O)c1ccc(CN(c2ccc(C3=CCCCC3)cc2)c2nc(-c3ccc(C(F)(F)F)cc3)cs2)cc1,44,3.784189633918261,0.4604746144191236
4518,Cc1ccc2c(N3CCN(CCc4cccc5c4OCC(=O)N5C)[C@@H](C)C3)cccc2n1,44,3.784189633918261,0.4604746144191236
1262,Cc1ccn2c(-c3cccc(-c4ccccc4C#N)c3)cnc2c1,44,3.784189633918261,0.4604746144191236
1148,C[C@@]1(C(=O)N[C@@H](Cc2ccc(F)cc2)C(=O)O)CCCN1S(=O)(=O)c1cc(Cl)cc(Cl)c1,44,3.784189633918261,0.4604746144191236
1402,CCc1nc(N)nc(N)c1-c1ccc2c(c1)N(CCC(=O)NC)C(=O)C(C)(c1cc(F)cc(F)c1)O2,44,3.784189633918261,0.4604746144191236
5299,CN[C@@H](C)C(=O)N[C@H](C(=O)N1CCC[C@H]1C(=O)N[C@H]1c2ccccc2C[C@H]1OCC#CC#CCO[C@@H]1Cc2ccccc2[C@@H]1NC(=O)[C@@H]1CCCN1C(=O)[C@@H](NC(=O)[C@H](C)NC)C(C)C)C(C)C,44,3.784189633918261,0.4604746144191236
1327,CN1CCCCC1c1nc(O)c(O)c(C(=O)NCc2ccc(F)cc2)n1,44,3.784189633918261,0.4604746144191236
5109,CC(C)(C)c1ccc(S(=O)(=O)N2Cc3ccc(C(F)(F)F)nc3Nc3cccc(-c4noc(C(C)(C)O)n4)c32)cc1,44,3.784189633918261,0.4604746144191236
4557,CCN(CC)C1CCN(C(=O)Cn2c(-c3ccc(Cl)cc3)c(C3CCCCC3)c3ccc(C(=O)O)cc32)CC1,44,3.784189633918261,0.4604746144191236
4926,C[C@@H](c1ccc(-c2ccc(F)cc2)cc1)N1CC[C@](CCO)(c2ccc(F)cc2)OC1=O,44,3.784189633918261,0.4604746144191236
4859,COCCCc1cc(CN(C(=O)[C@H]2CNCC[C@@H]2c2ccc(OCCOc3c(Cl)cc(C)cc3Cl)cc2)C2CC2)cc(OCC(C)(C)C(=O)O)c1,44,3.784189633918261,0.4604746144191236
5104,Cn1c(=O)c2c(-c3cc(F)ccc3Br)c(CN)c(N)nc2n(C)c1=O,44,3.784189633918261,0.4604746144191236
5491,NC(=O)c1ncc(N[C@@H]2CCCC[C@@H]2N)nc1-c1cc2ccccc2[nH]1,44,3.784189633918261,0.4604746144191236
5273,COc1c(/C=C/c2ccc(NS(C)(=O)=O)cc2)cc(-c2cc(C)c[nH]c2=O)cc1C(C)(C)C,44,3.784189633918261,0.4604746144191236
1210,CN1C(=O)CN=C(c2ccccc2)c2cc(Cl)ccc21,44,3.784189633918261,0.4604746144191236
5615,Cc1ccc(-n2nccn2)c(C(=O)N2CCN(c3nc4cc(Cl)ccc4o3)CC[C@H]2C)c1,44,3.784189633918261,0.4604746144191236
5251,N#CCCN1CCC(n2nnc3cnc4[nH]ccc4c32)CC1,44,3.784189633918261,0.4604746144191236
1264,Cc1c(CCS(=O)(=O)c2ccc(C(=O)O)cc2)c2cc(Cl)ccc2n1C(c1ccccc1)c1ccccc1,44,3.784189633918261,0.4604746144191236
1480,C[C@H](CO)Nc1nc(SCc2cccc(F)c2F)nc2nc(NS(C)(=O)=O)sc12,44,3.784189633918261,0.4604746144191236
5101,CCN(CC)c1ccc(OC)c2nc(-c3c(OC)cc(COC)cc3OC)c(C)cc12,43.96,3.7832801295354206,0.4604128432533614
5227,COc1ccc2nccc([C@@H](O)CC[C@@H]3CCN(C4CC(c5cc(F)ccc5F)C4)C[C@@H]3C(=O)O)c2c1,43.9,3.7819143200811256,0.460320081037156
5709,CCc1cccc(NC(=O)c2cc(Oc3cncnc3)cc(C)n2)n1,43.7,3.7773481021015445,0.4600099554203427
4783,COc1ccc(Nc2c(-c3ccc4nccnc4c3)c(C)nn2-c2ccccc2C)c(C(=O)O)c1,43.67,3.7766613674974696,0.459963314196987
4573,COc1ccc(NC(=O)c2ccc(C(=N)N(C)C)cc2)c(C(=O)Nc2ccc(Cl)cn2)c1,43.6,3.775057150354989,0.4598543599523498
4635,CCC[C@@H](Nc1cc(-c2c(N)nn3cccnc23)ncn1)c1ccc(F)cc1,43.6,3.775057150354989,0.4598543599523498
4877,C[C@H](CS(C)(=O)=O)Nc1n[nH]c2nc(Oc3ccc(F)cc3F)ncc12,43.6,3.775057150354989,0.4598543599523498
5333,N#C[C@@H]1C[C@H](F)CN1C(=O)[C@@H](N)Cc1cc2c(cc1Br)OCO2,43.5,3.7727609380946383,0.459698407203979
4734,CNC(=O)NC(=O)[C@H](CC1CCCC1)c1ccc(Cl)c(Cl)c1,43.48,3.7723010622530087,0.4596671736361378
5785,Cc1cc(F)ccc1N1CCN(C(=O)N[C@@H](C(=O)Nc2cc(CN(C)C)ccc2OC(F)(F)F)[C@@H](C)c2c[nH]c3ccccc23)CC1=O,43.45,3.7716108517114013,0.4596202963361701
5194,COCCCCC1(CNC(=O)[C@@H]2CNC[C@H](NS(=O)(=O)c3ccc(C)cc3)C2)c2ccccc2Oc2ccccc21,43.33,3.768845235751818,0.4594324629127177
4814,Cc1ccc(S(=O)(=O)N2CCSC2C(=O)NC2C3CC4CC2CC(C(N)=O)(C4)C3)cc1,43.33,3.768845235751818,0.4594324629127177
5150,CC(=O)Nc1cc(-c2c(Nc3cc[nH]n3)nc3cccnn23)nc(C)n1,43.33,3.768845235751818,0.4594324629127177
4674,CC(C)[C@H](C(=O)Nc1ncc(F)s1)c1ccc(Cl)cc1,43.33,3.768845235751818,0.4594324629127177
4618,CONC(=O)c1ccc(C)c(Nc2cc(=O)n(C)c3c2cnn3-c2ccc(F)cc2F)c1,43.33,3.768845235751818,0.4594324629127177
1285,CCc1nc(N)nc(N)c1-c1ccc(NCc2ccc([N+](=O)[O-])cc2)cc1,43.33,3.768845235751818,0.4594324629127177
4708,C[C@H](Nc1nc(C(=O)N2CCCC2)c2sccc2n1)c1cccnc1,43.33,3.768845235751818,0.4594324629127177
5664,CN(C)C(=O)N1CC=C(c2cc3c(-c4cccc(-n5ccc6cc(C7CC7)cc(F)c6c5=O)c4CO)ncnc3[nH]2)CC1,43.33,3.768845235751818,0.4594324629127177
4765,CCn1nccc1NC(=O)c1cn2c(-c3ccc(Cl)cc3Cl)c(CN)c(C)nc2n1,43.2,3.765840495250065,0.4592283887739803
5348,C[C@H](CO)OC[C@H](Oc1ncnc2c1cnn2-c1ncccc1Cl)C(=O)Nc1ccc(F)cn1,43,3.7612001156935624,0.4589132262962703
5569,Cc1cc(C)cc(Nc2nccc(-n3cc(C)c(CN4CC[C@@H](O)C4)c3)n2)c1,43,3.7612001156935624,0.4589132262962703
4798,N#Cc1ccc(CNC(=O)N(c2cccc(F)c2)C2CCN(CCC3(c4cccc(F)c4)CCN(C(=O)c4cc(S(=O)(=O)N5CC[C@H](O)C5)c(F)cc4F)CC3)CC2)cc1,43,3.7612001156935624,0.4589132262962703
4840,Cc1c(C(=O)Nc2ccn(C)n2)ncn1Cc1cccc(C(F)(F)F)c1,43,3.7612001156935624,0.4589132262962703
1236,O=C(O)C[C@@H](NC(=O)[C@@H]1CCN1S(=O)(=O)c1cc(Cl)cc(Cl)c1)c1ccc(OCC(F)(F)F)cc1,43,3.7612001156935624,0.4589132262962703
5428,CC[C@H](C)[C@@H]1NC(=O)[C@H](Cc2ccc(O)cc2)NC(=O)CCSSC[C@@H](C(=O)N(CC(=O)N[C@@H](CC(C)C)C(=O)NCC(N)=O)Cc2ccncc2)NC(=O)[C@H](CC(N)=O)NC(=O)[C@H](CCC(N)=O)NC1=O,43,3.7612001156935624,0.4589132262962703
5343,O=C(N[C@H]1C2CC3CC1C[C@](O)(C3)C2)c1ccc(N2C[C@@H]3[C@H](C2)[C@H]3C(=O)O)nc1SC1CCCC1,43,3.7612001156935624,0.4589132262962703
5169,CCCSc1c(C(=O)NC2CCCCC2)cnn1[C@H]1CC[C@@H](C(=O)O)CC1,43,3.7612001156935624,0.4589132262962703
1374,O=C1O[C@@H](Cn2ccnn2)CN1c1ccc(-c2ccc(C(O)CO)nc2)c(F)c1,43,3.7612001156935624,0.4589132262962703
1447,CC(C)N1C(=O)[C@H](NC(=O)[C@@H](Cc2ccccc2OC(F)(F)F)NC(=O)c2ccccc2)CCc2ccccc21,43,3.7612001156935624,0.4589132262962703
4579,CC(C)c1nc(CN(C)C(=O)N[C@H](C(=O)N[C@@H](Cc2ccccc2)C[C@H](OP(=O)([O-])[O-])[C@H](Cc2ccccc2)NC(=O)OCc2cncs2)C(C)C)cs1.[Na+].[Na+],43,3.7612001156935624,0.4589132262962703
4534,O=C(Nc1ccc(S(=O)(=O)Nc2ccccc2C(=O)c2ccccc2)cc1)OCC1CCCO1,43,3.7612001156935624,0.4589132262962703
1253,FC(F)(Cc1c[nH]c2ccc(-n3cnnc3)cc12)CN1CCC(OCc2ccccc2)CC1,43,3.7612001156935624,0.4589132262962703
5710,N#Cc1cc(S(=O)(=O)Nc2ncns2)ccc1Oc1ccc(Cl)cc1-c1cn[nH]c1,43,3.7612001156935624,0.4589132262962703
5434,CC[C@H](C)[C@@H]1NC(=O)[C@H](Cc2ccccc2)NC(=O)CCSCC[C@@H](C(=O)N(CC(=O)N[C@@H](CC(C)C)C(=O)NCC(N)=O)Cc2ccccc2)NC(=O)[C@H](CC(N)=O)NC(=O)[C@H](CCC(N)=O)NC1=O,43,3.7612001156935624,0.4589132262962703
1184,O=C(Cn1c(Cl)cnc(NCC(F)(F)c2cccc[n+]2[O-])c1=O)NCc1ccccc1F,43,3.7612001156935624,0.4589132262962703
4903,Cc1cccc(Cl)c1CNC(=O)Cc1c(C)nc(-c2ccccc2)n1C,43,3.7612001156935624,0.9280699499283386
1167,CCn1nc(Cc2ccccc2)cc1C1CCN(C[C@H]2CN([C@H](CC(C)C)C(=O)O)C[C@@H]2c2ccccc2)CC1,43,3.7612001156935624,0.4589132262962703
4463,CN1CCN(c2ccc3nc(-c4c(N)c5c(F)cccc5[nH]c4=O)[nH]c3c2)CC1,43,3.7612001156935624,0.4589132262962703
1254,COCCN1CCC(Oc2ccc(-c3ccc(C(=O)NC4(C(=O)NCC#N)CCCCC4)cc3)cc2)CC1,43,3.7612001156935624,0.4589132262962703
1274,CCCC[C@@H](/C=N/NC(=O)N1CCOCC1)NC(=O)OC(C)(C)C,43,3.7612001156935624,0.4589132262962703
5279,O=C1OCCc2cc(CCN3CCN(C(=O)Cc4ccc(-n5cnnn5)cc4)CC3)ccc21,43,3.7612001156935624,0.4589132262962703
1227,COc1ccc(S(=O)(=O)Nc2cc(Br)ccc2Br)cc1N1CCNCC1,43,3.7612001156935624,0.4589132262962703
1482,Cc1nc(CSc2nc(N[C@H](C)CO)c3sc(N)nc3n2)cs1,43,3.7612001156935624,0.4589132262962703
4717,CC1(c2ccccc2)CCCN(C(=O)Nc2ccc(Cl)cc2)C1,43,3.7612001156935624,0.4589132262962703
5094,Cc1nc2cnc3[nH]ccc3c2n1[C@@H]1CCC[C@@H](O)C1,43,3.7612001156935624,0.4589132262962703
1449,CCOc1c(Cl)cc(N2CCCCC2)cc1NC(=O)c1cc(C)c(OCCN)c(C)c1,43,3.7612001156935624,0.4589132262962703
5126,Cc1c(Cl)ccc(OC2CCN(C3CCN(C(=O)NS(=O)(=O)c4ccc(N(C)C)cc4)CC3)CC2)c1Cl,43,3.7612001156935624,0.4589132262962703
1309,CCN(C(=O)Cc1ccc(S(C)(=O)=O)cc1)C1CCN(CC[C@@H](c2ccccc2)c2ccc(S(C)(=O)=O)cc2)CC1,43,3.7612001156935624,0.4589132262962703
4553,CC(C)(F)C[C@H](N[C@@H](c1ccc(-c2ccc(S(C)(=O)=O)cc2)cc1)C(F)(F)F)C(=O)NC1CN(S(=O)(=O)c2ccccn2)CC1=O,43,3.7612001156935624,0.4589132262962703
1446,CC(C)N1C(=O)[C@H](NC(=O)[C@@H](Cc2ccccc2OC(F)(F)F)NC(=O)c2ccccn2)CCc2ccccc21,43,3.7612001156935624,0.4589132262962703
5523,Fc1cc2nc(-c3cccnc3)n(C3CC3)c2cc1F,43,3.7612001156935624,0.4589132262962703
5040,O=C(c1cccc2ccccc12)N1Cc2ccccc2CC1CNCc1ccccc1,43,3.7612001156935624,0.4589132262962703
5246,O=C(N[C@H](Cc1ccccc1F)C(=O)N[C@@H]1CCc2c(F)c(F)cc(F)c2N(C2CC2)C1=O)C1CC1C(F)(F)F,43,3.7612001156935624,0.4589132262962703
4476,CNC(=O)C(c1ccc(F)cc1)N1CCC(CCN2[C@@H]3CC[C@H]2C[C@@H](n2c(C)nc4ccccc42)C3)(c2cccc(F)c2)CC1,43,3.7612001156935624,0.4589132262962703
1388,COc1ccc(N2Cc3cc(Cl)c(C)c(Cl)c3C2=O)cc1OCCN1CCC(C)CC1,43,3.7612001156935624,0.4589132262962703
1288,Cc1cc(C#N)cc(OCc2cccc(Cl)c2)n1,43,3.7612001156935624,0.4589132262962703
4513,COCCOc1cncc(-c2cc(NC(C)=O)nc(-n3nc(C)cc3C)n2)c1,43,3.7612001156935624,0.4589132262962703
4777,CC(=O)N1C[C@@H](F)C[C@H]1c1nc(C(=O)NCc2ccc(F)c(Cl)c2)c(O)c(=O)n1C,43,3.7612001156935624,0.4589132262962703
5234,COc1ccc(C2=Nc3c(C(C)(C)C)nn(CCCO)c3C(=O)NC2)cc1-c1cnn(C)c1,43,3.7612001156935624,0.4589132262962703
4994,CC(C)=CCn1c(N2CCC[C@H](N)C2)c(C#N)c2c1c(=O)n(Cc1nccc3ccccc13)c(=O)n2C,43,3.7612001156935624,0.4589132262962703
5568,O=c1[nH]c(N2CCOCC2)nc(N[C@H]2CNC[C@H](O)C2)c1-c1nc2ccccc2s1,43,3.7612001156935624,0.4589132262962703
1178,CS(=O)(=O)Nc1ccccc1N1CCN(C(=O)[C@@H](Cc2ccc(Cl)cc2)NC(=O)[C@H]2Cc3ccccc3CN2)CC1,43,3.7612001156935624,0.4589132262962703
5313,CNc1nc(Nc2cnn3c2C(C)OCC3)ncc1C(F)(F)F,43,3.7612001156935624,0.4589132262962703
5404,Cc1nc(N2CCN(C)CC2)c2nc(-c3ccccc3Cl)n(C3CCOCC3)c2n1,43,3.7612001156935624,0.4589132262962703
1232,CCCN(CCOC)c1cc(C)nc2c(-c3ccc(OC)cc3OC)c(C)nn12,43,3.7612001156935624,0.4589132262962703
4955,C[C@@H]1CN[C@@H](C2CCCCC2)C(=O)N(C)[C@H](C)C(=O)N[C@H](Cc2ccc(F)cc2)C(=O)NCCCc2ccccc2O1,43,3.7612001156935624,0.4589132262962703
5507,Cc1csc(NC(=O)c2cc(F)cc(Oc3cncnc3)c2)n1,43,3.7612001156935624,0.4589132262962703
4904,CCn1c(-c2ccccc2)nc(C)c1CC(=O)NCc1cccc(Cl)c1C,43,3.7612001156935624,0.9280699499283386
4828,CS(=O)(=O)NCc1ccc(-n2nc(C(F)(F)F)c3c2CCCC3)cc1,43,3.7612001156935624,0.4589132262962703
5751,CNCc1cc(Oc2ccc3c(ccn3C(=O)Nc3cccc(C(F)(F)F)c3)c2)ncn1,43,3.7612001156935624,0.9280699499283386
5211,C[C@@H](NC(=O)[C@H]1CCCCN1)c1ccc(Nc2ncc3cc(-c4ccncc4)ccc3n2)cc1,43,3.7612001156935624,0.4589132262962703
1162,COc1cccc(OC)c1-c1ccc(C[C@H](NC(=O)[C@@H]2CCCN2c2cccnc2)C(=O)O)cc1,43,3.7612001156935624,0.4589132262962703
4763,Cc1cc2c(cc1Cl)C1(CCN(C(=O)[C@@H]3CN(C4CCOCC4)C[C@H]3c3ccc(F)cc3F)CC1)O[C@@H]2C(C)(C)C#N,42.9,3.758871825933971,0.4587550949278068
1160,CN1CCN=C1c1ccc(C(=O)N2CCN(S(=O)(=O)c3cc4cc(Cl)ccc4[nH]3)CC2)cc1,42.9,3.758871825933971,0.4587550949278068
5300,CCOc1ccc(N2CCN(c3noc(CC)n3)[C@@H](C)C2)c(C)c1,42.83,3.7572387916272794,0.4586441834965294
1346,CC(C)[C@]1(C)SC(N[C@@H](C)c2ccccc2F)=NC1=O,42.83,3.7572387916272794,0.4586441834965294
5125,Nc1ncnc2scc(-c3ccc4c(c3)CCN4C(=O)Cc3cc(F)ccc3F)c12,42.7,3.754198920234579,0.4584377233592976
5605,COc1cccc(CNC(=O)c2cc(-c3nnn(C[C@H]4CC[C@H](NS(C)(=O)=O)CC4)n3)cc(C)n2)c1,42.6,3.751854253275325,0.4582784796941437
4945,CC(C)(C)c1cc(C(=O)Nc2nc(CN)cs2)n(Cc2ccccc2)n1,42.6,3.751854253275325,0.4582784796941437
4832,COc1cc(NC(=O)c2ccccn2)ccc1NC(=O)c1ccccc1Cl,42.6,3.751854253275325,0.4582784796941437
4559,Cc1ccc(NC(=O)c2cccc(C(C)(C)C#N)c2)cc1C(=O)Nc1cccnc1,42.5,3.7495040759303713,0.4581188617779636
5303,O=C(Nc1ccc(-n2nccn2)nc1)N1CCC2(CC1)CN(Cc1cccc(Oc3ccc(Cl)cc3)c1)C2,42.5,3.7495040759303713,0.4581188617779636
5754,CC(C)(C)NS(=O)(=O)c1ccc(-c2sc(C(=O)N3CC4(C3)CS(=O)(=O)C4)nc2CC2CCCCC2)c(Cl)c1Cl,42.5,3.7495040759303713,0.4581188617779636
1416,Cc1nc2ncccc2cc1-c1ccc2cc(CCN3CCC[C@H]3C)ccc2n1,42.33,3.745496054532832,0.457846647417267
1297,CN1CCN(c2nc(C(=O)NCc3ccc(F)cc3)c(O)c3ncccc23)CC1,42.3,3.744787086052232,0.4577984961270022
5070,O=C(N[C@@H]1COc2cccc(-c3ccc(CO)nc3)c2C1)c1ccc(OCC(F)(F)F)nc1,42.2,3.742420221041966,0.4576377448281143
1453,CCS(=O)(=O)CCN(C(=O)Cc1ccc(F)c(C(F)(F)F)c1)[C@H](C)c1nc2ccccc2cc1-c1ccc(C#N)cc1,42.17,3.7417090677584683,0.4575894451517345
5640,CC(C)(O)c1ccc(NC2CCN(c3nnc(Cc4ccccc4)c4ccccc34)CC2)nc1,42.1,3.7400477406883357,0.4574766121497496
4930,CC(=O)Nc1ccc(Nc2nc(N)n(-c3ccccn3)n2)cc1,42.1,3.7400477406883357,0.4574766121497496
4976,Cc1ccc(S(=O)(=O)Nc2c(C(=O)N[C@@H](C)C(C)(C)C)c(C)nn2-c2ccccc2)cc1,42,3.7376696182833684,0.4573150962779721
4771,CNCC[C@@H](c1ccc(Cl)c(Cl)c1)n1nnc(C)n1,42,3.7376696182833684,0.4573150962779721
4694,FC(F)(F)COC[C@H]1[C@@H]2CNC[C@@]21c1ccc(Cl)c(Cl)c1,42,3.7376696182833684,0.4573150962779721
4693,FC(F)(F)COC[C@@H]1[C@H]2CNC[C@]21c1ccc(Cl)c(Cl)c1,42,3.7376696182833684,0.4573150962779721
4948,C[C@@H]1CCCN1CCCOc1ccc(-c2cn(C)c(=O)c3ccccc23)cc1,42,3.7376696182833684,0.4573150962779721
1194,CCc1nc(C)c(C(=O)NC)n1Cc1ccc2oc(-c3ccccc3NS(=O)(=O)C(F)(F)F)c(Br)c2c1,42,3.7376696182833684,0.4573150962779721
5690,C[C@H](NC(=O)C(C)(F)F)[C@H](Oc1ccc2c(cnn2-c2ccc(F)cc2)c1)c1ccc2c(c1)OCCO2,42,3.7376696182833684,0.4573150962779721
5396,COc1cnc2ccc(=O)n(CCN3CC[C@@H](NCc4cnc(C)c(C#N)c4)[C@@H](F)C3)c2c1,42,3.7376696182833684,0.4573150962779721
4975,Cc1nn(-c2ccc(F)cc2)c(NS(=O)(=O)c2ccc(C#N)cc2)c1C(=O)N[C@@H](C)C(C)(C)C,42,3.7376696182833684,0.4573150962779721
5674,Cc1cnc(-c2cc(Cl)ccc2F)cc1Nc1ccnc2cnn(CC(N)=O)c12,42,3.7376696182833684,0.4573150962779721
5496,CN1CCN(c2ccc(Nc3cc(-c4c[nH]c5ccccc45)ncn3)cc2)CC1,42,3.7376696182833684,0.4573150962779721
1181,CNC(=O)Nc1ccc2[nH]c(C(=O)N3CCC(N(C)c4ncccc4NC(C)C)CC3)cc2c1,42,3.7376696182833684,0.4573150962779721
4650,COCC1=C(c2nc3cc(F)ccc3n2C)C(c2ccc(Cl)c(Cl)c2)n2nccc2N1,42,3.7376696182833684,0.4573150962779721
5364,CC(C)N(C)[C@@H]1CC[C@H](N2CC[C@H](NC(=O)c3cccc(C(F)(F)F)c3)C2=O)[C@H](CS(C)(=O)=O)C1,42,3.7376696182833684,0.4573150962779721
4867,O=C(NO)C1(S(=O)(=O)c2ccc(OCCCc3nnnn3-c3ccc(OC(F)(F)F)cc3)cc2)CCOCC1,42,3.7376696182833684,0.4573150962779721
5737,CCS(=O)(=O)NC(=O)c1ccc2c(C3CCCCC3)c3n(c2c1)C[C@@]1(C(=O)N2C4CCC2CN(C)C4)C[C@H]1c1cc(F)ccc1-3,42,3.7376696182833684,0.4573150962779721
4792,N#Cc1cccnc1N[C@@H]1CCN(C(=O)O[C@H]2C3CC4CC2C[C@](C(N)=O)(C4)C3)C1,42,3.7376696182833684,0.4573150962779721
1430,CC(=O)N(C)C1CCC([C@H](C)[C@H](N)C(=O)N2CC[C@H](F)C2)CC1.Cl,42,3.7376696182833684,0.4573150962779721
1267,N#CCNC(=O)[C@@H]1CCCC[C@H]1CS(=O)(=O)c1ccc(OC(F)(F)F)cc1,42,3.7376696182833684,0.4573150962779721
4457,Cc1cc(NC(=O)OC(C)(C)C)nn1Cc1cc(Cl)ccc1OCc1ccccc1,42,3.7376696182833684,0.4573150962779721
1313,Cc1ccc(-c2cc(Br)ccc2OCc2ccc(F)cc2)n1-c1cccc(C(=O)O)c1,42,3.7376696182833684,0.4573150962779721
4761,CC(=O)N(CC(C1CCCCC1)N1CCN(C(=O)[C@@H]2CN(C(C)(C)C)C[C@H]2c2ccc(F)cc2F)CC1)C(C)C,42,3.7376696182833684,0.4573150962779721
5266,Cc1cc(Nc2nc3cccc(-c4cccc(C(C)C)c4)n3n2)ccn1,42,3.7376696182833684,0.4573150962779721
5061,COc1ccc(OCC(=O)N2CCC3(CC2)CN(Cc2ccc(-n4nccn4)cc2)C3)cc1,42,3.7376696182833684,0.9264718199100404
5609,Cc1ccc(C(C)(C)O)cc1-c1ccc2c(n1)n(C)c(=O)n2CC(C)(C)C,42,3.7376696182833684,0.4573150962779721
4882,CN(C)[C@@H]1CCC[C@H]1Nc1nc(Nc2ccc(S(C)(=O)=O)cc2)ncc1C(F)(F)F,42,3.7376696182833684,0.4573150962779721
4993,CC(C)=CCn1c(N2CCCNCC2)c(C#N)c2c1c(=O)n(Cc1nccc3ccccc13)c(=O)n2C,42,3.7376696182833684,0.4573150962779721
4481,CNc1nc2sc(-c3ccccc3)nc2c2c1ncn2C,42,3.7376696182833684,0.4573150962779721
4670,CN1CCC[C@H](C(=O)Nc2ccc(-n3cc4cccc(C(N)=O)c4n3)cc2)C1,42,3.7376696182833684,0.4573150962779721
5374,Cc1ccc2c(ccn2-c2cc(C(=O)N3Cc4ccccc4C3)c(O)cc2O)c1,42,3.7376696182833684,0.9264718199100404
5030,O=C(Nc1ccc(-c2nnc(NCCCCN3CCCCC3)o2)cc1)c1ccccc1F,42,3.7376696182833684,0.4573150962779721
1407,CCNC(=O)CN1C(=O)C(C)(c2cc(F)cc(F)c2)Oc2ccc(-c3c(N)nc(N)nc3CC)cc21,42,3.7376696182833684,0.4573150962779721
1399,CC(C)(C#Cc1ccc(NC(=O)CSc2nnnn2-c2ccc(C3CC3)cc2Cl)c(Cl)c1)CNCC(=O)O,41.9,3.735285826928092,0.4571531953858738
5582,COc1ccc(Cl)cc1-c1cc(=O)[nH]c(=S)n1CC(N)=O,41.8,3.7328963395307104,0.4569909076334506
1368,CN(C)CCNC(=O)c1cccc(-c2c[nH]c(/C=C3\C(=O)Nc4ccc(NC(N)=O)cc43)c2)c1,41.8,3.7328963395307104,0.4569909076334506
5679,CC(C)C[C@@H]1COCc2nc(OCc3cccc(C#N)c3)cc(=O)n21,41.7,3.730501128804756,0.4568282311674767
5623,Cn1cnc2ncn(Cc3nc(CCc4ccc(Cl)cc4)no3)c(=O)c21,41.67,3.7297814454343623,0.4567793521498407
5153,Cc1nc(N)nc(-c2c(Nc3ccn(C)n3)nc3ccc(-c4cncnc4)cn23)n1,41.67,3.7297814454343623,0.4567793521498407
5000,O=C(CN1CCCC(c2ccccc2)(c2ccccc2)C1=O)N1CCN(Cc2cccc(C(F)(F)F)c2)CC1,41.67,3.7297814454343623,0.4567793521498407
4990,CC(=O)N1CCC(Cn2c(C(C)(C)C)nc3cc(S(=O)(=O)CC4CC4)ccc32)CC1,41.67,3.7297814454343623,0.4567793521498407
4742,O=C(NCc1ccc(Cl)cc1)c1cn2c(CCO)cc3cc(CN4CCOCC4)cc(c1=O)c32,41.67,3.7297814454343623,0.4567793521498407
4537,CC(=O)N1CC=C(c2ccc(OCc3cc4cnc(C#N)nc4n3CCC3CCCCC3)cc2)CC1,41.67,3.7297814454343623,0.4567793521498407
4478,NS(=O)(=O)NCCCC[C@H](NC(=O)OCc1ccccc1)C(=O)Nc1nc(-c2ccccc2)cs1,41.67,3.7297814454343623,0.4567793521498407
4467,CC(=O)Nc1nc2c(Oc3cc(-c4ccc(C(F)(F)F)cc4NC[C@H]4CCCN4CC(C)C)ncn3)cccc2s1,41.67,3.7297814454343623,0.4567793521498407
4523,COC(=O)N[C@H](C(=O)N[C@H](Cc1ccc(-c2ccccn2)cc1)C[C@H](O)[C@H](Cc1ccccc1)NC(=O)[C@@H](N1CCN(Cc2ccnc3ccccc23)C1=O)C(C)(C)C)C(C)(C)C,41.67,3.7297814454343623,0.4567793521498407
4461,COc1ccc2c(O[C@@H]3C[C@H]4C(=O)N[C@]5(C(=O)NS(=O)(=O)C6CC6)C[C@H]5/C=C\CCCCN(C)C(=O)[C@@H]4C3)cc(-n3ccc(C(C)C)n3)nc2c1C,41.67,3.7297814454343623,0.4567793521498407
5558,O=S(=O)(N[C@H]1CC[C@@H](c2nnc3cnc4[nH]ccc4n23)C1)C1CCC1,41.67,3.7297814454343623,0.4567793521498407
5806,Cc1cc(C(=O)N[C@H]2CCCCC/C=C\[C@@H]3C[C@@]3(C(=O)NS(=O)(=O)C3(C)CC3)NC(=O)[C@@H]3C[C@@H](Oc4nc5ccccc5c5ccc(F)cc45)CN3C2=O)no1,41.67,3.7297814454343623,0.4567793521498407
5482,COCCCOc1cc(C(=O)N(C[C@@H]2CNC[C@H]2OC(=O)NCc2ccccc2)C(C)C)ccc1OC,41.67,3.7297814454343623,0.4567793521498407
4646,CCS(=O)(=O)CCN(C(=O)Cc1ccc(C(F)(F)F)c(F)c1)[C@H](C)c1nc2c(C)nccn2c1-c1ccc(C#N)cc1,41.67,3.7297814454343623,0.4567793521498407
5113,COc1ccc(Nc2ncc(CN3CCC(S(C)(=O)=O)CC3)cc2-c2nc(C)nc(N)n2)cn1,41.67,3.7297814454343623,0.4567793521498407
4855,Cc1nc(NCC#N)nc(-n2c(Nc3cc[nH]n3)nc3ccccc32)n1,41.67,3.7297814454343623,0.4567793521498407
5586,O=C(Nc1nc2cc(CN3CCCCC3)ccc2n1[C@H]1CC[C@H](O)CC1)c1cccc([N+](=O)[O-])c1,41.67,3.7297814454343623,0.4567793521498407
1354,CCCCC[C@H](O)/C=C/[C@H]1CCC(=O)N1CCc1ccc(C(=O)O)cc1,41.67,3.7297814454343623,0.4567793521498407
4613,CC(C)=CCC/C(C)=C/CN(CCNC1C2CC3CC(C2)CC1C3)C(=O)OCOC(=O)C(C)C.O=C(O)/C=C\C(=O)O,41.5,3.7256934272366524,0.4565017046151023
1473,Cc1ccc(Oc2ccc(N(CC(C)(O)C(=O)NO)S(C)(=O)=O)cc2)cc1,41.5,3.7256934272366524,0.4565017046151023
5613,CC(C)[C@H](C)n1cc(-c2cc(N3CCOCC3)n(C)n2)c2[nH]nc(N)c2c1=O,41.5,3.7256934272366524,0.4565017046151023
5519,O=C(c1ccc(CN2CCC(F)CC2)cc1)N1CCN(C2CC2)CC1,41.4,3.7232808808312687,0.4563378507549918
5814,CC(=O)N1N=C(c2ccc(O[C@H]3O[C@@H]4O[C@@]5(C)CC[C@H]6[C@H](C)CC[C@@H]([C@H]3C)[C@@]46OO5)cc2)CC1c1ccccc1,41.33,3.721588628523641,0.4562229173915268
1456,Cc1ccc(C[n+]2csc(CCO)c2C)c(N)n1.[Cl-],41.3,3.720862499966987,0.4561736006336487
5467,COc1cccc(CNC(=O)c2nc3scc(COCc4ccc(C(N)=O)cc4)c3c(=O)[nH]2)c1,41.2,3.7184382563554808,0.4560089523298038
1225,Cc1cc(C(=O)Nc2ccc(-c3ccccc3S(C)(=O)=O)cc2F)n(-c2cc3ccccc3cc2S(C)(=O)=O)n1,41.2,3.7184382563554808,0.4560089523298038
5403,CN1CCN(c2ccc(Nc3cc(-c4cccc(-n5ccc6cc(C7CC7)cc(F)c6c5=O)c4CO)cn(C)c3=O)nc2)CC1,41.17,3.7177098357818132,0.4559594799041074
5739,O=C(Nc1cccc(C(F)(F)F)c1-c1cccnc1)c1cccc(-c2ncccc2OC(F)F)c1,41.17,3.7177098357818132,0.4559594799041074
4959,COc1ccc2nccc(NC(=O)[C@]3(O)CC[C@@H](NCc4cc5c(cn4)OCCO5)CC3)c2n1,41.1,3.716008121502189,0.4558439039081807
5736,CN1CC2CCC(C1)N2C(=O)[C@]12C[C@H]1c1cc(F)ccc1-c1c(C3CCCCC3)c3ccc(C(=O)NS(=O)(=O)C4CC4)cc3n1C2,41,3.713572066704308,0.4556784534193599
5647,COc1ccc(CC(C)(C)NC[C@@H](O)CO[C@H](C)c2ccc(C)c3c2[C@@H]2[C@H](O3)[C@H]2C(=O)O)c(Cl)c1,41,3.713572066704308,0.4556784534193599
5004,COc1cc(OC(C)C)cc(S(=O)(=O)c2ccc3c(c2)O[C@H]2CNCC[C@@H]32)c1.Cl,41,3.713572066704308,0.4556784534193599
4496,Cc1ccn(-c2cccc(C(F)(F)F)c2)c(=O)c1-c1ccc2nc(N)ncc2c1,41,3.713572066704308,0.4556784534193599
1424,Cc1ccc2c(OCCN3CCC(Cc4ccc5c(c4F)NC(=O)CO5)CC3)cccc2n1,41,3.713572066704308,0.4556784534193599
5687,Cc1nsc(N2CCC3(CCN(C[C@H](O)c4ccc5c(c4C)COC5=O)CC3)C2=O)n1,41,3.713572066704308,0.4556784534193599
5584,N[C@H]1C[C@@H](N2Cc3cn(S(=O)(=O)C4CCCC4)nc3C2)CO[C@@H]1c1cc(F)ccc1F,41,3.713572066704308,0.4556784534193599
5676,O=C(CC1(c2ccccc2)C2CC3CC1CC(C2)C3O)N1CC(O)C1,41,3.713572066704308,0.4556784534193599
5371,CCn1nc2c(-c3ccc(Cl)cc3)c(-c3ccc(C#N)cc3)c(=O)n(Cc3ccc(C(F)(F)F)nc3C)n2c1=O,41,3.713572066704308,0.4556784534193599
5566,COCc1cnc(N2CCC([C@H]3C[C@H]3COCc3ccc(S(C)(=O)=O)cc3F)CC2)nc1,41,3.713572066704308,0.4556784534193599
5028,COc1cc(NC(=O)c2ccccc2F)ccc1-c1nnc(NCCCN2CCOCC2)o1.Cl,41,3.713572066704308,0.4556784534193599
4594,CCCCOCCOc1nc(-c2ccc(C(=O)O)c(F)c2)sc1C,41,3.713572066704308,0.4556784534193599
4707,CCOc1cc(CN2CCC(Nc3nc4cc(NS(=O)(=O)c5cn(C)cn5)ccc4o3)CC2)ccc1OC,41,3.713572066704308,0.4556784534193599
5410,Cn1c(C2CCOCC2)nc(C(=O)NCc2ccc(F)cc2N2CCN(C(C)(C)C)S2(=O)=O)c(O)c1=O,41,3.713572066704308,0.4556784534193599
5539,Cn1cc(NC(=O)c2cnn3ccc(N[C@@H]4CCCC[C@@H]4O)nc23)c(C(F)(F)F)n1,41,3.713572066704308,0.4556784534193599
4825,O=S1(=O)CCCN1Cc1ccc(-n2nc(C(F)(F)F)c3c2CCCC3)cc1,41,3.713572066704308,0.4556784534193599
1433,CC(C)N1C(=O)[C@H](NC(=O)[C@@H](Cc2ccccc2F)NC(=O)OC(C)(C)C)CCc2ccccc21,41,3.713572066704308,0.4556784534193599
5318,CNc1nc(NCCCN(C)C)c2sc(-c3ccccc3)cc2n1,41,3.713572066704308,0.4556784534193599
5003,O=S(=O)(c1ccccc1)c1cnc2c(N3CCNCC3)cccc2c1,41,3.713572066704308,0.4556784534193599
5275,COc1c(NC(=O)c2ccc(NS(C)(=O)=O)cc2)cc(-c2ccc[nH]c2=O)cc1C(C)(C)C,41,3.713572066704308,0.4556784534193599
1172,C=CCN(C(=O)OCc1ccc([N+](=O)[O-])cc1)C1CCN(C[C@H]2CN(C(=O)c3ccccc3Cl)C[C@@H]2c2ccccc2)CC1,41,3.713572066704308,0.4556784534193599
5086,CCCSc1ncccc1C(=O)NC1CCCCC1,41,3.713572066704308,0.4556784534193599
4927,C[C@@H](c1ccc(-c2ccc(F)cc2F)cc1)N1CC[C@](CCO)(c2ccc(F)cc2)OC1=O,41,3.713572066704308,0.4556784534193599
4682,CCCCCOC(=O)N1CCN(C(=O)[C@H](CCC(=O)O)NC(=O)c2cc(N3CC[C@H](OCC(=O)N(C)C)C3)cc(-c3ccccc3)n2)CC1,41,3.713572066704308,0.4556784534193599
4652,CNC(=O)c1nccc2c(O[C@@H](C)C(=O)N3CCN(C(=O)c4ccccc4)C[C@H]3C)cccc12,41,3.713572066704308,0.4556784534193599
1293,Cc1ccc(-c2cc(Br)ccc2OCc2ccccc2)n1-c1cccc(C(=O)O)c1,41,3.713572066704308,0.4556784534193599
4952,CCC[C@@H]1NC[C@@H](C)Oc2ccccc2CCCNC(=O)[C@@H](Cc2ccc(F)cc2)NC(=O)[C@@H](C)N(C)C1=O,41,3.713572066704308,0.4556784534193599
5820,COc1ccc(S(C)(=O)=O)cc1C(=O)Nc1cccc(-c2nncn2C(C)C)n1,41,3.713572066704308,0.4556784534193599
5334,O=c1[nH]ccc2c(Nc3c(F)cc(F)cc3Cl)nc3ccncc3c12,41,3.713572066704308,0.4556784534193599
5338,COc1cc(CN2CCOCC2)ccc1-c1nc2c(N[C@H]3[C@@H](C(N)=O)[C@@H]4C=C[C@H]3C4)c(Cl)cnc2[nH]1,41,3.713572066704308,0.4556784534193599
1230,Oc1ccc([C@@H]2Sc3c(F)cc(O)cc3O[C@@H]2c2ccc(OCCN3CCCCC3)cc2)cc1,41,3.713572066704308,0.4556784534193599
5271,COc1nccc2ccc(C(=O)N3CCC4(CC3)Cc3cn(C(C)(C)C)nc3C(=O)N4)cc12,41,3.713572066704308,0.4556784534193599
4483,CNc1nc2sc(-c3cccc(CNS(C)(=O)=O)c3)nc2c2c1ncn2C,41,3.713572066704308,0.4556784534193599
4617,O=C(Nc1nnc(-c2c(Cl)cccc2Cl)s1)c1ccc2c(c1)NCCO2,41,3.713572066704308,0.4556784534193599
4824,O=C1CCCN1Cc1ccc(-n2nc(C(F)(F)F)c3c2CCOC3)cc1,41,3.713572066704308,0.4556784534193599
5050,NC1(c2ccc(-c3nc4ccccn4c3-c3ccccc3)cc2)CCC1,41,3.713572066704308,0.4556784534193599
4500,CC(C)(C)CCN1CC[C@H](CNC(=O)c2cc(Cl)cc(Cl)c2)[C@H](F)C1,41,3.713572066704308,0.4556784534193599
4767,COc1ccc2c(c1)C[C@H](C(=O)Nc1ccc(-c3cn[nH]c3)cc1OCC1CCN(C)CC1)NC2,41,3.713572066704308,0.4556784534193599
1477,CN1CCN(CCOc2n[nH]c3ncnc(Nc4ccc(OCc5ccccn5)c(Cl)c4)c23)CC1,41,3.713572066704308,0.4556784534193599
1408,CCOCCCN1C(=O)C(C)(c2cc(F)cc(F)c2)Oc2ccc(-c3c(N)nc(N)nc3CC)cc21,41,3.713572066704308,0.4556784534193599
5277,Cc1nc2c(c(-c3ccc(Cl)cc3Cl)c1CN)C(=O)N(CC(=O)N(C)C)C2,40.9,3.711130063048756,0.4555125988996402
5455,COc1ccc(CNC(=O)c2cc(-c3cncc(C)c3)ncc2-c2nccs2)nc1OC,40.7,3.7062280924485496,0.4551796698404521
4756,Cc1ccc(C(=O)Nc2ccc(CN3CCN(C)CC3)c(C(F)(F)F)c2)cc1C#Cc1cnc2[nH]c(=O)[nH]c2c1,40.67,3.7054907199191334,0.4551295894212673
1215,CCc1c2c(nc3ccc(N)cc13)-c1cc3c(c(=O)n1C2)COC(=O)[C@]3([O-])CC.[Na+],40.33,3.697095608885277,0.4545594153736783
5712,O=S(=O)(Nc1nncs1)c1cc(Cl)c(Oc2ccc(C(F)(F)F)cc2-c2ccnnc2)cc1F,40.3,3.696351468952637,0.4545088753301155
5382,Cn1c2c(c(=O)n1-c1cc(Cl)ccc1Cl)[C@H]1CC[C@]2(C)C1(C)C,40.2,3.6938669956249757,0.454340136381024
5648,CSc1ccc(CC(C)(C)NC[C@@H](O)CO[C@H](C)c2ccc(C)c3c2[C@@H]2[C@H](O3)[C@H]2C(=O)O)cc1F,40.2,3.6938669956249757,0.454340136381024
5511,CC[C@@]1(O)C(=O)OCc2c1cc1n(c2=O)Cc2cc3c(CN(C)C)c(O)ccc3nc2-1,40.15,3.6926224403927708,0.4542556094353609
5763,CCCCCCc1nc(C(C)(C)C)ncc1C(=O)N(CC(C)C)[C@@H]1CNC[C@H](C(=O)N2CCOCC2)C1,40.12,3.691874963093735,0.4542048427265761
5711,Cc1[nH]ncc1-c1cc(C(F)(F)F)ccc1Oc1ccc(S(=O)(=O)Nc2ncns2)cc1C#N,40.1,3.6913763343125234,0.4541709771601433
5529,Cc1cc(C)nc(N2C[C@H]3CN(C(=O)c4c(F)cccc4-n4nccn4)C[C@H]3C2)n1,40,3.6888794541139363,0.4540013955687347
5564,NC(=O)c1cnc(N)c2cc(-c3cccc(F)c3)ccc12,40,3.6888794541139363,0.4540013955687347
1464,O=C(Cn1cc(Nc2nncc3cc(OCCCN4CCC[C@@H]4CO)ccc23)cn1)Nc1cccc(F)c1F,40,3.6888794541139363,0.4540013955687347
4469,Fc1ccc(-c2nn3c(OCC(F)(F)F)cccc3c2-c2ccncc2)cc1,40,3.6888794541139363,0.4540013955687347
4622,CC(C)N1C[C@@H](N(Cc2ccccc2Cl)c2ccc(C#N)c(Cl)c2)CC1=O,40,3.6888794541139363,0.4540013955687347
5073,Cc1nc(N[C@H](C)c2ccc(OC(F)(F)F)cc2)nc(N[C@@H]2C[C@H](CO)[C@@H](O)[C@H]2O)c1-c1nc2c(C)nccc2s1.Cl,40,3.6888794541139363,0.4540013955687347
4907,O=C(Cc1ccc(Cl)cc1)N[C@H](Cc1ccc(Cl)cc1)C(=O)NCCCO,40,3.6888794541139363,0.4540013955687347
4586,CCS(=O)(=O)c1ccc(OC)c(Nc2nccc(Nc3ccc4c(C)n[nH]c4c3)n2)c1,40,3.6888794541139363,0.4540013955687347
5451,Cc1cc(N2CCC[C@@H](N)C2)c2c(n1)n(C)c(=O)n2Cc1ccccc1C#N,40,3.6888794541139363,0.4540013955687347
5190,CN1CCC(NC(=O)c2cnc(NCc3cc(Cl)ccc3Cl)nc2NC2CCNCC2)CC1,40,3.6888794541139363,0.4540013955687347
1431,C[C@@H](C1CCC(N(C)C(=O)c2cccc(F)c2)CC1)[C@H](N)C(=O)N1CC[C@H](F)C1.Cl,40,3.6888794541139363,0.4540013955687347
4953,CC(C)[C@@H]1NC[C@@H](C)Oc2ccccc2CCCNC(=O)[C@@H](Cc2ccc(F)cc2)NC(=O)[C@@H](C)N(C)C1=O,40,3.6888794541139363,0.4540013955687347
4896,Cn1cc(-c2cnc3ccc4ccc(NS(C)(=O)=O)cc4c(=O)c3c2)cn1,40,3.6888794541139363,0.4540013955687347
5587,O=C(Nc1nc2cc(CN3CCCCC3)ccc2n1[C@H]1CC[C@@H](CO)CC1)c1cccc([N+](=O)[O-])c1,40,3.6888794541139363,0.4540013955687347
5604,CCS(=O)(=O)NC(=O)c1ccc2c(C3CCCCC3)c3n(c2c1)CC1(C(=O)N2C4CCC2CN(C)C4)CC1c1cc(OC)ccc1-3,40,3.6888794541139363,0.4540013955687347
5811,COc1ncc(-c2ccc3ncnc(N[C@H]4CCN(C(=O)C5CCOCC5)C4)c3c2)cc1C#N,40,3.6888794541139363,0.4540013955687347
5590,O=C(c1ccccn1)[C@]12Cc3cnn(-c4ccc(F)cc4)c3C=C1CCN(S(=O)(=O)c1cccc(C(F)(F)F)c1)C2,40,3.6888794541139363,0.4540013955687347
5585,COC1CCN(c2nccc(Nc3cc4c(cn3)nc(C)n4C(C)C)n2)CC1,40,3.6888794541139363,0.4540013955687347
5477,O=C(NCc1ccc(S(=O)(=O)c2cc(F)cc(F)c2)cn1)c1cc2ccncc2o1,40,3.6888794541139363,0.4540013955687347
4702,Cc1ncoc1-c1nnc(SCCCN2CC3CC3(c3ccc(Cl)cc3)C2)n1C,40,3.6888794541139363,0.4540013955687347
5637,C/C1=C\C[C@H]2CNC(=O)c3cc([nH]c32)-c2cccc3nc(C)c(nc23)NC1,40,3.6888794541139363,0.4540013955687347
5051,NC1(c2ccc(-c3ncc4cnccc4c3-c3ccccc3)cc2)CCC1,40,3.6888794541139363,0.4540013955687347
5306,N#Cc1cc(Cl)cc(Oc2c(C(F)(F)F)ccn(Cc3n[nH]c4cnccc34)c2=O)c1,40,3.6888794541139363,0.4540013955687347
4758,Cc1nc(Nc2cccc3c2CC(O)CC3)oc1-c1ccc(C(F)(F)F)cc1,40,3.6888794541139363,0.4540013955687347
1273,CCCC[C@@H](/C=N/NC(=O)N1CCc2ccccc21)NC(=O)OC(C)(C)C,40,3.6888794541139363,0.4540013955687347
4580,N[C@@H](CC(=O)N1CCn2cnnc2C1)Cc1cc(F)c(F)cc1F,40,3.6888794541139363,0.4540013955687347
4554,COC(=O)N1CC(=O)C(NC(=O)[C@H](CC(C)(C)F)N[C@@H](c2ccc(-c3ccc(S(C)(=O)=O)cc3)cc2)C(F)(F)F)C1,40,3.6888794541139363,0.4540013955687347
5195,CN(C)S(=O)(=O)Nc1ccc2ccc3ncc(-c4cnn(C)c4)cc3c(=O)c2c1,40,3.6888794541139363,0.4540013955687347
5057,Cc1cccnc1CN1CCC2(CC1)C(=O)N(c1ccc(-c3ccccc3)cc1)C(=O)N2c1ccc(O)nn1,40,3.6888794541139363,0.4540013955687347
5350,O=C(Nc1ccc(Cl)cn1)[C@H](CN1CC(O)C1)Oc1ncnc2c1cnn2-c1ccccc1Cl,40,3.6888794541139363,0.4540013955687347
1272,CC[C@H](CO)Nc1nc(SCc2ccccc2)nc2nc(N)sc12,40,3.6888794541139363,0.4540013955687347
5624,CC(=O)N1CCN([C@H]2C[C@@H](n3cc(-c4cccc(OC[C@@H]5CCCO5)c4F)c4c(N)ncnc43)C2)CC1,40,3.6888794541139363,0.4540013955687347
1489,Cc1ccc2c(-c3nnc(SCCCN4CCc5cc6onc(C)c6cc5CC4)n3C)cccc2n1,40,3.6888794541139363,0.4540013955687347
5756,CCn1ncc2c1CC[C@@H](Nc1nc3c(-c4ccc(F)cc4C)cccn3n1)C2,40,3.6888794541139363,0.4540013955687347
5732,Cc1cncc(-c2cc3c(cn2)cnn3-c2cccc([C@H]3CNCCC3(F)F)n2)n1,40,3.6888794541139363,0.4540013955687347
4868,CN1C2=C([C@H](c3ccc(Br)cc3)n3ncnc31)[C@@H](c1ccc(Br)cc1)Oc1ccccc12,40,3.6888794541139363,0.4540013955687347
4683,CCC(NC(=O)c1ccc2c(c1)c(C)c(C)n2Cc1ccc(-c2ccccc2C(=O)O)cc1)c1ccccc1,40,3.6888794541139363,0.4540013955687347
1404,CCc1nc(N)nc(N)c1-c1ccc2c(c1)N(CCCOC(F)(F)F)C(=O)C(C)(c1cc(F)cc(F)c1)O2,40,3.6888794541139363,0.4540013955687347
1340,COC(=O)c1c(Cl)cccc1-c1ccc([C@@H](C)NC(=O)C2(NC(=O)C(F)(F)F)CC2)c(F)c1,40,3.6888794541139363,0.4540013955687347
5764,CS(=O)(=O)O.c1cc(C2CCC3(CC2)OOC2(O3)C3CC4CC(C3)CC2C4)ccc1OCCN1CCOCC1,40,3.6888794541139363,0.4540013955687347
5703,CN1CCN(c2ccc(Nc3cc(-c4cccc(N5CCn6c(cc7c6CCCC7)C5=O)c4CO)cn(C)c3=O)nc2)CC1,40,3.6888794541139363,0.4540013955687347
1413,CN(C)C(=O)[C@@H]([C@H]1CC[C@H](c2cccc3ncnn32)CC1)[C@H](N)C(=O)N1CCC(F)(F)C1,40,3.6888794541139363,0.4540013955687347
1406,CCc1nc(N)nc(N)c1-c1ccc2c(c1)N(CCOCC(F)(F)F)C(=O)C(C)(c1cc(F)cc(F)c1)O2,40,3.6888794541139363,0.4540013955687347
1450,Cc1cccc(NC(=O)c2ccc(-c3ccc(C#N)cc3)o2)c1,40,3.6888794541139363,0.4540013955687347
4823,O=C(c1ccc(-n2nc(C(F)(F)F)c3c2CCCC3)cc1)N1CCCC1,40,3.6888794541139363,0.4540013955687347
5607,O=C(Cn1ncccc1=O)Nc1ccc(C[C@@H]2CC[C@H]([C@H](O)c3ccccc3)N2)cc1,40,3.6888794541139363,0.4540013955687347
1445,CC(C)N1C(=O)[C@H](NC(=O)[C@@H](Cc2ccccc2OC(F)(F)F)NC(=O)OC(C)(C)C)COc2ccccc21,40,3.6888794541139363,0.4540013955687347
4723,O=C1Cn2c(=O)n(Cc3ccc4cc5c(cc4n3)C[C@@]3(C5)C(=O)Nc4ncccc43)c3cccc(c32)N1,40,3.6888794541139363,0.4540013955687347
5612,Cc1ncoc1-c1nnc(SCCCN2CCOC(c3ccc(F)cc3)C2)n1C,40,3.6888794541139363,0.4540013955687347
5183,CC(C)N(Cc1cnc[nH]1)c1ccc(Cl)cc1,40,3.6888794541139363,0.4540013955687347
5035,Cc1c(NC(=O)c2ccc(-c3ccc(F)cc3)cc2)ccc2cc(CN3CCCC3)cnc12,40,3.6888794541139363,0.4540013955687347
5660,O=C(O)c1ccc(Cl)cc1NC[C@@H]1CCC[C@@H]1NC(=O)C1CCN(c2ccc(C(F)(F)F)cc2)CC1,40,3.6888794541139363,0.4540013955687347
5191,CS(=O)(=O)CC[C@@H]1OCC[C@@]2(S(=O)(=O)c3ccc(C(F)(F)F)cc3)c3c(F)ccc(F)c3OC[C@@H]12,40,3.6888794541139363,0.4540013955687347
1345,CN(C)[C@H]1CCCN(c2ccc(C(F)(F)F)cc2NC(=O)c2cc(C#Cc3cnc(N)nc3)ccc2F)C1,40,3.6888794541139363,0.4540013955687347
1179,CC(C)Nc1ccnnc1N(C)C1CCN(C(=O)c2cc3cc(NS(C)(=O)=O)ccc3[nH]2)CC1,40,3.6888794541139363,0.4540013955687347
1255,N#CCNC(=O)C1(NC(=O)c2ccc(-c3ccc(S(=O)(=O)N4CCN(CC(F)(F)F)CC4)cc3)cc2)CCCCC1,40,3.6888794541139363,0.4540013955687347
5534,N#Cc1ccc(OCCCN2CCC(C(O)(c3ccccc3)C3CCCC3)CC2)cc1,40,3.6888794541139363,0.4540013955687347
5096,Cc1nc2cnc3[nH]ccc3c2n1[C@@H]1CCNC[C@H]1F,40,3.6888794541139363,0.4540013955687347
4615,O=C(/C=C/c1ccccc1Cl)N1CCN(Cc2ccc(F)cc2)CC1,40,3.6888794541139363,0.4540013955687347
4914,Cn1c(=O)c2c(cc(N3CCC[C@@](C)(N)C3)n2Cc2cc(F)ccc2C#N)n(C)c1=O,40,3.6888794541139363,0.4540013955687347
5441,CCOC[C@@H](CC(C)C)NC(=O)[C@@H]1CNC[C@H](C(=O)N(c2ccc(C(C)C)cn2)C2CC2)[C@@H]1O.O=C(O)CCC(=O)O,40,3.6888794541139363,0.4540013955687347
5631,CS(=O)(=O)c1ccc(Cl)cc1Cn1cc(Cl)cc(C(N)=O)c1=N,39.92,3.686877451443263,0.4538654247684179
1244,CC(C)C[C@H](NC(=O)c1cc2cc(OCCN3CCOCC3)ccc2o1)C(=O)N[C@H]1CCCN(C(=O)Cc2cccc(-c3ccccn3)c2)CC1=O,39.7,3.681351187693145,0.4534900953465983
1454,CCS(=O)(=O)CCN(C(=O)Cc1ccc(F)c(C(F)(F)F)c1)[C@H](C)c1nc2ncccc2c(=O)n1-c1ccc(C#N)cc1,39.67,3.6805952345262387,0.453438752978972
1260,CC(C)(C)N1CCC(c2cc3c(ccc(=O)n3-c3c(Cl)cccc3Cl)c(-c3ccc(F)cc3Cl)n2)CC1,39.6,3.6788291182604347,0.4533188029680996
5629,FC(F)(c1ccc2ncccc2c1)c1nnc2ncc(-c3ccco3)nn12,39.5,3.676300671907076,0.4531470774857812
1224,O=C(NO)[C@@]1(NS(=O)(=O)c2ccc(Oc3ccc(Cl)cc3)cc2)CCOC1,39.4,3.673765816303888,0.4529749167039291
5500,C[C@@]1(O)CC[C@H]2[C@H](CC[C@@H]3[C@@H]2CC[C@]2(C)[C@@H](C(=O)Cn4ncnn4)CC[C@@H]32)C1,39.33,3.671987586443718,0.4528541439693187
4475,COC(=O)C(c1ccc(F)cc1)N1CCC(CCN2[C@@H]3CC[C@H]2C[C@@H](n2c(C)nc4ccccc42)C3)(c2ccccc2)CC1,39.3,3.6712245188752153,0.45280231841009
5719,COC[C@@H](NC(=O)N1CC(=O)Nc2cc(OC)cnc21)c1ccc(OC(F)(F)F)c(F)c1,39.3,3.6712245188752153,0.45280231841009
5753,Cl.Oc1ccc2[nH]c(-c3ccc4c(Cl)cc(Cl)c(O)c4n3)cc2c1,39.27,3.6704608685899185,0.4527504532742563
5659,CCCn1c(-c2cccc(OC)c2)nc2nc(C3CCCC3)[nH]c2c1=O,39.22,3.6691868207682004,0.452663923268828
5106,CC(C)c1cc2c(-c3ccc(S(=O)(=O)NCCO)cc3)ccnc2[nH]1,39,3.6635616461296463,0.452281876077418
4488,Cc1ccc2c(OCCN3CCC(Cc4cccc(N5CCCS5(=O)=O)c4)CC3)cccc2n1,39,3.6635616461296463,0.452281876077418
5235,O=C(Nc1ccnc(NC(=O)[C@H]2C[C@H]2F)c1)c1c(F)cccc1Cl,39,3.6635616461296463,0.452281876077418
1348,COc1cc(C(=O)N2[C@@H](c3nccs3)[C@H](CO)C[C@@]2(CC(C)C)C(=O)O)ccc1C(C)(C)C,39,3.6635616461296463,0.452281876077418
4884,O=C([O-])C[C@H](O)C[C@H](O)CCn1c(-c2ccc(F)cc2)nc(C(=O)NCc2cccc(F)c2)c1C1CC1.[Na+],39,3.6635616461296463,0.452281876077418
5761,COCCCCc1c(C(=O)N(CC(C)C)[C@@H]2CNC[C@H](C(=O)N3CCOCC3)C2)nc2ccccn12,39,3.6635616461296463,0.452281876077418
1250,COc1ccccc1-c1ccc(C[C@H](NC(=O)[C@@H]2CCCN2S(=O)(=O)c2cc(Cl)cc(Cl)c2)C(=O)O)cc1,39,3.6635616461296463,0.452281876077418
5290,O=C1CCCN1c1ccc(Oc2ccc3c(c2)CCN(C2CCC2)CC3)nc1,39,3.6635616461296463,0.452281876077418
1234,COc1ccc([C@@H](CC(=O)O)NC(=O)[C@@H]2CCN2S(=O)(=O)c2cc(Cl)cc(Cl)c2)cc1,39,3.6635616461296463,0.452281876077418
1233,CC(C)N1CCC(c2cc(-c3ccccc3Cl)c3ccc(=O)n(-c4c(Cl)cccc4Cl)c3c2)CC1,39,3.6635616461296463,0.452281876077418
5132,COc1cc(N2CCN(C(=O)[C@@H]3CCCC[C@H]3C(=O)NC3(C#N)CC3)[C@H](C)C2)ccc1C1CC1,39,3.6635616461296463,0.452281876077418
5488,O=c1cc(-c2ccnc(NC3CCOCC3)n2)ccn1[C@H](CO)c1ccc(Cl)c(F)c1,39,3.6635616461296463,0.452281876077418
4818,CCS(=O)(=O)Oc1ccc(Oc2ccc(S(=O)(=O)CC3CS3)cc2)cc1,39,3.6635616461296463,0.452281876077418
1201,O=C(O)[C@H](Cc1ccc2nc(-c3c(Cl)cccc3Cl)oc2c1)NC(=O)[C@@H]1CCN1S(=O)(=O)c1cc(Cl)cc(Cl)c1,39,3.6635616461296463,0.452281876077418
1442,NC(=O)c1cnc2cc(-c3ccncc3)ccc2c1Nc1ccccc1,39,3.6635616461296463,0.452281876077418
5250,CC(C)N1C(=O)[C@H](NC(=O)[C@@H](Cc2ccccc2OC(F)(F)F)NC(=O)OC(C)(C)C)CCc2cc(C(F)(F)F)ccc21,39,3.6635616461296463,0.452281876077418
5559,CCC(CC)CC1(O)CCN(C(=O)Nc2cc(F)cc(C(F)(F)F)c2)CC1,39,3.6635616461296463,0.452281876077418
5207,CC(C)[C@@](C)(O)[C@@H]1CN(c2ccc(F)c(-c3n[nH]c4ncccc34)n2)CCN1,39,3.6635616461296463,0.452281876077418
5253,Cc1nc(NC(=O)N2CCC[C@H]2C(N)=O)sc1-c1ccnc(C(C)(C)C)c1,39,3.6635616461296463,0.452281876077418
4711,Cc1cc(Cc2nc3n(n2)Cc2c(C)ncn2-c2ccc(Br)cc2-3)on1,39,3.6635616461296463,0.452281876077418
5293,COc1ccc(CNC(=O)c2cc(-c3cc(Cl)cc(Cl)c3)cnc2-c2cccnc2)cc1OC.Cl,39,3.6635616461296463,0.452281876077418
4988,CNC(=O)[C@H]1CC[C@H](Nc2ncc3nc(Nc4c(F)cc(F)cc4F)n([C@H]4CCOC4)c3n2)CC1,39,3.6635616461296463,0.452281876077418
1301,CC(C)C[C@@H]1C(=O)N[C@H](C2Cc3ccccc3C2)C(=O)N1[C@@H](C(=O)NC(C)(C)C)c1ccc2c(c1)CCO2,39,3.6635616461296463,0.452281876077418
5693,Cn1cc(-c2cc3c(cc2C(F)F)N(c2ccc4sc(=O)n(C)c4c2)CCC3)cn1,39,3.6635616461296463,0.452281876077418
4989,O[C@H]1CC[C@H](Nc2ncc3nc(Nc4c(F)cc(F)cc4F)n([C@H]4CCOC4)c3n2)CC1,39,3.6635616461296463,0.452281876077418
5039,O=C(c1cccc2ccccc12)N1Cc2ccccc2CC1COCc1ccccc1,39,3.6635616461296463,0.452281876077418
5555,CNS(=O)(=O)c1ccc(N2CCOCC2)c(Nc2ncnc3[nH]ccc23)c1,39,3.6635616461296463,0.452281876077418
4710,Cn1cnc(-c2ccccc2)c1-c1cc2c(N)ncnc2s1,39,3.6635616461296463,0.452281876077418
1331,CN1CCN(Cc2ccc3cc(-n4cnc5cc(-c6ccc(Cl)cc6)sc5c4=O)ccc3n2)CC1,39,3.6635616461296463,0.452281876077418
5102,COc1cc(C2CCN(C[C@H](O)CO)CC2)ccc1Nc1ncc2ccc(-c3ccccc3OC)n2n1,39,3.6635616461296463,0.452281876077418
4956,CCCOc1cc(C(F)(F)F)cc2c1n(C)/c(=N/c1ccc(C(F)(F)F)cc1)n2Cc1ccc(C(=O)Nc2nnn[nH]2)cc1,39,3.6635616461296463,0.452281876077418
4778,CC(=O)N1C[C@@H](F)C[C@H]1c1nc(C(=O)NCc2ccc(F)c(C)c2)c(O)c(=O)n1C,39,3.6635616461296463,0.452281876077418
5430,CC[C@H](C)[C@@H]1NC(=O)[C@H](Cc2ccc(O)cc2)NC(=O)CCSSC[C@@H](C(=O)N(CC(=O)N[C@@H](CC(C)C)C(=O)NCC(N)=O)CC2CCCO2)NC(=O)[C@H](CC(N)=O)NC(=O)[C@H](CCC(N)=O)NC1=O,39,3.6635616461296463,0.452281876077418
5480,COc1cc([C@H]2CCN(CCO)C[C@@H]2O)ccc1Nc1ncc2ccc(-c3ccccc3OC)n2n1,39,3.6635616461296463,0.452281876077418
5090,CCCSc1ncccc1C(=O)N1CCCC1c1ccncc1,39,3.6635616461296463,0.452281876077418
1323,C[C@@H](CNc1ccc(OC(F)(F)F)cc1)NC(=O)[C@H](CS(=O)(=O)Cc1ccccc1)NC(=O)N1CCOCC1,39,3.6635616461296463,0.452281876077418
1318,O=C1CCC2(Cc3ccccc3)Cc3cc(O)ccc3C2=C1c1ccc(O)cc1,39,3.6635616461296463,0.452281876077418
4578,Cn1cc(S(=O)(=O)N2CCC(CNC(=O)c3ccc(Cl)cc3Cl)(CC3CC3)CC2)nn1,39,3.6635616461296463,0.452281876077418
1467,CN(C)Cc1nccn1-c1ccc(N2CCC(NS(=O)(=O)CCc3ccc(Cl)s3)C2=O)c(F)c1,39,3.6635616461296463,0.452281876077418
4564,CC(C)(C)c1ccc(-c2csc(N(Cc3ccc(C(=O)NCCC(=O)O)cc3)c3ccc(C4=CCCCC4)cc3)n2)cc1,39,3.6635616461296463,0.452281876077418
4912,COCCCC[C@@](O)(c1cccc(Cl)c1-c1cccc(C)c1)[C@@H]1CCCN(C(=O)[C@H]2C[C@@H](N)[C@@H](O)C2)C1.O=C(O)/C=C/C(=O)O,39,3.6635616461296463,0.452281876077418
1324,C[C@@H](CNc1ccc(OC(F)(F)F)cc1)NC(=O)[C@H](CC1CCCCC1)NC(=O)C1CCOC1,39,3.6635616461296463,0.452281876077418
5081,C[C@H](Nc1ccc2ncn(-c3cc(C4CC4)[nH]n3)c2n1)c1ncc(F)cn1,39,3.6635616461296463,0.452281876077418
1387,COc1ccc(N2Cc3c(c4cc(Cl)ccc4n3C)C2=O)cc1OCCN1CCCCC1,39,3.6635616461296463,0.452281876077418
1193,C[C@H](NC(=O)[C@@H](Cc1c[nH]c2ccccc12)NC(=O)CCc1c[nH]cn1)C(=O)N[C@@H](Cc1c[nH]c2ccccc12)C(=O)N[C@H](Cc1ccccc1)C(=O)N[C@H](CO)CCCCN,39,3.6635616461296463,0.452281876077418
5256,C[C@@H](Oc1c(N)ncc2c(C3=CCN(C(N)=O)CC3)coc12)c1c(Cl)ccc(F)c1Cl,39,3.6635616461296463,0.452281876077418
4638,O=S(=O)(c1ccc(Cl)cc1)N1C2CCCC1c1cn[nH]c1C2,38.92,3.6615082573178044,0.4521424152644043
5758,CC(C)CN(C(=O)c1nc2ccccc2n1C)[C@@H]1CNC[C@H](C(=O)N2CCOCC2)C1,38.87,3.660222744864132,0.4520551066110725
4822,CC(C)CS(=O)(=O)Oc1ccc(S(=O)(=O)CC2CS2)cc1,38.83,3.659193143743576,0.4519851787880882
5391,Cc1c(OCCCCOc2ccc(F)c(C(=O)O)c2)ccc(C(=O)CC(C)C)c1O,38.78,3.6579046498145056,0.451897667640723
1361,O=C1CCN([C@@H]2CCCC[C@H]2OCCc2cccc3ccccc23)C1,38.7,3.655839600035736,0.4517574148452465
4736,COc1cc(N2CCN(C3CCN(c4cccc5cccnc45)CC3)CC2)c2ncccc2c1,38.7,3.655839600035736,0.4517574148452465
1419,Cc1ccc(N2CCN(C(=O)[C@@H](Cc3ccc(Cl)cc3Cl)N3CCCC3=O)CC2)c([C@H](CC(C)C)NC(=O)CCN(C)C)c1,38.7,3.655839600035736,0.4517574148452465
1275,N#Cc1cnc(Nc2cc(N3CCN(CCN4CCOCC4)CC3)ncn2)s1,38.67,3.6550641056192057,0.4517047452869079
5580,COc1ccc(-c2cc(=O)[nH]c(=S)n2CC(=O)NCCN)c(OC)c1,38.6,3.653252276470785,0.451581690576264
4479,CN(C)CCOc1ccc(-c2nc([C@H](CCCCNS(N)(=O)=O)NC(=O)OCc3ccccc3)cs2)cc1,38.33,3.6462328793924637,0.4511049514327744
5292,CCN1CCO[C@@H]2Cc3c(O)cccc3C[C@H]21.Cl,38.33,3.6462328793924637,0.4511049514327744
5148,CC(=O)Nc1cc(-c2c(Nc3cc[nH]n3)nc3ccccn23)nc(C)n1,38.33,3.6462328793924637,0.4511049514327744
5152,Cc1nc(N)cc(-c2c(Nc3cc[nH]n3)nc3cccnn23)n1,38.33,3.6462328793924637,0.4511049514327744
5509,O=C(Nc1ccncc1)Nc1ccc(-c2nc(N3CCOCC3)nc(N3C4CCC3COC4)n2)cc1,38.33,3.6462328793924637,0.4511049514327744
4704,CNCCNCc1cccc(-n2nc(C(F)(F)F)cc2C(=O)NCc2cccc3ccccc23)c1,38.33,3.6462328793924637,0.4511049514327744
5805,Cc1cc(C(=O)N[C@H]2CCCCC/C=C\[C@@H]3C[C@@]3(C(=O)NS(=O)(=O)C3CC3)NC(=O)[C@@H]3C[C@@H](Oc4nc5cc(F)ccc5nc4C(F)(F)F)CN3C2=O)no1,38.33,3.6462328793924637,0.4511049514327744
4718,NC(=O)c1cccc2nc(-c3ccc([C@@H]4CCCCN4)cc3F)[nH]c12,38.33,3.6462328793924637,0.4511049514327744
4986,Cc1ncc(CCCN(C)C)cc1Nc1ncc2c(n1)-c1ccc(C(F)(F)F)cc1NC(=S)C2,38.33,3.6462328793924637,0.4511049514327744
1470,CCS(=O)(=O)CCN(C(=O)Cc1ccc(F)c(C(F)(F)F)c1)[C@H](C)c1nc(C2CC2)c(Cl)n1-c1ccc(C#N)cc1,38.33,3.6462328793924637,0.4511049514327744
1177,C[C@H](Nc1nccc(-c2c(-c3cccc(C(F)(F)F)c3)nc(C3CCNCC3)n2C)n1)c1ccccc1,38.3,3.6454498961866,0.4510517732553946
5177,COc1cccc(C(=O)NC2CC3CCC(C2)N3c2ccc(C(=O)NCc3ccccc3)cn2)c1C,38.07,3.639426570394406,0.4506426846759783
5723,CCCCc1cc(OC2CCN(CCCCNS(=O)(=O)CC)CC2)c2ncccc2c1.Cl.Cl,38,3.6375861597263857,0.4505176887830617
5689,COc1cccc([C@@H](Oc2ccc3c(cnn3-c3ccc(F)cc3)c2)[C@H](C)NC(=O)C(F)(F)F)c1,38,3.6375861597263857,0.4505176887830617
4923,C[C@@H]1CCCN1CCCOc1ccc(-c2ccc(=O)n(C)n2)cc1F,38,3.6375861597263857,0.4505176887830617
5553,COc1cc(-c2cn([C@H]3CCc4c(F)cccc4N(CC(F)(F)F)C3=O)nn2)ccc1-n1cnc(C)c1,38,3.6375861597263857,0.4505176887830617
4474,CS(=O)(=O)c1ccc2ncc(C(N)=O)c(Nc3cccc4c3CCO4)c2c1,38,3.6375861597263857,0.4505176887830617
4779,CC(C)(CN1CCN(C2=Cc3ccccc3Cn3ccnc32)CC1)C(=O)O,38,3.6375861597263857,0.4505176887830617
5193,O=C1NCC2c3c(cccc31)CCN2C(=O)c1cc(Cc2n[nH]c(=O)c3ccccc23)ccc1F,38,3.6375861597263857,0.4505176887830617
1373,O=C(c1ccc(-c2ccc(N3C[C@H](Cn4ccnn4)OC3=O)cc2F)cn1)C1CCNCC1,38,3.6375861597263857,0.4505176887830617
1375,N#Cc1cnc2c(Cl)cc(NCc3cccc[n+]3[O-])cc2c1Nc1ccc(F)c(Cl)c1,38,3.6375861597263857,0.4505176887830617
4902,CC(C1CCN(C(=O)CCC2(c3ccc(Cl)cc3)c3ccccc3-c3nccn32)CC1)N1CCC(F)(F)C1,38,3.6375861597263857,0.4505176887830617
5237,CC(C)n1cc(C(=O)c2cccc(NC(=O)Nc3ccc(Cl)cc3)c2)c2c(N)ncnc21,38,3.6375861597263857,0.4505176887830617
5765,CC1(C)OCCn2c1nc(C(=O)NCc1ccc(F)cc1N1CCCCS1(=O)=O)c(O)c2=O,38,3.6375861597263857,0.4505176887830617
5485,N#Cc1ccc(-c2cc(NCC3CCOCC3)c3ncc(-c4ccc(C(=O)NC5CC5)cc4)n3n2)cc1,38,3.6375861597263857,0.4505176887830617
5205,NC(=O)c1ccc2c(c1)OCCc1cc(-c3ncnn3-c3ccc(F)cc3F)sc1-2,38,3.6375861597263857,0.4505176887830617
5661,O=C(O)c1cccnc1CC[C@@H]1CCC[C@@H]1NC(=O)C1CCN(c2ccc(C(F)(F)F)cc2)CC1,38,3.6375861597263857,0.4505176887830617
1382,Cc1ccc2c(-c3nnc(SCCCN4CCc5ccc(-c6cc(C)on6)cc5CC4)n3C)cccc2n1,38,3.6375861597263857,0.4505176887830617
1157,COc1ccc(N(C(=O)CN2C(=O)C(Cc3n[nH]c4ccccc34)C(=O)N(c3ccccc3)c3ccccc32)C(C)C)cc1,38,3.6375861597263857,0.4505176887830617
4992,Cc1ccc(CCCC(=O)c2ccc(CC[C@@](C)(N)CO)n2C)cc1,38,3.6375861597263857,0.4505176887830617
4671,O=C1NCC2c3c(cccc31)CCN2C(=O)Cc1cccnc1,38,3.6375861597263857,0.4505176887830617
5498,Cc1cc(OC(F)(F)F)ccc1-c1c(Oc2ccc(/C=C/C(=O)O)cc2)c2ccc(O)cc2oc1=O,38,3.6375861597263857,0.4505176887830617
5572,Cc1nnc2n1-c1ccc(-c3cccnc3)cc1CC2,38,3.6375861597263857,0.4505176887830617
5349,O=C(Nc1ccc(Cl)cn1)[C@H](CN1CC(O)C1)Oc1ncnc2c1cnn2-c1ncccc1Cl,38,3.6375861597263857,0.4505176887830617
4980,CNC(=O)c1cccc(F)c1Nc1nc(Nc2ccc3c(c2)NC(=O)C(N)CC3(C)C)ncc1Cl,38,3.6375861597263857,0.4505176887830617
5483,CCc1nnc([C@@H](C)NS(=O)(=O)c2ccc(Cl)cc2)n1CC,38,3.6375861597263857,0.4505176887830617
5456,CCN(Cc1cc(C(F)(F)F)ccc1-c1nn(CC(=O)O)c2ccccc12)C(=O)C1CC1,38,3.6375861597263857,0.4505176887830617
5779,C[C@@H]1CN(CC(=O)N2CC(C)(C)c3nc(CO)c(Cc4ccc(F)cc4)cc32)[C@@H](CN2CCOC[C@H]2C)CN1,38,3.6375861597263857,0.4505176887830617
4572,O=C([C@@H]1C[C@H](N2CCN(c3ncccn3)CC2)CN1)N1CCC(F)(F)C1,38,3.6375861597263857,0.4505176887830617
1265,CSc1ccc(S(=O)(=O)C[C@@H]2CCCC[C@H]2C(=O)NCC#N)cc1,38,3.6375861597263857,0.4505176887830617
4442,CNC(=O)C(N)c1ccc(C(=O)Nc2cc(-c3cccs3)ccc2N)cc1,38,3.6375861597263857,0.4505176887830617
5448,COc1ccc(CC(=O)NC(=N)N[C@H](CC2CCCCC2)C(=O)NCc2ccc(-c3nnn[nH]3)cc2)cc1OC,38,3.6375861597263857,0.91967441241513
5772,C=C[C@@H]1C[C@]1(NC(=O)[C@@H]1C[C@@H](Oc2ncc(OC)c3ccc(Cl)cc23)CN1C(=O)[C@@H](NC(=O)OC(C)(C)C)C(C)(C)C)C(=O)NS(=O)(=O)C1CC1,38,3.6375861597263857,0.4505176887830617
4679,Cc1c(Cc2ccc(F)c(C(=O)N3CCN(C(=O)C4(C)CCCN4)CC3)c2)n[nH]c(=O)c1C,38,3.6375861597263857,0.4505176887830617
4448,CCNCc1cnc(-c2ccc(C(=O)Nc3ccccc3N)cc2)s1,38,3.6375861597263857,0.4505176887830617
5602,Cn1nccc1-c1nc(Nc2n[nH]c3ccccc23)c2c(n1)C(C)(C)OC2,38,3.6375861597263857,0.4505176887830617
1165,CN(C(=O)Oc1ccc(C[C@H](NC(=O)[C@]2(C)CCCN2S(=O)(=O)c2cc(Cl)cc(Cl)c2)C(=O)O)cc1)c1ccccc1,38,3.6375861597263857,0.4505176887830617
4690,CCCCCOC(=O)N1CCN(C(=O)[C@H](CCC(=O)O)NC(=O)c2cc(CCCN(C)C)cc(-c3ccccc3)n2)CC1,38,3.6375861597263857,0.4505176887830617
4991,CCN(C(=O)Cc1ccc(S(C)(=O)=O)cc1)C1CCN(CC[C@@H](c2cc(F)cc(F)c2)C2CCN(S(C)(=O)=O)CC2)CC1,38,3.6375861597263857,0.4505176887830617
5620,CCCC[C@@H](O)C(=O)N1N=CC[C@H]1C(=O)NCc1cc(Cl)ccc1-n1cnnn1,38,3.6375861597263857,0.4505176887830617
5347,C[C@@H](CO)OC[C@H](Oc1ncnc2c1cnn2-c1ncccc1Cl)C(=O)Nc1ccc(F)cn1,38,3.6375861597263857,0.4505176887830617
5599,C[C@H]1Cn2c(nnc2C(C)(C)F)CN1C(=O)c1cccc(C(F)(F)c2n[nH]c(=O)c3ccccc23)c1,38,3.6375861597263857,0.4505176887830617
5495,COc1cc(N2CCN(C)CC2)ccc1Nc1nccc(-c2c[nH]c3c(C)nccc23)n1,38,3.6375861597263857,0.4505176887830617
4630,COC[C@H](C1CC1)n1cc(Cl)nc(Nc2cc(C)c(OC)nc2C)c1=O,38,3.6375861597263857,0.4505176887830617
5583,CC1(C)c2cc(C3CCN(CC4(O)CCOCC4)CC3)ccc2C(=O)c2c1[nH]c1cc(C#N)ccc21,38,3.6375861597263857,0.4505176887830617
5694,Cn1cc(-c2cc3c(cc2C(F)F)N(c2ccc4c(c2)n(C)c(=O)n4C)CCC3)cn1,38,3.6375861597263857,0.4505176887830617
5127,Cc1ccccc1S(=O)(=O)NC(=O)N1CCC(N2CCC(Oc3ccc(Cl)c(Cl)c3)CC2)CC1,38,3.6375861597263857,0.4505176887830617
5802,Cn1cnc(-c2ccc(OC3CCN(C(=O)Cc4ccc(OC(F)(F)F)cc4)CC3)c(C(N)=O)c2)c1,38,3.6375861597263857,0.4505176887830617
5161,Cc1cccc2c1N(S(=O)(=O)c1ccc(C(C)(C)C)cc1)Cc1ccc(C(F)(F)F)nc1N2,38,3.6375861597263857,0.4505176887830617
5600,COc1cccc(-c2ccc(CN([C@@H](C)C(=O)N[C@H](C#N)CC(N)=O)S(C)(=O)=O)cc2)c1,38,3.6375861597263857,0.91967441241513
4655,CC(C)(c1cc(-c2cccc(CC(F)(c3ccc(S(C)(=O)=O)cc3)C(O)(C3CC3)C3CC3)c2)c2ncccc2c1)S(C)(=O)=O,38,3.6375861597263857,0.4505176887830617
5356,O=C(Nc1ccc(F)cn1)[C@H](CN1CC(O)C1)Oc1ncnc2c1cnn2-c1c(F)cccc1Cl,38,3.6375861597263857,0.4505176887830617
4511,CONC(=O)c1cn(-c2ccc3c(c2)CCC3)c2nc(Nc3ccc(C4CCN(CC(=O)O)CC4)cc3)ncc2c1=O,38,3.6375861597263857,0.4505176887830617
4539,CN(CCCN(C)Cc1ccc(C(=O)O)cc1)CC(=O)Nc1ccc(Oc2ccccc2)cc1,38,3.6375861597263857,0.4505176887830617
5537,O=C(c1cccc(S(=O)(=O)Nc2cccc(F)c2F)c1)N1CCN2CCC[C@H]2C1,38,3.6375861597263857,0.4505176887830617
1377,Cc1ccc2c(-c3nnc(SCCCN4CCc5ccc(-c6cc(C)nn6C)cc5CC4)n3C)cccc2n1,38,3.6375861597263857,0.91967441241513
4489,Cc1ccc2c(OCCN3CCC(Cc4cccc(NS(C)(=O)=O)c4)CC3)cccc2n1,38,3.6375861597263857,0.4505176887830617
5220,OC1(c2cccnc2)CCN(c2ccc3nnc(C(F)(F)F)n3n2)CC1,38,3.6375861597263857,0.4505176887830617
5639,Cc1ccc(OCC(F)(F)F)c(OCCN[C@H](C)Cc2cc(C(N)=O)c3c(ccn3CCCO)c2)c1,37.92,3.6354786773868213,0.450374554078717
5530,Cc1nc(-c2nc[nH]n2)ccc1-c1cnc2c(n1)N(CCC1CCOCC1)C(=O)CN2,37.9,3.634951112088381,0.4503387232194983
5180,Cc1ccnc(C(=O)Nc2ccc(NC(=O)Nc3cc(C(C)(C)C)on3)cc2)c1,37.9,3.634951112088381,0.4503387232194983
1305,O=C1NC(=O)/C(=C/c2ccc(-c3ccc(F)cc3O)o2)S1,37.83,3.6331024386449378,0.4502131661404237
5288,COc1ccc2c3c1O[C@H]1[C@@H](OC(C)=O)C=C[C@H]4[C@@H](C2)N(C)CC[C@@]341,37.77,3.6315151367243654,0.9192620843656132
5475,CCCC[C@@H](C(=O)N1CCC[C@H]1C(=O)Nc1ccc(F)c[n+]1[O-])N(O)C=O,37.75,3.6309854756950335,0.4500693875377495
4869,CC(=O)O[C@@]12CO[C@@H]1C[C@H](O)[C@@]1(C)C(=O)[C@H](O)C3=C(C)[C@@H](OC(=O)[C@H](O)[C@@H](NC(=O)OC(C)(C)CF)c4ccccc4)C[C@@](O)([C@@H](OC(=O)c4cccc(F)c4)[C@H]21)C3(C)C,37.67,3.62886402170395,0.4499253039152707
5749,O=c1ccc(-c2cc(C[C@]3(O)CC[C@@H](Cc4ccccc4)CC3)no2)c[nH]1,37.6,3.6270040503958487,0.4497989795146924
5170,COc1cc2c(cc1OC)[C@@H]1[C@@H](O)[C@@H]3CCC(=O)N3C[C@@H]1c1cc(OC)c(OC)cc1-2,37.6,3.6270040503958487,0.4497989795146924
4458,CC[C@H](NC(C)=O)c1cc(Cl)ccc1C1CCN(C(=O)[C@@H]2CN(C(C)(C)C)C[C@H]2c2ccc3ccccc3c2)CC1,37.6,3.6270040503958487,0.4497989795146924
4494,O=C(O)CCCN[C@@H](Cn1c(=O)c(-c2ccccc2Cl)cn(Cc2c(F)cccc2C(F)(F)F)c1=O)c1ccccc1,37.6,3.6270040503958487,0.4497989795146924
5178,CCN1CCC(c2ccc(C(=O)Nc3ccc(NC(=O)Nc4cc(C(C)(C)C)on4)cc3)nc2)CC1,37.6,3.6270040503958487,0.4497989795146924
5129,CC(C)NC(=O)[C@H]1CC[C@@H](n2/c(=N/C(=O)c3ccc(F)cc3)[nH]c3ccc(Oc4ccccn4)cc32)CC1,37.5,3.624340932976365,0.449618107524775
5665,C=CC(=O)Nc1cc(-n2c(=O)cc(C)c3cnc(Nc4ccc(N5CCN(C)C(C)C5)cc4OC)nc32)cc(C(F)(F)F)c1.CS(=O)(=O)O,37.5,3.624340932976365,0.449618107524775
1350,CCc1cc2c(c(C(F)(F)F)c1)C(=O)N1CCNC[C@@H]21,37.4,3.6216707044204863,0.4494367525650188
4852,CN(C)CCn1ncc2c1nc(N)n1c(=O)n(Cc3cccc(Cl)c3)nc21,37.3,3.6189933266497696,0.4492549120492356
1420,CC#CCn1c(N2CCC[C@@H](N)C2)nc2c1c(=O)n(Cc1nc(C)c3ccccc3n1)c(=O)n2C,37.3,3.6189933266497696,0.4492549120492356
4673,CC[C@@H]1CCCCN1C(=O)c1cnc(Nc2ccc(C)nc2)c(Cl)c1,37.2,3.616308761279101,0.4490725833704083
5796,C[C@@]1(c2cc(NC(=O)c3ccc(C#N)cn3)ccc2F)CCOC(N)=N1,37.2,3.616308761279101,0.4490725833704083
5667,CCN(CC)C1CCC(C)(C(=O)Nc2nc3c(OC)ccc(N4CCOCC4)c3s2)CC1,37.2,3.616308761279101,0.4490725833704083
4958,Cc1cc2ncc(C(=O)NCC(C)(C)NCC(=O)N3CCC[C@H]3C#N)c(C)n2n1.Cl,37.17,3.615501984309161,0.4490177891826248
5748,O=C(Nc1ccc2nc(O)oc2c1)C(=O)N1CCC(Cc2ccc(F)cc2)CC1,37.1,3.6136169696133895,0.4488897639004673
4872,COc1ccc(Cc2cc([C@]34OC[C@](CO)(O3)[C@@H](O)[C@H](O)[C@H]4O)ccc2C)cc1,37.1,3.6136169696133895,0.4488897639004673
1369,NC(=O)Nc1ccc2c(c1)/C(=C/c1cc(-c3cccnc3)c[nH]1)C(=O)N2,37.1,3.6136169696133895,0.4488897639004673
1349,COc1cc(C(=O)N2[C@@H](c3nccs3)[C@@H](C(N)=O)C[C@@]2(CC(C)C)C(=O)O)ccc1C(C)(C)C,37,3.6109179126442243,0.4487064509900632
5730,COc1ccc2ncc(F)c(C[C@H](O)[C@@H]3CC[C@@H](NCc4ccc5c(n4)NC(=O)CO5)CO3)c2n1,37,3.6109179126442243,0.4487064509900632
5570,COc1nc(N2CC[C@@H](C)N(C(=O)c3cc(C)ccc3-n3nccn3)CC2)ncc1C(F)(F)F,37,3.6109179126442243,0.4487064509900632
5074,Cc1nn(C)c(C)c1-c1cc(C(=O)c2nc3nc(N4CCC(N(C)C)CC4)ccc3[nH]2)ccc1C#N,37,3.6109179126442243,0.4487064509900632
4492,CC(=O)N(C)c1cccc(CC2CCN(CCOc3cccc4nc(C)ccc34)CC2)c1,37,3.6109179126442243,0.4487064509900632
5767,CCOC(=O)c1ccc(N2C(=O)C(O)=C(C(=O)c3ccc(OC)cc3)C2c2ccc(F)cc2)cc1,37,3.6109179126442243,0.4487064509900632
4893,CCOc1ccc(-n2nc3c(N4CC(OC)C4)nnc(C)c3c2C)c(F)c1,37,3.6109179126442243,0.4487064509900632
4831,CC(=O)N1CCN([C@H]2CCN(C(=O)N(C)[C@H](C)c3cc(C(F)(F)F)cc(C(F)(F)F)c3)[C@@H](c3ccc(F)cc3C)C2)CC1,37,3.6109179126442243,0.4487064509900632
5591,CC(C)C1Cc2[nH]c(=O)c3ccccc3c2CO1,37,3.6109179126442243,0.4487064509900632
1401,CCc1nc(N)nc(N)c1-c1ccc2c(c1)N(CCNC(C)=O)C(=O)C(C)(c1cc(F)cc(F)c1)O2,37,3.6109179126442243,0.4487064509900632
5524,Fc1cncc(-c2nc3cc(F)c(F)cc3n2C2CC2)c1,37,3.6109179126442243,0.4487064509900632
1268,N#CCNC(=O)C1CC(F)(F)CCC1c1ccccc1-c1ccc(F)cc1,37,3.6109179126442243,0.4487064509900632
5503,C[C@@H]1CC[C@@H](Oc2cc(C#N)ccn2)CN1C(=O)c1ccccc1-c1ncccn1,37,3.6109179126442243,0.4487064509900632
4706,CCOc1cc(CN2CCC(Nc3nc4ccc(Cl)cc4o3)CC2)ccc1Cl,37,3.6109179126442243,0.4487064509900632
4604,Cc1cccc(C)c1CNc1cc(-n2ccccc2=O)cn2c(CO)c(C)nc12,37,3.6109179126442243,0.4487064509900632
4446,Cn1c(C(C)(C)C)nc(C(=O)NCc2ccc(F)cc2S(C)(=O)=O)c(O)c1=O,37,3.6109179126442243,0.4487064509900632
4520,O=C(Cc1ccc(C(F)(F)F)cc1)N1CCN(S(=O)(=O)c2cc(C3CC3)cc(C(F)(F)F)c2)CC1,37,3.6109179126442243,0.4487064509900632
5408,Cc1ncnn1-c1cc(F)ccc1CNC(=O)c1nc(C2CCOC2)n(C)c(=O)c1O,37,3.6109179126442243,0.4487064509900632
1306,CCC(=O)CN([C@H]1CCN([C@@H](C)C(=O)N2CCOCC2)C1=O)S(=O)(=O)c1ccc2cc(Cl)ccc2c1,37,3.6109179126442243,0.4487064509900632
5226,CCCC(Nc1ccc(-n2cc(C(F)(F)F)cn2)cc1)c1ccc(C(=O)NCCC(=O)O)cc1,37,3.6109179126442243,0.4487064509900632
1307,C[C@@H](C(=O)N1CCOCC1)N1CC[C@H](N(CC(=O)O)S(=O)(=O)c2ccc3cc(Cl)ccc3c2)C1=O,37,3.6109179126442243,0.4487064509900632
5369,COCCOc1ccc(N2CCN(CCn3ncc4c3nc(N)n3nc(-c5ccco5)nc43)CC2)cc1,37,3.6109179126442243,0.4487064509900632
5298,CN[C@@H](C)C(=O)N[C@H](C(=O)N1CCC[C@H]1C(=O)N[C@H]1c2ccccc2C[C@H]1NC(=O)c1ccc(C(=O)N[C@@H]2Cc3ccccc3[C@@H]2NC(=O)[C@@H]2CCCN2C(=O)[C@@H](NC(=O)[C@H](C)NC)C2CCCCC2)cc1)C1CCCCC1,37,3.6109179126442243,0.4487064509900632
4830,Nc1ncc(-c2cc(Nc3cnc4ccccc4c3)nc(N3CCOCC3)n2)cn1,37,3.6109179126442243,0.4487064509900632
5064,CP(C)(=O)c1cccc(C[C@H](NC(=O)c2c(Cl)cc3c(c2Cl)CCN(C(=O)c2ccc4ccoc4c2)C3)C(=O)O)c1,37,3.6109179126442243,0.4487064509900632
5786,CCN[C@@H]1CCC=C(c2ccc(F)cc2)[C@H]1COc1cc(F)c(S(=O)(=O)Nc2cscn2)cc1Cl.Cl,37,3.6109179126442243,0.4487064509900632
4794,Cc1cc2c(cc1Cl)C1(CCN(C(=O)[C@@H]3CN(C4CCOCC4)C[C@H]3c3ccc(F)cc3F)CC1)C[C@@H]2C(C)(C)c1ncnn1C,37,3.6109179126442243,0.4487064509900632
4637,O=C(C[C@H]1CC[C@]2(CC1)OO[C@]1(O2)C2CC3CC(C2)CC1C3)N1CCC(O)CC1,37,3.6109179126442243,0.4487064509900632
5370,CCn1nc2c(-c3ccc(Cl)cc3)c(-c3ccncc3)c(=O)n(Cc3ccc(C(F)(F)F)nc3)n2c1=O,37,3.6109179126442243,0.4487064509900632
4687,CCCCCOC(=O)N1CCN(C(=O)[C@H](CCC(=O)O)NC(=O)c2cc(C(=O)N3CCC(N(C)C)CC3)cc(-c3ccccc3)n2)CC1,37,3.6109179126442243,0.4487064509900632
1295,NS(=O)(=O)c1ccc(NC(=O)CSc2nnnn2-c2cc(Cl)ccc2Cl)c(Cl)c1,37,3.6109179126442243,0.4487064509900632
5331,COc1ccc2c(c1)C1CC1(C(=O)N1C[C@@H](C)N(C(C)=O)[C@@H](C)C1)Cn1c-2c(C2CCCCC2)c2ccc(C(=O)NS(=O)(=O)N(C)C)cc21,37,3.6109179126442243,0.4487064509900632
5037,CS(=O)(=O)Cc1cc(N2CCOCC2)nc(-c2ccc3[nH]cnc3c2)n1,37,3.6109179126442243,0.4487064509900632
4924,C[C@H](COc1ccc(-c2ccc(=O)n(C)n2)cc1)CN1CCC[C@H]1C,37,3.6109179126442243,0.4487064509900632
1256,N#CCNC(=O)C1(NC(=O)c2ccc(-c3ccc(C4(F)CCNCC4)cc3)cc2)CCCCC1,37,3.6109179126442243,0.4487064509900632
4691,CCCOCCn1c(=O)c(N2CCN(CCO)CC2)nc2cnc(-c3ccc(OC)nc3)cc21,37,3.6109179126442243,0.4487064509900632
5068,CN(C)C[C@@H](OC(=O)N1Cc2c(NC(=O)C(C)(C)C(F)(F)F)n[nH]c2C1(C)C)c1ccccc1,37,3.6109179126442243,0.4487064509900632
5029,O=C(Nc1ccc(-c2nnc(NCCCCN3CCOCC3)o2)cc1)c1ccccc1F,37,3.6109179126442243,0.4487064509900632
1198,CN(C)CCc1c[nH]c2ccc(-n3cnnc3)cc12,37,3.6109179126442243,0.4487064509900632
5617,Cn1c(SCCCN2CC3CCN(c4ccc(C(F)(F)F)cc4)C3C2)nnc1-c1cc[nH]c(=O)c1,37,3.6109179126442243,0.4487064509900632
5562,C[C@@H]1CN(c2cccnc2F)C(=O)c2cc(COc3ccc(Cl)cn3)nn21,37,3.6109179126442243,0.4487064509900632
5704,CN1CCN(c2ccc(Nc3cc(-c4cc(F)cc(N5CCn6c(cc7c6CCCC7)C5=O)c4CO)cn(C)c3=O)nc2)CC1,37,3.6109179126442243,0.4487064509900632
5295,Cc1cc(C(=O)N2CCC3(CC2)CN(C(=O)Nc2ccc(OC(F)(F)F)cc2)CCO3)no1,36.93,3.6090242288644716,0.4485778369263301
5168,COc1cc(OC)nc(NCCCn2c3c(c4cc(S(C)(=O)=O)ccc42)CCCC3)n1,36.83,3.606312730456974,0.4483936790258807
4905,COc1ccnc(CCc2nc3cccnc3[nH]2)c1,36.83,3.606312730456974,0.4483936790258807
1183,O=C(CCn1c2c(c(=O)[nH]c1=O)CSCC2)NCC(=O)N1CCN(c2cc(C(F)(F)F)ccn2)CC1,36.83,3.606312730456974,0.4483936790258807
4616,CCC[C@H](Nc1nc(-c2ccc(NC(=O)NCC)c(OC)c2)ncc1C)c1cccnc1,36.8,3.6054978451748854,0.448338334142682
5771,CC(C)C[C@H](NC(=O)[C@@H](O)[C@H](N)Cc1ccccc1)C(=O)NCC(=O)O.Cl,36.8,3.6054978451748854,0.448338334142682
5744,O=C(C[C@]1(O)CC[C@@H](Cc2ccc(F)cc2)CC1)Nc1ccc2[nH]c(=O)oc2c1,36.8,3.6054978451748854,0.448338334142682
4838,N[C@H]1CN(c2ncnc(N3CCC(F)(F)C3)n2)C[C@@H]1N1CCCCC1=O,36.8,3.6054978451748854,0.448338334142682
1366,CCc1nc(N)nc(N)c1-c1ccc2c(c1)N(CCCOC)CCC2,36.8,3.6054978451748854,0.448338334142682
5255,Cc1cc(Nc2ncc(Cl)c(Nc3ccccc3S(=O)(=O)C(C)C)n2)c(OC(C)C)cc1C1CCNCC1,36.8,3.6054978451748854,0.448338334142682
4878,C=C[C@@H]1C[C@]1(NC(=O)[C@@H]1C[C@@H](Oc2cc(-c3csc(NC(C)C)n3)nc3cc(OC)ccc23)CN1C(=O)[C@@H](NC(=O)OC1CCCC1)C(C)(C)C)P(=O)(O)Cc1ccccc1,36.67,3.6019589820832345,0.448097983790591
5268,CN[C@@H](CC(C)C)C(=O)N[C@@H]1CC[C@H]2CN(S(=O)(=O)c3ccc(C(F)(F)F)cc3)C[C@H]21,36.67,3.6019589820832345,0.448097983790591
1393,Cc1nc(N[C@H]2CCOC[C@@H]2C)nc(-n2ccnc2C)c1[N+](=O)[O-],36.67,3.6019589820832345,0.448097983790591
1355,O=C(O)COCCCCN1C(=O)CC[C@@H]1/C=C/[C@@H](O)Cc1cccc(C(F)(F)F)c1,36.67,3.6019589820832345,0.448097983790591
4705,CNCCNCc1cccc(-n2nc(C(F)(F)F)cc2-c2nnc(-c3ccccc3OC)o2)c1,36.67,3.6019589820832345,0.448097983790591
5773,Cn1cnc(S(=O)(=O)N2C[C@H](Nc3ccc(F)c(OC(F)(F)F)c3)[C@@H](c3ccc(F)cc3)C2)c1,36.67,3.6019589820832345,0.448097983790591
5489,Cc1ncc2ccc(Oc3c(C)ccc(C(=O)c4c(-c5ccccc5)n(C)n(-c5ccccc5)c4=O)c3N)cc2n1,36.67,3.6019589820832345,0.448097983790591
1291,CC(C)(C)NCc1ccc2c(c1)CCC[C@H]2NC(=O)C[C@@H]1CCCCN1S(=O)(=O)c1cccc(C(F)(F)F)c1,36.67,3.6019589820832345,0.448097983790591
4906,CC(C)(CO)Cn1ncn(-c2ccc(N3CCN(c4ccc(OC[C@H]5CO[C@](Cn6cncn6)(c6ccc(F)cc6F)O5)cc4)CC3)cn2)c1=O,36.67,3.6019589820832345,0.448097983790591
1471,CCS(=O)(=O)CCN(C(=O)Cc1ccc(F)c(C(F)(F)F)c1)[C@H](C)c1nc(C2CC2)c(C(F)F)n1-c1ccc(C#N)cc1,36.67,3.6019589820832345,0.448097983790591
1284,Nc1nc(N)c(-c2ccc(NCc3ccc(Cl)cc3)cc2)c(COCc2ccccc2)n1,36.67,3.6019589820832345,0.448097983790591
5415,CN(C1CC1)S(=O)(=O)C[C@@H](N1C(=O)[C@@](C)(CC(=O)O)C[C@H](c2cccc(Cl)c2)[C@H]1c1ccc(Cl)cc1)C(C)(C)C,36.67,3.6019589820832345,0.448097983790591
4715,CS(=O)(=O)Nc1ccc(-c2ccnc(Nc3ccc(CN4CCS(=O)(=O)CC4)cc3)n2)cc1,36.6,3.6000482404073204,0.4479682111990364
5798,COc1cc(C#N)cnc1C(=O)Nc1ccc(F)c([C@]2(C)C=C(CF)OC(N)=N2)c1,36.6,3.6000482404073204,0.4479682111990364
1484,CO[C@@H]1CN(C[C@@H]2Cc3ccc(NC(=O)C(C)C)cc3C2)CC[C@H]1n1c(C)nc2cc(C)ccc21,36.5,3.597312260588446,0.447782390584972
1144,CCOCn1nnc(-c2ccc(F)cc2)c1-c1ccnc(Oc2cccc(NC(C)=O)c2)n1,36.5,3.597312260588446,0.447782390584972
4942,COc1ccc(-c2cc3c(nn2)c(NC2CCC(O)CC2)nc(=O)n3CCOCC(F)(F)F)cn1,36.5,3.597312260588446,0.447782390584972
5574,Cc1ncn(-c2cc(Cl)c(C(=O)NC[C@@H](c3cccc(F)c3)c3ccc4[nH]c(C)nc4c3)c(Cl)c2)n1,36.5,3.597312260588446,0.447782390584972
4512,CNCC[C@@H](Oc1ccccc1C)c1ccccc1,36.4,3.594568774642695,0.4475960601743457
1352,Cl.N[C@H]1CN(CCc2ccc3c(c2)OCO3)C(=O)C[C@@H]1c1cc(F)c(F)cc1F,36.33,3.5926438462331105,0.4474653240568381
1428,O=C(NCCN1CCC(n2c(=O)[nH]c3ccccc32)CC1)c1cc2cc(F)ccc2[nH]1,36.33,3.5926438462331105,0.4474653240568381
5740,Nc1cccnc1-c1cccc(C(=O)Nc2cccc(C(F)(F)F)c2-c2cccnc2)c1,36.33,3.5926438462331105,0.4474653240568381
5465,COc1cccc(CNC(=O)c2nc3scc(COCc4ccccc4)c3c(=O)[nH]2)c1,36.32,3.5923685537330927,0.4474466269081794
5066,Cc1nc(N)nc2c1cc(-c1cn[nH]c1)c(=O)n2N1CCCC1,36.3,3.591817741270805,0.4474092171622191
4728,CCOc1ccc(Cc2cc([C@@H]3S[C@H](CO)[C@@H](O)[C@H](O)[C@H]3O)c(OC)cc2C)cc1,36.3,3.591817741270805,0.4474092171622191
4845,CC(C)NC(=O)Cn1c(-c2cccc(Cl)c2)nc2ccc(OCCCN3CCCCC3)cc2c1=O,36.3,3.591817741270805,0.4474092171622191
5450,Cn1c(=O)n(Cc2ccccc2C#N)c2c(N3CCC[C@@H](N)C3)cc(C(F)(F)F)nc21,36,3.58351893845611,0.4468455841177108
4541,CNC(=O)c1cccc(-c2ccc(C(CN3CCOCC3)N(C)C(=O)Cn3c(=O)cnc4cc(Cl)c(Cl)cc43)cc2)c1,36,3.58351893845611,0.4468455841177108
1209,CN1Cc2cc(C(=O)NCCNc3ccccn3)ccc2N[C@@H](CC(=O)O)C1=O,36,3.58351893845611,0.4468455841177108
5473,C[C@]1(CC(=O)O)C[C@H](c2cccc(Cl)c2)[C@@H](c2ccc(Cl)cc2)N(c2ccccn2)C1=O,36,3.58351893845611,0.4468455841177108
5603,CC1(C)OCc2c(Nc3n[nH]c4c(Cl)cccc34)nc(-c3cn[nH]c3C(F)F)nc21,36,3.58351893845611,0.4468455841177108
4462,Cc1c(-c2cccc(OCCCCCC(=O)O)c2)c(=O)n(C[C@H](N)c2ccccc2)c(=O)n1Cc1c(F)cccc1C(F)(F)F,36,3.58351893845611,0.4468455841177108
4599,CCC(=O)CCCCC[C@H](NC(=O)C1CCN(C)CC1)c1ncc(-c2cc(OC)c3ccccc3n2)[nH]1,36,3.58351893845611,0.4468455841177108
5131,N#CC1(NC(=O)[C@@H]2CCCC[C@H]2C(=O)N2CCN(c3ccc(F)cc3)CC2)CC1,36,3.58351893845611,0.4468455841177108
4629,Cc1nc(OC(F)F)c(C#N)cc1Nc1nc(Cl)cn([C@H](C)C2CC2)c1=O,36,3.58351893845611,0.4468455841177108
1492,Cc1ccc2c(-c3nnc(SCCCN4CCc5cc6c(cc5CC4)C(=O)N(C(C)C)C6)n3C)cccc2n1,36,3.58351893845611,0.4468455841177108
4471,CCCN(CC(O)(CNC(=O)c1cnn(-c2ccc(F)cc2)c1N)C(F)(F)F)C(=O)c1c(F)cccc1F,36,3.58351893845611,0.4468455841177108
4928,Cc1ccc(C(=O)N(CCCN)C(c2nc3snc(C)c3c(=O)n2Cc2ccccc2)C(C)C)cc1,36,3.58351893845611,0.4468455841177108
4545,CC1=C(C(=O)Nc2cc3cn[nH]c3cc2F)C(c2ccc(Cl)cc2F)N=C(c2ccnc(Cl)c2)N1,36,3.58351893845611,0.4468455841177108
5608,C[C@@H](C(=O)Nc1ccc(C[C@@H]2CC[C@H]([C@H](O)c3ccccc3)N2)cc1)n1ncccc1=O,36,3.58351893845611,0.4468455841177108
5036,C[C@H]1COCCN1c1cc(CS(C)(=O)=O)nc(-c2ccc3[nH]ccc3c2)n1,36,3.58351893845611,0.4468455841177108
4659,CC(C)(C)[C@H]1C(O)=C(C2=CS(=O)(=O)c3cc(NS(C)(=O)=O)cc(F)c3N2)C(=O)N1Cc1ccc(F)cc1,36,3.58351893845611,0.4468455841177108
1461,CC(C)(C)OC(=O)N[C@H](Cc1ccccc1C(F)(F)F)C(=O)NCc1nc2cccnc2n1C(C)(C)C,36,3.58351893845611,0.4468455841177108
5091,C[C@H](NC(=O)Cc1ccc(-c2ccc3cccnc3n2)cc1)c1ccc(-c2ccc(F)c(C(F)(F)F)c2)cc1,36,3.58351893845611,0.4468455841177108
5062,COc1ccc(C(C)=O)cc1CSc1nc2cc(F)ccc2n1CC(=O)O,36,3.58351893845611,0.4468455841177108
5606,Cn1cc(-c2cnc(Nc3cccc(Cn4nc(-c5cnn(C)c5)ccc4=O)c3)nc2)cn1,36,3.58351893845611,0.9160023077497792
1203,O=C(Nc1ccc(F)cc1)N[C@H]1C(=O)N(CC(=O)N2CCCC2)c2ccccc2N(C2CCCCC2)C1=O,36,3.58351893845611,0.4468455841177108
5312,COC(=O)N[C@@H](C(=O)N1CCC[C@H]1c1ncc(-c2ccc(-c3ncc(-c4cnc([C@@H]5CCCN5C(=O)[C@H](NC(=O)OC)c5ccccc5)[nH]4)cn3)cc2)[nH]1)c1ccccc1,36,3.58351893845611,0.4468455841177108
5239,C[C@@H](O)c1nc2cnc3[nH]ccc3c2n1[C@H]1CC[C@H](NCC(F)(F)F)CC1,36,3.58351893845611,0.4468455841177108
5717,CNc1nc(-c2cc(C(=O)N3CCN(Cc4ccc(Cl)cc4)CC3)c(Cl)cn2)cs1,36,3.58351893845611,0.4468455841177108
4549,CCOc1cc2ncc(C(N)=O)c(Nc3ccc(F)cc3F)c2cc1N1CCOCC1,36,3.58351893845611,0.4468455841177108
4632,COC[C@H](C1CC1)n1cc(Cl)nc(Nc2cc(C)c(OC(F)F)nc2C)c1=O,36,3.58351893845611,0.4468455841177108
5425,CC[C@H](C)[C@@H]1NC(=O)[C@H](Cc2ccc(O)cc2)NC(=O)CCSSC[C@@H](C(=O)N(CC(=O)N[C@@H](CC(C)C)C(=O)NCC(N)=O)C2CC2)NC(=O)[C@H](CC(N)=O)NC(=O)[C@H](CCC(N)=O)NC1=O,36,3.58351893845611,0.4468455841177108
4901,C[C@@H]1CC[C@H](C)N1C(=O)CCC1(c2ccc(Cl)cc2)c2ccccc2-c2nccn21,36,3.58351893845611,0.4468455841177108
4889,CNC(=O)c1ccc2c(c1)OCCc1cc(C(=O)N(C)c3ccc(C(=O)N(C)C)cc3Cl)sc1-2,36,3.58351893845611,0.4468455841177108
5616,COc1ccc(CNC(=O)c2cc(-c3cncc(Cl)c3)cnc2-c2ccccn2)nc1OC,36,3.58351893845611,0.4468455841177108
5635,O[C@H](CN1C[C@](Cc2cccc(OC(F)(F)F)c2)(c2cccc(OC(F)(F)F)c2)c2ccccc21)C(F)(F)F,36,3.58351893845611,0.4468455841177108
5041,C[C@@H]1CCCN1CCCOc1ccc2c(c1)CCc1cc(=O)n(C)nc1-2,36,3.58351893845611,0.4468455841177108
4752,O=C(c1ccc(Oc2ccc(Cl)cc2)nc1)N1CCCN(C2CCC2)CC1,36,3.58351893845611,0.4468455841177108
5213,CC(C)c1nc(-c2cccc(NS(=O)(=O)c3c(F)cccc3F)c2F)c(-c2ccnc(NCCS(C)(=O)=O)n2)s1,36,3.58351893845611,0.4468455841177108
4950,COCCCc1cc(CN(C(=O)[C@H]2CNCC[C@]2(O)c2ccc(F)c(F)c2)C2CC2)cc(OCCOC)c1,36,3.58351893845611,0.4468455841177108
4543,CC1=C(C(=O)Nc2ccc3[nH]ncc3c2)C(c2ccc(Cl)cc2F)N=C(c2ccnc(Cl)c2)N1,36,3.58351893845611,0.4468455841177108
4857,Cc1ccc(Cn2c(=O)[nH]c3c(N)nc(OCC4CCOCC4)cc32)cn1,36,3.58351893845611,0.4468455841177108
5432,CCCCN(CC(=O)N[C@@H](CC(C)C)C(=O)NCC(N)=O)C(=O)[C@@H]1CSCCCC(=O)N[C@@H](Cc2ccc(O)cc2)C(=O)N[C@@H]([C@@H](C)CC)C(=O)N[C@@H](CCC(N)=O)C(=O)N[C@@H](CC(N)=O)C(=O)N1,36,3.58351893845611,0.4468455841177108
4669,COCc1nnc(N2CC(Oc3ccc(F)cc3Cl)C2)n1-c1ccc(OC)nc1,36,3.58351893845611,0.4468455841177108
1410,O=C(N[C@@H]1CC[C@@H](c2ccccc2)CN(CC2CC2)C1=O)N1CCC(n2cc(-c3ccccc3)[nH]c2=O)CC1,36,3.58351893845611,0.4468455841177108
1347,COc1cc(C(=O)N2[C@@H](c3nccs3)[C@@H](CO)C[C@@]2(CC(C)C)C(=O)O)ccc1C(C)(C)C,36,3.58351893845611,0.4468455841177108
4939,COCCCc1cc(CN(C(=O)C2CNCCC2(O)c2ccc(F)c(F)c2)C2CC2)cc(OCCOC)c1,36,3.58351893845611,0.4468455841177108
1423,Cc1ccc2c(OCCN3CCC(Cc4cc5c(cc4F)OCC(=O)N5)CC3)cccc2n1,36,3.58351893845611,0.4468455841177108
5249,CC(C)N1C(=O)[C@H](NC(=O)[C@@H](Cc2ccccc2F)NC(=O)c2ccc(F)cc2C(F)(F)F)CCc2cc(F)ccc21,36,3.58351893845611,0.4468455841177108
5308,C[C@H](Nc1nc(Nc2cn(C)cn2)c2cc[nH]c2n1)c1ncc(F)cn1,36,3.58351893845611,0.4468455841177108
4863,CC[C@@H]1CN(C(=O)N[C@H](Cc2ccc(F)cc2)C(=O)N2CCC(C(=O)NC(C)(C)C)(C3CCCCC3)CC2)C[C@H](CC)N1,36,3.58351893845611,0.4468455841177108
1235,COc1cc2c(Nc3c(Cl)ccc4c3OCO4)ncnc2cc1OCCCN1CCCCC1,36,3.58351893845611,0.4468455841177108
5317,CNC(=O)c1c(-c2ccc(F)cc2)oc2cc(N(Cc3ccc(B(O)O)cc3)S(C)(=O)=O)c(C3CC3)cc12,36,3.58351893845611,0.4468455841177108
4686,CCCCCOC(=O)N1CCN(C(=O)[C@H](CCC(=O)O)NC(=O)c2cc(OC3CCN(C(=O)OC)CC3)cc(-c3ccccc3)n2)CC1,36,3.58351893845611,0.4468455841177108
5652,COC(=O)N[C@H](C(=O)Nc1ccccc1CC[C@@H]1CN[C@H](COC(=O)NCC(F)(F)F)CO1)C(c1ccccc1)c1ccccc1,36,3.58351893845611,0.4468455841177108
4886,Cc1onc(-c2c(Cl)cccc2Cl)c1CC(=O)NCc1ccc(OCC(F)(F)F)nc1,36,3.58351893845611,0.4468455841177108
1304,CC(C)C[C@@H]1C(=O)N[C@H](C2Cc3ccccc3C2)C(=O)N1[C@@H](C(=O)NC(C)C)c1ccc(F)cc1F,36,3.58351893845611,0.4468455841177108
5077,O=C(NC[C@]1(CC2CC2)CC[C@H](S(=O)(=O)CC2CC2)CC1)c1ccc(Cl)cc1Cl,36,3.58351893845611,0.4468455841177108
4530,COC(=O)N[C@H](C(=O)N[C@@H](Cc1ccc(-c2ccccn2)cc1)C[C@H](O)[C@H](Cc1ccccc1)NC(=O)[C@@H](N1CCN(Cc2ccccc2OC)C1=O)C(C)(C)C)C(C)(C)C,36,3.58351893845611,0.4468455841177108
4664,CNC[C@H](CC1CCCCC1)NC(=O)N1CCC[C@@H]([C@@H](OCCNC(=O)OC)c2cccc(Cl)c2)C1,36,3.58351893845611,0.4468455841177108
5015,COc1ccc(-c2nsc(NC(=O)[C@@H]3C[C@H]3C)c2C)cc1,35.9,3.580737295494233,0.4466566621820598
5644,COc1cc(N2CCN(CCO)CC2)ccc1Nc1ncc(Cl)c(Nc2ccccc2P(C)(C)=O)n1,35.83,3.5787855313168624,0.4465241034491898
1169,Cc1cc(-c2ccc(S(C)(=O)=O)cc2)c(-c2ccc(F)cc2)s1,35.83,3.5787855313168624,0.4465241034491898
5006,COc1cc2nncc(-c3cnc(N4CCC(C)(O)CC4)c(C)c3)c2cc1OC,35.83,3.5787855313168624,0.4465241034491898
4881,Cc1ccc(C(=O)Nc2ccc(CN3CCN(CCO)CC3)c(C(F)(F)F)c2)cc1C#Cc1cnc(C(N)=O)n1C,35.83,3.5787855313168624,0.4465241034491898
5179,CC(C)(C)c1cc(NC(=O)Nc2ccc(NC(=O)c3cc(OC4CCNCC4)ccn3)cc2)no1,35.8,3.5779478934066544,0.4464672132668265
1277,C[C@@H](c1ccc(-c2ccc(O)nc2)cc1)[C@H](N)C(=O)N1CC[C@H](F)C1.O=C(O)C(F)(F)F,35.8,3.5779478934066544,0.4464672132668265
5216,COc1ccc(-c2ccc3c(N4CCOCC4)nc(N4C[C@@H](C)O[C@@H](C)C4)nc3n2)cc1CO,35.8,3.5779478934066544,0.4464672132668265
1226,Cc1cc(C(=O)Nc2ccc(-c3ccccc3CN(C)C)cc2F)n(-c2ccc3cc(Cl)ccc3c2)n1,35.7,3.5751506887855933,0.4462772344238674
4595,COc1ccc(-n2cnc3ccc(-c4nnc(SCc5cccc(C#N)c5)o4)cc32)cc1,35.58,3.571783682237689,0.4460485561200385
5398,COc1cc2[nH]ncc2cc1-c1ccccc1C(F)(F)F,35.5,3.56953269648137,0.4458956750378742
5065,O=C(/C=C/c1ccc2c(ccn2S(=O)(=O)c2ccccc2)c1)NO,35.5,3.56953269648137,0.4458956750378742
4569,CC(C)CC[C@@]1(N)C(=O)C(C2=NS(=O)(=O)c3cc(NS(C)(=O)=O)ccc3N2)=C(O)c2ccccc21,35.33,3.5647324613710536,0.4455696555878408
4562,CC(C)Cc1cc(-c2ccc(CCNC[C@H](O)c3ccccc3)cc2)ccc1C(=O)NS(C)(=O)=O.Cl,35.2,3.5610460826040513,0.4453192863557899
1154,CC(C)(C)N1CCC(c2cc(-c3ccc(F)cc3Cl)c3c(c2)N(c2c(Cl)cccc2Cl)C(=O)NC3)CC1,35.2,3.5610460826040513,0.4453192863557899
4714,COc1cc(C(=O)N2CCN(CCCCCC(c3ccc(F)cc3)c3ccc(F)cc3)CC2)cc(OC)c1OC,35.18,3.560477739309412,0.4452806859614154
5579,COc1ccc(-c2cc(=O)[nH]c(=S)n2CC(N)=O)c(OC)c1,35.1,3.55820113047182,0.4451260646263941
1219,CC/N=C(\S)SC1OC(CO)C(O[C@H]2O[C@H](CO)[C@@H](O)[C@H](O)[C@H]2O)C(O)C1O,35.1,3.55820113047182,0.4451260646263941
5743,O=C(C[C@]1(O)CC[C@H](Cc2ccccc2)CC1)Nc1ccc2[nH]c(=O)oc2c1,35.1,3.55820113047182,0.4451260646263941
5078,CCNCC1(O)CN(C(=O)c2ccc(F)c(F)c2Nc2ccc(I)cc2F)C1,35.02,3.555919326857706,0.4449710904756991
5056,Cc1cccnc1CN1CCC2(CC1)C(=O)N(c1ccc(-c3ccccc3)cc1)C(=O)N2c1cc(O)ccn1,35,3.5553480614894135,0.4449322916217026
4676,CC1=C(C(=O)N2CCC[C@H]2c2ccc(F)cc2)[C@@H](c2ccc(Cl)c(Cl)c2)n2nccc2N1,35,3.5553480614894135,0.4449322916217026
1325,C[C@@H](CNc1ccc(OC(F)(F)F)cc1)NC(=O)[C@H](CC1CCCCC1)NC(=O)[C@H]1CCCO1,35,3.5553480614894135,0.4449322916217026
5366,CN(C)C1CCN(c2ccc(Nc3ncc4c5ccncc5n([C@H]5CC[C@H](C)CC5)c4n3)nc2)CC1,35,3.5553480614894135,0.4449322916217026
4584,C[C@H](NC(=O)C(C)(C)Oc1cc(F)cc(F)c1)[C@@H](Cc1ccc(Cl)cc1)c1ccccc1,35,3.5553480614894135,0.4449322916217026
5323,Nc1nc(-c2ccc(OCC3CCOC3)c(OC(F)(F)F)c2)c(Cl)c(=O)[nH]1,35,3.5553480614894135,0.4449322916217026
5472,C[C@]1(C(=O)N(CCCC(=O)O)Cc2cccc(Cl)c2)CCN1C(=O)c1csc2ccccc12,35,3.5553480614894135,0.4449322916217026
1188,CN(Cc1nc2ccccc2[nH]1)C(=O)c1ccc2c(c1)CN(C)C(=O)[C@H](CC(=O)O)N2,35,3.5553480614894135,0.4449322916217026
1294,COCCN1CC(C(N)=O)(N(C)Cc2cc3c(Nc4cccc(Cl)c4F)ncnc3cc2OC)C1,35,3.5553480614894135,0.4449322916217026
4960,COCc1cccc(C[C@H](O)/C=C/[C@H]2CCC(=O)N2CCCCCCC(=O)O)c1,35,3.5553480614894135,0.4449322916217026
5210,COC(=O)N[C@H](C(=O)N[C@@H](Cc1ccc(-c2ccc(OC)nc2)cc1)[C@@H](O)C[C@@H](Cc1ccccc1F)C(=O)N[C@H]1c2cc(F)ccc2OC[C@H]1O)C(C)(C)C,35,3.5553480614894135,0.4449322916217026
4775,COCCCc1ccc(Cl)c(CN(C(=O)[C@@H](CN)Cc2ccc(OCCOc3c(Cl)cc(C)cc3Cl)cc2)C2CC2)c1,35,3.5553480614894135,0.4449322916217026
4701,C[C@H]1CN(C(=O)c2ccc(-c3ccccc3F)cc2)CCN1C(=O)c1ccc2cc[nH]c2c1,35,3.5553480614894135,0.4449322916217026
5162,FC(F)(F)c1c(N2CCC(c3ccccc3)CC2)ccn2c(CC3CC3)nnc12,35,3.5553480614894135,0.4449322916217026
1163,Cc1cc(COc2ccc([C@]3(C)CCN([C@H](C)C(=O)NO)C3=O)cc2)c2ccccc2n1,35,3.5553480614894135,0.4449322916217026
5417,CN1CCN(S(=O)(=O)C[C@@H](N2C(=O)[C@@](C)(CC(=O)O)C[C@H](c3cccc(Cl)c3)[C@H]2c2ccc(Cl)cc2)C(C)(C)C)CC1,35,3.5553480614894135,0.4449322916217026
5716,NC(=O)C(=O)C(Cc1ccccc1)NC(=O)c1cccnc1-n1ccc(-c2ccc(F)cc2)n1,35,3.5553480614894135,0.4449322916217026
4563,O=C(O)CCNC(=O)c1ccc(CN(c2ccc(C3=CCCCC3)cc2)c2nc(-c3ccccc3)cs2)cc1,35,3.5553480614894135,0.4449322916217026
4656,O=C(NC1(c2ccccc2)CCC1)[C@@H]1CCC[C@H]1c1cc(-c2cccc(OC(F)(F)F)c2O)on1,35,3.5553480614894135,0.4449322916217026
1466,Cc1nc([C@H](C(=O)N2CCC2)N2C(=O)[C@@H](C3Cc4ccccc4C3)NC(=O)[C@H]2CC(C)C)co1,35,3.5553480614894135,0.4449322916217026
1269,COC(=O)c1ccccc1-c1ccc(CNc2ncccc2NC(=O)CC(F)(F)F)cc1,35,3.5553480614894135,0.4449322916217026
5713,Cn1c(C#N)ccc1-c1ccc(O)cc1F,35,3.5553480614894135,0.4449322916217026
5079,Cc1ncoc1-c1ccc(CC(=O)N[C@H](C)c2ccc(OCC(F)(F)F)cn2)cc1,35,3.5553480614894135,0.4449322916217026
4864,CN1CCCC(n2nc(Cc3ccc(Cl)cc3)c3ccccc3c2=O)CC1,35,3.5553480614894135,0.4449322916217026
4668,Cc1ccc(S(=O)(=O)O)cc1.O=C(NC[C@H]1CC[C@]2(CC1)OO[C@]1(O2)C2CC3CC(C2)CC1C3)N1CCNCC1,35,3.5553480614894135,0.4449322916217026
5247,CC1CC1C(=O)N[C@H](Cc1ccccc1F)C(=O)N[C@@H]1CCc2c(F)c(F)cc(F)c2N(C(C)C)C1=O,35,3.5553480614894135,0.4449322916217026
5341,CCCSc1nc(N2CCC[C@@H](CC(=O)NS(C)(=O)=O)C2)ccc1C(=O)NC1CCCCC1,35,3.5553480614894135,0.4449322916217026
4625,Cc1ccc(C(=O)Nc2cccc(C(F)(F)F)c2)cc1Nc1ncccc1-c1ccncn1,35,3.5553480614894135,0.4449322916217026
5200,CNc1nc(Nc2cnn(CC(C)(C)O)c2C)ncc1C(F)(F)F,35,3.5553480614894135,0.4449322916217026
4649,CC1=C(c2nc3cc(F)ccc3n2C)C(c2ccc(Cl)c(Cl)c2)n2nccc2N1,35,3.5553480614894135,0.4449322916217026
4571,CCC(=O)c1cc(-c2ccc(Cl)cc2)n(-c2ccc(S(N)(=O)=O)cc2)c1C,35,3.5553480614894135,0.4449322916217026
5442,COc1cccc2c1C(NCC(C)(C)c1ccccc1)=NC2=O,35,3.5553480614894135,0.4449322916217026
4885,O=C1Cn2c(c(C3CCCCC3)c3ccc(C(=O)O)cc32)-c2ccccc2N1,35,3.5553480614894135,0.4449322916217026
1197,Cn1c(CCC(=O)Nc2ccc3ccn(CC[C@H](CO)n4cnc(C(N)=O)c4)c3c2)nc2ccccc21,35,3.5553480614894135,0.4449322916217026
1455,Cc1ccc(Oc2ccc(N(C[C@H](NC(C)C)C(=O)NO)S(C)(=O)=O)cc2)cc1,35,3.5553480614894135,0.4449322916217026
4490,Cc1ccc2c(OCCN3CCC(Cc4cccc(N5CCCC5=O)c4)CC3)cccc2n1,35,3.5553480614894135,0.4449322916217026
5365,Fc1nccc2c3cnc(Nc4ccc(N5CCNCC5)cn4)nc3n(C3CCCC3)c12,35,3.5553480614894135,0.4449322916217026
4484,C[C@@H]1CN(CC2(c3ccncc3)CC2)CCN1S(=O)(=O)c1ccc(C(C)(O)C(F)(F)F)cc1,35,3.5553480614894135,0.4449322916217026
1242,CCNC(=O)COc1ccc(Cl)cc1CNC(=O)[C@@H]1CCCN1C(=O)[C@H](N)C1CCCCC1,35,3.5553480614894135,0.4449322916217026
5224,CN(C)S(=O)(=O)Nc1cccc(Oc2cc(F)cc(Nc3ccc(I)cc3F)c2C(N)=O)c1,35,3.5553480614894135,0.4449322916217026
5411,CC(C)[C@@H](CS(=O)(=O)N1CCCC1)N1C(=O)[C@@](C)(CC(=O)O)C[C@H](c2cccc(Cl)c2)[C@H]1c1ccc(Cl)cc1,35,3.5553480614894135,0.4449322916217026
4984,C[C@H](c1nc2ncccc2c(=O)n1-c1ccc(F)cc1)N(CC1CCS(=O)(=O)CC1)C(=O)Cc1ccc(F)c(C(F)(F)F)c1,35,3.5553480614894135,0.4449322916217026
5497,Cc1cc(F)ccc1-c1c(Oc2ccc(/C=C/C(=O)O)cc2)c2ccc(O)cc2oc1=O,35,3.5553480614894135,0.4449322916217026
5377,COc1ccc(Nc2nc(-c3ccc4cn[nH]c4c3)cn3ccnc23)cc1OC,35,3.5553480614894135,0.4449322916217026
5287,NCCCCN(C[C@H]1Cc2ccccc2CN1)[C@H]1CCCc2cccnc21,35,3.5553480614894135,0.9140890152537708
5819,COc1ccc(S(N)(=O)=O)cc1C(=O)Nc1cccc(-c2nncn2C(C)C)n1,35,3.5553480614894135,0.4449322916217026
5327,CC(C)S(=O)(=O)C[C@H](C)N1C(=O)[C@@](C)(CC(=O)O)C[C@H](c2cccc(Cl)c2)[C@H]1c1ccc(Cl)cc1,35,3.5553480614894135,0.4449322916217026
5262,COc1cc(CNC(=O)[C@@]2(Cc3ccccc3)OC(=O)N([C@@H]3CCc4ccccc43)C2=O)cc(OC)c1,35,3.5553480614894135,0.4449322916217026
5032,CCCCCS(=O)(=O)NC(=O)OCCCc1ccc(OCCOC)cc1Oc1ncc(C(F)(F)F)cc1Cl,35,3.5553480614894135,0.9140890152537708
4788,COCCc1ccc(Cl)c(CN(C(=O)[C@H]2CNCC[C@@H]2c2ccc(N3CC[C@@H](Oc4c(Cl)cc(C)cc4Cl)C3)nc2)C2CC2)c1,35,3.5553480614894135,0.4449322916217026
4729,COCCCc1ccc(Cl)c(CN(C(=O)[C@H](CN)Cc2ccc(CCCOc3c(Cl)cc(C)cc3Cl)cc2)C2CC2)c1,35,3.5553480614894135,0.4449322916217026
5049,COc1ccc([C@H](C(=O)N2CCOCC2)N2C(=O)[C@@H](C3Cc4ccccc4C3)NC(=O)[C@H]2CC(C)C)cn1,35,3.5553480614894135,0.4449322916217026
1370,N[C@H]1CN(c2ccc3nc(=O)ccn3n2)CC[C@@H]1c1cc(F)c(F)cc1F.O=C(O)C(F)(F)F,35,3.5553480614894135,0.4449322916217026
1396,Cc1c(CN(C)C[C@@H](O)c2ncccn2)sc2c(=O)c(C(=O)NCc3ccc(F)cc3)cn(C)c12,35,3.5553480614894135,0.4449322916217026
5236,CCc1ccc(-c2ccc(C(=O)N3CCc4c(c5ccccc5n4CC(=O)O)C3)cc2)cc1,35,3.5553480614894135,0.4449322916217026
1384,O=C(O)c1cccc(C2=C(c3cc(Br)ccc3OCc3ccc(F)cc3F)CCC2)c1,35,3.5553480614894135,0.4449322916217026
4874,C[C@@H](NC(=O)[C@H](O)[C@@H](O)C(=O)N1CCC[C@@H]1c1cccc(Cl)c1)c1ccc(-n2cccn2)cc1,35,3.5553480614894135,0.4449322916217026
5504,CCn1nc(C#Cc2cc(C(=O)Nc3ccc(CN4CCN(C)CC4)c(C(F)(F)F)c3)ccc2C)c2c(N)ncnc21,35,3.5553480614894135,0.4449322916217026
4447,CC(C)NC(=O)c1cc(F)ccc1CNC(=O)c1nc(C(C)(C)C)n(C)c(=O)c1O,35,3.5553480614894135,0.4449322916217026
5673,COc1cc(-c2cccc(F)c2)c(Cl)cc1-c1[nH]c(=O)cc2cc(S(=O)(=O)Nc3ccon3)ccc12,35,3.5553480614894135,0.4449322916217026
5517,O=C(c1ccc(CN2CCOCC2)cc1)N1CCN(C2CCC2)CC1,34.9,3.5524868292083815,0.4447379641870577
5816,CC1=Nc2c(F)cc(-c3nc(Nc4ccc(C5CCN(C)CC5)cn4)ncc3F)cc2C12CCCC2,34.9,3.5524868292083815,0.4447379641870577
1432,CN1CCN(c2ccc3[nH]c(-c4n[nH]c5ncc(-c6cncc7ccccc67)cc45)nc3c2)CC1,34.9,3.5524868292083815,0.4447379641870577
5685,CCOC(=O)C1=C(CN2CCOC[C@H]2C(=O)O)NC(c2nccs2)=N[C@H]1c1ccc(F)cc1Br,34.9,3.5524868292083815,0.4447379641870577
1427,NC1CN(c2cc(-c3cccc(S(=O)(=O)N4CCOCC4)c3)ncn2)CC1c1cc(F)c(F)cc1F,34.83,3.5504790843779097,0.4446016033942225
1308,CCC[C@H](CC1(C(=O)NC2(CO)Cc3ccccc3C2)CCCC1)C(=O)O,34.8,3.5496173867804286,0.4445430791406455
5381,Cn1c2c(c(=O)n1Cc1ccccc1C(F)(F)F)[C@H]1CC[C@]2(C)C1(C)C,34.8,3.5496173867804286,0.4445430791406455
5069,CC(C)(O/N=C(\C(=O)N[C@@H]1C(=O)N(S(=O)(=O)O)[C@@H]1COC(=O)c1cc(-c2cc(=O)c(O)cn2O)no1)c1csc(N)n1)C(=O)O,34.7,3.5467396869528134,0.4443476332731828
4979,CCC(CC)c1cc(C)n2nc(-c3cnc(OC(F)F)cc3C)n(C)c(=O)c12,34.7,3.5467396869528134,0.4443476332731828
5817,CC1=Nc2c(F)cc(-c3nc(Nc4ccc(N5CCNCC5)cn4)ncc3F)cc2C12CCCC2,34.7,3.5467396869528134,0.4443476332731828
5531,COCCN1C(=O)CNc2ncc(-c3ccc(-c4nc[nH]n4)nc3C)nc21,34.7,3.5467396869528134,0.4443476332731828
4636,CC(C)[C@@H](Nc1cc(-c2c(N)nn3cccnc23)ncn1)c1ccc(F)cc1,34.7,3.5467396869528134,0.4443476332731828
5780,CS(=O)(=O)c1ccc(Oc2cc(F)cc(C#N)c2)c2c1[C@H](O)C(F)(F)C2,34.6,3.543853682063679,0.4441516233476006
1218,CCc1c2c(nc3ccc(N)cc13)-c1cc3c(c(=O)n1C2)COC(=O)[C@]3(O)CC,34.5,3.5409593240373143,0.4439550460987223
5063,NS(=O)(=O)c1cccc(C[C@H](NC(=O)c2c(Cl)cc3c(c2Cl)CCN(C(=O)c2ccc4ccoc4c2)C3)C(=O)O)c1,34.4,3.5380565643793527,0.4437578982329367
1276,CC(C)C[C@H](NC(=O)c1cc2ccccc2o1)C(=O)N[C@H]1C[C@H](C)CN(S(=O)(=O)c2ccccn2)CC1=O,34.4,3.5380565643793527,0.4437578982329367
4627,Cc1cc(CN2C(=O)C(C3=NS(=O)(=O)c4c(CN(C)S(C)(=O)=O)cccc43)=C(O)[C@@H]2C(C)(C)C)ccc1F,34.4,3.5380565643793527,0.4437578982329367
1152,O=C1NCc2c(-c3ccccc3Cl)cc(N3CCNCC3)cc2N1c1c(Cl)cccc1Cl,34.4,3.5380565643793527,0.4437578982329367
5397,Cn1ncc(C(=O)N2CCC(Nc3cc(=O)[nH]c4cc(F)c(F)cc34)CC2)c1Cl,34.4,3.5380565643793527,0.4437578982329367
5800,C[C@@]1(c2cc(NC(=O)c3cnc(OCF)cn3)ccc2F)C=C(CF)OC(N)=N1,34.4,3.5380565643793527,0.4437578982329367
5176,COc1cccc(C(=O)NC2CC3CCC(C2)N3c2ccc(C(=O)N[C@@H](C)c3ccc(N4CCN(C)CC4)cc3)cn2)c1C,34.33,3.5360196074696004,0.4436195534318597
1204,CCNC(=O)[C@@H]1CCCN1C(=O)[C@H](CCCNC(=N)N)NC(=O)[C@H](CC(C)C)NC(=O)[C@@H](Cc1c[nH]c2ccccc12)NC(=O)[C@H](Cc1ccc(O)cc1)NC(=O)[C@H](CO)NC(=O)[C@H](Cc1c[nH]c2ccccc12)NC(=O)[C@H](Cc1c[nH]cn1)NC(=O)[C@@H]1CCC(=O)N1,34.3,3.535145354171894,0.4435601764278676
5578,FC(F)(F)c1cc(Oc2ccc(CCOc3ccn4c(-c5cncnc5)cnc4n3)cc2)ccc1Cl,34.3,3.535145354171894,0.4435601764278676
4532,C[C@H](Cc1ccc(-c2ccc(C(=O)O)cc2)cc1)NC[C@H](O)c1cccnc1,34.3,3.535145354171894,0.4435601764278676
5757,CC(C)CN(C(=O)c1nc2ccccc2[nH]1)[C@@H]1CNC[C@H](C(=O)N2CCOCC2)C1,34.22,3.5328102684640474,0.4434015834963221
5707,Cc1cccc(NC(=O)c2cc(Oc3cncnc3)cc(C)n2)n1,34.2,3.5322256440685598,0.4433618773320379
5726,O=C(O)CC1CCC2(CCN(c3ccc(-c4nc5cc(C(F)(F)F)ccc5[nH]4)cn3)CC2)O1,34.2,3.5322256440685598,0.4433618773320379
4527,COC(=O)N[C@H](C(=O)N[C@@H](Cc1ccc(-c2ccccn2)cc1)C[C@H](O)[C@H](Cc1ccccc1)NC(=O)[C@@H](N1CCN(Cc2csc(-c3cccnc3)n2)C1=O)C(C)(C)C)C(C)(C)C,34.17,3.5313480661272005,0.4433022745269193
5386,CCCc1nc2cccnc2n1-c1ccc(Nc2ccc(C)cn2)cc1,34.17,3.5313480661272005,0.4433022745269193
1258,CC(C)(C)N1CCC(Oc2cc(-c3ccccc3Cl)c3ccc(=O)n(-c4c(Cl)cccc4Cl)c3c2)CC1,34.1,3.529297384289471,0.4431629975645277
4726,Cc1ccc2cc(CC3CCN(C(=O)c4cccc(-c5cc[nH]n5)c4)CC3)ccc2n1,34.1,3.529297384289471,0.4431629975645277
5046,CN1C[C@@H]2C[C@H]1CN2Cc1nc2c(oc3ccc(Br)cc32)c(=O)[nH]1,34.07,3.5284172316728752,0.4431032198941816
4720,C[C@@H]1CN(C(=O)[C@@H]2CN(C(C)(C)C)C[C@H]2c2ccc(F)cc2F)C[C@H](C)[C@@]1(O)c1ccc(F)cc1.Cl,34,3.5263605246161616,0.44296353371463
5793,CCCCC[C@](C)(O)C/C=C/[C@H]1CCC(=O)[C@@H]1CCSc1nc(C(=O)O)cs1,34,3.5263605246161616,0.44296353371463
5244,O=C(N[C@H]1CCC[C@H](CO)C1)C1CCN(c2nc3cc(Cl)c(C(F)(F)F)cc3o2)CC1,34,3.5263605246161616,0.44296353371463
4745,O=C(CO)NC1CC2(CCCCC2)Oc2nc(-c3ccccc3Cl)c(-c3ccc(Cl)cc3)cc21,34,3.5263605246161616,0.44296353371463
5058,Cc1cc(C(=O)O)ccc1-c1ccc(N2C(=O)N(c3ccncn3)C3(CCN(Cc4ncccc4C)CC3)C2=O)cc1,34,3.5263605246161616,0.44296353371463
5486,C(#Cc1ncn2c1COc1ccccc1-2)c1ccccc1,34,3.5263605246161616,0.44296353371463
1214,Cc1noc(NS(=O)(=O)c2ccccc2-c2ccc(-c3ncco3)cc2Cn2ccc(C(F)(F)F)n2)c1C,34,3.5263605246161616,0.44296353371463
1281,CCCC[C@H](NC(=O)O[C@@H]1C(=O)N(C(=O)c2cccnc2)CC1(C)C)C(=O)C(=O)N[C@H](C)c1ccccc1,34,3.5263605246161616,0.44296353371463
5421,CO[C@H]1CN(c2nc(C(=O)NCC3(C)OCCO3)c(C(=O)O)s2)CC[C@H]1NC(=O)c1[nH]c(C)c(Cl)c1Cl,34,3.5263605246161616,0.44296353371463
1302,CC(C)C[C@@H]1C(=O)N[C@H](C2Cc3ccccc3C2)C(=O)N1[C@@H](C(=O)NC(C)(C)C)c1ccc2c(c1)OCO2,34,3.5263605246161616,0.44296353371463
4977,CC(C)(CO)Nc1nc(-c2cccc(NC(=O)Nc3ccc(C(F)(F)F)cc3)c2)c2c(N)c(C(N)=O)sc2n1,34,3.5263605246161616,0.44296353371463
4764,N#Cc1ccc(N2N=C(c3ccc(C(=O)O)cc3)C[C@@H]2C2CCCC2)cc1Cl,34,3.5263605246161616,0.44296353371463
4609,Cl.O=c1n(C[C@H](O)CO)c2ccccc2n1C1CCN(C[C@H]2[C@H]3CC[C@H](C3)C23CC3)CC1,34,3.5263605246161616,0.44296353371463
5387,CS(=O)(=O)c1ccc(-c2nn(-c3ccc(F)cc3)cc2Sc2ccc(Cl)cc2)cc1,34,3.5263605246161616,0.44296353371463
5320,C[C@@H](C(=O)Nc1ccc(C[C@@H]2CC[C@H]([C@H](O)c3cccnc3)N2)cc1)n1cccn1,34,3.5263605246161616,0.44296353371463
5336,COC[C@H](C)Oc1cc(Oc2ccc(C(=O)N(C)C)cc2)cc(C(=O)Nc2cc[nH]n2)c1,34,3.5263605246161616,0.44296353371463
1435,Cc1ccc2c(OCCN3CCN(Cc4ccc5c(c4F)N(C)C(=O)CO5)CC3)cccc2n1,34,3.5263605246161616,0.44296353371463
5204,CC(C)Nc1nc2c(C(=O)N(C)C)c(Cl)c(Cl)cc2n1C1CCN(c2ccc(C(C)(C)C)cc2)CC1,34,3.5263605246161616,0.44296353371463
4565,O=C(O)CCNC(=O)c1ccc(CN(c2ccc(C3=CCCCC3)cc2)c2nc(-c3ccc(OC(F)(F)F)cc3)cs2)cc1,34,3.5263605246161616,0.44296353371463
5577,N#Cc1ccnc(Nc2cc(C3CCN(C4COC4)CC3)n(C3CCCC3)n2)c1,34,3.5263605246161616,0.44296353371463
4663,CNC[C@H](CC1CCCCC1)NC(=O)N1CCC[C@@H]([C@@](O)(CCCNC(=O)OC)c2cccc(Cl)c2)C1,34,3.5263605246161616,0.44296353371463
5332,O=C(N[C@H]1C2CC3CC1C[C@](O)(C3)C2)c1sc(OC2CCOCC2)nc1[C@H]1CCCO1,34,3.5263605246161616,0.44296353371463
5733,COc1ccc(-n2ncc3cnc(-c4cncc(C)n4)cc32)nc1N1CCC[C@H](N)C1,34,3.5263605246161616,0.44296353371463
5013,Cc1cccnc1-n1ncc(-c2ccc(OCCCN3CCC[C@H]3C)cc2)cc1=O,34,3.5263605246161616,0.44296353371463
5401,C[C@@H]1COCCN1c1nc(-c2nncc3[nH]ccc23)cc2c1ncn2C,34,3.5263605246161616,0.44296353371463
4755,Cc1ccc(C(=O)Nc2ccc(CN3CCN(C)CC3)c(C(F)(F)F)c2)cc1C#Cc1cnc2[nH]cnc2c1,34,3.5263605246161616,0.44296353371463
5721,CC(C)C[C@H](NC(=O)[C@H](Cc1ccccc1)NC(=O)c1cnccn1)B(O)O,34,3.5263605246161616,0.44296353371463
4853,CC(C)(C)c1cc(NC(=O)N2CCCN(C(=O)C3CCOCC3)CC2)no1,34,3.5263605246161616,0.44296353371463
4782,CC(=O)NCCc1ccccc1-c1ccc(C(CN)Cc2ccc(OCCOc3c(Cl)cc(C)cc3Cl)cc2)c(C)c1,34,3.5263605246161616,0.44296353371463
4451,Nc1ccccc1NC(=O)c1ccc(-c2ncc(CN3CCC3)cc2F)cc1,34,3.5263605246161616,0.44296353371463
4510,CONC(=O)c1cn(-c2ccc3c(c2)CCC3)c2nc(Nc3ccc(C4CCN(CCO)CC4)cc3)ncc2c1=O,34,3.5263605246161616,0.44296353371463
4491,CCN(C(C)=O)c1cccc(CC2CCN(CCOc3cccc4nc(C)ccc34)CC2)c1,34,3.5263605246161616,0.44296353371463
5388,Clc1ccc(Sc2cn(-c3cccnc3)nc2-c2ccc(-c3ncon3)cc2)cc1,34,3.5263605246161616,0.44296353371463
4796,O=C(NCc1cccnc1N1CCOCC1)c1cncc(-c2ccc(OC(F)(F)F)cc2)n1,34,3.5263605246161616,0.44296353371463
4810,CNC(=O)c1cccc(F)c1Nc1nc(Nc2ccc3c(c2)OCCCN3)ncc1Cl,34,3.5263605246161616,0.44296353371463
4608,N#Cc1ccccc1C1Cc2nccn2C1,34,3.5263605246161616,0.44296353371463
5769,Cc1cc([C@H](C)Nc2nccc(N3C(=O)OC[C@@H]3[C@H](C)F)n2)ncc1-c1ccnc(C(F)(F)F)c1,34,3.5263605246161616,0.44296353371463
5184,COCC[C@H](Oc1ncnc2c1cnn2-c1ccccc1Cl)C(=O)Nc1ccc(C)cn1,34,3.5263605246161616,0.44296353371463
5221,NC(=O)c1sc2nccc(N3CCCN(c4ccccc4)CC3)c2c1N,34,3.5263605246161616,0.44296353371463
5479,COCCc1ccc(-c2c(C)nc3c(N4CCOCC4)nccn23)cn1,34,3.5263605246161616,0.44296353371463
5260,COc1cc2nnc(C(N)=O)c(Nc3ccc(C)cc3F)c2cc1N1CCC(N(C)C)CC1,34,3.5263605246161616,0.44296353371463
4721,FC(F)(F)c1ccc(Nc2ccnc3nc(-c4ncccc4C(F)(F)F)ccc23)nc1,34,3.5263605246161616,0.44296353371463
4804,Cc1ccc2c(N3CCN(CCc4cccc5c4ccc(=O)n5C)[C@@H](C)C3)cc(F)cc2n1,34,3.5263605246161616,0.44296353371463
4805,Cc1ccc2c(N3CCN(CCc4cccc5c4ccc(=O)n5C)C(C)(C)C3)cccc2n1,34,3.5263605246161616,0.44296353371463
4900,O=C(CCC1(c2ccc(Cl)cc2)c2ccccc2-c2nccn21)N1C2CCCC1CC2,34,3.5263605246161616,0.44296353371463
5422,CO[C@H]1CN(c2nc(-c3ncccn3)c(C(=O)O)s2)CC[C@H]1NC(=O)c1[nH]c(C)c(Cl)c1Cl,34,3.5263605246161616,0.44296353371463
1296,CN(C)C(=O)[C@@H](c1ccc(-c2ccc3nncn3c2)cc1)[C@H](N)C(=O)N1CC[C@H](F)C1.O=C(O)C(F)(F)F,34,3.5263605246161616,0.44296353371463
5130,CCc1nc2ccccc2n1-c1nc(N2CCOCC2)c2nc(CN3CC(C4CCOCC4)C3)n(C)c2n1,34,3.5263605246161616,0.44296353371463
5778,Cc1noc(C)c1-c1ccc2c(c1)O[C@H](CC1CC1)C(=O)N2,33.9,3.5234150143864045,0.4427634823414984
5692,CNC(=O)c1ccc(Nc2nc(OC(C)C)c3c(-c4ccc5nc(C)oc5c4)c[nH]c3n2)c(OC)c1,33.9,3.5234150143864045,0.4427634823414984
5198,O=C1OC(COP(=O)([O-])[O-])CN1c1ccc(-c2ccc3c(c2)OC[C@H]2[C@H](CO)OC(=O)N32)cn1.[Na+].[Na+],33.83,3.521347982792617,0.4426230949463143
4895,CNS(=O)(=O)Nc1ccc2ccc3ncc(-c4cnn(C)c4)cc3c(=O)c2c1,33.8,3.520460802488973,0.4425628399737916
5067,COCC(C1CC1)n1c(=O)c(C)nc2c(-c3cc(F)c(OC)cc3Cl)ncnc21,33.67,3.516607233172983,0.4423011155956742
4614,CCCOCCn1c(=O)c(NCCN2CCOCC2)nc2cnc(-c3ccc(OC)nc3)cc21,33.6,3.5145260669691587,0.4421597682146385
4875,COc1ccc2cccc(NC(=O)Nc3ccc(Cl)c(C(F)(F)F)c3)c2c1,33.5,3.5115454388310208,0.4419573317247545
5460,N#C[C@@H]1C[C@@H]2CCC[C@@H]2N1C(=O)C[C@H](N)Cc1cc(F)c(F)cc1F,33.5,3.5115454388310208,0.4419573317247545
1469,CC(c1ccc(-c2ccsc2)cc1)n1ccnc1,33.5,3.5115454388310208,0.4419573317247545
1186,O=C(CCn1c2c(c(=O)[nH]c1=O)CSCC2)NCC(=O)N1CCN(c2ncccn2)CC1,33.5,3.5115454388310208,0.4419573317247545
5544,COc1ccn2cc(-c3ccc(NC(=O)Nc4cc(C(C)(C)C)on4)cc3)nc2c1,33.5,3.5115454388310208,0.4419573317247545
1339,CC(C(=O)N[C@H]1C2CC3CC1C[C@](O)(C3)C2)N1CCN(c2ccc(C(F)(F)F)cn2)CC1,33.33,3.506457892319648,0.4416117988336482
5014,Nc1ccnc(Nc2ccc(Oc3ccc(Cl)cc3)cc2)n1,33.33,3.506457892319648,0.4416117988336482
5133,Cc1nc(N)nc(-c2c(Nc3cc[nH]n3)nc3ccc(-c4cccc(F)c4)cn23)n1,33.33,3.506457892319648,0.4416117988336482
4465,C[C@]1(c2nc3c(C(N)=O)cccc3[nH]2)CCCN1,33.33,3.506457892319648,0.4416117988336482
5140,Cc1cc(-c2ccc3nc(Nc4cc[nH]n4)c(-c4nc(C)nc(N)n4)n3c2)ccn1,33.33,3.506457892319648,0.4416117988336482
5147,Cc1nc(N)nc(-c2c(Nc3cc[nH]n3)nc3ccc(-c4ccccc4F)cn23)n1,33.33,3.506457892319648,0.4416117988336482
4466,C[C@@]1(c2nc3cccc(C(N)=O)c3[nH]2)CCCN1,33.33,3.506457892319648,0.4416117988336482
4795,Cc1cc(C)cc(NC(=O)c2cncc(-c3ccc(C#N)cc3)n2)c1,33.33,3.506457892319648,0.4416117988336482
5136,Cc1nc(N)nc(-c2c(Nc3cc[nH]n3)nc3ccc(-c4cccnc4C)cn23)n1,33.33,3.506457892319648,0.4416117988336482
5146,Cc1cc(-c2ccc3nc(Nc4cc[nH]n4)c(-c4nc(C)nc(N)n4)n3c2)on1,33.33,3.506457892319648,0.4416117988336482
4973,COc1cc(OC)cc(N2CCN(C(=O)Nc3nc4c(C)cccc4nc3OC)CC2)c1,33.33,3.506457892319648,0.4416117988336482
5283,Fc1ccccc1[C@H](Nc1nnc(-c2c[nH]c3ncccc23)o1)C1CC1,33.33,3.506457892319648,0.4416117988336482
5139,COc1ncccc1-c1ccc2nc(Nc3cc[nH]n3)c(-c3nc(C)nc(N)n3)n2c1,33.33,3.506457892319648,0.4416117988336482
5143,CC(=O)Nc1cccc(-c2ccc3nc(Nc4cc[nH]n4)c(-c4nc(C)nc(N)n4)n3c2)c1,33.33,3.506457892319648,0.4416117988336482
5138,Cc1nc(N)nc(-c2c(Nc3cc[nH]n3)nc3ccc(-c4cnccc4C)cn23)n1,33.33,3.506457892319648,0.4416117988336482
5135,Cc1nc(N)nc(-c2c(Nc3cc[nH]n3)nc3ccc(-c4cccnc4)cn23)n1,33.33,3.506457892319648,0.4416117988336482
5269,CC(C)N[C@@H](CC(C)(C)C)C(=O)N[C@H]1CC[C@@H]2CN(S(=O)(=O)c3ccc(C(F)(F)F)cc3)C[C@@H]21,33.33,3.506457892319648,0.4416117988336482
5145,Cc1nc(N)nc(-c2c(Nc3cc[nH]n3)nc3ccc(-c4cnn(C5CC5)c4)cn23)n1,33.33,3.506457892319648,0.4416117988336482
5134,Cc1nc(N)nc(-c2c(Nc3cc[nH]n3)nc3ccc(-c4ccncc4)cn23)n1,33.33,3.506457892319648,0.4416117988336482
5137,Cc1nc(N)nc(-c2c(Nc3cc[nH]n3)nc3ccc(-c4ccccc4C)cn23)n1,33.33,3.506457892319648,0.4416117988336482
4743,Cc1nc(N)sc1-c1ccnc(Nc2ccc(N3CCOCC3)cc2)n1,33.33,3.506457892319648,0.4416117988336482
4538,COc1cc2nccc(CN3CCc4c(C(=O)Nc5ccc(F)c(C(F)(F)F)c5)cccc4C3=O)c2cc1OC,33.33,3.506457892319648,0.4416117988336482
4675,CC(C)[C@H](C(=O)Nc1ncc(Cl)s1)c1ccc(Cl)cc1,33.33,3.506457892319648,0.4416117988336482
4522,COC(=O)N[C@H](C(=O)N[C@@H](Cc1ccc(-c2ccccn2)cc1)[C@@H](O)C[C@H](Cc1ccccc1)NC(=O)[C@@H](N1CCN(Cc2ccnc3ccccc23)C1=O)C(C)(C)C)C(C)(C)C,33.33,3.506457892319648,0.4416117988336482
5142,Cc1nc(N)nc(-c2c(Nc3cc[nH]n3)nc3ccc(-c4cncnc4C)cn23)n1,33.33,3.506457892319648,0.4416117988336482
4957,Cc1cc2ncc(C(=O)NCC(C)(C)NCC(=O)N3CCC[C@H]3C#N)cn2n1.Cl,33.33,3.506457892319648,0.4416117988336482
1310,O=C(N[C@H]1CN2CCC1CC2)c1cc2ccoc2cn1,33.3,3.505557396986398,0.4415506395390394
4507,COc1cccc(-c2c(C)n(Cc3c(F)cccc3C(F)(F)F)c(=O)n(C[C@H](NCCCC(=O)[O-])c3ccccc3)c2=O)c1F.[Na+],33.3,3.505557396986398,0.4415506395390394
4760,C=C(CNC(C)C)c1ccc2c(c1)CCC[C@H]2NC(=O)C[C@@H](NS(=O)(=O)c1cccc(C(F)(F)F)c1)c1ccccc1,33.2,3.502549875922443,0.4413463765517687
5549,Cl.O=C1COc2ccc(CNC34CCC(CCc5c(F)cnc6ccc(OCCCO)nc56)(CC3)OC4)nc2N1,33.2,3.502549875922443,0.4413463765517687
4529,COC(=O)N[C@H](C(=O)N[C@@H](Cc1ccc(-c2ccccn2)cc1)C[C@H](O)[C@H](Cc1ccccc1)NC(=O)[C@@H](N1CCN(Cc2ccccc2N)C1=O)C(C)(C)C)C(C)(C)C,33.17,3.501645852958961,0.4412849776697142
1249,CC(C)C[C@H](NC(=O)c1cc2ccccc2o1)C(=O)NCC(=O)CNS(=O)(=O)c1ccccn1,33.1,3.4995332823830174,0.4411414973856244
1290,C[C@@H](CN1CCc2cc(F)ccc21)NC(=O)[C@H](CC1CCCCC1)Nc1nc2cccc(Cl)c2o1,33.1,3.4995332823830174,0.4411414973856244
5199,COc1ccc2[nH]cc(CCNC(C)=O)c2c1,33.1,3.4995332823830174,0.4411414973856244
5718,O=C(Nc1ccc(Cl)cc1)Nc1cccc(-c2ccncc2)c1,33.1,3.4995332823830174,0.9102982210176928
5233,Cc1ccc(-n2nccn2)c(C(=O)N2CC3(CC3)C[C@H]2CNc2cccc(C)n2)c1,33.1,3.4995332823830174,0.4411414973856244
5048,Cc1ccc([C@H](C(=O)N2CCCC2)N2C(=O)[C@@H](C3Cc4ccccc4C3)NC(=O)[C@H]2CC(C)C)cn1,33,3.4965075614664802,0.4409359983118302
4982,CNC(=O)c1cccc(F)c1Nc1nc(Nc2ccc3c(c2)NC(=O)C(NC(C)=O)CC3(C)C)ncc1Cl.O=C(O)C(F)(F)F,33,3.4965075614664802,0.4409359983118302
5505,CC(C)(O)c1ccccc1-c1ccc2[nH]c(/C=C/c3ccc(C(F)(F)F)cc3)nc2c1,33,3.4965075614664802,0.4409359983118302
4997,CC#CCn1c(N2CCC[C@H](N)C2)c(C#N)c2ncn(CC(=O)c3cccc(OC)c3)c(=O)c21,33,3.4965075614664802,0.4409359983118302
4813,CCCCNCc1ccc(-c2nc(CN(C3CCS(=O)(=O)C3)S(=O)(=O)c3ccc(OC)cc3)cs2)cc1,33,3.4965075614664802,0.4409359983118302
4582,C[C@H](NC(=O)C(C)(C)Oc1ccc(C(F)(F)F)cn1)[C@@H](Cc1ccc(Cl)cc1)c1cccc(C#N)c1,33,3.4965075614664802,0.4409359983118302
1175,C[C@H](CS[C@@H](CCc1ccccc1CC(C)(C)O)c1cccc(/C=C/c2ccc3ccc(Cl)cc3n2)c1)C(=O)O,33,3.4965075614664802,0.4409359983118302
5670,c1cc([C@H]2CC[C@]3(CC2)OOC2(O3)C3CC4CC(C3)CC2C4)ccc1OCCCN1CCOCC1,33,3.4965075614664802,0.9100927219438985
5321,O=C(Nc1ccc(C[C@@H]2CC[C@H]([C@H](O)c3cccnc3)N2)cc1)[C@@H]1CCc2scnc21,33,3.4965075614664802,0.4409359983118302
5186,CS(=O)(=O)NCc1nc2cnc3[nH]ccc3c2n1[C@@H]1C[C@H]2CC[C@@H]1C2,33,3.4965075614664802,0.4409359983118302
5775,CC1=C(c2cccc(O)c2)C(c2ccc(OC[C@H](C)N3CC[C@@H](C)C3)cc2)Oc2ccc(O)cc21,33,3.4965075614664802,0.4409359983118302
5781,Cc1ccc2nc(N3CCCc4ccc(F)cc4C3)cc(NCCO)c2c1,33,3.4965075614664802,0.4409359983118302
5110,C[C@@H](O)c1nc(-c2cccc3c2N(S(=O)(=O)c2ccc(C(C)(C)C)cc2)Cc2ccc(C(F)(F)F)nc2N3)no1,33,3.4965075614664802,0.4409359983118302
4546,O=C(Nc1ccc2cccnc2c1)c1ccc(-c2ccccc2)nc1,33,3.4965075614664802,0.4409359983118302
4574,NC(=O)C1(c2ccc(F)cc2)CC2CCC(C1)N2C(c1ccccc1Cl)c1ccccc1Cl,33,3.4965075614664802,0.4409359983118302
5560,CCC(CC)CC1(O)CCN(c2nc3c(F)cc(C(F)(F)F)cc3[nH]2)CC1,33,3.4965075614664802,0.4409359983118302
1300,CC(C)C[C@@H]1C(=O)N[C@H](C2Cc3ccccc3C2)C(=O)N1[C@@H](C(N)=O)c1ccc(F)cc1F,33,3.4965075614664802,0.4409359983118302
5597,C[C@H]1Cn2c(nnc2C(F)(F)F)CN1C(=O)c1cccc(C(F)(F)c2n[nH]c(=O)c3ccccc23)c1,33,3.4965075614664802,0.4409359983118302
4969,C[C@H]1O[C@@H](n2cnc3c(N)nc(OC4CCC(F)(F)CC4)nc32)[C@H](O)[C@@H]1O,33,3.4965075614664802,0.4409359983118302
5225,Cn1cc(-c2cc3[nH]nc(-c4cccc(S(N)(=O)=O)c4)c3cc2NC2CCCCC2)cn1,33,3.4965075614664802,0.4409359983118302
4648,CCCOCCn1c(=O)c(NCC(=O)N(C)C)nc2ncc(-c3ccc(OC)nc3)cc21,33,3.4965075614664802,0.4409359983118302
4816,Cc1cn2c(-c3cn[nH]c3)cnc2c(Nc2cc(CN3CCC(F)(F)C3)ns2)n1.Cl,33,3.4965075614664802,0.4409359983118302
4971,CCCCCS(=O)(=O)NC(=O)/C=C/c1cc(OC(C)C)nn1Cc1ccc(C(F)(F)F)cc1Cl,33,3.4965075614664802,0.9100927219438985
5005,CCS(=O)(=O)c1ccc2oc(Nc3ccc(N4C[C@@H](C)O[C@@H](C)C4)cc3)nc2c1,33,3.4965075614664802,0.4409359983118302
5119,COc1ccc(-c2c(C(=O)N3CCC[C@H]3CO)cc3cccnn23)cc1,33,3.4965075614664802,0.9100927219438985
4623,CN1CCN(S(C)(=O)=O)CC1(C)c1nc(C(=O)NCc2ccc(F)cc2)c(O)c(=O)n1C,33,3.4965075614664802,0.4409359983118302
4677,O=C(Cc1nnc(-c2cc(Cl)cc(C(F)(F)F)c2)o1)N1CCC(n2c(=O)[nH]c3ncccc32)CC1,33,3.4965075614664802,0.4409359983118302
5248,CC(C)N1C(=O)[C@H](NC(=O)[C@@H](Cc2ccccc2F)NC(=O)c2ccc(F)cc2C(F)(F)F)CCc2cc(C(F)(F)F)ccc21,33,3.4965075614664802,0.4409359983118302
4879,CO[C@@H]1COCC[C@@H]1N[C@@H]1CC[C@@](C(=O)N2CCN(c3cc(C(F)(F)F)cnn3)CC2)(C(C)C)C1,33,3.4965075614664802,0.4409359983118302
5085,COc1cc(Nc2nc3c(cc2F)ncn3[C@@H](CO)c2ccc(F)cn2)n[nH]1,33,3.4965075614664802,0.4409359983118302
5575,Cc1ccoc1C(=O)Nc1ccc(N2C(=O)c3ccc(Cl)cc3C2=O)c(Cl)c1,33,3.4965075614664802,0.4409359983118302
1200,O=C(Nc1ccc(C[C@H](NC(=O)[C@@H]2CCN2S(=O)(=O)c2cc(Cl)cc(Cl)c2)C(=O)O)cc1)c1c(Cl)cccc1Cl,33,3.4965075614664802,0.4409359983118302
5346,CC(C)OC[C@H](Oc1ncnc2c1cnn2-c1ccccc1Cl)C(=O)Nc1ccc(Cl)cn1,33,3.4965075614664802,0.4409359983118302
4809,Cc1c([C@@H](C)OC(=O)Nc2cccc(F)c2)sc2nncn12,33,3.4965075614664802,0.4409359983118302
5282,Cc1c(Cc2cccc(NS(N)(=O)=O)c2F)c(=O)oc2cc(OC(=O)N(C)C)c(F)cc12,33,3.4965075614664802,0.4409359983118302
4662,CNC[C@H](CC1CCCCC1)NC(=O)N1CCC[C@@H]([C@@](O)(CCCCOC)c2cccc(Cl)c2)C1,33,3.4965075614664802,0.4409359983118302
5315,COc1ccc2c(O[C@@H]3C[C@H]4C(=O)N[C@]5(C(=O)NS(=O)(=O)C6CC6)C[C@H]5/C=C\CCCCC[C@H](NC(=O)c5ccn(CC(F)F)n5)C(=O)N4C3)cc(OC(C)C)nc2c1C,33,3.4965075614664802,0.4409359983118302
5449,COc1cc(Br)c(CC(=O)NC(=N)N[C@H](CC2CCCCC2)C(=O)NCc2cccc(-c3nnn[nH]3)c2)cc1OC,33,3.4965075614664802,0.9100927219438985
5490,Cc1cc(C)nc(Nc2cc(N[C@@H]3CCCC[C@@H]3N)cnc2C(N)=O)c1,33,3.4965075614664802,0.4409359983118302
5296,COCCOc1ccn2c(-c3ccc4cccc(OC5CCNCC5)c4n3)cnc2c1,33,3.4965075614664802,0.4409359983118302
4548,COCCOc1cc2ncc(C(N)=O)c(Nc3ccc(C)cc3F)c2cc1N1CCN(C)CC1,33,3.4965075614664802,0.4409359983118302
5696,COCCCc1ccc2oc(-c3ccc(OC)c(OC)c3)cc2c1,33,3.4965075614664802,0.4409359983118302
5182,COc1ccc(C#Cc2ccc(C(=O)N3CCC[C@@H](CO)C3)cc2)cc1,33,3.4965075614664802,0.4409359983118302
5100,CCCOc1nc(N2CCOCC2)ccc1C(=O)N[C@H]1C2CC3CC1C[C@](O)(C3)C2,33,3.4965075614664802,0.4409359983118302
5614,CC(C)n1ncnc1-c1cn2c(n1)-c1ccc(N3CCC[C@H]3C(N)=O)cc1OCC2,33,3.4965075614664802,0.4409359983118302
5653,COC(=O)N[C@H](C(=O)Nc1ccccc1CC[C@@H]1CN[C@H](COC(=O)NCc2ccc(Cl)s2)CO1)C(c1ccccc1)c1ccccc1,33,3.4965075614664802,0.4409359983118302
4744,C[C@@H]1CCN(c2ncc3cc(F)ccc3n2)CCN1C(=O)c1ccccc1-n1nccn1,33,3.4965075614664802,0.4409359983118302
4601,CNC[C@H](CC1CCCCC1)NC(=O)N1CCC[C@@H]([C@@](O)(CCCCOC)c2cccc(Cl)c2)C1.O=C(O)/C=C/C(=O)O,33,3.4965075614664802,0.4409359983118302
1298,C[C@@H](O[C@H]1CCC(=O)NC[C@@H]1c1ccc(F)cc1)c1cc(C(F)(F)F)cc(C(F)(F)F)c1,33,3.4965075614664802,0.4409359983118302
5513,C[C@H](c1ccc(F)cc1)N1C(=O)O[C@](Cc2ccccc2)(c2nc3cc(C(F)(F)F)ccc3[nH]2)C1=O,33,3.4965075614664802,0.4409359983118302
5026,CC(C)(C(N)=O)c1cccc2c1N(S(=O)(=O)c1ccc(OC(F)(F)F)cc1)Cc1ccc(C(F)(F)F)nc1N2,33,3.4965075614664802,0.4409359983118302
5339,Cc1ccc(-c2ccc(N3CCOc4ncnc(N)c4C3=O)cc2)c(Cl)c1,33,3.4965075614664802,0.4409359983118302
5107,CC(C)(O)c1nc(-c2cccc3c2N(S(=O)(=O)c2ccc(C(F)(F)F)cc2)Cc2ccc(C(F)(F)F)nc2N3)no1,33,3.4965075614664802,0.4409359983118302
1376,Cc1cc(-c2ccc3c(c2)CCN(CCCSc2nnc(C4CCOCC4)n2C)CC3)no1,33,3.4965075614664802,0.4409359983118302
1363,Cc1c(N2CC(C)(CN)C2)c(F)cc2c(=O)c(C(=O)O)cn(C3CC3)c12,33,3.4965075614664802,0.4409359983118302
5547,CCn1c([C@@H](C)NS(=O)(=O)c2ccc(Cl)cc2)nc2ccc(C(F)(F)F)cc21,33,3.4965075614664802,0.4409359983118302
5223,CN1C(=O)[C@]2(CC(C)(C)Cc3ccc(-c4cccc(C#N)c4)cc32)N=C1N,33,3.4965075614664802,0.4409359983118302
5053,O=C(N[C@@H]1CCC[C@H](c2nc3ccccc3[nH]2)C1)c1ccc2c(c1)OCCO2,33,3.4965075614664802,0.4409359983118302
5760,COCCCCn1c(C(=O)N(CC(C)C)[C@H]2CCCNC2)nc2ccccc21,32.97,3.49559805708364,0.4408742271460681
5698,Cc1cc(-c2cc(Cc3cc(F)cc(C(F)(F)F)c3)nn2C)ccc1C(N)=O,32.92,3.494080375808869,0.4407711501918865
1320,O=C(O)COc1cccc2c1CC[C@](O)(COC(=O)N(c1ccccc1)c1ccc(F)cc1)C2,32.9,3.493472657771326,0.4407298755676603
1316,C[C@]12CC[C@@H]3c4ccc(O)cc4C[C@@H](CCCCCCCCC[S+]([O-])CCCC(F)(F)C(F)(F)F)[C@H]3[C@@H]1CC[C@@H]2O,32.82,3.4910380856619447,0.4405645257791757
5310,Cc1ccc(CN2CCOCC2)cc1NC(=O)c1ccc(Nc2ncc(C)c(-c3ccc(OC(F)(F)F)cc3)n2)cc1,32.8,3.490428515390098,0.4405231253560263
5301,O=C(O)c1ccc(OC2CCN(C(=O)N[C@H]3C[C@@H]3c3ccccc3)CC2)c(Cl)c1,32.7,3.487375077903208,0.4403157438450565
5702,COc1ccc2ncc(F)c([C@@H](O)CC[C@@H]3CCN(C4CC(c5cc(F)ccc5F)C4)C[C@@H]3C(=O)O)c2n1,32.7,3.487375077903208,0.4403157438450565
5230,COc1ccc2ncc(F)c([C@@H](O)CC[C@@H]3CCN(CCSc4cccs4)C[C@@H]3C(=O)O)c2c1,32.7,3.487375077903208,0.4403157438450565
5813,Cc1nnc(C(C)C)n1[C@@H]1C[C@H]2CC[C@@H](C1)N2CC[C@H](NC(=O)C1CCCCC1)c1cccs1,32.67,3.4864572256129787,0.4402534057111952
4837,C[C@H]1CN(c2ncc(C(=O)NCc3ccc(F)c(F)c3)cc2Cl)CCN1C1CCN(Cc2ccc(Cl)cc2)CC1,32.6,3.484312288372662,0.440107727167671
4558,Cc1cncc(NC(=O)c2cc(NC(=O)c3cccc(C(C)(C)C#N)c3)ccc2C)c1,32.5,3.481240089335692,0.4398990714211486
5075,COc1cc(C)c(S(=O)(=O)N(C)CCOCC(=O)N2CCN(CC3CCN(C)CC3)CC2)c(C)c1,32.5,3.481240089335692,0.4398990714211486
4660,Cc1cccc(CNC(=O)c2cc(-c3ccc(C)o3)nc(N)n2)n1,32.5,3.481240089335692,0.4398990714211486
1289,COc1ccc(N2Cc3cnc(Nc4ccc(F)cc4)nc3N([C@@H]3CC[C@@H](O)C3)C2=O)cc1,32.5,3.481240089335692,0.4398990714211486
5708,Cc1cccc(NC(=O)c2cc(Oc3cncc(F)c3)cc(C)n2)n1,32.5,3.481240089335692,0.4398990714211486
4495,Cc1ccc(-n2ccc(C)c(-c3ccc4nc(N)ncc4c3)c2=O)cc1F,32.5,3.481240089335692,0.4398990714211486
1246,CC(C)C[C@H](NC(=O)c1cc2ccccc2o1)C(=O)N[C@@H](C)C(=O)CNS(=O)(=O)c1ccccn1,32.5,3.481240089335692,0.4398990714211486
5466,COCc1ccc(COCc2csc3nc(C(=O)NCc4cccc(OC)c4)[nH]c(=O)c23)cc1,32.43,3.4790839203192268,0.4397526300446801
4695,N=C(N)c1cc2c(OC(COC(=O)Nc3ccc(F)cc3)c3ccccc3)cccc2s1,32.4,3.4781584227982836,0.4396897726666869
1422,COc1ccc(C2CN(C)Cc3cc(OCCCN4CCC(F)CC4)ccc32)cc1,32.3,3.475067230228611,0.439479826928957
5538,O=C(c1cccc(S(=O)(=O)Nc2ccccc2Cl)c1)N1CCN2CCC[C@@H]2C1,32.17,3.471034341250935,0.4392059236270704
5487,Cc1cn2nc([C@@H]3CCCCN3C(=O)c3cc(Cl)ccc3NS(C)(=O)=O)cc2nc1N1CC[C@H](N)C1,32.17,3.471034341250935,0.4392059236270704
5165,C[C@@H]1CN(Cc2ncccn2)C[C@H]1c1nc2c(cnn2C2CCOCC2)c(=O)[nH]1,32.1,3.4688560301359703,0.4390579784170167
5808,Cc1cccc(C)c1C(=O)N[C@H](c1ccccc1)C12CCC(CC1)CN2C,32,3.4657359027997265,0.438846067505401
1282,CCCC[C@H](NC(=O)O[C@@H]1C(=O)N(C(=O)NCc2ccccc2)CC1(C)C)C(=O)C(=O)N[C@H](C)c1ccccc1,32,3.4657359027997265,0.438846067505401
5060,COc1ccc(OCC(=O)N2CCC3(CC2)CN(Cc2ccc(-n4cccn4)cc2)C3)cc1,32,3.4657359027997265,0.9080027911374694
5825,COc1ncc(-c2nc3c(n2C(C)C)[C@H](c2ccc(Cl)cc2C)N(c2cc(Cl)ccc2C)C3=O)c(OC)n1,32,3.4657359027997265,0.438846067505401
5042,CC1CC(c2ccccc2)(c2cc(OCc3ccc4ccccc4n3)ccc2-c2n[nH]c(=O)o2)C1,32,3.4657359027997265,0.438846067505401
5114,N#CC1(NC(=O)[C@@H]2CCCC[C@H]2C(=O)N2CCc3[nH]c4ncccc4c3C2)CC1,32,3.4657359027997265,0.438846067505401
5532,NS(=O)(=O)c1ccc(OCCCN2CCC(C(O)(c3ccccn3)c3nccs3)CC2)cc1,32,3.4657359027997265,0.438846067505401
5117,O=C(NCc1ccc(F)c(C(F)(F)F)c1)C1c2ccccc2C(=O)N1CCc1ncc(F)cn1,32,3.4657359027997265,0.438846067505401
4933,Cc1c(-c2noc(-c3ccc(OC(C)C)c(C#N)c3)n2)ccc2c1CCN(CC(=O)N[C@@H](C)CO)C2,32,3.4657359027997265,0.438846067505401
5322,Nc1nc2c(s1)CC[C@H]2C(=O)Nc1ccc(C[C@@H]2CC[C@H]([C@H](O)c3cccnc3)N2)cc1,32,3.4657359027997265,0.438846067505401
4768,c1cc2c(N3CCNCC3)nc(-c3ccnc(NC4CCCCC4)c3)cc2cn1,32,3.4657359027997265,0.438846067505401
4911,CN(C)CCC1CCN(c2cc(C(=O)NC[C@H]3CC[C@H](CNC(=O)OC(C)(C)C)CC3)c3ccccc3n2)CC1,32,3.4657359027997265,0.438846067505401
4684,CCCCCOC(=O)N1CCN(C(=O)[C@H](CCC(=O)O)NC(=O)c2cc(N3CCC(N)CC3)cc(-c3ccccc3)n2)CC1,32,3.4657359027997265,0.438846067505401
5461,CCN1CCN(CC(=O)Nc2cc(Oc3ccc4c(c3)nc(Nc3cc(C(F)(F)F)ccc3F)n4C)ccn2)CC1,32,3.4657359027997265,0.438846067505401
4966,O=S(=O)(c1cccc(F)c1)c1ccc2c3c(oc2c1)C1(CCCOC1)NCC3,32,3.4657359027997265,0.438846067505401
5367,Cc1c(Cc2ccc(=O)n(Cc3ccc(F)cc3F)c2)c2cc(F)ccc2n1CC(=O)O,32,3.4657359027997265,0.438846067505401
4547,CCOc1cc2ncc(C(N)=O)c(Nc3ccc(F)cc3F)c2cc1N1CCCN(C)CC1,32,3.4657359027997265,0.438846067505401
1443,CC(C)N1C(=O)[C@H](NC(=O)[C@@H](Cc2cc(F)ccc2F)NC(=O)c2ccc(F)cc2C(F)(F)F)CCc2cc(Cl)ccc21,32,3.4657359027997265,0.438846067505401
1434,CC(C)N1C(=O)[C@H](NC(=O)[C@@H](Cc2c(F)cccc2C(F)(F)F)NC(=O)OC(C)(C)C)CCc2ccccc21,32,3.4657359027997265,0.438846067505401
4738,CC(C)/N=C1\S/C(=C\c2ccc(OCCO)cc2)C(=O)N1c1ccccc1,32,3.4657359027997265,0.438846067505401
5103,COc1cc(C2CCN(C(=O)C3CCN3)CC2)ccc1Nc1ncc2ccc(-c3ccccc3OC)n2n1,32,3.4657359027997265,0.438846067505401
5663,Cc1ccc(-n2nccn2)c(C(=O)N2C[C@@H]3CN(c4nc5cc(Cl)ccc5o4)C[C@@H]3C2)c1,32,3.4657359027997265,0.438846067505401
5316,CNC(=O)c1c(-c2ccc(F)cc2)oc2cc(N(C[C@H]3COB(O)C3)S(C)(=O)=O)c(C3CC3)cc12,32,3.4657359027997265,0.438846067505401
5510,COc1ccc(S(=O)(=O)Nc2nc(-c3cccc([N+](=O)[O-])c3)cs2)cc1OC,32,3.4657359027997265,0.9080027911374694
1206,CN(Cc1cccc(N)n1)C(=O)c1ccc2c(c1)CN(C)C(=O)[C@H](CC(=O)O)N2,32,3.4657359027997265,0.438846067505401
4486,O=C(O)c1ccc(OCCc2c(CCNS(=O)(=O)Cc3c(F)cccc3F)n(C(c3ccccc3)c3ccccc3)c3ccc(Cl)cc23)cc1,32,3.4657359027997265,0.438846067505401
1315,CC(C)CC(C(=O)NCC#N)c1cccc(-c2cccc(-c3csc(N4CCN(C)CC4)n3)c2)c1,32,3.4657359027997265,0.438846067505401
1223,O=C(O)[C@@H](CC1CCC1)N1C[C@H](CN2CCC(CCCc3ccc(F)cc3)CC2)[C@@H](c2cccc(F)c2)C1,32,3.4657359027997265,0.438846067505401
4516,CNC(=O)c1c(F)cccc1Nc1nc(Nc2ccc(N3CCN(C(C)C)CC3)cc2OC)nc2[nH]ccc12,32,3.4657359027997265,0.438846067505401
5009,C[C@@H]1CCCN1CCCOc1ccc(-c2cnn(C)c(=O)c2)cc1,32,3.4657359027997265,0.438846067505401
4919,O=C(NC1CCC(F)(F)CC1)N1CCN(c2nc(-c3ccc4ccccc4n3)no2)CC1,32,3.4657359027997265,0.438846067505401
1155,O=C(O)[C@H](Cc1ccccc1)NC(=O)[C@@H]1CCCN1S(=O)(=O)c1cc(Cl)cc(Cl)c1,32,3.4657359027997265,0.438846067505401
4620,CC1CCN(C(=O)c2ccc3cc(OCCCN4CCCCC4)ccc3c2)CC1,32,3.4657359027997265,0.9080027911374694
5072,N#CC1(NC(=O)[C@@H]2CCCC[C@H]2C(=O)N2CCN(c3nc4c(s3)COCC4)CC2)CC1,32,3.4657359027997265,0.438846067505401
4800,Cc1ccc2c(N3CCN(CCc4cccc5c4ccc(=O)n5C)CC3)cccc2n1,32,3.4657359027997265,0.438846067505401
1299,CNC(=O)[C@@H](c1ccc(F)cc1F)N1C(=O)[C@@H](C2Cc3ccccc3C2)NC(=O)[C@H]1CC(C)C,32,3.4657359027997265,0.438846067505401
5550,N#Cc1cc(Cl)cc(-c2cc(-c3ccccn3)ncn2)c1,32,3.4657359027997265,0.438846067505401
4842,Cc1cc(OS(=O)(=O)c2ccccc2)cc(C)c1C(=O)N1C[C@H]2CN(CCC(CNS(=O)(=O)c3ccccc3)c3ccccc3)C[C@H]2C1,32,3.4657359027997265,0.438846067505401
5535,O=c1[nH]c2ncc(-c3ccc(-c4nc[nH]n4)cc3)nc2n1CCC1CCOCC1,32,3.4657359027997265,0.438846067505401
1364,N#Cc1cccc(-c2ccc(CN3CCC4(CC3)C(=O)NC(=O)N4c3ccccc3)cc2)c1,32,3.4657359027997265,0.438846067505401
4472,CCN(CC(O)(CNC(=O)c1cnn(-c2ccc(F)cc2)c1N)C(F)(F)F)C(=O)c1ccccc1Cl,32,3.4657359027997265,0.438846067505401
5025,CC(O)(O)[C@]1(C)SC(N[C@H]2C[C@@H]3CC[C@H]2C3)=NC1=O,32,3.4657359027997265,0.438846067505401
5394,COc1cnc2ccc(=O)n(CCN3CCC(NCc4cnc(C)c(C#N)c4)CC3)c2c1,32,3.4657359027997265,0.438846067505401
1403,CCc1nc(N)nc(N)c1-c1ccc2c(c1)N(CCO)C(=O)C(C)(c1cc(F)cc(F)c1)O2,32,3.4657359027997265,0.438846067505401
5405,Cc1nc(N2CCN(C)CC2)c2nc(-c3ccccc3Cl)n([C@H](C)CO)c2n1,32,3.4657359027997265,0.438846067505401
5514,C[C@H](c1ccc(F)cc1)N1C(=O)O[C@](Cc2ccccc2)(c2nc3cc(NS(C)(=O)=O)ccc3[nH]2)C1=O,32,3.4657359027997265,0.438846067505401
1271,Cc1nc2c(-c3ccc(Cl)cc3)n(-c3ccccc3Cl)nc2c(=O)n1CC(F)(F)F,32,3.4657359027997265,0.438846067505401
1229,CC(C)CCn1cnc(C(Cc2ccc(N)nc2)C(=O)O)c1,32,3.4657359027997265,0.438846067505401
1334,CC(C)[C@H](NC(=O)[C@H](Cc1ccc(O)cc1)NC(=O)N[C@H](C)c1ccc(Br)cc1)C(=O)N[C@@H](CCCNC(=N)N)C(=O)c1nccs1,32,3.4657359027997265,0.438846067505401
5728,Cc1cccc(CN2C(=O)c3cc(-c4nc(Nc5ccnn5C)ncc4C)cn3C[C@H]2C)n1,32,3.4657359027997265,0.438846067505401
1488,Cc1ccc2c(-c3nnc(SCCCN4CCc5cc6c(cc5CC4)N(S(C)(=O)=O)CCO6)n3C)cccc2n1,32,3.4657359027997265,0.438846067505401
4772,FC(F)(F)c1ccccc1-c1cccc(-c2c[nH]cn2)c1,32,3.4657359027997265,0.438846067505401
5447,O=C(O)[C@H]1C2CCC(CC2)[C@@H]1Nc1nc(-c2c[nH]c3ncc(Cl)cc23)ncc1F,32,3.4657359027997265,0.438846067505401
4634,NCC1CCN(c2nccc(-c3ccc4ccccc4c3)n2)CC1,32,3.4657359027997265,0.438846067505401
4661,CCS(=O)(=O)c1ccc(Oc2cc3nc(-c4ccccn4)[nH]c3cc2CN2C(=O)CCC2=O)cc1,32,3.4657359027997265,0.438846067505401
4802,Cc1ccc2c(N3CCN(CCc4cccc5c4ccc(=O)n5C)[C@@H](C)C3)cccc2n1,32,3.4657359027997265,0.438846067505401
5038,O=S(=O)(Cc1cc(N2CCOCC2)nc(-c2ccccn2)n1)c1ccccc1,32,3.4657359027997265,0.438846067505401
4503,COc1ccc(C(=O)c2c(C)n(Cc3cc(O[C@@H](C)C(=O)O)ccc3F)c3nc(C)ccc23)cc1,32,3.4657359027997265,0.438846067505401
4981,CNC(=O)c1cccc(F)c1Nc1nc(Nc2ccc3c(c2)NC(=O)C(NC(=O)CN(C)C)CC3(C)C)ncc1Cl.O=C(O)C(F)(F)F,32,3.4657359027997265,0.438846067505401
5533,N#Cc1ccc(OCCCN2CCC(C(O)(c3cccc(F)c3)c3nccs3)CC2)cc1,32,3.4657359027997265,0.438846067505401
5641,COC(=O)N[C@H](C(=O)N1CCC[C@H]1c1ncc(-c2ccc3c(c2)Oc2ccc(-c4cnc([C@@H]5CCCN5C(=O)[C@@H](NC(=O)OC)C(C)C)[nH]4)cc2N3C)[nH]1)C(C)C,32,3.4657359027997265,0.438846067505401
5666,COc1ccc(N2CCOCC2)c2sc(NC(=O)C3(C)CCC(C)(O)CC3)nc12,32,3.4657359027997265,0.438846067505401
1192,COc1ccnc2[nH]cc(C(=O)C(=O)N3CCN(C(=O)c4ccccc4)C[C@H]3C)c12,32,3.4657359027997265,0.438846067505401
5019,O=C(c1ccccc1C(F)(F)F)N1CCC(c2cc(F)ccc2F)(S(=O)(=O)c2ccc(Cl)cc2)CC1,31.9,3.462606009790799,0.4386334933347648
5492,Nc1ccn([C@@H]2O[C@@](CO)(CCl)[C@@H](O)[C@H]2F)c(=O)n1,31.8,3.459466289786131,0.4384202517402061
5380,Cn1c2c(c(=O)n1-c1ccccc1C(F)(F)F)[C@H]1CC[C@]2(C)C1(C)C,31.8,3.459466289786131,0.4384202517402061
5264,O=C(O)[C@H]1CC[C@@H](Oc2ccc(-c3ccc(-c4nc5cc(F)ccc5[nH]4)cn3)cn2)CC1,31.8,3.459466289786131,0.4384202517402061
4846,Cc1cnc(CN(CCCCN)[C@H]2CCCc3cccnc32)c(C)c1,31.7,3.456316680883235,0.4382063385174691
4504,COc1ccc(C(=O)c2c(C)n(Cc3cc(O[C@@H](C)C(=O)O)ccc3F)c3ncccc23)cc1,31.7,3.456316680883235,0.4382063385174691
4849,CCO/N=C(/c1ccc(Br)cc1)C1CCN(C2(C)CCN(C(=O)c3c(C)cc[n+]([O-])c3C)CC2)CC1,31.7,3.456316680883235,0.4382063385174691
5192,O=C(NCCC1CC1)c1ccc(N2CCN(C(=O)c3ccccc3C(F)(F)F)CC2)nn1,31.67,3.4553698605505483,0.4381420329497107
4525,COC(=O)N[C@H](C(=O)N[C@@H](Cc1ccc(-c2ccccn2)cc1)[C@@H](O)C[C@H](Cc1ccccc1)NC(=O)[C@@H](N1CCN(Cc2csc(C)n2)C1=O)C(C)(C)C)C(C)(C)C,31.67,3.4553698605505483,0.4381420329497107
5776,CC(C)N(C)c1ccc([C@H]2C[C@@]3(C)[C@@H](CC[C@@]3(O)C#CC(C)(C)C)[C@@H]3CCC4=CC(=O)CC[C@@H]4[C@H]32)cc1,31.67,3.4553698605505483,0.4381420329497107
5328,CN(C[C@H](C1CC1)N1C(=O)[C@@](C)(CC(=O)O)C[C@H](c2cccc(Cl)c2)[C@H]1c1ccc(Cl)cc1)S(=O)(=O)C1CC1,31.67,3.4553698605505483,0.4381420329497107
5536,CC1CC(C)CN(C(=O)c2cccc(S(=O)(=O)N3c4ccccc4CC3C)c2)C1,31.67,3.4553698605505483,0.4381420329497107
4633,COc1cc2c(cc1OCC(O)CO)Cc1c(NCc3c(Cl)cccc3Cl)n[nH]c1-2,31.67,3.4553698605505483,0.4381420329497107
5476,Oc1ccc(-c2ccc3[nH]nc(-c4cncc(O[C@H]5CNCCC56CC6)n4)c3c2)c(F)c1,31.67,3.4553698605505483,0.4381420329497107
5325,COC(=O)N[C@H](C(=O)N1CCC[C@H]1C(=O)Nc1ccc([C@@H]2CC[C@@H](c3ccc(NC(=O)[C@@H]4CCCN4C(=O)[C@@H](NC(=O)OC)[C@H]4CCOC4)cc3)N2c2ccc(F)cc2)cc1)[C@H]1CCOC1,31.67,3.4553698605505483,0.4381420329497107
5151,Cc1nccc(-c2c(Nc3cc[nH]n3)nc3cccnn23)n1,31.67,3.4553698605505483,0.4381420329497107
4854,Cc1nc(N)nc(-n2c(Nc3cc[nH]n3)nc3ccccc32)n1,31.67,3.4553698605505483,0.4381420329497107
5714,C[C@H]1CC[C@@H]2C(C)(C)[C@H](O)CC[C@@]2(C)[C@@H]1/C=C/c1ccc(-c2cccc(F)c2)cn1,31.67,3.4553698605505483,0.4381420329497107
4643,CC(C)(F)c1nc([C@@H]2CCCN2C(=O)C[C@H](N)Cc2cc(F)c(F)cc2F)no1,31.67,3.4553698605505483,0.4381420329497107
5209,COC(=O)N[C@H](C(=O)N[C@@H](Cc1ccc(-c2ccc(OC)nc2)cc1)[C@@H](O)C[C@@H](Cc1ccccc1F)C(=O)N[C@H]1c2cc(F)cc(Cl)c2OC[C@H]1O)C(C)(C)C,31.67,3.4553698605505483,0.4381420329497107
5545,CCc1cc(NC(=O)Nc2ccc(-c3cnc(Nc4cc(N5CCN(CC)CC5)nc(C)n4)s3)cc2)no1,31.6,3.4531571205928664,0.4379917494224475
4974,COc1nc2c(OC)cccc2nc1NC(=O)N1CCN(c2cc(C)cc(C)c2)CC1,31.5,3.449987545831587,0.4377764801706788
5675,Cc1c(N2CC[C@](C)(O)[C@@H]2C)ccc(C#N)c1Cl,31.43,3.447762850809476,0.4376253846866176
5016,COc1nc(C(=O)N[C@H]2COc3ccc(Cl)c(F)c32)ccc1-n1cnc(C)c1,31.4,3.4468078929142076,0.4375605264368307
5261,CC(C)(O/N=C(\C(=O)N[C@@H]1C(=O)N(S(=O)(=O)O)[C@@H]1Cn1cc(COCc2cc(=O)c(O)cn2O)nn1)c1csc(N)n1)C(=O)O,31.3,3.4436180975461075,0.4373438838541804
5116,CC(C)(C(N)=O)N1CCN(Cc2cc3nc(-c4c(F)ccc5[nH]ccc45)nc(N4CCOCC4)c3s2)CC1,31.3,3.4436180975461075,0.4373438838541804
4639,O=S(=O)(c1ccc(Cl)cc1)N1C2COCC1c1cn[nH]c1C2,31.22,3.441058915087286,0.4371700708557364
4834,O=C(Nc1ccc(NC(=O)c2ccccc2Cl)c(F)c1)c1ccccn1,31.2,3.4404180948154366,0.4371265480140844
5768,O=C(O)CNC(=O)c1ncc(-c2cn(CCCc3ccc(Cl)cc3)nn2)cc1O,31.18,3.4397768636296306,0.4370829972642281
4929,Nc1nc(Nc2ccc(N3CCOCC3)cc2)nn1-c1ccccn1,31.1,3.4372078191851885,0.4369085144654401
1496,CCC1(N2CCC(c3cc(-c4ccc(F)cc4Cl)c4c(c3)N(c3c(Cl)cccc3Cl)C(=O)NC4)CC2)CC1,31.1,3.4372078191851885,0.4369085144654401
4454,CCc1cccc(CC)c1-c1cc(OC)c2c(n1)CCCC2N(CC)c1cccc2ccccc12,31,3.4339872044851463,0.4366897787141389
4508,COc1ccc(C(=O)NCC(=O)NCCCC[C@@H](N)CC(=O)O)cc1,31,3.4339872044851463,0.4366897787141389
4920,COCCCc1cc(CN(C(=O)[C@H]2CNCC[C@@H]2c2ccn(C)c(=O)c2)C2CC2)cc(OCCOC)c1.Cl,31,3.4339872044851463,0.4366897787141389
5052,C[C@@]1(c2cc(F)cc(F)c2)CNC2(CCCC2)C(=O)N1CC(=O)Nc1cnc2c(c1)C[C@@]1(C2)C(=O)Nc2ncccc21,31,3.4339872044851463,0.4366897787141389
4672,O=C1NCC2c3c(cccc31)CCN2C(=O)CCc1cnccn1,31,3.4339872044851463,0.4366897787141389
5044,O=C1NC(=O)C(c2ccc(-c3ccc4ccccc4c3)[nH]c2=O)O1,31,3.4339872044851463,0.4366897787141389
4947,COc1ccc2nc(C)c3c(C)nc(-c4cnccc4C)n3c2n1,31,3.4339872044851463,0.4366897787141389
5212,CNC(=O)c1ncc(F)c2c(C(=O)C(=O)N3CCN(C(=O)c4ccccc4)CC3)c[nH]c12,31,3.4339872044851463,0.4366897787141389
4568,O=C(O)CCNC(=O)c1ccc(N(Cc2ccc3c(c2)Cc2ccccc2-3)c2nc(-c3ccc(OC(F)(F)F)cc3)cs2)cc1,31,3.4339872044851463,0.4366897787141389
5662,Cc1cccc2ccc(N3CCC(C(=O)N[C@H]4CCC[C@H]4CCc4ccccc4C(=O)O)CC3)nc12,31,3.4339872044851463,0.4366897787141389
5274,COc1c(/C=C/c2ccc(NS(C)(=O)=O)cc2)cc(-c2ncn[nH]c2=O)cc1C(C)(C)C,31,3.4339872044851463,0.4366897787141389
1437,CCN1C(=O)COc2ccc(CC3CCN(CCOc4cccc5nc(C)ccc45)CC3)cc21,31,3.4339872044851463,0.4366897787141389
4727,Cc1n[nH]c2c(C)cc(C(=O)N3CCC4(CC3)CC(=O)c3c(ccnc3OC(C)C)O4)cc12,31,3.4339872044851463,0.4366897787141389
4806,Cc1ccc2c(C3CCN(CCc4c(C)ccc5c4ccc(=O)n5C)CC3)cccc2n1,31,3.4339872044851463,0.4366897787141389
1156,COc1ccc(N(C(=O)CN2C(=O)C(C)(Cc3nn(C)c4ccccc34)C(=O)N(c3ccccc3)c3ccccc32)C(C)C)cc1,31,3.4339872044851463,0.4366897787141389
1481,C[C@H](CO)Nc1nc(SCc2cccc(F)c2F)nc2[nH]c(N)nc12,31,3.4339872044851463,0.4366897787141389
5493,NC(=O)c1nnc(N[C@@H]2CCCC[C@@H]2N)nc1Nc1cccc2cc[nH]c12,31,3.4339872044851463,0.4366897787141389
5335,C[C@@H](CO)Oc1cc(Oc2ccc(C(=O)N(C)C)cc2)cc(C(=O)Nc2ccn(C)n2)c1,31,3.4339872044851463,0.4366897787141389
1174,Cn1c(-c2ccc(Cl)cc2)c(CCC(=O)N2CCC(O)(Cc3ccccc3)CC2)c2cc(Cl)ccc21,31,3.4339872044851463,0.4366897787141389
5340,CCCSc1nc(N2CCC[C@@H](Cc3nnn[nH]3)C2)ccc1C(=O)NC1CCCCC1,31,3.4339872044851463,0.4366897787141389
5302,Cn1cnc(S(=O)(=O)N2C[C@@H]3[C@H](C2)[C@@]3(CNC(=O)c2ccccc2C(F)(F)F)CC2CC2)c1,31,3.4339872044851463,0.4366897787141389
4567,O=C(O)CCNC(=O)c1ccc(N(Cc2ccc3c(c2)Cc2ccccc2-3)c2nc(-c3ccc(C(F)(F)F)cc3)cs2)cc1,31,3.4339872044851463,0.4366897787141389
5124,Cn1nc(-c2ccc3c(c2)CCN3C(=O)Cc2cc(F)ccc2F)c2c(N)ncnc21,31,3.4339872044851463,0.4366897787141389
4526,COC(=O)N[C@H](C(=O)N[C@H](Cc1ccc(-c2ccccn2)cc1)C[C@H](O)[C@H](Cc1ccccc1)NC(=O)[C@@H](N1CCN(Cc2csc(C)n2)C1=O)C(C)(C)C)C(C)(C)C,31,3.4339872044851463,0.4366897787141389
1351,O=C(O)c1ccc(OCCc2c(CCNS(=O)(=O)Cc3ccc(Cl)cc3)n(C(c3ccccc3)c3ccccc3)c3ccc(Cl)cc23)cc1,31,3.4339872044851463,0.4366897787141389
4899,CCN(C(=O)CCC1(c2ccc(Cl)cc2)c2ccccc2-c2nccn21)C(C)C,31,3.4339872044851463,0.4366897787141389
5352,O=C(Nc1ccc(F)cn1)[C@H](CN1CC(O)C1)Oc1ncnc2c1cnn2-c1ccccc1Cl,31,3.4339872044851463,0.4366897787141389
5752,Nc1ncc(-c2cc([C@H]3[C@@H]4CN(C5COC5)C[C@@H]43)n(CC3CC3)n2)cc1C(F)(F)F,31,3.4339872044851463,0.4366897787141389
5656,O=C(CCN1CCN(C(=O)OCc2cc(Cl)cc(Cl)c2)CC1)c1ccc2[nH]c(=O)oc2c1,31,3.4339872044851463,0.4366897787141389
1421,C[C@@H]1CCCN1CCCOc1ccc(N2CCN(C(=O)c3ccc(F)cc3F)CC2=O)cc1.O=CO,31,3.4339872044851463,0.4366897787141389
4774,O=C(NC[C@H](NC(=O)c1c(Cl)cc2c(c1Cl)CCN(C(=O)c1ccc(Cl)cc1)C2)C(=O)O)c1cccs1,31,3.4339872044851463,0.4366897787141389
4880,Cc1nc2ccccc2n1C1CC2CCC(C1)N2CCC1(c2ccccc2)CCN(C(=O)c2ccc(Cl)c(S(N)(=O)=O)c2)CC1,31,3.4339872044851463,0.4366897787141389
1170,N[C@H](C(=O)N1CCCC1)[C@H]1CC[C@H](NS(=O)(=O)c2ccc(OC(F)(F)F)cc2)CC1,31,3.4339872044851463,0.4366897787141389
5359,COc1ccc2c(c1)[C@@H]1C[C@]1(C(=O)N1CC34CCCC3(CN(C)C4)C1)Cn1c-2c(C2CCCCC2)c2ccc(C(=O)NS(=O)(=O)C(C)C)cc21,31,3.4339872044851463,0.4366897787141389
5188,CCOC[C@@H](CC(C)C)NC(=O)[C@@H]1CNC[C@H](N2CC(=O)N(c3ccccc3Cl)CC2(C)C)C1.O=C(O)/C=C/C(=O)O,31,3.4339872044851463,0.4366897787141389
5027,NC(=O)C1(c2cccc3c2N(S(=O)(=O)c2ccc(OC(F)(F)F)cc2)Cc2ccc(C(F)(F)F)nc2N3)CCC1,31,3.4339872044851463,0.4366897787141389
5031,CCCCCS(=O)(=O)NC(=O)OCc1ccc(OCCOC)cc1Oc1ncc(C(F)(F)F)cc1Cl,31,3.4339872044851463,0.9058465023462072
5054,CN1CC[C@@H](NC(=O)Nc2ccc(C#N)cc2)C[C@@H]1c1nc2ccccc2[nH]1,31,3.4339872044851463,0.4366897787141389
4941,CN1C[C@@H]2CN(C(=N)c3nc4cc(F)c(F)cc4[nH]3)C[C@@H]2C1,31,3.4339872044851463,0.4366897787141389
1380,CCCC[C@H](NC(=O)O[C@H](Cn1cnc2cc(Cl)c(Cl)cc21)C(C)(C)C)C(=O)CNS(=O)(=O)c1ccccn1,31,3.4339872044851463,0.4366897787141389
1448,CC(C)N1C(=O)[C@H](NC(=O)[C@@H](Cc2ccccc2OC(F)(F)F)NC(=O)C(C)(C)C)CCc2ccccc21,31,3.4339872044851463,0.4366897787141389
4482,CNc1nc2sc(-c3ccc(F)c(CNC(C)=O)c3)nc2c2c1ncn2C,31,3.4339872044851463,0.4366897787141389
4514,Nc1ccc(-c2cccs2)cc1NC(=O)c1ccc(N2CCC3(CCNC3)CC2)nc1,31,3.4339872044851463,0.4366897787141389
1342,CN1C(=O)NC(=O)[C@]12Cc1ccc(NC(=O)Cn3c(=O)n(C4CCS(=O)(=O)C4)c4ccccc43)cc1C2,31,3.4339872044851463,0.4366897787141389
1317,COc1cc2c(cc1Cl)[C@H](C)[C@@H]1CNC[C@H]21,31,3.4339872044851463,0.4366897787141389
5783,CCc1nn2c(C)cc(C)nc2c1Cc1ccc(CCC(O)C2CCNCC2)cc1,31,3.4339872044851463,0.4366897787141389
1359,O=C(O)CC1CC1c1ccc(OCCc2ccc3c(n2)NCCC3)cc1,31,3.4339872044851463,0.4366897787141389
4819,CS(=O)(=O)Oc1ccc(S(=O)(=O)CC2CS2)cc1,31,3.4339872044851463,0.4366897787141389
4965,Cc1ccn(CCc2n[nH]c3ncccc23)c(=O)c1Oc1cc(Cl)cc(C#N)c1,31,3.4339872044851463,0.4366897787141389
1245,COCCN1Cc2cc(C(=O)N(C)Cc3nc4ccc[nH]c-4n3)ccc2N[C@@H](CC(=O)O)C1=O,31,3.4339872044851463,0.4366897787141389
4769,N#Cc1cc(-c2ccnc(Nc3ccccc3)c2)nc(N2CCNCC2)c1,31,3.4339872044851463,0.4366897787141389
4987,CC(C)Nc1ncc2nc(Nc3c(F)cc(F)cc3F)n([C@H]3CC[C@@H](C(=O)NC4CC4)CC3)c2n1,31,3.4339872044851463,0.4366897787141389
4937,NC(=O)c1cnc(NC(C2CC2)C2CC2)c2c1[nH]c1cc(-c3cn[nH]c3)ccc12,31,3.4339872044851463,0.4366897787141389
4799,N#Cc1ccc(CNC(=O)N(c2cccc(F)c2)C2CCN(CCC3(c4cccc(F)c4)CCN(C(=O)c4cc(S(N)(=O)=O)c(F)cc4F)CC3)CC2)cc1,31,3.4339872044851463,0.4366897787141389
5409,Cn1c(C2CCOC2)nc(C(=O)NCc2ccc(F)cc2N2CCN(C(C)(C)C)S2(=O)=O)c(O)c1=O,31,3.4339872044851463,0.4366897787141389
1208,CCNC(=O)[C@@H]1CCCN1C(=O)[C@H](CCCN=C(N)N)NC(=O)[C@H](CC(C)C)NC(=O)[C@H](CC(C)C)NC(=O)[C@H](Cc1ccc(O)cc1)NC(=O)[C@H](CO)NC(=O)[C@H](Cc1c[nH]c2ccccc12)NC(=O)[C@H](Cc1ccccc1)N(C)C(=O)[C@@H]1CCC(=O)N1,30.96,3.4326960487215263,0.4366020867819128
5701,COc1ccc2ncc(F)c([C@@H](O)CC[C@@H]3CCN(C4CC(c5cc(F)ccc5F)C4)C[C@@H]3C(=O)O)c2c1,30.9,3.4307561839036995,0.4364703362225104
5175,CCC(CC)Nc1cc(C(=O)NC2CC3CCC(C2)N3c2ccc(C(=O)C3CC3)cn2)c(C)cc1C(N)=O,30.83,3.428488241898059,0.4363163035161128
1330,O=c1c2sc(-c3ccc(Cl)cc3)cc2ncn1-c1ccc2sc(CN3CC[C@@H](O)C3)cc2c1,30.8,3.427514689979529,0.4362501824087579
1367,C/C(=C1/C(=O)Nc2ccc(NC(N)=O)cc21)c1ccc[nH]1,30.8,3.427514689979529,0.4362501824087579
5611,O=C1CCc2cc(S(=O)(=O)NNc3ccc(Br)cc3)ccc2N1,30.7,3.4242626545931514,0.4360293126463836
4780,Cc1cnc(C(=O)NC2CC2)cc1-c1cc2cnnc(-c3ccc(F)cc3C)c2n(C)c1=O,30.67,3.4232849781261603,0.4359629114104537
5007,COc1cc2nncc(-c3cnc(N4CCC(C(C)(C)O)CC4)c(Cl)c3)c2cc1OC,30.67,3.4232849781261603,0.4359629114104537
5706,CCC(=O)N1CC[C@H](N2C(=O)N(c3cc(OC)ccc3Cl)Cc3cnc(Nc4ccc(N5CCN(C)CC5)c(C)c4)nc32)C1,30.67,3.4232849781261603,0.4359629114104537
5628,CCCn1cc(-c2cnc3nnc(C(F)(F)c4ccc5ncccc5c4)n3n2)cn1,30.67,3.4232849781261603,0.4359629114104537
5797,C[C@@]1(c2cc(NC(=O)c3ncc(C#N)cc3Cl)ccc2F)C=C(CF)OC(N)=N1,30.6,3.4210000089583352,0.4358077222636061
5080,Cc1nccnc1-c1ccc(CC(=O)N[C@H](C)c2ccc(OCC(F)(F)F)cn2)cc1,30.3,3.4111477125153233,0.4351385799832594
1319,O=C(O)COc1cccc2c1CC[C@](O)(COC(=O)N(c1ccc(F)cc1)c1ccc(F)cc1)C2,30.3,3.4111477125153233,0.4351385799832594
5688,Cc1nccc(N2CCC3(CCN(C[C@H](O)c4ccc5c(c4C)COC5=O)CC3)C2=O)n1,30.3,3.4111477125153233,0.4351385799832594
1362,O=C1CCN([C@H]2CCCC[C@@H]2OCCc2cccc3ccccc23)C1,30.2,3.407841924380824,0.4349140594744158
5494,Cc1cc(-c2cc(F)c3nnc([C@](C)(F)c4ccc5ncccc5c4)n3c2)sn1,30.17,3.40684805317097,0.4348465583337854
1353,CS(=O)(=O)c1cccc(CCN2C[C@H](N)[C@@H](c3cc(F)c(F)cc3F)CC2=O)c1,30.17,3.40684805317097,0.4348465583337854
5294,Cc1cnc(C(=O)N2CCC3(CC2)CN(C(=O)Nc2ccc(OC(F)(F)F)cc2)CCO3)cn1,30.13,3.40552135314221,0.4347564523277679
1257,CC1(C)C=C(c2cc(-c3ccc(F)cc3Cl)c3ccc(=O)n(-c4c(Cl)cccc4Cl)c3c2)CC(C)(C)N1,30.1,3.40452517175483,0.4346887942859047
4709,Cn1cnc(-c2ccccc2)c1-c1nc2c(N)ncnc2s1,30.1,3.40452517175483,0.4346887942859047
5527,c1cc(Nc2cc(C3CC3)[nH]n2)nc(NCc2ccc3[nH]ccc3c2)n1,30.1,3.40452517175483,0.4346887942859047
1182,C[C@]1(C(=O)N2CCOCC2)CO[C@H](c2nc(-c3ccc(F)cc3)c(-c3ccnc(NC4CC4)n3)[nH]2)OC1,30,3.4011973816621555,0.4344627794614414
4712,Cc1ncn2c1Cn1nc(CN3CCCC3=O)nc1-c1cc(Br)ccc1-2,30,3.4011973816621555,0.4344627794614414
4963,CC(CCNC(=O)c1c(Cl)cncc1Cl)N1CCC(N(Cc2ccccc2)c2ccc(Oc3ccc(C(=O)O)cc3)cc2)CC1,30,3.4011973816621555,0.4344627794614414
1283,CCc1nc(N)nc(N)c1-c1ccc(NCc2ccc(Cl)cc2)cc1,30,3.4011973816621555,0.4344627794614414
5111,COc1ccc(Nc2ncc(Cc3ccc(S(C)(=O)=O)cc3)cc2-c2nc(C)nc(N)n2)cn1,30,3.4011973816621555,0.4344627794614414
5043,CC(C)N1CCN[C@@H](C(=O)N2CCN(C(=O)Nc3ccc(Cl)c(Cl)c3)CC2)C1,30,3.4011973816621555,0.4344627794614414
5668,O=C(O)COC[C@H]1CC[C@H](COC(=O)N(c2ccccc2)c2ccc(F)cc2)CC1,30,3.4011973816621555,0.4344627794614414
4856,Cc1nc(N)nc(-n2c(Nc3ccon3)nc3ccccc32)n1,30,3.4011973816621555,0.4344627794614414
5478,N#Cc1ccnc(Nc2cc(C3CCN(C4COC4)CC3)cc(N3CCC(F)(F)C3)n2)c1,30,3.4011973816621555,0.4344627794614414
5201,CC(C)(O)[C@H]1CCC[C@H](NC(=O)C2CCN(c3nc4cc(Cl)c(C(F)(F)F)cc4o3)CC2)C1,30,3.4011973816621555,0.4344627794614414
5691,C[C@H](NC(=O)C(C)(F)F)[C@H](Oc1ccc2c(cnn2-c2cccc(C(=O)N[C@@H]3CCOC3)c2)c1)c1ccc2c(c1)OCCO2,30,3.4011973816621555,0.4344627794614414
5361,Cn1c(C2(C)CC2)c/c(=N\C(=O)c2cc(C(F)(F)F)ccc2OCC(C)(C)O)n1C[C@H]1CCCO1,30,3.4011973816621555,0.4344627794614414
4444,COc1cc2nccc(Oc3ccc4c(c3)OCCN4C(=O)Nc3ccccc3)c2cc1OC,30,3.4011973816621555,0.4344627794614414
4610,Cc1cn([C@H](C)C2CC2)c(=O)c(Nc2c(C)cc(Cl)cc2C)n1,30,3.4011973816621555,0.4344627794614414
1278,O=C(Nc1cc(-c2ccnc(Nc3ccccc3)c2)ccn1)C1CCOC1,30,3.4011973816621555,0.4344627794614414
4699,CC(C)(C)NCCCc1cc(-c2cccc(C(F)(F)F)c2)nc(C#N)n1,30,3.4011973816621555,0.4344627794614414
4455,N#Cc1ccc(NCC(F)(F)c2ccccn2)c(F)c1CC(=O)NCCONC(=N)N,30,3.4011973816621555,0.4344627794614414
5395,Cc1ncc(CN[C@@H]2CCN(CCn3c(=O)ccc4ncc(F)cc43)C[C@@H]2F)cc1C#N,30,3.4011973816621555,0.4344627794614414
5010,Cc1n[nH]c(=O)cc1-c1ccc(OCCCN2CCCCC2)cc1,30,3.4011973816621555,0.4344627794614414
5576,Cc1ccc2c(c1)nc1n2C[C@@](NC(=O)c2ccc(-n3cnc(C)n3)cc2Cl)(c2ccccc2)CC1,30,3.4011973816621555,0.4344627794614414
1251,CCCCOc1ccc(S(=O)(=O)N2C[C@@H](N3CCOCC3)C[C@@H]2C(=O)NO)cc1,30,3.4011973816621555,0.4344627794614414
4611,CC(C)(CC(=O)NC1CC1)CC(=O)N[C@H]1C2CC3CC1C[C@](O)(C3)C2,30,3.4011973816621555,0.4344627794614414
5105,O=C(NCc1ccc(OC(F)(F)F)cc1)C1c2ccccc2C(=O)N1C1CCOCC1,30,3.4011973816621555,0.4344627794614414
4922,O=c1[nH]c2cccc(Cl)c2cc1O,30,3.4011973816621555,0.4344627794614414
1411,N#Cc1cnc2cnc(NCc3cccnc3)cc2c1NC1CCCCCC1,30,3.4011973816621555,0.4344627794614414
5502,Cc1nc(-c2ccccc2C(=O)N2C[C@H](Oc3cc(C#N)ccn3)CC[C@H]2C)no1,30,3.4011973816621555,0.4344627794614414
1371,O=C(NCc1ccc(N2CCCCCC2)c(F)c1)Nc1cccc2cnccc12,30,3.4011973816621555,0.4344627794614414
4524,COC(=O)N[C@H](C(=O)N[C@@H](Cc1ccc(-c2ccccn2)cc1)C[C@H](O)[C@H](Cc1ccccc1)NC(=O)[C@@H](N1CCN(Cc2ccnc3ccccc23)C1=O)C(C)(C)C)C(C)(C)C,30,3.4011973816621555,0.4344627794614414
5154,Cc1nc(N)nc(-c2c(Nc3cc[nH]n3)nc3ccccn23)n1,30,3.4011973816621555,0.4344627794614414
1418,CCOC(=O)c1cn2c(c1O)C(=O)N(Cc1ccc(Cl)c(Cl)c1)CC2,30,3.4011973816621555,0.4344627794614414
4732,CNC(C)(C)c1ccc(-n2cc3cccc(C(N)=O)c3n2)cc1,30,3.4011973816621555,0.4344627794614414
5595,CC1(C#N)CN(c2cc(COc3ccc(F)c(F)c3F)nc(-c3ccccn3)n2)C1,30,3.4011973816621555,0.4344627794614414
4473,FC(F)(F)c1ccc(Nc2nc(NCCN3CCOCC3)nc3sc(Nc4c(Cl)cccc4Cl)nc23)cc1,30,3.4011973816621555,0.4344627794614414
1286,Fc1cnc(-c2cc(-c3cnnc(-c4ccccc4F)c3)ccc2F)c(F)c1,30,3.4011973816621555,0.4344627794614414
4841,Cn1ccc(NC(=O)c2cnn(Cc3ccc(Cl)c(C(F)(F)F)c3)c2)n1,30,3.4011973816621555,0.4344627794614414
1161,COc1ccc(N(C(=O)CN2C(=O)C(C)(Cc3n[nH]c4ccccc34)C(=O)N(c3ccccc3)c3ccccc32)C(C)C)cc1,30,3.4011973816621555,0.4344627794614414
4876,Cc1ccc(S(=O)(=O)N2CCNC(=O)[C@H]2CC(=O)N[C@@H]2CCCc3cc(CNCC(C)(C)C)ccc32)cc1,30,3.4011973816621555,0.4344627794614414
5351,N#Cc1ccc(NC(=O)[C@H](CN2CC(O)C2)Oc2ncnc3c2cnn3-c2ccccc2Cl)nc1,30,3.4011973816621555,0.4344627794614414
5413,CN(C)S(=O)(=O)C[C@@H](N1C(=O)[C@@](C)(CC(=O)O)C[C@H](c2cccc(Cl)c2)[C@H]1c1ccc(Cl)cc1)C(C)(C)C,30,3.4011973816621555,0.4344627794614414
4883,C#CCNc1ccnc2sc3c(=O)n(-c4ccc(Cl)cc4)cnc3c12,30,3.4011973816621555,0.4344627794614414
4441,Cc1cccc(C)c1-n1c(=O)c2cnc(Nc3ccc(N4CCN(C)CC4)cc3)nc2n2c3ccccc3nc12,30,3.4011973816621555,0.4344627794614414
5099,CCCSc1nc(N(C)C)ccc1C(=O)N[C@H]1C2CC3CC1C[C@](O)(C3)C2,30,3.4011973816621555,0.4344627794614414
4464,Nc1nccc(-c2cc3c([nH]2)[C@@H](CCF)CNC3=O)n1,30,3.4011973816621555,0.4344627794614414
5281,Cc1cc(N2CC[C@H](N3CCC[C@@H]3C)C2)ccc1NC(=O)c1c(C)noc1C,30,3.4011973816621555,0.4344627794614414
4731,NC(=O)c1cccc2cn(-c3ccc4c(c3)CCNC4)nc12,30,3.4011973816621555,0.4344627794614414
4773,O=C1NCCc2[nH]c(-c3ccncc3)cc21,30,3.4011973816621555,0.4344627794614414
5245,CC(C)c1noc(-c2cc(Cl)nc(Oc3cccc(NS(=O)(=O)c4ccc(Cl)cc4)c3)c2)n1,30,3.4011973816621555,0.4344627794614414
4624,CNc1ncc2cc(-c3c(C)ccc4c(Nc5cc(C(C)(C)C)nn5C)nccc34)ccc2n1,30,3.4011973816621555,0.4344627794614414
5682,O=C(O)/C=C/c1ccc(Oc2c(-c3ccc(C(F)(F)F)cc3)sc3cc(O)ccc23)cc1,30,3.4011973816621555,0.4344627794614414
5457,CCN(Cc1cc(C(F)(F)F)ccc1-c1cn(CC(=O)O)c2ccccc12)C(=O)C1CC1,30,3.4011973816621555,0.4344627794614414
4590,Cc1cc2c3c(c1)n(CC(=O)Nc1ccc4c(c1)C[C@]1(C4)C(=O)NC(=O)N1C)c(=O)n3CC(=O)N2,30,3.4011973816621555,0.4344627794614414
1146,COc1ccc(C(=O)Nc2cnc3c(c2)CNCC3(C)C)cc1C(F)(F)F,30,3.4011973816621555,0.4344627794614414
5821,CN1CC2(CNC(=O)c3c2[nH]c2c3CCc3cnc(-c4cccc(F)c4)nc3-2)C1,30,3.4011973816621555,0.4344627794614414
4555,CC[C@H](NC(=O)c1c(N)c(-c2ccc(F)cc2)nc2ccccc12)c1ccccc1,30,3.4011973816621555,0.4344627794614414
1463,CC(C)N1C(=O)[C@H](NC(=O)[C@@H](Cc2ccccc2OC(F)(F)F)NC(=O)OC(C)(C)C)CN(CC2CC2)c2ccccc21,30,3.4011973816621555,0.4344627794614414
1440,CCCCNc1nc(SCCC)nc2c1nnn2[C@@H]1C[C@H](C(=O)O)[C@@H](O)[C@H]1O,30,3.4011973816621555,0.4344627794614414
4785,O=C1O[C@]2(CC[C@H](CNc3nc(-c4ccccn4)cs3)CC2)CN1c1ccccn1,30,3.4011973816621555,0.4344627794614414
4789,CN1C[C@@H](C(=O)NCc2ccc(Cl)cc2Cl)N(C)C1=O,30,3.4011973816621555,0.9036195030935096
4619,Cc1cc2c3c(c1)n(CC(=O)Nc1ccc4c(c1)C[C@]1(C4)C(=O)NC(=O)N1C)c(=O)n3CC(=O)N2C,30,3.4011973816621555,0.4344627794614414
1168,N[C@H](C(=O)N1CCSC1)[C@H]1CC[C@H](NC(=O)c2ccc(F)c(F)c2)CC1,30,3.4011973816621555,0.4344627794614414
5055,Cc1cccnc1CN1CCC2(CC1)C(=O)N(c1ccc(-c3ccccc3)cc1)c1ccccc12,30,3.4011973816621555,0.4344627794614414
5750,O[C@]1(Cc2cc(-c3cn[nH]c3)on2)CC[C@H](Cc2ccc(F)cc2)CC1,30,3.4011973816621555,0.4344627794614414
5291,CCN1CCN(c2nc(C)nc3c2nc(-c2ccccc2Cl)n3CC2CCOCC2)CC1.Cl,30,3.4011973816621555,0.4344627794614414
1335,CCn1c(-c2nonc2N)nc2cnc(Oc3cccc(NC(=O)c4ccc(CN(C)C)cc4)c3)cc21,30,3.4011973816621555,0.4344627794614414
5601,Cc1ccc(C(=O)O)c(C)c1NC(=O)c1cc(-c2cccc(CO)c2)ccc1F,30,3.4011973816621555,0.4344627794614414
4735,CS(=O)(=O)c1ccc([C@@H](CC2CCCC2)C(=O)Nc2nccs2)cc1,30,3.4011973816621555,0.4344627794614414
5651,COC(=O)N[C@H](C(=O)Nc1ccccc1CC[C@@H]1CN[C@H](COC(N)=O)CO1)C(c1ccccc1)c1ccccc1,30,3.4011973816621555,0.4344627794614414
4932,CC(C)c1onc(-c2c(Cl)cccc2Cl)c1COc1ccc(-c2ccc3cc(C(=O)O)[nH]c3c2)cc1,30,3.4011973816621555,0.4344627794614414
4658,FC(F)(F)c1ccc(Nc2noc3c(C(F)(F)F)cccc23)cc1,30,3.4011973816621555,0.4344627794614414
5528,C[C@H](Nc1nccc(Nc2cc(C3CC3)[nH]n2)n1)c1ccc2[nH]ccc2c1,30,3.4011973816621555,0.4344627794614414
4647,CCCOCCn1c(=O)c(NCC2CCOCC2)nc2ncc(-c3ccc(OC)nc3)cc21,30,3.4011973816621555,0.4344627794614414
4589,CN[C@H]1CCN(C(=O)c2ccc(Nc3ncc(F)c(-c4cnc(C)n4C(C)C)n3)cc2)C1,30,3.4011973816621555,0.4344627794614414
4733,NC(=O)c1cccc2cn(-c3ccccc3)nc12,30,3.4011973816621555,0.4344627794614414
1083,CCOc1ccc(C2CN(C)Cc3cc(OCCCN4CCC(F)CC4)ccc32)cc1,29.9,3.3978584803966405,0.4342360099950959
3514,Cc1ccc(C(=O)Nc2cccc(C(C)(C)C)c2)cc1/C=C/n1cnc2c(NC3CC3)ncnc21,29.83,3.395514598526657,0.4340768196511577
3709,CC(=O)O[C@@]12CO[C@@H]1C[C@H](O)[C@@]1(C)C(=O)[C@H](O)C3=C(C)[C@@H](OC(=O)[C@H](O)[C@@H](NC(=O)OC(C)(C)C(F)F)c4ccccc4)C[C@@](O)([C@@H](OC(=O)c4ccccc4)[C@H]21)C3(C)C,29.83,3.395514598526657,0.4340768196511577
3610,Cc1cc(C)cc([C@@H](CC(C)C)NC(=O)c2cc(COc3cc(F)ccc3F)ccc2CCC(=O)O)c1,29.8,3.3945083935113587,0.4340084808306271
932,CCCCCCCCc1ccc(CCC(N)COP(=O)(O)O)cc1,29.8,3.3945083935113587,0.4340084808306271
3487,CN(C)C(=N)c1ccc(C(=O)Nc2ccc(Cl)cc2C(=O)Nc2ccc(Cl)cn2)cc1,29.7,3.391147045808654,0.4337801868608064
3765,O=C(N[C@@H]1CCCc2cc(CN3CCCCC3)ccc21)c1ccc(-c2coc3ccccc3c2=O)cc1,29.67,3.3901364343027307,0.4337115487629243
3796,O=C(N[C@H]1CCCc2cc(CN3CCCCC3)ccc21)c1ccc(-c2coc3ccccc3c2=O)cc1,29.67,3.3901364343027307,0.4337115487629243
4415,O=C(CN(Cc1cccc(C(=O)O)c1)Cc1cccc(C(=O)O)c1)NO,29.67,3.3901364343027307,0.4337115487629243
890,CN(C)c1cccc(-n2c(NNC(=O)Nc3cccc(C#N)c3)nc3ccccc3c2=O)c1,29.5,3.3843902633457743,0.433321283817118
3982,CC1(c2ccc(Nc3nc(N4CCCCC4)nc(N4CCCCC4)n3)cc2)NC(=O)c2ccccc2N1,29.5,3.3843902633457743,0.433321283817118
906,CCCc1cc(C(=O)C2CCCCC2)ccc1OCCCOc1cccc(C2SC(=O)NC2=O)c1,29.47,3.3833727967496032,0.4332521801393839
3447,COC(=O)N[C@H](C(=O)N[C@@H](Cc1ccc(-c2ccccn2)cc1)C[C@H](O)[C@H](Cc1ccccc1)NC(=O)[C@@H](N1CCN(Cc2cccc(C)c2)C1=O)C(C)(C)C)C(C)(C)C,29.33,3.3786108829893595,0.4329287633755081
4099,Cn1c2c(c(=O)n1-c1ccccc1Cl)[C@H]1CC[C@]2(C)C1(C)C,29.3,3.3775875160230218,0.43285925896002
4337,CN(C/C=C/c1ccc(-c2ccccc2)cc1)Cc1coc2ccccc12.Cl,29.17,3.37314078387963,0.4325572485095904
930,O=C1Nc2ccc(Cl)cc2C(c2ccccc2)=NC1O,29.1,3.370738174177447,0.432394069524447
4421,O=C(O)CCC(=O)N(C1CC1)[C@H]1c2cc(F)ccc2N(C(=O)c2ccc(OC(F)(F)F)cc2)[C@H]2CCC[C@H]21,29.1,3.370738174177447,0.432394069524447
3521,Cc1cccc(C)c1-c1nnc(NC(=O)c2ccc3c(c2)OCCO3)s1,29,3.367295829986474,0.432160274484376
3896,COc1cc(C2CCN(C)CC2)ccc1Nc1ncc2ccc(-c3ccccc3OC)n2n1,29,3.367295829986474,0.432160274484376
876,CN1CCN(S(=O)(=O)c2ccc3[nH]c(-c4cc5ccccc5nc4O)cc3c2)CC1,29,3.367295829986474,0.432160274484376
4068,COc1cc(Nc2ncc(Cl)c(Nc3ccccc3C(N)=O)n2)ccc1N1CCOCC1,29,3.367295829986474,0.432160274484376
3862,CS(=O)(=O)c1ccc(-c2cnc(N)c(-c3ccc(C(F)(F)F)cc3)c2)cc1,29,3.367295829986474,0.432160274484376
3969,CC1=C(c2ncnn2C2CCC(C(F)(F)F)CC2)[C@@H](c2ccc(Cl)c(Cl)c2)n2nc(C(F)(F)F)cc2N1,29,3.367295829986474,0.432160274484376
4015,COc1ccc2ccc(C(=O)N3CCC4(CC3)Cc3cn(C(C)(C)C)nc3C(=O)N4)cc2n1,29,3.367295829986474,0.432160274484376
881,COc1cccc(OC)c1-c1ccc(C[C@H](NC(=O)[C@@H]2CCCN2c2ccccn2)C(=O)O)cc1,29,3.367295829986474,0.432160274484376
4083,CCCn1nc2c(-c3ccc(Cl)cc3)c(-c3ccc(C#N)cc3)c(=O)n(Cc3ccc(C(F)(F)F)nc3C)n2c1=O,29,3.367295829986474,0.432160274484376
4249,Cn1nnc([C@H]2[C@@H]3CN(C(=O)c4ccc(C[C@@H]5CC[C@H]([C@H](O)c6ccccc6)N5)cc4)C[C@@H]32)n1,29,3.367295829986474,0.432160274484376
1104,CC(C)N1C(=O)[C@H](NC(=O)[C@@H](Cc2ccccc2OC(F)(F)F)NC(=O)c2ccc(F)cc2C(F)(F)F)CCc2cc(Cl)ccc21,29,3.367295829986474,0.432160274484376
3639,Cc1ccc2c(N3CCN(CCc4cccc5c4OCc4c(C(=O)N(C)C)ncn4-5)CC3)cccc2n1,29,3.367295829986474,0.432160274484376
3906,O=C(NCc1cccc(OC(F)(F)F)c1)C1c2ccccc2C(=O)N1CCc1ncc(F)cn1,29,3.367295829986474,0.432160274484376
4327,O=C(Nc1ncc(F)s1)[C@H](CC1CCOCC1)n1ncc2c(S(=O)(=O)C3CC3)cncc21,29,3.367295829986474,0.432160274484376
1052,CCN1CCN(c2ccc(C(C)(C)NC(=O)c3cc4[nH]c5ccccc5c(=O)c4cc3F)cn2)CC1,29,3.367295829986474,0.432160274484376
3955,COc1cccc2c1c(NS(=O)(=O)c1ccc(Cl)s1)nn2Cc1cccc(CNC(=O)[C@@H]2CCCCN2)c1,29,3.367295829986474,0.432160274484376
4226,COc1cc2ncnc(Nc3cccc(Cl)c3F)c2cc1OC(=O)N1CCN(C)C[C@@H]1C,29,3.367295829986474,0.432160274484376
3701,CCC(CC)(CCOc1cc(CCCOC)cc(CN(C(=O)[C@H]2CNCC[C@@H]2c2ccc(OCCOc3c(Cl)cc(C)cc3Cl)cc2)C2CC2)c1)C(=O)O,29,3.367295829986474,0.432160274484376
3784,CCCOc1cc(C(F)(F)F)cc2c1n(C)/c(=N/c1ccc(OC(F)(F)F)cc1)n2Cc1ccc(C(=O)Nc2nnn[nH]2)cc1,29,3.367295829986474,0.432160274484376
3580,Nc1nccc(-c2ccc3nc(C4COc5c(cccc5C(=O)NC5CC5)C4)[nH]c3c2)n1,29,3.367295829986474,0.432160274484376
4401,Cl.N[C@@H]1CCC=C(c2ccc(F)cc2)[C@H]1COc1cc(F)c(S(=O)(=O)Nc2nccs2)cc1Cl,29,3.367295829986474,0.432160274484376
4028,CC(C)(C1CCN(C(=O)c2cc(F)ccc2S(C)(=O)=O)CC1)S(=O)(=O)c1cccc(C(F)(F)F)c1,29,3.367295829986474,0.432160274484376
4377,CC1(C)OCCn2c1nc(C(=O)NCc1ccc(F)cc1N1CCOCC1)c(O)c2=O,29,3.367295829986474,0.432160274484376
909,CCCc1nc(C)c(C(=O)NCC)n1Cc1ccc2oc(-c3ccccc3NS(=O)(=O)C(F)(F)F)c(Br)c2c1,29,3.367295829986474,0.432160274484376
3995,CC(C)N1C(=O)[C@H](NC(=O)[C@@H](Cc2ccccc2OC(F)(F)F)NC(=O)OC(C)(C)C)CCc2ccc(F)cc21,29,3.367295829986474,0.432160274484376
3648,COCCCc1ccc(Cl)c(CN(C(=O)[C@H]2CNCC[C@@H]2c2ccc(OCCOc3c(Cl)cc(C)cc3Cl)nc2)C2CC2)c1,29,3.367295829986474,0.432160274484376
3456,CCNCc1ccc(C(=O)Nc2cc(C)n(Cc3cc(Cl)ccc3OCC(C)C)n2)cc1.Cl,29,3.367295829986474,0.432160274484376
3871,CCc1nc(Cn2nnc3c(N)nc(C4CC4)nc32)cs1,29,3.367295829986474,0.432160274484376
4404,Cc1cc(CC(=O)Nc2ccn(Cc3ccc(C#N)cn3)n2)ccc1OCCC(F)(F)F,29,3.367295829986474,0.432160274484376
4264,COc1ccc(S(=O)(=O)N2CCC[C@H]2C(=O)Nc2cc(C)cc(C)c2)cc1,29,3.367295829986474,0.432160274484376
4381,COc1cnc(-n2ccc(CO)n2)c2[nH]cc(C(=O)C(=O)N3CCN(C(=O)c4ccccc4)[C@H](C)C3)c12,29,3.367295829986474,0.432160274484376
4295,COCc1cnc(N2CCC([C@H]3C[C@H]3CCOc3cc(F)c(CC(=O)N4CCC4)c(F)c3)CC2)nc1,29,3.367295829986474,0.432160274484376
4399,CCc1nn2c(C)cc(C)nc2c1Cc1ccc(CCCN2CCN(C(C)C)CC2)cc1,29,3.367295829986474,0.432160274484376
4365,C[C@@H]1CN(c2nc(N3CCOCC3)c3sc(-c4ccn[nH]4)cc3n2)C[C@H](C)O1,29,3.367295829986474,0.432160274484376
4216,C[C@@H]1CN(c2ccc(F)cc2)C(=O)c2cc(COc3ccc(Cl)cn3)nn21,29,3.367295829986474,0.432160274484376
3381,CN1CCN(Cc2ccc(Nc3ncc4c(=O)c(C(N)=O)cn(-c5ccc6c(c5)CCC6)c4n3)cc2)CC1,29,3.367295829986474,0.432160274484376
4280,N[C@H]1C[C@@H](N2Cc3nn4cccnc4c3C2)CC[C@@H]1c1cc(F)c(F)cc1F.O=C(O)C(F)(F)F,29,3.367295829986474,0.432160274484376
3508,O=C(CO)Nc1ccc2c(=O)n(Cc3ccc(Cl)c(Cl)c3)cnc2c1,29,3.367295829986474,0.432160274484376
3758,C[C@@H]1CCCN1CCCOc1ccc(-c2ccc(=O)n(-c3ncccn3)n2)cc1,29,3.367295829986474,0.432160274484376
4407,CCc1ncc([C@@H]2Oc3cc(-c4cnc([C@@H]5CCCN5C(=O)[C@@H](NC(=O)OC)C(C)C)[nH]4)cc(F)c3-c3cc4cc(-c5cnc([C@@H]6CCCN6C(=O)[C@@H](NC(=O)OC)[C@@H]6CCOC(C)(C)C6)[nH]5)ccc4n32)s1,29,3.367295829986474,0.432160274484376
1134,Cc1ccc2c(-c3nnc(SCCCN4CCc5cc6nc(N(C)C)oc6cc5CC4)n3C)cccc2n1,29,3.367295829986474,0.432160274484376
3847,CC(C)(C)[C@@H](c1ccccc1)c1cc(OCc2ccc3ccccc3n2)ccc1-c1n[nH]c(=O)o1,29,3.367295829986474,0.432160274484376
4241,COc1ccc(N2C(=O)N(Cc3c(F)cc(F)cc3F)c3ncccc3S2(=O)=O)nc1OC,29,3.367295829986474,0.432160274484376
4006,CCOC(=O)c1cnc(N2CC(NC(=O)NS(=O)(=O)c3ccccc3)C2)c(Cl)c1,29,3.367295829986474,0.432160274484376
3539,COC[C@H](C1CC1)n1cc(Cl)nc(Nc2cc(C#N)c(OC(F)F)nc2C)c1=O,29,3.367295829986474,0.432160274484376
3441,Cc1ccc2c(N3CCN(CCc4cccc5c4OCC(=O)N5C)CC3)cccc2n1,29,3.367295829986474,0.432160274484376
4252,Cc1c(Cl)nc(OC[C@H]2C[C@@H]2c2ccccn2)nc1NCc1cnn(C)c1,29,3.367295829986474,0.432160274484376
3451,O=C(NCCCN1CCCCC1)Nc1ccc(S(=O)(=O)Nc2ccccc2C(=O)c2ccccc2)cc1,29,3.367295829986474,0.432160274484376
4054,CC(C)(O)c1cc(Cl)c(Nc2nc3ccncc3c3c(=O)[nH]ccc23)c(Cl)c1,29,3.367295829986474,0.432160274484376
3891,CCOc1cc(Nc2nc3c(cc2F)ncn3[C@@H](CO)c2ccc(F)cn2)n[nH]1,29,3.367295829986474,0.432160274484376
4202,Cn1cc(NC(=O)c2cnn3ccc(N[C@@H]4CCCC(F)(F)[C@@H]4N)nc23)c(C(F)F)n1,29,3.367295829986474,0.432160274484376
3773,CN[C@@H]1CCN(c2cc(NCC3CC3)nc(N)n2)C1,29,3.367295829986474,0.432160274484376
3745,CCc1nn(-c2ccccc2)c2cc(N3CC4CNCC4C3)ccc12,28.9,3.3638415951183864,0.4319256718605254
894,C/C(S)=N/C[C@H]1CN(c2ccc3c(c2)C[C@@H](C)N3C=O)C(=O)O1,28.9,3.3638415951183864,0.4319256718605254
4357,CCC(=O)N1CC[C@H](N2C(=O)N(c3cc(OC)ccc3Cl)Cc3cnc(Nc4ccc(N5CCN(C6COC6)CC5)c(C)c4)nc32)C1,28.83,3.3614165116503107,0.4317609665158125
960,CCNC(=O)[C@H]1CCCN1C(=O)[C@H](CCCN=C(N)N)NC(=O)[C@H](CC(C)C)NC(=O)[C@@H](Cc1c[nH]c2ccccc12)NC(=O)[C@H](Cc1ccc(O)cc1)NC(=O)[C@H](CO)NC(=O)[C@H](Cc1c[nH]c2ccccc12)NC(=O)[C@H](Cc1ccccc1)NC(=O)[C@@H]1CCC(=O)N1,28.8,3.3603753871419,0.4316902560543771
4238,O=C(c1ccccn1)[C@]12Cc3cnn(-c4ccc(F)cc4)c3C=C1CCN(S(=O)(=O)c1ccc(C(F)(F)F)c(F)c1)C2,28.7,3.3568971227655755,0.4314540214089942
3718,C=C[C@@H]1C[C@]1(NC(=O)[C@@H]1C[C@@H](Oc2cc(-c3csc(NC(C)C)n3)nc3cc(OC)ccc23)CN1C(=O)[C@@H](NC(=O)OC1CCCC1)C(C)(C)C)P(C)(=O)O,28.67,3.3558512798952784,0.4313829904887247
4308,CC(C)[C@H](O/N=C(\C(=O)N[C@@H]1C(=O)N(OS(=O)(=O)O)C1(C)C)c1csc(N)n1)c1cc(=O)c(O)cn1O,28.5,3.349904087274605,0.4309790726757684
3533,CC[S@+]([O-])c1ccc(-c2coc3ccc(-c4ccc(C)o4)cc23)cc1,28.4,3.3463891451671604,0.4307403469745405
961,CCNC(=O)[C@H]1CCCN1C(=O)[C@H](CCCN=C(N)N)NC(=O)[C@H](CC(C)C)NC(=O)[C@@H](CC(C)C)NC(=O)[C@H](Cc1ccc(O)cc1)NC(=O)[C@H](CO)NC(=O)[C@H](Cc1cccc2ccccc12)NC(=O)[C@H](Cc1c[nH]cn1)NC(=O)[C@@H]1CCC(=O)N1,28.4,3.3463891451671604,0.4307403469745405
4139,CCOC(=O)N1CCC(CN2CCC3(CC2)CN(C(=O)N(C)C)c2ncccc23)CC1.O=C(O)/C=C/C(=O)O,28.4,3.3463891451671604,0.4307403469745405
927,CCNC(=O)[C@@H]1CCCN1C(=O)[C@H](CCCN=C(N)N)NC(=O)[C@H](CC(C)C)NC(=O)[C@@H](CC(C)C)NC(=O)[C@H](Cc1ccc(O)cc1)NC(=O)[C@H](CO)NC(=O)[C@H](Cc1cccc2ccccc12)NC(=O)[C@H](Cc1c[nH]cn1)NC(=O)[C@@H]1CCC(=O)N1,28.4,3.3463891451671604,0.4307403469745405
4429,CCn1c(=O)c2cc(NC(=O)CC(C)CC(=O)Nc3ccc(C#N)c(Cl)c3)ccc2n(CC2CC2)c1=O,28.37,3.34533224882076,0.4306685653310008
3902,COc1ccc(Nc2ncc(CN3CCN(S(C)(=O)=O)CC3)cc2-c2nc(C)nc(N)n2)cn1,28.33,3.3439213138424253,0.4305727383068867
4152,COc1cccc(CNC(=O)c2nc3ccc(F)c(OCCc4ccc(F)cc4)c3c(=O)[nH]2)c1,28.33,3.3439213138424253,0.4305727383068867
4024,Fc1cnc2[nH]cc(-c3nnc(N[C@@H](c4cccnc4F)C4CC4)o3)c2c1,28.33,3.3439213138424253,0.4305727383068867
3421,Cc1ccc(C(=O)NC2CC2)cc1-c1ccc2c(N3CCOCC3)nncc2c1,28.33,3.3439213138424253,0.4305727383068867
4050,CC[C@@H](CN(C)S(=O)(=O)C1CC1)N1C(=O)[C@@](C)(CC(=O)O)C[C@H](c2cccc(Cl)c2)[C@H]1c1ccc(Cl)cc1,28.33,3.3439213138424253,0.4305727383068867
3597,NC(=O)c1cccc2[nH]c(-c3ccc([C@@H]4CCCN4)cc3F)nc12,28.33,3.3439213138424253,0.4305727383068867
4078,Clc1nccc2c3cnc(Nc4ccc(N5CCNCC5)cn4)nc3n(C3CCCC3)c12,28.33,3.3439213138424253,0.4305727383068867
902,O=C(CCn1c2c(c(=O)[nH]c1=O)CCCC2)NCC(=O)c1ccc2ccccc2c1,28.33,3.3439213138424253,0.4305727383068867
4151,COc1cccc(CNC(=O)c2nc3ccc(F)c(OCCc4ccc(C(=O)O)cc4)c3c(=O)[nH]2)c1,28.33,3.3439213138424253,0.4305727383068867
4144,CO[C@@H]1C(c2ccc(C#N)c(Cl)c2C)=NN2CC[C@H](O)[C@@H]12,28.33,3.3439213138424253,0.4305727383068867
4016,CNc1cc(-c2cc(NC(=O)[C@H](Cc3ccc(F)cc3)NCc3nn[nH]n3)n(C)n2)ccn1,28.33,3.3439213138424253,0.4305727383068867
4153,COc1cccc(CNC(=O)c2nc3cccc(OCCc4ccccc4)c3c(=O)[nH]2)c1,28.33,3.3439213138424253,0.4305727383068867
4315,COc1cc(-c2cccc(F)c2)ccc1-c1nccc2cc(S(=O)(=O)Nc3ccncn3)ccc12,28.33,3.3439213138424253,0.4305727383068867
4369,O=S(=O)(Nc1ccncn1)c1ccc2c(-c3ccc(C(F)(F)F)cc3C3=CCNCC3)cccc2c1,28.33,3.3439213138424253,0.4305727383068867
4198,COC(=O)c1ccc(N2C(=S)N(c3ccc(C#N)c(C(F)(F)F)c3)C(=O)[C@]23CCOC3)cc1F,28.33,3.3439213138424253,0.4305727383068867
4215,COc1ncc(Nc2nc3ccc(C(C)(C)O)cn3c2-c2nc(C)nc(N)n2)cc1F,28.33,3.3439213138424253,0.4305727383068867
3416,O=C(NNc1cccc2ncccc12)C12CC3CC(CC(C3)C1)C2,28.33,3.3439213138424253,0.4305727383068867
3482,Cc1cccc(CNC2(CCC(C)(C)C)C(=O)C(C3=NS(=O)(=O)c4cc(NS(C)(=O)=O)ccc4N3)=C(O)c3ccccc32)n1,28.33,3.3439213138424253,0.4305727383068867
4359,C[C@@]1(O)CC[C@H]2[C@H](CC[C@@H]3[C@@H]2CC[C@]2(C)[C@@H](C(=O)Cn4cccn4)CC[C@@H]32)C1,28.33,3.3439213138424253,0.4305727383068867
4301,COC(=O)N[C@@H]1CC(C)(C)c2ccc(Nc3nc(NCC(F)F)c4occc4n3)cc2NC1=O,28.33,3.3439213138424253,0.4305727383068867
3455,Nc1ccccc1NC(=O)c1ccc(CNc2nccc(-c3cccnc3)n2)cc1,28.33,3.3439213138424253,0.4305727383068867
3420,Cc1ccc(C(=O)NC2CC2)cc1-c1ccc2c(-c3ccccc3C)nncc2c1,28.33,3.3439213138424253,0.4305727383068867
4091,COc1cc(-c2ccc(COc3cc4c(cn3)CC[C@]43C[C@H]3C(=O)O)cc2[C@H](OC)C(C)(C)C)c(F)cn1,28.33,3.3439213138424253,0.4305727383068867
3700,CC(=O)Nc1cccc(C2CCN(CCCn3c(-c4ccc(Cl)cc4)nc4ccccc43)CC2)c1,28.3,3.342861804649192,0.4305007792056042
4433,CC1=Nc2ccc(-c3nc(Nc4ccc(N5CCNCC5)cn4)ncc3F)cc2C12CCCC2,28.3,3.342861804649192,0.4305007792056042
3724,Cc1cccc(C2(CCN3C4CCC3CC(n3c(C)nc5ccccc53)C4)CCN(C(=O)c3ccc(Cl)c(S(N)(=O)=O)c3)CC2)c1,28.3,3.342861804649192,0.4305007792056042
883,CS(=O)(=O)c1ccc(-c2ccccc2-c2ccccc2)cc1,28.17,3.338257581888281,0.4301880724031566
3606,O=C(O)CCCOc1cccc(CCCCCCOc2cc(-c3ccncc3)cc(-c3ccncc3)c2)c1CCC(=O)O,28.14,3.337192051686243,0.4301157043706583
4440,OC[C@H]1O[C@@H](c2cc(Cc3ccc4c(c3)OCCO4)c3c(c2O)CCO3)[C@H](O)[C@@H](O)[C@@H]1F,28.1,3.3357695763397,0.4300190935548319
982,CC[C@H](C(=O)NO)[C@H](C(=O)N1CCCC[C@H]1C(=O)NC)c1ccc(Cl)cc1,28.1,3.3357695763397,0.4300190935548319
1082,CCN(CC)CCCC(C)NC(=O)CCCc1cc(-c2cc(Cl)cc(Cl)c2)nn1-c1ccc2ccccc2c1,28.1,3.3357695763397,0.4300190935548319
3472,CCOc1cc2ncc(C(N)=O)c(Nc3cc(F)ccc3F)c2cc1N1CCN(C)CC1,28,3.332204510175204,0.429776963558369
929,Cc1noc(NS(=O)(=O)c2ccccc2-c2ccc(-c3ncco3)cc2CN2CCC(C)(C)C2=O)c1C,28,3.332204510175204,0.429776963558369
999,Cc1ccc(-c2cc(Cl)ccc2OCC2CCCCC2)n1-c1cccc(C(=O)O)c1,28,3.332204510175204,0.429776963558369
1062,CN1C[C@H](OCc2ccccc2)C[C@H]1c1nc(C(=O)NCc2ccc(F)cc2)c(O)c(=O)n1C,28,3.332204510175204,0.429776963558369
3874,Cc1nc(N)c2nnn(C[C@H]3CN(Cc4cc(F)cc(F)c4)CCO3)c2n1,28,3.332204510175204,0.429776963558369
4136,COc1cccc2snc(NCC(C)(C)c3ccccc3)c12,28,3.332204510175204,0.429776963558369
1078,N#Cc1cnc2cnc(NCc3cccnc3)cc2c1NC1CCCC1,28,3.332204510175204,0.429776963558369
3458,CN(CC(=O)Nc1ccc(Oc2ccccc2)cc1)C[C@H]1CCCN1Cc1ccc(C(=O)O)cc1,28,3.332204510175204,0.429776963558369
3591,CCOc1cc(CN2CCC(Nc3nc4cc(C(N)=O)ccc4o3)CC2)cc(OCC)c1F,28,3.332204510175204,0.429776963558369
3664,CC(C)(O)C(=O)N1CCC(CCN2CCC(N(C(=O)NCc3ccc(C#N)cc3)c3cccc(F)c3)CC2)(c2cccc(F)c2)CC1,28,3.332204510175204,0.429776963558369
3757,O=c1[nH]c2ccc(F)c(Cl)c2cc1O,28,3.332204510175204,0.429776963558369
1096,C[C@@H](C(=O)N1CCOCC1)N1CC[C@H](NS(=O)(=O)CCc2ccc(Cl)s2)C1=O,28,3.332204510175204,0.429776963558369
946,O=C(O)[C@@H](CC1CCC1)N1C[C@H](CN2CCC(N(CC3CC3)c3ncccn3)CC2)[C@@H](c2cccc(F)c2)C1,28,3.332204510175204,0.429776963558369
3771,Cc1cc(C(=O)NC(C)(C)C)nn1Cc1cc(Cl)cc2cc(-c3ccccc3)oc12,28,3.332204510175204,0.429776963558369
4004,C=C[C@@H]1C[C@]1(NC(=O)[C@@H]1C[C@@](OC)(c2ccc(-c3ccccc3)cc2)CN1C(=O)[C@@H](NC(=O)OC1CCCC1)C(C)(C)C)C(=O)NS(=O)(=O)C1CC1,28,3.332204510175204,0.429776963558369
4250,C[C@@H]1C[C@H](N)C[C@H](c2ccncc2NC(=O)c2ccc(F)c(-c3c(F)cccc3F)n2)C1,28,3.332204510175204,0.429776963558369
3422,N#Cc1cc(Cl)cc(Oc2cc(OCc3n[nH]c4ncccc34)ccc2Cl)c1,28,3.332204510175204,0.429776963558369
3603,CC12CC(=O)Nc3cccc(c31)N(Cc1ccc3cc4c(cc3n1)C[C@@]1(C4)C(=O)Nc3ncccc31)C2,28,3.332204510175204,0.429776963558369
4086,CN1CCC(Nc2ccc3ncc(-c4ccc(Nc5ncccc5F)cc4)n3n2)CC1.Cl,28,3.332204510175204,0.429776963558369
3506,N#Cc1cnc2c(Cl)cc(NCc3cn(-c4ccncc4)nn3)cc2c1Nc1ccc(F)c(Cl)c1,28,3.332204510175204,0.429776963558369
4285,CC1(C)OCCn2c1nc1c(N3CCOCC3)nc(-c3cnc(N)nc3)nc12,28,3.332204510175204,0.429776963558369
3990,CCOc1ccc(-c2cc3oc(N4CCC(C(=O)N[C@H]5CCC[C@H](CO)C5)CC4)nc3cc2Cl)cc1,28,3.332204510175204,0.429776963558369
3428,COc1ccc(C(=O)c2c(C)n(Cc3cccc(O[C@@H](C)C(=O)O)c3)c3nc(C)ccc23)cc1,28,3.332204510175204,0.429776963558369
4294,CC[C@@H]1c2c(C#N)ncn2-c2cnc(Nc3cc(F)c(C(=O)NC4CCN(C)CC4)cc3OC)nc2N1C1CCCC1,28,3.332204510175204,0.429776963558369
4281,Cn1c(=O)n(CC(C)(C)C)c2ccc(N3C[C@@H]4CC[C@H]3CN4C(=O)c3ccon3)nc21,28,3.332204510175204,0.429776963558369
3462,Cn1c(CN2C[C@@H]3C(COc4ccc(C(F)(F)F)cn4)[C@@H]3C2)nc2ccccc21,28,3.332204510175204,0.429776963558369
1022,Cc1noc(-c2c(F)cccc2-c2ccc([C@@H](C)NC(=O)C3(NC(=O)C(F)(F)F)CC3)c(F)c2)n1,28,3.332204510175204,0.429776963558369
3729,CNC(=O)c1ccc(N(C)C(=O)c2cc3c(s2)-c2ccc(C(=O)NC)cc2OCC3)c(Cl)c1,28,3.332204510175204,0.429776963558369
3461,Cn1c(CN2C[C@@H]3C(COc4cccc(Cl)c4)[C@@H]3C2)nc2ncccc21,28,3.332204510175204,0.429776963558369
3555,CCCOCCn1c(=O)c(NCCCO)nc2cnc(-c3ccc(OC)nc3)cc21,28,3.332204510175204,0.429776963558369
3505,CC(C)(C)[C@H](NC(=O)NC1(C(=O)OCc2ccccc2)CCCCC1)C(=O)N1C[C@H]2[C@@H]([C@H]1C(=O)NC(CC1CC1)C(=O)C(N)=O)C2(C)C,28,3.332204510175204,0.429776963558369
3869,C=C[C@@H]1C[C@]1(NC(=O)[C@@H]1C[C@@H]2CN1C(=O)[C@H](C(C)(C)C)NC(=O)O[C@@H]1C[C@H]1CCCCCc1nc3ccc(OC)cc3nc1O2)C(=O)[N-]S(=O)(=O)C1CC1.[K+],28,3.332204510175204,0.429776963558369
3475,CC[C@H](NC(=O)c1c(N)c(-c2cccc(F)c2)nc2ccccc12)c1ccccc1,28,3.332204510175204,0.429776963558369
3782,C[C@@H]1C(=O)N[C@H](Cc2ccc(F)cc2)C(=O)NCCCc2ccc(F)cc2OCCN[C@@H](C2CC2)C(=O)N1C,28,3.332204510175204,0.429776963558369
4224,COc1cc2ncnc(Nc3cccc(Cl)c3F)c2cc1OC(=O)N1CCN(C)C2CC21,28,3.332204510175204,0.429776963558369
885,O=C(c1ccc2oc(CN3CCC[C@@H](n4cc(C(F)(F)F)ccc4=O)C3)cc2c1)N1CCC(N2C(=O)OCc3ccccc32)CC1,28,3.332204510175204,0.429776963558369
3691,CN(CC(N)=O)Cc1nc(-c2cn(CC3CCOCC3)c3c(Cl)cccc23)no1,28,3.332204510175204,0.429776963558369
4230,CC(=O)Oc1ccc(-c2ccc(OCc3ccc4ccccc4n3)cc2)c(-c2ccc(F)cc2)n1,28,3.332204510175204,0.429776963558369
4398,CCc1nn2c(C)cc(C)nc2c1Cc1ccc(CCC(=O)N2CCNCC2)cc1,28,3.332204510175204,0.429776963558369
4172,NC(=O)c1ncc(N[C@@H]2CCCC[C@@H]2N)nc1Nc1cccc2cc[nH]c12,28,3.332204510175204,0.429776963558369
4033,COCCOc1ccn2c(-c3ccc4cccc(O[C@@H]5CCNC[C@@H]5F)c4n3)cnc2c1,28,3.332204510175204,0.429776963558369
3839,COc1cc(NC(=O)c2ccccc2F)ccc1-c1nnc(NCCCN2CCCCC2)o1.Cl,28,3.332204510175204,0.429776963558369
3986,CC1(c2ccc(-c3ccc(C#N)cn3)cc2)COC1,28,3.332204510175204,0.429776963558369
3855,CC[C@H](C)[C@@H]1C(=O)N[C@H](C2Cc3ccccc3C2)C(=O)N1[C@@H](C(=O)N(C)C)c1ccc(C)[n+]([O-])c1,28,3.332204510175204,0.429776963558369
898,N#Cc1ccc(NCCNCC(=O)N2CCC[C@H]2C#N)nc1,28,3.332204510175204,0.429776963558369
4145,O=C(Nc1ccc2cc[nH]c2c1)c1c[nH]c2ccccc2c1=O,28,3.332204510175204,0.429776963558369
4190,Fc1ccc2nc(-c3cccnc3)n(C3CC3)c2c1,28,3.332204510175204,0.429776963558369
3616,CC(Cc1ccn(-c2ccc(O)cn2)n1)C(=O)NC1=C(C(=O)O)CCC(c2cccc(F)c2F)C1,28,3.332204510175204,0.429776963558369
3494,COCc1nnc(-c2cnc(-c3ccc(C#N)cc3C)cn2)n1-c1ccc(OC)nc1,28,3.332204510175204,0.429776963558369
4319,COc1ccc(Sc2ccc(Sc3ccccn3)nc2C(=O)Nc2ncc(SCC(=O)O)s2)cc1,28,3.332204510175204,0.429776963558369
3814,COc1ccc(CNC(=O)c2c(C)nc3cc(C)ccn23)cc1,28,3.332204510175204,0.429776963558369
4277,CC(=O)N1CCN([C@H]2C[C@@H](n3cc(-c4cc(OC[C@@H]5CCCO5)ccc4F)c4c(N)ncnc43)C2)CC1,28,3.332204510175204,0.429776963558369
1085,Cc1ccc2c(OCCN3CCC(Cc4ccc5c(c4F)NC(=O)CO5)CC3)cc(Cl)cc2n1,28,3.332204510175204,0.429776963558369
4367,Cc1cncc(-c2cc3c(cn2)cnn3-c2cccc(N3CCCNCC3)n2)n1,28,3.332204510175204,0.429776963558369
3931,Cc1noc(-c2ccc3c(c2)c2c(n3CCCSc3cc(F)cc(F)c3)CCCC2)n1,28,3.332204510175204,0.429776963558369
3883,CC(C)c1nc(N2CCN(c3ncc(OCc4ccncc4C#N)cn3)[C@H](C)C2)no1,28,3.332204510175204,0.429776963558369
3471,CCOc1cc2ncc(C(N)=O)c(Nc3cc(C)ccc3F)c2cc1N1CCN(C)CC1,28,3.332204510175204,0.429776963558369
3628,O=C(O)c1c(O)c(C2Cc3ccccc3C2)nc2c(C(F)(F)F)cccc12,28,3.332204510175204,0.429776963558369
3454,Cc1ccc(C(=O)Nc2cccc(C(F)(F)F)c2)cc1C(=O)Nc1cncnc1,28,3.332204510175204,0.429776963558369
4386,Cc1nn2c(-c3c(C)nn(C)c3-c3ccc(C(F)(F)F)cc3)nc(CO)c2c(=O)[nH]1,28,3.332204510175204,0.429776963558369
3673,CN(C(=O)C1(c2ccc(F)cc2)CCC1)[C@@H]1CCc2c(CC(=O)O)c3cccnc3n2C1,28,3.332204510175204,0.429776963558369
3605,NC(=O)c1cccc2cn(-c3ccc([C@@H]4CCCNC4)cc3)nc12,28,3.332204510175204,0.429776963558369
4219,Nc1ncc(C(=O)NC2CC2)c2ccc(-c3cccc(F)c3)cc12,28,3.332204510175204,0.429776963558369
3973,CC1(C)Cc2ccc(-c3cncnc3)cc2[C@@]2(COC(N)=N2)C1,28,3.332204510175204,0.429776963558369
3554,CCCOCCn1c(=O)c(NCC(=O)N2CCN(CC)CC2)nc2cnc(-c3ccc(OC)nc3)cc21,28,3.332204510175204,0.429776963558369
4307,N#Cc1cccc(S(=O)(=O)c2cnc3cc(F)ccc3c2-c2ccc(Cl)cc2)c1,27.9,3.32862668882732,0.429533967263115
4176,Fc1cc(-c2cscn2)cn2c(C(F)(F)c3ccc4ncccc4c3)nnc12,27.83,3.326114575537799,0.4293633510798969
4203,COc1ccc(CNC(=O)c2cc(C#CC(C)(C)NC(C)=O)cnc2NCc2ccc3c(c2)OCO3)cc1Cl,27.83,3.326114575537799,0.4293633510798969
3715,CCOc1ccc(Cc2cc([C@]34OC[C@](CO)(O3)[C@@H](O)[C@H](O)[C@H]4O)ccc2C)cc1,27.73,3.322514859627687,0.4291188677630758
3696,C=Cn1ncc2c1nc(N)n1c(=O)n(Cc3cccc(Cl)c3)nc21,27.7,3.3214324131932926,0.4290453508241922
938,O=C(NO)[C@@]1(NS(=O)(=O)c2ccc(Oc3ccc(F)cc3)cc2)C[C@H]2CC[C@@H](C1)O2,27.7,3.3214324131932926,0.4290453508241922
928,CC(C)C[C@H](NC(=O)[C@@H](Cc1ccc2ccccc2c1)NC(=O)[C@H](Cc1ccc(O)cc1)NC(=O)[C@H](CO)N(C)C(=O)[C@H](Cc1c[nH]c2ccccc12)NC(=O)[C@H](Cc1c[nH]cn1)NC(=O)[C@@H]1CCC(=O)N1)C(=O)N[C@@H](CCCN=C(N)N)C(=O)N1CCC[C@H]1C(=O)NCC(N)=O,27.55,3.3160025355989236,0.428676567698703
3834,O=C(N1CCC(c2cc(F)ccc2F)(S(=O)(=O)c2ccc(Cl)cc2)CC1)C1(C(F)(F)F)CC1,27.5,3.3141860046725258,0.4285531936555608
956,CC(C)C[C@H](NC(=O)[C@@H](Cc1ccc2ccccc2c1)NC(=O)[C@H](Cc1ccc(O)cc1)NC(=O)[C@H](CO)N(C)C(=O)[C@H](Cc1c[nH]c2ccccc12)NC(=O)[C@H](Cc1c[nH]cn1)NC(=O)[C@@H]1CCC(=O)N1)C(=O)N[C@@H](CCCN=C(N)N)C(=O)N1CCC[C@@H]1C(=O)NCC(=O)O,27.5,3.3141860046725258,0.4285531936555608
4402,CCN[C@@H]1CCC=C(c2ccc(F)cc2)[C@H]1CNc1cc(F)c(S(=O)(=O)Nc2nccs2)cc1Cl.Cl,27.5,3.3141860046725258,0.4285531936555608
4146,Cn1c(=O)n(Cc2ccccc2C#N)c2c(N3CCC[C@@H](N)C3)cc(CO)nc21,27.5,3.3141860046725258,0.4285531936555608
4332,C[C@H]1CN(C2COC2)CCN1c1ccc(Nc2cc(-c3ccnc(N4CCn5c(cc6c5CC(C)(C)C6)C4=O)c3CO)cn(C)c2=O)nc1,27.4,3.3105430133940246,0.4283057711885776
4344,CNC(=O)c1ccc(Nc2nc(O[C@H]3CCOC3)c3c(-c4ccc5nc(C)oc5c4)c[nH]c3n2)c(OC)c1,27.4,3.3105430133940246,0.4283057711885776
3881,COc1cc(C)c(S(=O)(=O)N(C)CCOCC(=O)N(C)Cc2ccc(C3=NCCN3)cc2)c(C)c1,27.4,3.3105430133940246,0.4283057711885776
1005,CNc1ncc2cc(-c3cc(C(=O)Nc4cccc(C(F)(F)F)c4)ccc3C)ccc2n1,27.35,3.3087165288679903,0.4281817211229063
901,O=C(CCn1c2c(c(=O)[nH]c1=O)CSCC2)NCC(=O)c1ccc(-c2cccnn2)cc1,27.33,3.3079849999399764,0.4281320375858892
4397,N#Cc1cc(F)cc(Oc2ccc3c(c2C(F)F)[C@@H](O)C(F)(F)S3(=O)=O)c1,27.2,3.3032169733019514,0.4278082056512963
931,O=C1Nc2ccc(Cl)cc2C(c2ccccc2Cl)=NC1O,27.2,3.3032169733019514,0.4278082056512963
3678,NCc1cscc1N(Cc1nc2ccccc2[nH]1)[C@H]1CCCc2cccnc21,27.2,3.3032169733019514,0.4278082056512963
4370,CC(C)OC(=O)N1CCC(n2nnc3cc(-c4cc(F)c(C(=O)N5CCCC5)cc4F)ncc32)CC1,27.17,3.3021134234382563,0.4277332554225309
3741,CCS(=O)(=O)c1ccc2c(c1)nc(C(C)(C)C)n2C[C@@H]1CCCO1,27.1,3.299533727885655,0.427558049228254
3453,Cc1ccc(NC(=O)c2cccc(C(F)(F)F)c2)cc1C(=O)Nc1cncnc1,27.07,3.29842610362621,0.4274828222771549
4156,COc1cccc(CNC(=O)c2nc3scc(COCc4ccc(F)cc4)c3c(=O)[nH]2)c1,27.07,3.29842610362621,0.4274828222771549
4268,Cc1nc([C@]2(c3cnn(C)c3)N[C@@H](c3nc(-c4ccc(F)cn4)c[nH]3)Cc3c2[nH]c2ccccc32)no1,27,3.295836866004329,0.4273069680104174
897,CC(C)(C)OC(=O)N[C@@H](C(=O)N1CCC[C@H]1C(=O)NCc1ccc(N)nc1)C(C1CCCCC1)C1CCCCC1,27,3.295836866004329,0.4273069680104174
4395,Cc1ccc(S(=O)(=O)c2cc(F)c(O)c3ncccc23)cc1,27,3.295836866004329,0.4273069680104174
4075,C[C@@H](S)[C@@H](Cc1ccc(N)nc1)C(=O)O,27,3.295836866004329,0.4273069680104174
3486,O=C([C@@H]1C[C@H](N2CCN(c3ncccn3)CC2)CN1)N1C[C@@H](F)[C@@H](F)C1,27,3.295836866004329,0.4273069680104174
4110,CN1CCN(c2ccc(-c3cnc4[nH]c5cnc(C#N)cc5c4c3)cc2)CC1,27,3.295836866004329,0.4273069680104174
3769,Cc1nc(Oc2ccc(S(C)(=O)=O)cc2)ccc1CN1CCC(N2C(=O)N(c3cc(C(N)=O)c(F)cc3F)C[C@H]2c2ccccc2)CC1,27,3.295836866004329,0.4273069680104174
4041,CCNc1nc(Nc2cc(C(C)(C)C#N)nn2C)ncc1C(F)(F)F,27,3.295836866004329,0.4273069680104174
4211,Cc1nc(NC(=O)N2C[C@H](N(C)C)C[C@H]2C(N)=O)sc1-c1csc(C2(C)CC2)n1,27,3.295836866004329,0.4273069680104174
3557,CNc1ccc2c(O[C@@H](C)C(=O)N3CCN(C(=O)c4ccccc4)C[C@H]3C)cccc2n1,27,3.295836866004329,0.4273069680104174
3592,CCOc1cc(CN2CCC(Nc3nc4ccc(C(=O)O)cc4o3)CC2)ccc1Cl,27,3.295836866004329,0.4273069680104174
3476,CC[C@H](NC(=O)c1c(N)c(-c2ccccc2)nc2ccccc12)c1ccccc1,27,3.295836866004329,0.4273069680104174
1093,CN(C)C(=O)[C@@H](C1CCC(N(C)C(=O)c2cccc(F)c2)CC1)[C@H](N)C(=O)N1CC[C@H](F)C1.Cl,27,3.295836866004329,0.4273069680104174
4029,CC(C)(C1CCN(C(=O)c2ccc(S(C)(=O)=O)cc2OC(F)(F)F)CC1)S(=O)(=O)c1cccc(C(F)(F)F)c1,27,3.295836866004329,0.4273069680104174
948,O=C(O)C[C@@H](NC(=O)[C@@H]1CCN1S(=O)(=O)c1cc(Cl)cc(Cl)c1)c1ccccc1,27,3.295836866004329,0.4273069680104174
3426,Cc1c(Oc2ccc(Cl)cc2)c2ccc(Cl)nc2n1Cc1ccc(Cl)c(O[C@@H](C)C(=O)O)c1,27,3.295836866004329,0.4273069680104174
3799,C[C@@H]1CCCN1CCCOc1ccc(C2=NNC(=O)C(C)(C)C2)cc1,27,3.295836866004329,0.4273069680104174
3727,Cc1ccc(CNC(=O)c2nn(-c3ccc(F)cc3)c(CC[C@@H](O)C[C@@H](O)CC(=O)O)c2C(C)C)cc1,27,3.295836866004329,0.4273069680104174
4255,CC1(C)OCc2c(Nc3n[nH]c4c(C(F)(F)F)cccc34)nc(-c3cn[nH]c3)nc21,27,3.295836866004329,0.4273069680104174
4292,COC(=O)N[C@H](C(=O)Nc1ccccc1CC[C@@H]1CN[C@H](COC(=O)NCc2ccccc2)CO1)C(c1ccccc1)c1ccccc1,27,3.295836866004329,0.4273069680104174
3399,CCN(CC(O)(CNC(=O)c1cnn(-c2ccc(F)cc2)c1N)C(F)(F)F)C(=O)c1c(F)cccc1F,27,3.295836866004329,0.4273069680104174
4353,CNC(=O)c1nc(-c2nc(-c3cnn4ccccc34)c(C)nc2N)n(C)n1,27,3.295836866004329,0.4273069680104174
4205,O=C(Nc1ccc(C(F)(F)F)cc1Cl)c1cc(Cl)ccc1O,27,3.295836866004329,0.4273069680104174
3548,Cc1cc2cc(N/C(=N\C(=O)c3ccc(C(=O)N(C)C)nc3)N[C@H]3CCCCN(CC(=O)N4CCCC4)C3=O)ccc2o1,27,3.295836866004329,0.4273069680104174
3702,COCCCc1cc(CN(C(=O)[C@H]2CNCC[C@@H]2c2ccc(OCCOc3c(Cl)cc(C)cc3Cl)cc2)C2CC2)cc(OCCC2(C(=O)O)CCCC2)c1,27,3.295836866004329,0.4273069680104174
900,CCN(c1nc(F)ccc1NC(C)(C)C)C1CCN(C(=O)c2cc3cc(NS(C)(=O)=O)ccc3[nH]2)CC1,27,3.295836866004329,0.4273069680104174
3793,C[C@H]1O[C@@H](n2cnc3c(N)nc(O[C@H]4CC[C@H](C(F)(F)F)CC4)nc32)[C@H](O)[C@@H]1O,27,3.295836866004329,0.4273069680104174
4100,COc1ncnc(Cn2cc(C(=O)NCCO)c3ncc(C)cc32)c1C,27,3.295836866004329,0.4273069680104174
4115,COCn1ccnc1-c1nc(N2CC[C@@H](NC(=O)c3[nH]c(C)c(Cl)c3Cl)[C@@H](OC)C2)sc1C(=O)O,27,3.295836866004329,0.4273069680104174
3575,O=C(O)Cc1sc(C(c2ccccc2)c2ccccc2)nc1-c1ccc(Cl)cc1,27,3.295836866004329,0.4273069680104174
3576,Cc1cccc2c1C(=O)NC1CNCCN21,27,3.295836866004329,0.4273069680104174
4253,C[C@H]1Cc2c(ncnc2Oc2ccc3c(ccn3C(=O)Nc3cc(C4(C)CC4)[nH]n3)c2)CN1,27,3.295836866004329,0.4273069680104174
4208,N#Cc1cc(Cl)cc(-c2cc(-c3ccc(F)cn3)ncn2)c1,27,3.295836866004329,0.4273069680104174
879,C[C@@]1(C(=O)N[C@@H](Cc2ccc(OC(=O)N3CCCC3)cc2)C(=O)O)CCCN1S(=O)(=O)c1cc(Cl)cc(Cl)c1,27,3.295836866004329,0.4273069680104174
1021,COC(=O)c1c(F)cccc1-c1ccc([C@@H](C)NC(=O)C2(NC(=O)C(F)(F)C(F)(F)F)CC2)c(F)c1,27,3.295836866004329,0.4273069680104174
3415,CC(C)[C@H](NC(=O)CCN(C)C)c1cccc(F)c1N1CCN(C(=O)[C@H](C)Cc2ccc(Cl)cc2)CC1,27,3.295836866004329,0.4273069680104174
4119,CC[C@H](C)[C@@H]1NC(=O)[C@H](Cc2ccc(O)cc2)NC(=O)CCSSC[C@@H](C(=O)N2CCC[C@H]2C(=O)N[C@@H](CC(C)C)C(=O)NCC(N)=O)NC(=O)[C@H](CC(N)=O)NC(=O)[C@H](CCC(N)=O)NC1=O,27,3.295836866004329,0.4273069680104174
3912,Cc1ccc(S(=O)(=O)NC(=O)N2CCC(N3CCC(Oc4ccc(Cl)cc4C)CC3)CC2)cc1,27,3.295836866004329,0.4273069680104174
4222,COc1cccc2c1C(NC[C@]1(c3ccccc3)CC[C@H](O)CC1)=NS2(=O)=O,27,3.295836866004329,0.4273069680104174
968,Cc1cc(-c2nncc3c(C(C)(C)C)c(OCc4ncnn4C)nn23)no1,27,3.295836866004329,0.4273069680104174
973,CCCC[C@H](NC(=O)O[C@@H]1C(=O)N(S(=O)(=O)c2ccccc2)CC1(C)C)C(=O)C(=O)N[C@H](C)c1ccccc1,27,3.295836866004329,0.4273069680104174
3880,Cc1nn(C)c(C)c1-c1cc(C(=O)c2nc3ccc(N4CCC(N(C)C)CC4)cc3[nH]2)ccn1.Cl,27,3.295836866004329,0.4273069680104174
3864,CC1=C(C(=O)N2CCC[C@H]2c2cc(C)no2)[C@@H](c2ccc(Cl)c(Cl)c2)n2nc(C(F)(F)F)cc2N1,27,3.295836866004329,0.4273069680104174
3563,CCCC(CCC)Nc1nc(C)nc2c1cnn2-c1ccc(OC)cc1C,27,3.295836866004329,0.4273069680104174
1035,O=C(O)CCc1cccc(OCC=C(c2ccc(Br)cc2)c2ccc(Br)cc2)c1,27,3.295836866004329,0.4273069680104174
3867,CCc1cc2cc(-c3c(C)nc(NCC(F)(F)F)nc3N[C@@H]3C[C@H](CO)[C@@H](O)[C@H]3O)oc2cn1.Cl,27,3.295836866004329,0.4273069680104174
3510,C=C[C@@H]1C[C@]1(N[C@@H]1C[C@@H]2CN1C(=O)[C@H](C1CCCCC1)NCCCC(C)(C)CCCc1cc3c(cc(-c4ccccc4)nc3cc1OC)O2)C(=O)NS(=O)(=O)C1CC1,27,3.295836866004329,0.4273069680104174
3989,COCCNc1nc(C)nc(N2CCC(C(=O)NCc3ccccc3C(F)(F)F)CC2)n1,27,3.295836866004329,0.4273069680104174
3856,CC[C@H](C)[C@@H]1C(=O)N[C@H](C2Cc3ccccc3C2)C(=O)N1[C@@H](C(=O)N1CCOCC1)c1ccc(C)nc1,27,3.295836866004329,0.4273069680104174
1086,Cc1ccc2c(OCCN3CCC(Cc4ccc5c(c4F)NC(=O)CO5)CC3)cc(F)cc2n1,27,3.295836866004329,0.4273069680104174
4378,COc1cc(-c2ccc3c(n2)CN(c2cnn(CC#N)c2)C3=O)cnc1OC,27,3.295836866004329,0.4273069680104174
913,O=C(/C=C/c1c[nH]c2ccccc12)NCCCCN1CCc2ccc(OS(=O)(=O)C(F)(F)F)cc2C1,27,3.295836866004329,0.4273069680104174
4178,COc1cc(N2CCN(C)CC2)ccc1Nc1nccc(-c2cn(C)c3cnccc23)n1,27,3.295836866004329,0.4273069680104174
3545,N#Cc1cc(Cl)cc(Oc2cc(OCc3noc4nc(-n5ccnc5)ccc34)ccc2Cl)c1,26.9,3.292126286607793,0.4270549551347222
3915,Cc1c(-c2ccccn2)nc2cc(F)ccc2c1N1CC(C)(C)c2ccc(-c3ccnc(N)n3)cc21,26.83,3.2895206644375325,0.4268779880721886
4428,CCn1c(=O)c2cc(NC(=O)CC(C)CC(=O)Nc3ccc(C#N)c(Cl)c3)ccc2n(CC)c1=O,26.82,3.2891478778535324,0.4268526693796032
3723,Cc1nc2ccccc2n1C1CC2CCC(C1)N2CCC1(c2cccc(F)c2)CCN(C(=O)c2ccc(Cl)c(S(N)(=O)=O)c2)CC1,26.8,3.288401887516811,0.4268020036614209
1046,CCOc1ccc(-n2c([C@@H](C)N(Cc3cccnc3)C(=O)Cc3ccc(OC(F)(F)F)cc3)nc3ncccc3c2=O)cc1,26.67,3.283539338193923,0.4264717519925805
4111,CCn1nccc1Oc1cc(C[C@H]2C[C@](C)(O)C2)cnc1NC(=O)NC,26.67,3.283539338193923,0.4264717519925805
3668,CC(=O)N[C@@H](C)CCc1ccc(Oc2ccc(OC(C)C)nc2)cc1,26.67,3.283539338193923,0.4264717519925805
4169,Cc1ccc2cc(-c3c(C)ccc(C(=O)c4c(-c5ccccc5)n(C)n(-c5ccccc5)c4=O)c3N)ccc2n1,26.67,3.283539338193923,0.4264717519925805
3774,CC(C)CCN([C@@H](C(=O)NO)C(C)(C)C)S(=O)(=O)c1ccc2ccccc2c1,26.67,3.283539338193923,0.4264717519925805
4316,COc1cc(-c2cccc(F)c2)c(Cl)cc1-c1nccc2cc(S(=O)(=O)Nc3ncon3)ccc12,26.67,3.283539338193923,0.4264717519925805
4286,CCN(C(=O)CO)[C@H]1CN(/C(=N\C#N)Nc2cccc(OC(F)F)c2)N=C1c1ccc(Cl)c(Cl)c1,26.67,3.283539338193923,0.4264717519925805
4026,NS(=O)(=O)c1ccc(-c2nsc(NC(=O)N(CCC(c3ccc(F)cc3)c3ccc(F)cc3)CCN3CCOCC3)n2)cc1,26.67,3.283539338193923,0.4264717519925805
3620,COc1ccc2c(O[C@@H]3C[C@H]4C(=O)N[C@]5(C(=O)NS(=O)(=O)C6CC6)C[C@H]5/C=C\CCCCCNC(=O)N4C3)nc(-c3ccc(F)cc3)nc2c1C,26.67,3.283539338193923,0.4264717519925805
1113,O=C(N[C@@H]1CCOC[C@@H]1C(=O)NO)c1ccc(Cn2c(C(F)(F)F)nc3ccccc32)cc1,26.67,3.283539338193923,0.4264717519925805
3587,N[C@H](CNc1ncc(-c2ccc3[nH]c(=O)oc3c2)s1)Cc1ccc(C(F)(F)F)cc1,26.67,3.283539338193923,0.4264717519925805
3633,COc1ccc([C@@H](C)N[C@H](C)c2ccccc2)cc1-c1ccc(C(F)(F)F)cc1,26.67,3.283539338193923,0.4264717519925805
3642,CNc1nccc(-c2cccnc2Oc2ccc(NC(=O)c3ccccc3Nc3ccc(F)cc3)cc2)n1,26.67,3.283539338193923,0.4264717519925805
4364,CC[C@@H]1C[C@](O)(C(F)(F)F)[C@@H](Nc2cc(F)cc3nc(C)ncc23)c2ccc(F)c(O)c21,26.67,3.283539338193923,0.4264717519925805
963,Cc1c(NS(C)(=O)=O)cccc1N(Cc1ccccc1)Cc1ccccc1,26.67,3.283539338193923,0.4264717519925805
4427,Cc1cc(C(=O)N[C@H]2CCCCC/C=C\[C@@H]3C[C@@]3(C(=O)NS(=O)(=O)C3(C)CC3)NC(=O)[C@@H]3C[C@@H](Oc4nc5cc(F)ccc5nc4C(F)(F)F)CN3C2=O)no1,26.67,3.283539338193923,0.4264717519925805
4387,Cn1cnc(S(=O)(=O)N2C[C@H]([C@H]3CCCCO3)[C@@H](Nc3cccc(OC(F)(F)F)c3)C2)c1,26.67,3.283539338193923,0.4264717519925805
3816,O=C(CN1CCC(c2ccccc2)(c2ccccc2)C1=O)N1CCN(C(c2ccccc2)c2ccccc2)CC1,26.67,3.283539338193923,0.4264717519925805
3963,COC(=O)N[C@H](C(=O)N[C@@H](Cc1ccc(-c2ccc(OC)nc2)cc1)[C@@H](O)C[C@@H](Cc1ccccc1F)C(=O)N[C@H]1c2cc(F)cc(C)c2OC[C@H]1O)C(C)(C)C,26.67,3.283539338193923,0.4264717519925805
3574,O=C(O)CC1CC2(CCN(C(=O)NC3C4CC5CC(C4)CC3C5)CC2)c2c(Br)cccc21,26.6,3.2809112157876537,0.4262932567726961
4330,CCCS(=O)(=O)N[C@H]1C[C@@H](N(C)c2ncnc3[nH]ccc23)C1,26.6,3.2809112157876537,0.4262932567726961
3790,CCOc1ncc(S(=O)(=O)N2CCN(CC)CC2)cc1-c1nc2c(CC)n(CCOC)nc2c(=O)[nH]1,26.6,3.2809112157876537,0.4262932567726961
1043,COc1cc(CC(=O)N2C[C@@H](F)C[C@H]2COc2ccc(C(=O)O)cc2)ccc1NC(=O)Nc1ccccc1Br,26.5,3.2771447329921766,0.4260374470839366
3674,NC(=O)c1ccc2c(c1)CCCN2c1ccc(CNCCC2=CCCCC2)cc1,26.5,3.2771447329921766,0.4260374470839366
933,O=C(O)[C@@H](CC1CCC1)N1C[C@H](CN2CCC(CCCc3ccccc3)CC2)[C@@H](c2ccccc2)C1,26.5,3.2771447329921766,0.4260374470839366
4412,FC1(F)CCC(c2nc3cnc(Nc4ccc(C(F)(F)F)cn4)cc3[nH]2)CC1,26.4,3.2733640101522705,0.4257806702484966
3828,Cc1ccc(Sc2ccc(O)cc2)c(Nc2ncnc3nc(C(C)C)ccc23)c1,26.33,3.270708973508218,0.4256003470837723
3910,Nc1ncnc2occ(-c3ccc4c(c3)CCN4C(=O)Cc3cc(F)ccc3F)c12,26.3,3.269568939183719,0.4255229189255778
947,CC(=O)NC[C@H]1CC(c2ccc(N3CCN(C(=O)CO)CC3)c(F)c2)=NO1,26.2,3.265759410767051,0.4252641856904869
3596,Cc1cc(OCc2ccc(F)cc2F)c(Br)c(=O)n1Cc1ccc(CNC(=O)CO)cc1,26.2,3.265759410767051,0.4252641856904869
4163,COCCCOc1cc(C(=O)N(C[C@@H]2CNC[C@H]2NC(=O)OCc2ccccc2)C(C)C)ccc1OC,26.17,3.2646137165420543,0.4251863731266112
3802,C=C[C@@H]1C[C@]1(NC(=O)[C@@H]1C[C@@H](Oc2cc(-c3nc(C(C)C)cs3)nc3c(Cl)c(OCCN4CCOCC4)ccc23)[C@H]2CC[C@H](C(C)C)C(=O)N21)C(=O)NS(=O)(=O)C1CC1,26.17,3.2646137165420543,0.4251863731266112
4186,CC(C)N1CCN(C(=O)c2ccc(CN3CCCCC3)cc2)CC1,26.1,3.261935314328648,0.4250044630333521
3443,OCCOCCNc1cc2c(NC3Cc4ccccc4C3)ncnc2cn1,26,3.258096538021482,0.424743743357815
3882,COc1cc(C)c(S(=O)(=O)N(C)CCOCC(=O)N2CCN(C3CCN(C)CC3)CC2)c(C)c1,26,3.258096538021482,0.424743743357815
3602,CC(=O)N1CCCC1(Cc1ccc(S(C)(=O)=O)cc1)C(=O)OCc1ccccc1,26,3.258096538021482,0.424743743357815
1015,COc1ccc2c(=O)n(C)c(CN(C)C)c(-c3ccccc3)c2c1,26,3.258096538021482,0.424743743357815
3437,CC(C)(C)NCc1ccc(Nc2ccnc3cc(Cl)ccc23)cc1O,26,3.258096538021482,0.424743743357815
3994,CC(C)N1C(=O)[C@H](NC(=O)[C@@H](Cc2ccccc2OC(F)(F)F)NC(=O)OC(C)(C)C)CCc2ccc(C(F)(F)F)cc21,26,3.258096538021482,0.424743743357815
1074,CCc1nc(N)nc(N)c1-c1ccc2c(c1)N(CCCC(F)(F)F)C(=O)[C@](C)(c1cc(F)cc(F)c1)O2,26,3.258096538021482,0.424743743357815
3827,CC(C)(C)n1cc2c(n1)C(=O)CC1(CCN(C(=O)c3ccc4[nH]cnc4c3)CC1)O2,26,3.258096538021482,0.424743743357815
950,O=C(O)C[C@@H](NC(=O)[C@@H]1CCCN1S(=O)(=O)c1cc(Cl)cc(Cl)c1)c1ccc(OC2CC2)cc1,26,3.258096538021482,0.424743743357815
991,CC(C)C[C@@H]1C(=O)N[C@H](C2Cc3ccccc3C2)C(=O)N1[C@@H](C(=O)NC(C)(C)C)c1ccc(N2CCC(O)CC2)cc1,26,3.258096538021482,0.424743743357815
3565,CN(C)c1ccc(C(=O)O)c(Oc2nc(Oc3cccc(-c4cccc(CN)c4)c3)c(F)cc2F)c1,26,3.258096538021482,0.424743743357815
4276,CCN/C(=N\S(=O)(=O)c1ccc(N)cc1)N1CC2(C=N1)CCCC2,26,3.258096538021482,0.424743743357815
3704,COCCCc1cc(CN(C(=O)[C@H]2CNCC[C@@H]2c2ccc(OCCOc3c(Cl)cc(C)cc3Cl)cc2)C2CC2)cc(OC[C@H]2C[C@@H]2C(=O)NS(C)(=O)=O)c1,26,3.258096538021482,0.424743743357815
1026,Cc1ccc(COC(=O)N2CCC(CNc3ncccn3)CC2)cc1,26,3.258096538021482,0.424743743357815
4225,COc1cc2ncnc(Nc3cccc(Cl)c3F)c2cc1OC(=O)N1CCN(C)[C@@H](C)C1,26,3.258096538021482,0.424743743357815
3950,C[S+]([O-])Cc1ccc(C(=O)Nc2nccnc2C(=O)NCC2CCC2)c2ccccc12,26,3.258096538021482,0.424743743357815
3449,CC(=O)Nc1ccc(S(=O)(=O)Nc2ccccc2C(=O)c2ccccc2)cc1,26,3.258096538021482,0.424743743357815
3675,C[C@H](NC(=O)c1cccc2c1N(Cc1cccc(Cl)c1)CC2)c1ccc(C(=O)O)cc1,26,3.258096538021482,0.424743743357815
4334,CNS(=O)(=O)c1ccc(OC)c(Nc2cc(Nc3ccc(Cl)cc3)ncn2)c1,26,3.258096538021482,0.424743743357815
4149,CC(=O)N1c2ccc(-c3ccc(C(=O)O)cc3)cc2[C@H](Nc2ccc(Cl)cc2)C[C@@H]1C,26,3.258096538021482,0.424743743357815
3753,Cn1c(-c2noc(C3CCN(C(=O)NC4CCCCC4)CC3)n2)nc2ccccc21,26,3.258096538021482,0.424743743357815
953,C[C@@]1(C(=O)N[C@@H](Cc2ccc(-c3ccccc3C(N)=O)cc2)C(=O)O)CCCN1S(=O)(=O)c1cc(Cl)cc(Cl)c1,26,3.258096538021482,0.424743743357815
3722,Cc1nc2ccccc2n1C1CC2CCC(C1)N2CCC1(c2ccccc2)CCN(C(=O)c2ccc3c(c2)CC(=O)NS3(=O)=O)CC1,26,3.258096538021482,0.424743743357815
1139,COc1ccc(N2C[C@@H](C)N[C@@H](C)C2)cc1NS(=O)(=O)c1ccc(-c2cccs2)cc1,26,3.258096538021482,0.424743743357815
945,CCN(c1ncccn1)C1CCN(C[C@H]2CN([C@H](CC3CCC3)C(=O)O)C[C@@H]2c2cccc(F)c2)CC1,26,3.258096538021482,0.424743743357815
3770,Cc1c(COc2cccc(OCC3CCOCC3)c2)[nH]c2ccccc2c1=O,26,3.258096538021482,0.424743743357815
4143,O=C(O)[C@H]1C2CCC(CC2)[C@@H]1Nc1nc(-c2c[nH]c3ncc(F)cc23)ncc1F,26,3.258096538021482,0.424743743357815
4220,Cc1nn(-c2ccnc(Nc3ccc4c(c3)c(Cl)c(C)n4C)n2)cc1CN1CC(O)C1,26,3.258096538021482,0.424743743357815
3582,Cc1cc2[nH]ncc2cc1NC(=O)c1cc(N(CC2CC2)C2CCCCC2)ncn1,26,3.258096538021482,0.8939004669898832
4210,CN(C)C[C@@]1(C(N)=O)CCCN1C(=O)Nc1nc2c(s1)-c1nc(C(C)(C)C)ncc1CC2,26,3.258096538021482,0.424743743357815
3680,CC(C)n1cc(C[C@H](NC(=O)c2c(Cl)cc3c(c2Cl)CCN(C(=O)c2ccc4ccoc4c2)C3)C(=O)O)nn1,26,3.258096538021482,0.424743743357815
4114,CO[C@H]1CN(c2nc(C)c(C(=O)O)s2)CC[C@H]1NC(=O)c1[nH]c(C)c(Cl)c1Cl,26,3.258096538021482,0.424743743357815
3685,c1cncc(-c2cc(Nc3cnc4ccccc4c3)nc(N3CCOCC3)n2)c1,26,3.258096538021482,0.424743743357815
4393,C[C@@H]1CN(CC(=O)N2CC(C)(C)c3ncc(Cc4ccc(F)cc4)cc32)[C@@H](CN2CCOC[C@H]2C)CN1,26,3.258096538021482,0.424743743357815
3809,CC(C)Nc1ncc2nc(Nc3c(F)cc(F)cc3F)n([C@H]3CC[C@@H](C(=O)N4CCOCC4)CC3)c2n1,26,3.258096538021482,0.424743743357815
3572,Cc1ccc2[nH]c3c(c2c1)CCN(C(=O)CCN)C3c1ccccc1,26,3.258096538021482,0.424743743357815
972,CCCC[C@H](NC(=O)O[C@@H]1C(=O)N(C(=O)Cc2ccccc2)CC1(C)C)C(=O)C(=O)N[C@H](C)c1ccccc1,26,3.258096538021482,0.424743743357815
4196,NS(=O)(=O)c1ccc(OCCCN2CCC(C(O)(c3cccc(F)c3)c3nccs3)CC2)cc1,26,3.258096538021482,0.424743743357815
893,O=C(Cn1cc(C(F)(F)F)ccc1=O)NCc1cc2cc(C(=O)N3CCC(N4C(=O)OCc5ccccc54)CC3)cnc2o1,26,3.258096538021482,0.424743743357815
4035,CCOc1ccc(F)c([C@@H](Nc2ccc3c(N)nccc3c2)C(=O)N2CCC[C@@H]2c2cc(NC(=O)OC)ccc2S(=O)(=O)C(C)C)c1,26,3.258096538021482,0.424743743357815
3736,CC(C)N(C(=O)CCC1(c2ccc(Cl)cc2)c2ccccc2-c2nccn21)C(C)C,26,3.258096538021482,0.424743743357815
3846,Cc1ccc(C(=O)NC2CC2)cc1-n1cnc2ccc(N3CCN(C)CC3)cc2c1=O,26,3.258096538021482,0.424743743357815
4167,Cn1cc(-c2ccc(-c3cncc(Cl)c3N3CCC4(CCNC4=O)CC3)cc2)cn1,26,3.258096538021482,0.424743743357815
3844,COc1ccccc1-n1nc(C2CCN(S(C)(=O)=O)CC2)cc1-c1ccc(Cl)cc1,26,3.258096538021482,0.424743743357815
3389,CCNC(=O)O[C@]1(C(=O)CO)[C@@H](C)C[C@H]2[C@@H]3CCC4=CC(=O)C=C[C@]4(C)[C@@]3(F)[C@@H](O)C[C@@]21C,26,3.258096538021482,0.424743743357815
3754,Cn1c(-c2noc(N3CCN(C(=O)NC4CCCCC4)CC3)n2)nc2ccccc21,26,3.258096538021482,0.424743743357815
3695,CCC(C)(C)NC(=O)NS(=O)(=O)c1cnccc1NC1CC2CCC1C2,26,3.258096538021482,0.424743743357815
3662,CC(CO)(CO)C(=O)N1CCC(CCN2CCC(N(C(=O)NCc3ccc(C#N)cc3)c3cccc(F)c3)CC2)(c2cccc(F)c2)CC1,26,3.258096538021482,0.424743743357815
4262,O=c1[nH]nc2c3c(cccc13)N[C@H](c1ccc(CN3CCC3)cc1)[C@H]2c1ccc(F)cc1,26,3.258096538021482,0.424743743357815
4375,COCCCCn1c(C(=O)N(CC(C)C)[C@@H]2CNC[C@H](C(=O)N3CCOCC3)C2)nc2ccccc21,25.9,3.254242968705492,0.4244820189796975
3561,CCc1nn(CCO)c(CC)c1Oc1cc(C#N)cc(C#N)c1,25.9,3.254242968705492,0.4244820189796975
4323,C[C@]1(O)CCN(c2nc(N3C[C@H](O)[C@@H](O)C3)cc(C(F)(F)F)c2C#N)C1,25.9,3.254242968705492,0.4244820189796975
3829,CCc1n[nH]c2ncnc(N3CCN(c4cc(Cl)ccc4C)CC3)c12,25.82,3.2511493854184965,0.4242719108706819
3739,Cl.N#Cc1c(-c2ccc(C(F)(F)F)cc2)cc(NCCN2CCCC2)n2c1nc1ccccc12,25.8,3.250374491927572,0.8933760057577117
3941,CCN1CCC(Oc2ccc(C(=O)Nc3ccc(NC(=O)Nc4cc(C(C)(C)C)on4)cc3)nc2)CC1,25.8,3.250374491927572,0.4242192821256434
3970,Cn1nc(-c2cnc3[nH]cc(C(=O)NC(C)(C)C)c3n2)c2cc(CO)ccc21,25.8,3.250374491927572,0.4242192821256434
4258,COc1cccc(CNC(=O)c2cc(-c3nnn(CC4COCCO4)n3)cc(C)n2)c1,25.8,3.250374491927572,0.4242192821256434
4108,Cc1cc2[nH]ncc2cc1-c1ccccc1C(F)(F)F,25.7,3.246490991901174,0.4239555249317321
3518,O=C(O)c1ccc(-c2c[nH]c3ncc(-c4ccccc4)cc23)cc1C1CCCC1,25.7,3.246490991901174,0.4239555249317321
4088,CN1C[C@@]2(CCN(C(=O)c3nn4c(C(F)(F)F)cc(C5CC5)cc4c3Cl)C[C@@H]2O)OC1=O,25.7,3.246490991901174,0.4239555249317321
4248,COc1ccc2c3c([nH]c2c1)[C@H](CC(C)C)N1C(=O)[C@H](C)NC(=O)[C@@H]1C3,25.67,3.245322994883049,0.4238761976203112
4269,CNc1nc(Nc2ccc(C)c(N)c2)ncc1C(=O)Nc1cc(NC(=O)c2cccc(C(F)(F)F)c2)ccc1C,25.64,3.2441536320524693,0.4237967775464702
1073,CC(C)(C#Cc1ccc(NC(=O)CSc2nnnn2-c2ccc(C3CC3)cc2Cl)c(Cl)c1)NC(=O)CN,25.6,3.242592351485517,0.4236907394420675
3801,N#Cc1cc(Cl)cc(Oc2c(Cl)ccc3c2ncn3Cc2n[nH]c3ncccc23)c1,25.6,3.242592351485517,0.4236907394420675
3622,Cc1ccc(C(=O)Nc2ccc(CN3CCN(CCO)CC3)c(C(F)(F)F)c2)cc1C#Cc1cnc2cccnn12,25.5,3.2386784521643803,0.4234249176073367
1112,O=C1c2c(c(N3CCCS3(=O)=O)c3cccnc3c2O)CN1Cc1ccc(F)cc1,25.5,3.2386784521643803,0.4234249176073367
3797,O=C(N[C@H]1CCCc2cc(CN3CCCCC3)ccc21)c1ccc(-c2coc3cccc(F)c3c2=O)cc1,25.5,3.2386784521643803,0.4234249176073367
4409,CCN(CC)[C@@H](C)CNC(=O)c1cc(-c2cnn3ccc(-c4cccs4)nc23)nc(N2CC(OC)C2)c1,25.5,3.2386784521643803,0.4234249176073367
4174,Cc1cc(-c2cc(F)c3nnc([C@@H](C)c4ccc5ncccc5c4)n3c2)sn1,25.5,3.2386784521643803,0.4234249176073367
957,CCNC(=O)[C@H]1CCCN1C(=O)[C@H](CCCN=C(N)N)NC(=O)[C@H](CC(C)C)NC(=O)[C@@H](CC(C)C)NC(=O)[C@H](Cc1ccc(O)cc1)NC(=O)[C@H](CO)NC(=O)[C@H](Cc1c[nH]c2ccccc12)NC(=O)[C@H](Cc1ccccc1)NC(=O)[C@@H]1CCC(=O)N1,25.4,3.2347491740244907,0.423158051283343
925,CCNC(=O)[C@@H]1CCCN1C(=O)[C@H](CCCN=C(N)N)NC(=O)[C@H](CC(C)C)NC(=O)[C@@H](CC(C)C)NC(=O)[C@H](Cc1ccc(O)cc1)NC(=O)[C@H](CO)NC(=O)[C@H](Cc1c[nH]c2ccccc12)NC(=O)[C@H](Cc1ccccc1)NC(=O)[C@@H]1CCC(=O)N1,25.4,3.2347491740244907,0.423158051283343
3632,Cc1nc2nc(C(=O)N3CCOCC3)cn2c(-c2ccc(Cl)cc2Cl)c1CN,25.4,3.2347491740244907,0.423158051283343
924,C/C(=C(\F)C(=O)Nc1ccc(-c2ccccc2S(N)(=O)=O)cc1F)c1ccc2ccnc(N)c2c1,25.3,3.2308043957334744,0.4228901322295081
1125,COCCn1cc(-c2ccccc2)cc(NC(=O)N2CCC(n3c(=O)[nH]c4ncccc43)CC2)c1=O,25.3,3.2308043957334744,0.4228901322295081
3938,Cn1cc([C@@H]2N[C@@H](c3nc(-c4ccc(F)cc4)c[nH]3)Cc3c2[nH]c2ccccc32)cn1,25.3,3.2308043957334744,0.4228901322295081
3905,Fc1ccc2[nH]ccc2c1-c1nc(N2CCOCC2)c2sc(CN3CCN4CCOC[C@H]4C3)cc2n1,25.2,3.2268439945173775,0.4226211521073451
952,CCCC(=O)O.C[C@@H]1CN(C(=O)N2Cc3c(C(=O)OC(C)(C)C)ncn3-c3ccc(Cl)cc32)C[C@H](C)N1,25.17,3.2256528091472245,0.4225402499035279
3731,CCc1nn2ccc3c(c2c1CCNC(C)=O)CCO3,25.1,3.2228678461377385,0.4223511024789018
3760,CC(=O)N1CCC(c2ccc(Nc3nc(N)n(-c4ccccn4)n3)cc2)C1,25.1,3.2228678461377385,0.4223511024789018
3585,N[C@H](CNc1nnc(-c2ccc3cnccc3c2)s1)Cc1ccc(C(F)(F)F)cc1,25,3.2188758248682006,0.4220799748051719
4396,Cc1ccc(S(=O)(=O)c2cc(Cl)c(O)c3ncccc23)cc1,25,3.2188758248682006,0.4220799748051719
1108,COc1cc(NC(=O)c2ccc(-c3ccc(Cl)cc3)o2)cc(OC)c1,25,3.2188758248682006,0.4220799748051719
1088,Cc1ccc2c(OCCN3CCC(Cc4ccc5c(c4)NC(=O)CO5)CC3)cc(Cl)cc2n1,25,3.2188758248682006,0.4220799748051719
4030,Cc1nc(N2CCN(C)CC2)c2nc(-c3ccccc3Cl)n(CCS(C)(=O)=O)c2n1.Cl,25,3.2188758248682006,0.4220799748051719
3492,C[C@H](NC(=O)C(C)(C)Oc1ccccn1)[C@@H](Cc1ccc(Cl)cc1)c1ccccc1,25,3.2188758248682006,0.4220799748051719
3897,COc1cc(C2CCN(C(=O)C(C)(C)N)CC2)ccc1Nc1ncc2ccc(-c3ccccc3OC)n2n1,25,3.2188758248682006,0.4220799748051719
4233,CCc1cc2c(cc1N1CCN(C[C@@H]3CCC(=O)N3)CC1)C(C)(C)c1[nH]c3cc(C#N)ccc3c1C2=O,25,3.2188758248682006,0.4220799748051719
4022,Cc1cc(F)ccc1[C@H]1C[C@H](N2CCN3C(=O)CC[C@H]3C2)CCN1C(=O)N(C)[C@H](C)c1cc(C(F)(F)F)cc(C(F)(F)F)c1,25,3.2188758248682006,0.4220799748051719
3414,Cc1cccc(C)c1CS(=O)(=O)NCCc1c(CCS(=O)(=O)c2ccc(C(=O)O)cc2)c2cc(Cl)ccc2n1C(c1ccccc1)c1ccccc1,25,3.2188758248682006,0.4220799748051719
970,CCCC[C@@H](/C=N/NS(=O)(=O)N(C)C)NC(=O)OC(C)(C)C,25,3.2188758248682006,0.4220799748051719
3853,CC[C@H](C)[C@@H]1C(=O)N[C@H](C2Cc3ccccc3C2)C(=O)N1[C@@H](C(=O)NC)c1ccc(C)nc1C,25,3.2188758248682006,0.4220799748051719
922,CCNC(=O)[C@@H]1CCCN1C(=O)[C@H](CCCN=C(N)N)N(C)C(=O)[C@H](CC(C)C)NC(=O)[C@@H](Cc1c[nH]c2ccccc12)NC(=O)[C@H](Cc1ccc(O)cc1)NC(=O)[C@H](CO)NC(=O)[C@H](Cc1c[nH]c2ccccc12)NC(=O)[C@H](Cc1c[nH]cn1)NC(=O)[C@@H]1CCC(=O)N1,25,3.2188758248682006,0.4220799748051719
3463,Cc1cccc2nc(C)n(-c3ccc(OC4CCN(C5CCC5)CC4)cc3)c(=O)c12,25,3.2188758248682006,0.4220799748051719
3438,CC(=O)Nc1cc(-c2cccc(N3CCOCC3)n2)nc(-n2nc(C)cc2C)n1,25,3.2188758248682006,0.4220799748051719
1089,Cc1ccc2c(OCCN3CCC(Cc4ccc5c(c4)NC(=O)CO5)CC3)cc(F)cc2n1,25,3.2188758248682006,0.4220799748051719
1018,CC1=C(C(=O)Nc2cc3cn[nH]c3cc2F)C(c2ccc(C(F)(F)F)cc2)CC(=O)N1,25,3.2188758248682006,0.4220799748051719
3803,Cc1n[nH]c(=O)cc1-c1ccc(OC2CCN(C3CCC3)CC2)cc1,25,3.2188758248682006,0.4220799748051719
4325,O=C(Cn1c(-c2cccs2)cc2ccccc21)NCc1nc2ccccc2[nH]1,25,3.2188758248682006,0.4220799748051719
3876,COc1cnc(-c2cccc3c2C[C@H](NC(=O)c2ccc(COCC(F)(F)F)nc2)CO3)cn1,25,3.2188758248682006,0.4220799748051719
3484,COc1ccccc1CNC1(CCC(C)(C)C)C(=O)C(C2=NS(=O)(=O)c3cc(NS(C)(=O)=O)ccc3N2)=C(O)c2ccccc21,25,3.2188758248682006,0.4220799748051719
3808,CC(C)Nc1ncc2nc(Nc3c(F)cc(F)cc3F)n([C@H]3CC[C@@H](C(N)=O)CC3)c2n1,25,3.2188758248682006,0.4220799748051719
4070,COc1ccc2c(c1)[C@@H]1C[C@]1(C(=O)N1CC34CN(C)CC3(CN(C)C4)C1)Cn1c-2c(C2CCCCC2)c2ccc(C(=O)NS(=O)(=O)C(C)C)cc21,25,3.2188758248682006,0.4220799748051719
4287,CC[C@H](C)[C@H](NC(=O)[C@H](Cc1ccccc1)NC(=O)[C@H](CC(=O)O)NC(=O)[C@H](CCCNC(=N)N)NC(=O)[C@H](C)NC(=O)[C@H](C)NC(=O)[C@H](CC(C)C)NC(=O)[C@H](CC(N)=O)NC(=O)[C@H](CC(=O)O)NC(=O)[C@H](CC(C)C)NC(=O)[C@@H](NC(=O)[C@@H](NC(=O)[C@H](CC(N)=O)NC(=O)[C@H](CCSC)NC(=O)[C@H](CCC(=O)O)NC(=O)[C@H](CC(=O)O)NC(=O)[C@H](CO)NC(=O)[C@H](Cc1ccccc1)NC(=O)[C@H](CO)NC(=O)CNC(=O)[C@H](CC(=O)O)NC(=O)[C@H](C)NC(=O)[C@@H](N)Cc1cnc[nH]1)[C@@H](C)O)[C@@H](C)CC)C(=O)N[C@@H](CC(N)=O)C(=O)N[C@@H](Cc1c[nH]c2ccccc12)C(=O)N[C@@H](CC(C)C)C(=O)N[C@H](C(=O)N[C@@H](CCC(N)=O)C(=O)N[C@H](C(=O)N[C@@H](CCCCN)C(=O)N[C@H](C(=O)N[C@H](C(=O)N[C@@H](CC(=O)O)C(=O)O)[C@@H](C)O)[C@@H](C)CC)[C@@H](C)O)[C@@H](C)CC,25,3.2188758248682006,0.4220799748051719
1048,Cc1nccn1-c1ccc(N2CCC(Oc3ccccc3Cl)CC2)nn1,25,3.2188758248682006,0.4220799748051719
3568,CC(=O)N1c2ccccc2C[C@H]1COc1ccc2c(c1)c(SC(C)(C)C)c(CC(C)(C)C(=O)O)n2Cc1ccc(Cl)cc1,25,3.2188758248682006,0.4220799748051719
4275,O=C(NCc1cc(Cl)ccc1-n1cnnn1)[C@@H]1CC=NN1C(=O)[C@H](O)c1ccc(F)cc1,25,3.2188758248682006,0.4220799748051719
3976,Cc1cccc(Nc2ccc3c(cnn3-c3cccc(C(=O)NCCN4CCN(C5CCC5)CC4)c3)c2)c1Cl,25,3.2188758248682006,0.4220799748051719
3543,Cc1cc(Nc2cnc(C#N)c(N[C@@H](C)c3ccc(F)cn3)n2)n[nH]1,25,3.2188758248682006,0.4220799748051719
1116,O=C(N[C@@H]1CCC[C@@H]1C(=O)NO)c1ccc(Cn2c(C3CC3)nc3ccccc32)cc1,25,3.2188758248682006,0.4220799748051719
3863,O=C(Nc1cccc(-c2nc3ccccc3[nH]2)c1)c1ccc2c(c1)OCCO2,25,3.2188758248682006,0.4220799748051719
4044,CNC(=O)c1c(-c2ccc(F)cc2)oc2cc(N(CCOCB(O)O)S(C)(=O)=O)c(C3CC3)cc12,25,3.2188758248682006,0.4220799748051719
3962,CC(C)Nc1nc2c(C(=O)N(C)C)c(Cl)c(Cl)cc2n1C1CCN(c2ccc(C3(C#N)CCOCC3)cc2)CC1,25,3.2188758248682006,0.4220799748051719
3885,Cc1ccc2[nH]c(=O)n(C3CCN(C4CCOCC4)CC3)c2c1,25,3.2188758248682006,0.4220799748051719
4240,Cc1cccc2c(=O)[nH]c3c(c12)COC(C(C)(C)CO)C3,25,3.2188758248682006,0.4220799748051719
4296,C[C@H](NC(=O)c1c(CN2CCC(N3CCCCC3)CC2)c(-c2cccc(C(F)(F)F)c2)nc2ccccc12)c1ccccc1,25,3.2188758248682006,0.4220799748051719
4342,Cc1c([C@@H](O)CN2CCC3(CC2)CCN(c2ccc(=O)n(C)n2)C3=O)ccc2c1COC2=O,25,3.2188758248682006,0.4220799748051719
4360,C[C@@]1(O)CC[C@H]2[C@H](CC[C@@H]3[C@@H]2CC[C@]2(C)[C@@H](C(=O)Cn4ccc(C#N)n4)CC[C@@H]32)C1,25,3.2188758248682006,0.4220799748051719
3890,Cn1cc(C2=C(c3nc(N4CCNCC4)nc4ccccc34)C(=O)NC2=O)c2ccccc21,25,3.2188758248682006,0.4220799748051719
918,O=C(N[C@@H](Cc1ccc2oc(-c3c(Cl)cccc3Cl)nc2c1)C(=O)O)c1c(Cl)cncc1Cl,25,3.2188758248682006,0.4220799748051719
3439,CC(=O)Nc1cc(-c2cccc(N3CCN(C)CC3)n2)nc(-n2nc(C)cc2C)n1,25,3.2188758248682006,0.4220799748051719
4438,CC1(C)CC(Oc2ccc(-c3ccc(-c4cn[nH]c4)cc3O)nn2)CC(C)(C)N1,25,3.2188758248682006,0.4220799748051719
3947,N#CC1(n2cc([C@@H](NC(=O)c3ccsc3)C3CCOCC3)nn2)CC1,25,3.2188758248682006,0.4220799748051719
4045,Cc1nc2c(s1)CC[C@H]2C(=O)Nc1ccc(C[C@@H]2CC[C@H]([C@H](O)c3cccnc3)N2)cc1,25,3.2188758248682006,0.4220799748051719
1090,Cc1nnsc1C1=NNC(=O)/C1=C\c1cn(C)c2ccc(F)cc12,25,3.2188758248682006,0.4220799748051719
3656,N#Cc1ccc(CNC(=O)N(c2cccc(F)c2)C2CCN(CCC3(c4cccc(F)c4)CCN(C(=O)c4c(F)ccc(S(N)(=O)=O)c4F)CC3)CC2)cc1,25,3.2188758248682006,0.4220799748051719
4207,N#Cc1cc(C#N)cc(-c2cc(-c3ccc(F)cn3)ncn2)c1,25,3.2188758248682006,0.4220799748051719
1051,CC(=O)Nc1nc2c(Oc3cc(N4CCN(CC(C)(C)C)CC4)ncn3)cccc2s1,25,3.2188758248682006,0.4220799748051719
3713,CCCOc1cc(Cl)c(-c2c(C)nn3c(NCCNC4CCOCC4)cc(C)nc23)c(Cl)c1,25,3.2188758248682006,0.4220799748051719
3660,Cn1cc(Cl)c(C(=O)N2CCC(CCN3CCC(N(C(=O)NCc4ccc(C#N)cc4)c4cccc(F)c4)CC3)(c3cccc(F)c3)CC2)n1,25,3.2188758248682006,0.4220799748051719
965,CC(C)(C)N1CCC(c2cc3c(ccc(=O)n3-c3c(Cl)cccc3Cl)c(-c3ccccc3Cl)n2)CC1,25,3.2188758248682006,0.4220799748051719
1038,COC(=O)c1ccc(Cl)cc1-c1ccc([C@@H](C)Nc2nccc(Cl)c2NC(=O)CC#N)cc1,25,3.2188758248682006,0.4220799748051719
3523,N[C@H]1Cn2c(nc3ccc(F)cc32)C[C@@H]1c1cc(F)c(F)cc1F.O=C(O)C(F)(F)F,25,3.2188758248682006,0.4220799748051719
1131,C[C@H](CO)Nc1nc(SCc2ccccc2F)nc2nc(N)sc12,25,3.2188758248682006,0.4220799748051719
3541,C=C[C@@H]1C[C@]1(NC(=O)[C@@H]1C[C@@H]2CN1C(=O)[C@H](C1CCCC1)Nc1nc(cs1)CCC/C=C/c1cccc3c1CN(C3)C(=O)O2)C(=O)NS(=O)(=O)C1CC1.O=C(O)C(F)(F)F,25,3.2188758248682006,0.4220799748051719
3625,CC(C)N(CC(C1CCCCC1)N1CCN(C(=O)[C@@H]2CN(C(C)(C)C)C[C@H]2c2ccc(F)cc2F)CC1)S(C)(=O)=O,25,3.2188758248682006,0.4220799748051719
3749,CCCCN1C(=O)[C@@H]([C@H](O)C2CCCCC2)NC(=O)C12CCN(Cc1ccc(Oc3ccc(NS(C)(=O)=O)cc3)cc1)CC2.Cl,25,3.2188758248682006,0.4220799748051719
3607,CCC/N=C1\S/C(=C\c2ccc(OC[C@@H](O)CO)c(Cl)c2)C(=O)N1c1ccccc1C,25,3.2188758248682006,0.4220799748051719
3822,Cc1n[nH]c(=O)cc1-c1ccc(OCCCN2CCC[C@H]2C)cc1,25,3.2188758248682006,0.4220799748051719
1055,C[C@H](O)c1ccc(-c2ccc(N3C[C@H](Cn4ccnn4)OC3=O)cc2F)cn1,25,3.2188758248682006,0.4220799748051719
4424,C[C@H](Nc1c(C(N)=O)nnc2ccc(-c3ccc(OCCCN(C)C)nc3)cc12)C1CCOCC1,25,3.2188758248682006,0.4220799748051719
4223,CNC(=O)C1Cc2cc(-c3ccccc3)ccc2N1C(=O)COc1ccc(F)cc1,25,3.2188758248682006,0.4220799748051719
4036,C[C@H](Nc1nc(Nc2cn(C)cn2)c2cnn(C)c2n1)c1ncc(F)cn1,25,3.2188758248682006,0.4220799748051719
4183,OC[C@H]1NC[C@@H](O)[C@@H]1O,25,3.2188758248682006,0.4220799748051719
4349,CNC(=O)c1c[nH]c2c(C(C)C)nc(N3CCCc4cc(-c5cnn(C)c5)c(C(F)F)cc43)cc12,25,3.2188758248682006,0.4220799748051719
3985,O=C(Nc1ccc(C(F)(F)F)nc1)c1ccc(C2(C(F)(F)F)CC2)cc1,25,3.2188758248682006,0.4220799748051719
3516,O=C(Cn1cnc(NC(=O)c2ccc(Cl)s2)n1)Nc1ccc(-n2ccccc2=O)cc1F,25,3.2188758248682006,0.4220799748051719
969,CC(C)(CO)Nc1nc(SCc2cccc(F)c2F)nc2nc(N)sc12,25,3.2188758248682006,0.4220799748051719
3949,CCOC(=O)C1=C[C@@H](OC(CC)CC)[C@H](NC(C)=O)[C@@H](N)C1.O=P(O)(O)O,25,3.2188758248682006,0.4220799748051719
3830,CC(C)S(=O)(=O)NC[C@H]1CC[C@H](NC(=O)CN2CCc3cc(Cl)ccc32)CC1,25,3.2188758248682006,0.4220799748051719
4161,C[C@H](CO)Nc1cc(NS(=O)(=O)N2CCOCC2)nc(SCc2cccc(F)c2F)n1,25,3.2188758248682006,0.4220799748051719
3956,COCCCOc1cc(C(=O)N(C[C@@H]2CNC[C@H]2Cc2ccccc2)C(C)C)ccc1OC.Cl,25,3.2188758248682006,0.4220799748051719
4121,CCOc1ccc(C[C@@H]2NC(=O)CCCSC[C@@H](C(=O)N3C[C@@H](O)C[C@H]3C(=O)N[C@@H](CC(C)C)C(=O)NCC(N)=O)NC(=O)[C@H](CC(N)=O)NC(=O)[C@H](CCC(N)=O)NC(=O)[C@H]([C@@H](C)CC)NC2=O)cc1,25,3.2188758248682006,0.4220799748051719
3578,COc1cc2c(cc1OC)[C@@H]1C[C@H](N)[C@@H](N3CCCCC3=O)CN1CC2,25,3.2188758248682006,0.4220799748051719
3477,Cc1ccc(-c2ccc(S(=O)(=O)N3CCC[C@H]3C(=O)N3CC[C@@H](N)C3)cc2F)o1,25,3.2188758248682006,0.4220799748051719
4085,O=C(c1cc(-n2ccc3ccccc32)c(O)cc1O)N1Cc2ccccc2C1,25,3.2188758248682006,0.8912366984372402
3465,CNC(=O)c1c(NCC2CCC3(CCC3)CC2)nc(C#N)nc1OCCO,25,3.2188758248682006,0.4220799748051719
967,CSc1ccc(-c2ccccc2C2CCC(F)CC2C(=O)NCC#N)cc1,25,3.2188758248682006,0.4220799748051719
3583,Cc1cc(S(=O)(=O)NCCC(=O)O)ccc1NC(=O)c1cc(N(CC2CC2)C2CCCCC2)ncn1,25,3.2188758248682006,0.8912366984372402
3817,O=C(CN1CCCC(c2ccccc2)(c2ccccc2)C1=O)N1CCN(C(c2ccccc2)c2ccccc2)CC1,25,3.2188758248682006,0.4220799748051719
944,CC(=O)NC[C@H]1CN(c2ccc(N3CCN(C(=O)CO)CC3)c(F)c2)C(=O)O1,24.95,3.2168738221975275,0.4219440040048551
1068,O=C(O)CCc1ccc(NCc2cccc(Oc3ccccc3)c2)cc1,24.9,3.214867803470662,0.4218077604444754
3977,NC(=O)c1c(Nc2ccc(I)cc2F)cc(F)cc1OCC[C@@H](O)CO,24.83,3.2120525995200753,0.4216165591339958
1041,O=C(C[C@@H](NS(=O)(=O)c1cccc(C(F)(F)F)c1)c1ccc(F)cc1)N[C@@H]1CCOc2cc(CN3CCCCC3)ccc21,24.8,3.2108436531709366,0.4215344506508052
4107,Cn1ncc(C(=O)N2CCC(Nc3cc(=O)n(C)c4ccccc34)CC2)c1Cl,24.8,3.2108436531709366,0.4215344506508052
4188,N#Cc1cc2c(cn1)[nH]c1ncc(-c3ccc(CN4CCCCC4)cc3)cc12,24.7,3.2068032436339315,0.421260036572142
4234,CC1(C)c2cc(C3CCN(C(=O)C4COCCN4)CC3)ccc2C(=O)c2c1[nH]c1cc(C#N)ccc21,24.67,3.2055879305412653,0.421177495676335
3408,CN(c1ccc(NC(=O)C(C)(O)C(F)(F)F)c(Cl)c1)S(=O)(=O)c1ccc(C#N)cc1,24.6,3.202746442938317,0.4209845092487329
4434,CC1=Nc2c(F)cc(-c3nc(Nc4ccc(C5CCNCC5)cn4)ncc3F)cc2C12CCCC2,24.6,3.202746442938317,0.4209845092487329
3887,Cc1cnc(-c2c(F)ccc(F)c2CCNC(=O)c2ccc(COCC(F)(F)F)nc2)cn1,24.6,3.202746442938317,0.4209845092487329
3716,CC[C@H]1OC(=O)[C@H](C)[C@@H](O[C@H]2C[C@@](C)(OC)[C@@H](O)[C@H](C)O2)[C@H](C)[C@@H](O[C@@H]2O[C@H](C)C[C@H](N(C)C)[C@H]2O)[C@](C)(O)C[C@@H](C)CN(CCCN(CCC#N)C(=S)NCCCc2ccccc2)[C@H](C)[C@@H](O)[C@]1(C)O,24.5,3.1986731175506815,0.4207078596113369
3697,C=Cn1ncc2c1nc(N)n1c(=O)n(Cc3ccccc3)nc21,24.4,3.1945831322991562,0.4204300784794333
3868,N#Cc1ccc(C(O)(c2ccc(C(F)(F)F)cc2)c2cccnc2)cc1,24.4,3.1945831322991562,0.4204300784794333
3530,CS(=O)(=O)N1CC2(CCN(C(=O)Nc3ccc(-c4ccccn4)cc3)CC2)c2ccccc21,24.4,3.1945831322991562,0.4204300784794333
4374,O=C1CCc2cc(NC(=O)C[C@]3(O)CC[C@@H](Cc4ccccc4)CC3)ccc2N1,24.4,3.1945831322991562,0.4204300784794333
3924,COCC(=O)N[C@@H](Cc1cccc(-c2nccs2)c1)[C@H](O)CN[C@H]1CC2(CCC2)Oc2ncc(CC(C)(C)C)cc21,24.33,3.1917101567954314,0.4202349534757286
875,O=C1NCc2c(-c3ccc(F)cc3Cl)cc(C3CCN(CC4CCC4)CC3)cc2N1c1c(Cl)cccc1Cl,24.2,3.186352633162641,0.419871084442616
3966,COc1ccc(-c2ccc3ncc4c(c3n2)n(C2CCN(C)CC2)c(=O)n4C)cn1,24.2,3.186352633162641,0.419871084442616
4339,Cc1c([C@@H](O)CN2CCC3(CC2)CCN(c2ccc(S(C)(=O)=O)cn2)C3)ccc2c1COC2=O,24.2,3.186352633162641,0.419871084442616
3785,CCCOc1cc(Cl)cc2c1n(C)/c(=N/c1ccc(OC(F)(F)F)cc1)n2Cc1ccc(C(=O)Nc2nnn[nH]2)cc1,24.2,3.186352633162641,0.419871084442616
1080,Cc1nc(N2CCCC2)ncc1-c1ccc2cc(CCN3CCC[C@H]3C)ccc2n1,24.17,3.1851121947153915,0.4197868370982509
3418,CNc1noc2c(-c3ccc4c(N5CCOC[C@@H]5C)nncc4c3)c(C)ccc12,24.12,3.1830413718589847,0.419646192210397
4191,c1cc(Nc2cc(C3CC3)[nH]n2)nc(NCc2ccc3[nH]cnc3c2)n1,24.1,3.1822118404966093,0.4195898526036211
3564,Fc1ccc(-c2nn3c(NC4CCCC4)nccc3c2-c2ccnc(NC3CCCC3)n2)cc1,24.1,3.1822118404966093,0.4195898526036211
3397,CCCCC1C(=O)N(C[C@H]2CC[C@H](OCC)CC2)CCC12CCN(C1(C)CCN(C(=O)c3c(C)ncnc3C)CC1)CC2,24.1,3.1822118404966093,0.4195898526036211
3927,CC(C)(C)c1ccc(S(=O)(=O)N2Cc3ccc(C(F)(F)F)nc3Nc3ccc(C(C)(C)O)c(F)c32)cc1,24,3.1780538303479458,0.4193074513981077
980,CN(C)C(=O)[C@@H](NC(=O)CNC(=O)C(=O)C(CC1CC1)NC(=O)[C@@H]1[C@@H]2[C@H](CN1C(=O)[C@@H](NC(=O)OC(C)(C)C)C(C)(C)C)C2(C)C)c1ccccc1,24,3.1780538303479458,0.4193074513981077
4104,O=c1cc([C@H]2CCN[C@@H](CCc3ccccc3)C2)o[nH]1,24,3.1780538303479458,0.4193074513981077
908,N[C@H](C(=O)N1CC[C@H](F)C1)[C@H]1CC[C@H](NS(=O)(=O)c2ccc(F)cc2F)CC1,24,3.1780538303479458,0.4193074513981077
3750,COc1cc(-c2cn(Cc3ccc(C(C)(C)C)cc3)nn2)ccc1-n1cnc(C)c1,24,3.1780538303479458,0.4193074513981077
4072,COc1ccc2c(c1)[C@@H]1C[C@]1(C(=O)N1CC34CCC3(CN(C)C4)C1)Cn1c-2c(C2CCCCC2)c2ccc(C(=O)NS(=O)(=O)C(C)C)cc21,24,3.1780538303479458,0.4193074513981077
4062,Nc1ncnc2c1C(=O)N(c1ccc(-c3cccc(Cl)c3Cl)cc1)CCO2,24,3.1780538303479458,0.4193074513981077
3387,CNC(=O)c1cc(F)ccc1CNC(=O)c1nc(C(C)(C)C)n(C)c(=O)c1O,24,3.1780538303479458,0.4193074513981077
3873,CCc1csc(CN2CCO[C@@H](Cn3nnc4c(N)nc(C)nc43)C2)n1,24,3.1780538303479458,0.4193074513981077
3779,C[C@@H]1CN[C@@H](C2CC2)C(=O)N(C)[C@H](C)C(=O)N[C@H](Cc2ccc(F)cc2)C(=O)NCCCc2ccccc2O1.Cl.O,24,3.1780538303479458,0.4193074513981077
3940,CCN1CCC(Cc2ccc(C(=O)Nc3ccc(NC(=O)Nc4cc(C(C)(C)C)on4)cc3)nc2)CC1,24,3.1780538303479458,0.4193074513981077
4284,COc1cc(-c2cnn(C)c2)ccc1Nc1ncc2ccnc(N[C@@H](C)C(C)(C)C)c2n1,24,3.1780538303479458,0.4193074513981077
3783,CCC[C@@H](Cc1ccc(C(=O)NCCC(=O)O)cc1)C(=O)c1cc2cc(Cl)ccc2n1-c1cccc(C(F)(F)F)n1,24,3.1780538303479458,0.4193074513981077
4236,N[C@H]1C[C@@H](N2Cc3[nH]nc(NS(=O)(=O)C4CC4)c3C2)CO[C@@H]1c1cc(F)ccc1F,24,3.1780538303479458,0.4193074513981077
4007,COc1cc2nnc(C(N)=O)c(Nc3ccc(C)cc3F)c2cc1N1CCN(C(=O)[C@@H](C)O)CC1,24,3.1780538303479458,0.4193074513981077
3777,CS(=O)(=O)N1CCN(Cc2cc3nc(-c4cnc(N)nc4)nc(N4CCOCC4)c3s2)CC1.O=C(O)C(F)(F)F,24,3.1780538303479458,0.4193074513981077
4263,Cc1c2c(nn1-c1nnc(-c3ccc(OC(C)C)c(Cl)c3)s1)CCN(CCC(=O)O)C2.O=C(O)C(F)(F)F,24,3.1780538303479458,0.4193074513981077
4181,Cc1nccc2c(-c3ccnc(-c4ccc(S(C)(=O)=O)cc4)n3)c[nH]c12,24,3.1780538303479458,0.4193074513981077
4346,O=C(O)c1ccc2nc(N3CCC(OCc4c(-c5ccccc5OC(F)(F)F)noc4C4CC4)CC3)sc2c1,24,3.1780538303479458,0.4193074513981077
3721,Cc1nc2ccccc2n1C1CC2CCC(C1)N2CCC1(c2cccc(F)c2)CCN(C(=O)C(C)(C)C)CC1,24,3.1780538303479458,0.4193074513981077
958,CCNC(=O)[C@@H]1CCCN1C(=O)[C@H](CCCN=C(N)N)NC(=O)[C@H](CC(C)C)NC(=O)[C@@H](CC(C)C)NC(=O)[C@H](Cc1ccc(O)cc1)NC(=O)[C@H](CO)NC(=O)[C@H](Cc1c[nH]c2ccccc12)NC(=O)[C@H](Cc1c[nH]cn1)NC(=O)CN(C)C(C)=O,24,3.1780538303479458,0.4193074513981077
3756,Cc1nc(C(=O)N2CCCC[C@H]2CNC(=O)c2cccc3occc23)c(-c2ccc(F)cc2)s1,24,3.1780538303479458,0.4193074513981077
4179,COc1cc(N2CCN(C)CC2)ccc1Nc1nccc(-c2cn(C)c3c(C)nccc23)n1,24,3.1780538303479458,0.4193074513981077
4046,O=C(Nc1ccc(C[C@@H]2CC[C@H]([C@H](O)c3cccnc3)N2)cc1)[C@@H]1CCc2ccnn21,24,3.1780538303479458,0.4193074513981077
3537,Cc1cnc(Nc2ccc(F)cc2Cl)nc1-c1c[nH]c(C(=O)N[C@H](CO)c2cccc(Cl)c2)c1,24,3.1780538303479458,0.4193074513981077
4138,CCCCOC(=O)N1CCN(C(=O)[C@H](CCC(=O)O)NC(=O)c2cc(N3CC[C@H](OC)C3)nc(-c3ccccc3)n2)CC1,24,3.1780538303479458,0.4193074513981077
3747,CN(C)[C@H]1CC[C@H](NC(=O)[C@@H](Cc2ccc(Cl)cc2)NC(=O)C2(c3ccc(Cl)cc3)CC2)CC1,24,3.1780538303479458,0.4193074513981077
3821,O=c1cc(-c2ccc(OCCCN3CCCCC3)cc2)cn[nH]1,24,3.1780538303479458,0.4193074513981077
4137,CN1CCN(CCCS(=O)(=O)c2ccc3nc(NC(=O)NC(=O)c4ccccc4Cl)sc3c2)CC1,24,3.1780538303479458,0.4193074513981077
895,CC(=O)NC[C@H]1CN(c2ccc3c(c2)C[C@@H](C)N3C(=O)CO)C(=O)O1,24,3.1780538303479458,0.4193074513981077
3474,CC(C)(F)C[C@H](N[C@@H](c1ccc(-c2ccc(S(C)(=O)=O)cc2)cc1)C(F)(F)F)C(=O)NC1CCN(S(=O)(=O)c2ccccn2)CC1=O,24,3.1780538303479458,0.4193074513981077
1105,CC(C)N1C(=O)C(NC(=O)[C@@H](Cc2ccccc2OC(F)(F)F)NC(=O)OC(C)(C)C)CCc2cccnc21,24,3.1780538303479458,0.4193074513981077
4324,O=C(Cn1c(-c2cccs2)cc2ccccc21)NCc1ccccn1,24,3.1780538303479458,0.4193074513981077
4304,[O-][S+]1CCN(CCCOc2ccc([C@H]3CC[C@]4(CC3)OOC3(O4)C4CC5CC(C4)CC3C5)cc2)CC1,24,3.1780538303479458,0.888464175030176
3604,NC(=O)c1cccc2cn(-c3ccc([C@H]4CCCNC4)cc3)nc12,24,3.1780538303479458,0.4193074513981077
1091,CN(C)NC(=O)c1cc(-c2ccc(Cl)cc2)c(-c2ccc(Cl)cc2Cl)nc1Oc1ccc(F)c(F)c1,24,3.1780538303479458,0.4193074513981077
1033,CC(C)C[C@@]1(C(=O)O)C[C@H](C(N)=O)[C@H](c2nccs2)N1C(=O)c1ccc(C(C)(C)C)c(Br)c1,24,3.1780538303479458,0.4193074513981077
4391,CCS(=O)(=O)c1ccc(CC(=O)Nc2cc(-c3cccnc3Oc3ccc(OC(F)(F)F)cc3)cs2)cc1,24,3.1780538303479458,0.4193074513981077
4142,C[C@]1(C(=O)O)CCCC[C@@H]1Nc1nc(-c2c[nH]c3ncc(Cl)cc23)ncc1F,24,3.1780538303479458,0.4193074513981077
3967,O=C(C1CCCCC1)N1CCC[C@H](c2nc(-c3ccccc3)no2)C1,24,3.1780538303479458,0.4193074513981077
3943,O=S(=O)(Nc1cc(Cl)ccc1Cn1ccnn1)c1ccc(Cl)c(Cl)c1,24,3.1780538303479458,0.4193074513981077
962,COc1ccccc1-c1ccc(C[C@H](NC(=O)C2(c3cccnc3)CCCC2)C(=O)O)cc1,24,3.1780538303479458,0.4193074513981077
3954,COc1cccc2c1c(NS(=O)(=O)c1ccc(Cl)s1)nn2Cc1cccc(CNC(=O)C2COCCN2C)c1,24,3.1780538303479458,0.4193074513981077
3848,O=C(Nc1ccc(Cl)c(Cl)c1)N1CCN(C[C@@H]2CCCN(C3CC3)C2)CC1,24,3.1780538303479458,0.4193074513981077
1037,COC(=O)c1c(Cl)cccc1-c1ccc([C@@H](C)Nc2nccc(Cl)c2NC(=O)CC#N)cc1,24,3.1780538303479458,0.4193074513981077
3658,N#Cc1ccc(CNC(=O)N(c2cccc(F)c2)C2CCN(CCC3(c4cccc(F)c4)CCN(C(=O)c4c(Cl)cncc4Cl)CC3)CC2)cc1,24,3.1780538303479458,0.4193074513981077
3629,CC(C)S(=O)(=O)N[C@H]1Cc2ccc(-c3ccc(F)cn3)cc2C1,24,3.1780538303479458,0.4193074513981077
3928,Cc1ccc2c(c1)N(S(=O)(=O)c1ccc(C(C)(C)C)cc1)Cc1ccc(C(F)(F)F)nc1N2,24,3.1780538303479458,0.4193074513981077
3464,Cc1nc2cccc(C(F)(F)F)c2c(=O)n1-c1ccc(OC2CCN(C3CCC3)CC2)cc1,24,3.1780538303479458,0.4193074513981077
3579,COc1cc2c(cc1OC)[C@@H]1C[C@H](N)[C@@H](N3C[C@@H](CF)CC3=O)CN1CC2,24,3.1780538303479458,0.4193074513981077
4368,Cc1cc([C@](C)(O)C#Cc2cc3c(cc2F)C2CC(C2)n2cc(C(N)=O)nc2-3)no1,24,3.1780538303479458,0.4193074513981077
3520,CNC[C@@H](O)[C@H](c1cccc(F)c1)n1c(=O)n(C(C)C)c2cccc(F)c21,24,3.1780538303479458,0.4193074513981077
3496,Cc1ncc(-c2nc(Nc3ccc(C(=O)NCCN(C)C)c(F)c3)ncc2F)n1C(C)C,24,3.1780538303479458,0.4193074513981077
3780,C[C@@H]1CN[C@@H](C2CC2)C(=O)N(C)[C@H](C)C(=O)N[C@H](Cc2ccc(Cl)cc2)C(=O)NCCCc2ccccc2O1,24,3.1780538303479458,0.4193074513981077
4261,O=C(Cn1cccnc1=O)Nc1ccc(C[C@@H]2CC[C@H]([C@H](O)c3ccccc3)N2)cc1,24,3.1780538303479458,0.4193074513981077
3892,CCCSc1ncccc1C(=O)N(C)[C@@H]1[C@@H]2CC3C[C@H]1C[C@@](O)(C3)C2,24,3.1780538303479458,0.4193074513981077
4403,N#Cc1ccc(Cn2ccc(NC(=O)Cc3ccc(C4(C(F)(F)F)CC4)cc3)n2)nc1,24,3.1780538303479458,0.4193074513981077
3849,COC(=O)N1CCN(CC(=O)c2ccc(OCCCN3CCC[C@H]3C)cc2)CC1,24,3.1780538303479458,0.4193074513981077
3573,CCCCOC(=O)N1CCN(C(=O)[C@H](CCC(=O)O)NC(=O)c2cc(N3CCC(C(=O)N(CC)CC)CC3)cc(-c3ccccc3)n2)CC1,24,3.1780538303479458,0.4193074513981077
1040,NCCC(=O)N[C@H](Cc1ccc(Cl)cc1Cl)C(=O)N1CCN(c2ccccc2CNCCc2cccs2)CC1,24,3.1780538303479458,0.4193074513981077
4160,COc1cc(C)c(-c2cnc3[nH]c(-c4c(F)cccc4Cl)cc3c2)cn1,24,3.1780538303479458,0.4193074513981077
993,C[C@@H](C(=O)N1CCOCC1)N1CC[C@H](N(CC(N)=O)S(=O)(=O)c2ccc3cc(Cl)ccc3c2)C1=O,24,3.1780538303479458,0.4193074513981077
4336,O=C(O)/C=C/c1ccc(Oc2c(-c3ccc(F)cc3)sc3cc(O)ccc23)cc1,24,3.1780538303479458,0.4193074513981077
1130,C[C@H](CO)Nc1nc(SCc2cccc(F)c2F)nc2nc(N)cnc12,24,3.1780538303479458,0.4193074513981077
3588,CS(=O)(=O)N1CCN(Cc2cc3nc(-c4cnc(N)nc4)nc(N4CCOCC4)c3s2)CC1,24,3.1780538303479458,0.4193074513981077
1140,COc1ccc(N2C[C@@H](C)N[C@@H](C)C2)cc1NS(=O)(=O)c1ccc(-c2ccc(C)o2)cc1,24,3.1780538303479458,0.4193074513981077
1045,COc1c(N2CC[C@@H]([C@H](C)NCCC#N)C2)c(F)cc2c(=O)c(C(=O)O)cn(C3CC3)c12,24,3.1780538303479458,0.4193074513981077
3719,Cc1noc(C)c1CCC1CCN(S(=O)(=O)CC2(N(O)C=O)CCOCC2)CC1,24,3.1780538303479458,0.4193074513981077
917,O=C(O)[C@H](Cc1ccc2oc(-c3c(Cl)cccc3Cl)nc2c1)NC(=O)[C@@H]1CCN1S(=O)(=O)c1cc(Cl)cc(Cl)c1,24,3.1780538303479458,0.4193074513981077
3528,CCCCOc1nc(-c2ccc(S(C)(=O)=O)cc2)cc(C(F)(F)F)n1,24,3.1780538303479458,0.4193074513981077
3788,O=C1COc2ccc(-c3cc(C(F)(F)F)nn3-c3ccc(F)cc3)cc2N1,24,3.1780538303479458,0.888464175030176
1094,Cl.N[C@H](C(=O)N1CC[C@H](F)C1)C1CCC(NS(=O)(=O)c2ccc(F)cc2F)CC1,24,3.1780538303479458,0.4193074513981077
4037,Cc1ccc(CN2CCOCC2)cc1NC(=O)c1ccc(Nc2ncc(C)c(-c3cnn(C)c3)n2)cc1,23.9,3.173878458937465,0.4190238710609687
4231,CCn1ncc2cc(-c3cc(=O)n4ncc(-c5nc(C)no5)c4[nH]3)ccc21,23.9,3.173878458937465,0.4190238710609687
4081,Cc1nn(-c2ncccc2CO)cc1CN1CCC2(CC1)OCC(F)(F)c1cc(Cl)sc12.O=C(O)C(O)C(O)C(=O)O,23.9,3.173878458937465,0.4190238710609687
3714,COc1ccc(Cc2cc([C@]34OC[C@](CO)(O3)[C@@H](O)[C@H](O)[C@H]4O)ccc2Cl)cc1,23.8,3.169685580677429,0.4187391017042643
3540,O=C1Nc2ccccc2-c2ccnc3[nH]cc(c23)C1c1ccc(O)cc1,23.8,3.169685580677429,0.4187391017042643
4195,CCN1CC(=O)Nc2ncc(-c3ccc(-c4nc[nH]n4)nc3C)nc21,23.8,3.169685580677429,0.4187391017042643
4247,Cc1ccc(C(=O)O)c(C)c1NC(=O)c1cc(-c2cccc(CO)c2)cc2ccccc12,23.8,3.169685580677429,0.4187391017042643
3535,C[C@H](CCOc1cccc(CC(=O)O)c1)N(Cc1cccc(C(F)(F)F)c1Cl)CC(c1ccccc1)c1ccccc1,23.7,3.1654750481410856,0.4184531333151543
3832,Cn1c(Nc2ccc(I)cc2F)c(C(=O)NOC[C@H](O)CO)c2c1C(=O)CCC2,23.7,3.1654750481410856,0.4184531333151543
3444,O=C([C@@H]1C[C@H]1c1ccc(C(F)(F)F)cc1)N1CCN(S(=O)(=O)c2cc(-c3nnc[nH]3)cc(C(F)(F)F)c2)CC1,23.7,3.1654750481410856,0.4184531333151543
4431,Cc1nnc(C(C)C)n1[C@@H]1C[C@H]2CC[C@@H](C1)N2CC[C@H](NC(=O)C1CCC(F)(F)CC1)c1cccs1,23.67,3.1642084235258925,0.4183671074745539
4214,CC(C)N1CCN(S(=O)(=O)c2ccc(NC(=O)c3ccc(C(F)(F)F)cc3[N+](=O)[O-])cc2)CC1,23.67,3.1642084235258925,0.4183671074745539
1124,COCCn1cc(-c2ccsc2)cc(NC(=O)N2CCC(n3c(=O)[nH]c4ncccc43)CC2)c1=O,23.5,3.1570004211501135,0.4178775587511297
4064,N#Cc1ccc(OCC2(O)CN(S(=O)(=O)c3ccc(Cl)cc3Cl)C2)cc1F,23.5,3.1570004211501135,0.4178775587511297
3764,Cc1nn(-c2ccc(C(=O)N[C@@H]3CCCc4cc(CN5CCCCC5)ccc43)cn2)c(=O)c2c(F)cccc12,23.5,3.1570004211501135,0.4178775587511297
3744,CC(C)Cn1ncn(-c2ccc(N3CCN(c4ccc(OC[C@H]5CO[C@](Cn6cncn6)(c6ccc(F)cc6F)O5)cc4)CC3)nc2)c1=O,23.5,3.1570004211501135,0.4178775587511297
4352,Cc1cc(-n2nc(Cc3cc(F)cc(C(F)(F)F)c3)nc2C)ccc1C(N)=O,23.48,3.1561489949598958,0.4178197321047468
4148,COc1ccc(-n2cnc3c(-c4ccccc4C)csc3c2=O)cc1,23.43,3.1540172525197043,0.4176749497176361
3466,CN(C)C(=O)CN1CC(c2nc(C(=O)NCc3ccc(F)cc3)c([O-])c3ncccc23)CC1=O.[Na+],23.4,3.152736022363656,0.4175879319067911
3402,OCc1cc(Cl)c(Nc2nc3c(Nc4ccc(C(F)(F)F)cc4)ncnc3s2)c(Cl)c1,23.33,3.1497400860333387,0.417384455724417
1121,CC[C@@H](C)Nc1nc2ccc(-c3c(-c4ccccc4F)n[nH]c3N)cc2s1,23.33,3.1497400860333387,0.417384455724417
4023,O=C(c1ccc(Oc2nccnc2N2CCOCC2)cc1)c1nc2ccccc2[nH]1,23.33,3.1497400860333387,0.417384455724417
1019,O=C(CN1CCN(c2ccc(C(F)(F)F)cn2)CC1)N[C@H]1C2CC3CC1C[C@](O)(C3)C2,23.33,3.1497400860333387,0.417384455724417
3491,Cc1ccc2c(N/C(=N\C#N)N3CCN(C(=O)Nc4ccc(Cl)cc4)CC3C(C)C)cccc2n1,23.33,3.1497400860333387,0.417384455724417
3457,COc1cc2nccc(CN3CCc4c(cccc4C(=O)Nc4ccc(F)c(C(F)(F)F)c4)C3)c2cc1OC,23.33,3.1497400860333387,0.417384455724417
1036,CCCCC[C@H](O)/C=C/[C@H]1CCC(=O)N1CCCCOCC(=O)O,23.33,3.1497400860333387,0.417384455724417
3964,COC(=O)N[C@H](C(=O)N[C@@H](Cc1ccc(-c2ccc(OC)nc2)cc1)[C@@H](O)C[C@@H](Cc1ccccc1Cl)C(=O)N[C@H]1c2cc(Cl)ccc2OC[C@H]1O)C(C)(C)C,23.33,3.1497400860333387,0.417384455724417
3393,COc1ccc2c(O[C@@H]3C[C@H]4C(=O)N[C@]5(C(=O)NS(=O)(=O)C6CC6)C[C@H]5/C=C\CCCCN(C)C(=O)[C@@H]4C3)cc(-c3cccc(C(C)C)n3)nc2c1C,23.33,3.1497400860333387,0.417384455724417
1115,O=C(N[C@@H]1C[C@@]2(CCCO2)C[C@@H]1C(=O)NO)c1ccc(Cn2c(C3CC3)nc3ccccc32)cc1,23.33,3.1497400860333387,0.417384455724417
4010,OC[C@H]1C[C@@H](O)CCN1CCc1ccc(Nc2nc(-c3ccc(C(F)(F)F)cc3)cs2)cc1,23.33,3.1497400860333387,0.417384455724417
1071,Cc1c(CN(C)C[C@@H](O)c2ccccn2)sc2c(=O)c(C(=O)NCc3ccc(Cl)cc3)cn(C)c12,23.33,3.1497400860333387,0.417384455724417
3549,O=C([C@H]1c2ccccc2CN1C(=O)c1cc(Cl)c(O)cc1O)N1CCCC1,23.33,3.1497400860333387,0.417384455724417
3481,CC(C)(C)CCC1(NCc2ccc3ccccc3c2)C(=O)C(C2=NS(=O)(=O)c3cc(NS(C)(=O)=O)ccc3N2)=C(O)c2ccccc21,23.33,3.1497400860333387,0.417384455724417
3412,C[C@@H]1CN(CC2(C(N)=O)CC2)CCN1S(=O)(=O)c1ccc([C@](C)(O)C(F)(F)F)cc1,23.33,3.1497400860333387,0.417384455724417
3446,COC(=O)N[C@H](C(=O)N[C@@H](Cc1ccc(-c2ccccn2)cc1)C[C@H](O)[C@H](Cc1ccccc1)NC(=O)[C@@H](N1CCN(Cc2cccc(C(C)(C)O)n2)C1=O)C(C)(C)C)C(C)(C)C,23.33,3.1497400860333387,0.417384455724417
4073,CC1(C)Oc2ncnc(N)c2C=C1c1ccc([C@H]2CC[C@H](CC(=O)O)CC2)cc1,23.33,3.1497400860333387,0.417384455724417
1070,Cc1nc(N[C@@H]2COC[C@@H]2C)nc(-n2ccnc2C)c1[N+](=O)[O-].Cl,23.33,3.1497400860333387,0.417384455724417
1030,CCOC(=O)N1CCC(NS(=O)(=O)c2ccc(NC(=O)c3ccccc3C)c3ccccc23)CC1,23.33,3.1497400860333387,0.417384455724417
3550,CCNC(=O)[C@H]1c2ccccc2CN1C(=O)c1cc(Cl)c(O)cc1O,23.33,3.1497400860333387,0.417384455724417
3752,O=C(Nc1ccc(NC(=O)c2ccccc2Cl)cc1)c1ccccc1,23.33,3.1497400860333387,0.417384455724417
4358,C[C@@]1(O)CC[C@H]2[C@H](CC[C@@H]3[C@@H]2CC[C@]2(C)[C@@H](C(=O)Cn4cc(C#N)cn4)CC[C@@H]32)C1,23.33,3.1497400860333387,0.417384455724417
4027,CS(=O)(=O)Nc1ccc(-c2nc(NC(=O)N(CCC(c3ccccc3)c3ccccc3)CCN3CCOCC3)sc2Cl)cc1,23.33,3.1497400860333387,0.417384455724417
4168,Cc1nc2ccc(-c3c(C)ccc(C(=O)c4c(-c5ccccc5)n(C)n(-c5ccccc5)c4=O)c3N)cc2s1,23.33,3.1497400860333387,0.417384455724417
4162,O=C1N(c2ccc(F)cc2)CCc2nc(COc3ccccc3)cn21,23.3,3.1484533605716547,0.4172970646867445
3679,NCc1cocc1N(Cc1nc2ccccc2[nH]1)[C@H]1CCCc2cccnc21,23.3,3.1484533605716547,0.4172970646867445
977,O=C(O)C[C@@H](CN1CCc2cc(F)ccc21)NC(=O)[C@H](CC1CCCCC1)Nc1nc2ccc(Cl)cc2o1,23.2,3.1441522786722644,0.4170049464210424
3819,Cc1cc(Nc2ccc(C(F)(F)F)cc2)n2nc(C(C)(F)F)nc2n1,23.2,3.1441522786722644,0.4170049464210424
4093,Cc1cc(C)c(-c2csc(NC(=O)c3ccncc3)n2)c(C)c1,23.2,3.1441522786722644,0.4170049464210424
921,NC1CCC(CNC(=O)[C@@H]2CCCN2C(=O)CC(c2ccccc2)c2ccccc2)CC1.O=C(O)C(F)(F)F,23.2,3.1441522786722644,0.4170049464210424
3925,Cn1cc(NC(=O)c2cnn3ccc(N)nc23)c(-c2cccc(Cl)c2)n1,23.1,3.139832617527748,0.4167115663014645
3815,COc1ccc(N2Cc3cnc(Nc4ccccc4)nc3N([C@@H]3CC[C@@H](O)C3)C2=O)cc1,23.1,3.139832617527748,0.4167115663014645
3859,COc1ccc([C@H](C(=O)N(C)C)N2C(=O)[C@@H](C3Cc4ccccc4C3)NC(=O)[C@H]2CC(C)C)cn1,23,3.1354942159291497,0.4164169133791192
4340,Cc1cc(N2CCC3(CCN(C[C@H](O)c4ccc5c(c4C)COC5=O)CC3)C2=O)sn1,23,3.1354942159291497,0.4164169133791192
4243,COC[C@H](O)Cn1c(=O)cnn(-c2ccc(C)c(NC(=O)C3=CN(C)C(=O)C[C@H]3c3ccc(F)cc3)c2)c1=O,23,3.1354942159291497,0.4164169133791192
1106,CC(C)N1C(=O)[C@H](NC(=O)[C@@H](Cc2ccccc2OC(F)(F)F)NC(=O)C(C)(C(F)(F)F)C(F)(F)F)CCc2ccccc21,23,3.1354942159291497,0.4164169133791192
4309,O=C(C1CC1)N1CCc2c(sc3c2c2ncnn2c(=O)n3Cc2ccc(Cl)cc2)C1,23,3.1354942159291497,0.8855736370111875
1067,COc1ccc(N2Cc3c(c4cc(Cl)ccc4n3C)C2=O)cc1OCCN1CCC(C)CC1,23,3.1354942159291497,0.4164169133791192
3645,CNCc1cn(CC(=O)Nc2sc3c(c2C(N)=O)CCCC3)nc1C(F)(F)F,23,3.1354942159291497,0.4164169133791192
3692,O=C(O)COc1ccc(Cl)cc1CN1CCN(S(=O)(=O)c2ccccc2)CC1,23,3.1354942159291497,0.4164169133791192
1008,FC(F)(F)c1ccc(Nc2ncnc3cc(-c4ncccc4C(F)(F)F)ccc23)cc1,23,3.1354942159291497,0.4164169133791192
3478,COc1ccc2c(c1)CC(C(=O)Nc1ccc(-c3cn[nH]c3)cc1OCCN(C)C)CO2,23,3.1354942159291497,0.4164169133791192
4031,C[C@H](c1cc(F)cc(F)c1)N(C/C=C/c1cnc2c(c1)C[C@@]1(C2)C(=O)Nc2ncccc21)C(=O)C(C)(C)C,23,3.1354942159291497,0.4164169133791192
911,C[C@H](NC(=O)[C@@H](Cc1ccc2ccccc2c1)NC(=O)[C@@H](C)N)C(=O)N[C@@H](Cc1c[nH]c2ccccc12)C(=O)N[C@H](Cc1ccccc1)C(=O)N[C@@H](CCCCN)C(N)=O,23,3.1354942159291497,0.4164169133791192
4379,CN1CC[C@@H](N2C(=O)S/C(=C\c3ccc4c(cnn4Cc4ccc(Cl)cc4C(F)(F)F)c3)C2=O)[C@H](F)C1,23,3.1354942159291497,0.4164169133791192
4017,COc1c(/C=C/c2ccc(NS(C)(=O)=O)cc2)cc(-c2cc(Cl)c[nH]c2=O)cc1C(C)(C)C,23,3.1354942159291497,0.4164169133791192
4185,C[C@H](c1ccc(F)cc1)N1C(=O)O[C@](Cc2ccccc2)(c2nc3c(C(F)(F)F)cccc3[nH]2)C1=O,23,3.1354942159291497,0.4164169133791192
4130,CCCCn1ccc(N2CCC(c3ccccc3)CC2)c(Cl)c1=O,23,3.1354942159291497,0.4164169133791192
3473,CN1CCN(c2cc3c(Nc4cccc(Cl)c4Cl)c(C(N)=O)cnc3cc2F)CC1,23,3.1354942159291497,0.4164169133791192
3728,CN(C(=O)c1cc2c(s1)-c1ccccc1OCC2)c1ccncc1Cl,23,3.1354942159291497,0.4164169133791192
3811,C[C@H]1CC(=O)NN=C1c1ccc(OC2CCN(C3CCC3)CC2)cc1,23,3.1354942159291497,0.4164169133791192
4328,COc1ccc2c(c1)C(=O)N(C[C@@]1(c3cc4cnccc4o3)NC(=O)NC1=O)C2,23,3.1354942159291497,0.4164169133791192
4084,CCNC(=O)Nc1nc2cc(-c3cnc(C(C)(C)O)nc3)cc(-c3ncccc3F)c2[nH]1,23,3.1354942159291497,0.4164169133791192
4348,Cn1cc(-c2cc3c(cc2C(F)F)N(c2cc(N4CCOCC4)c4c(c2)n(C)c(=O)n4C)CCC3)cn1,23,3.1354942159291497,0.4164169133791192
4354,C[C@@H](c1ccc(OC(F)F)cc1)N1CC[C@](CC(C)(C)O)(c2ccccc2)OC1=O,23,3.1354942159291497,0.4164169133791192
3851,CCC(CC)[C@@H]1C(=O)N[C@H](C2Cc3ccccc3C2)C(=O)N1[C@@H](C(=O)N1CCOCC1)c1ccc(C)nc1,23,3.1354942159291497,0.4164169133791192
3619,Cc1ccc(-n2nccn2)c(C(=O)N2C3CCC2CN(c2ncc4ccc(F)cc4n2)CC3)c1,23,3.1354942159291497,0.4164169133791192
3427,Cc1c(Oc2ccc(Cl)cc2)c2ccc(F)nc2n1Cc1ccc(Cl)c(O[C@@H](C)C(=O)O)c1,23,3.1354942159291497,0.4164169133791192
4180,Cn1cc(-c2ccnc(-c3ccc(S(C)(=O)=O)cc3)n2)c2ccncc21,23,3.1354942159291497,0.4164169133791192
4439,Cc1cc(Oc2nccc3occc23)ccc1-c1c(C)ncc2nccn12,23,3.1354942159291497,0.4164169133791192
1025,CN1C(=O)NC(=O)[C@]12Cc1ccc(NC(=O)Cn3c(=O)n(-c4ncccn4)c4ccccc43)cc1C2,23,3.1354942159291497,0.4164169133791192
3703,COCCCc1cc(CN(C(=O)[C@H]2CNCC[C@@H]2c2ccc(OCCOc3c(Cl)cc(C)cc3Cl)cc2)C2CC2)cc(OCC[C@](C)(OC)C(=O)O)c1,23,3.1354942159291497,0.4164169133791192
3991,CC(C)N1C(=O)[C@H](NC(=O)[C@@H](Cc2ccccc2F)NC(=O)C2CC2C(F)(F)F)CCc2c(F)c(F)cc(F)c21,23,3.1354942159291497,0.4164169133791192
1098,CCN1C(=O)COc2ccc(CN3CCN(CCOc4cccc5nc(C)ccc45)CC3)c(F)c21,23,3.1354942159291497,0.4164169133791192
3804,O=c1[nH]c2c(O)ccc(CCNCCc3cccc(-c4cccc(CNCc5ccccc5)c4)c3)c2s1,23,3.1354942159291497,0.4164169133791192
3857,CC[C@@H](C)[C@@H]1C(=O)N[C@H](C2Cc3ccccc3C2)C(=O)N1[C@@H](C(=O)N(C)C)c1ccc(C)nc1,23,3.1354942159291497,0.4164169133791192
3872,Cc1nc(N)c2nnn(C[C@H]3CN(Cc4nccs4)CCO3)c2n1,23,3.1354942159291497,0.4164169133791192
3569,CN1CCC[C@@H](C(=O)Nc2ccc(-n3cc4cccc(C(N)=O)c4n3)cc2)C1,23,3.1354942159291497,0.4164169133791192
3634,COCCO[C@H]1CC[C@](C)(N2CCC(n3c(=O)oc4ccc(C#N)cc43)CC2)CC1,23,3.1354942159291497,0.4164169133791192
3877,CS(=O)(=O)c1ccc2nc(N3CCN(C(=O)[C@@H]4CCCC[C@H]4C(=O)NC4(C#N)CC4)CC3)sc2c1,23,3.1354942159291497,0.4164169133791192
4218,N#CCNC(=O)c1cnc(N)c2cc(-c3cccc(F)c3)ccc12,23,3.1354942159291497,0.4164169133791192
4213,CNS(=O)(=O)c1cccc(Nc2ncnc3[nH]cc(Br)c23)c1,23,3.1354942159291497,0.4164169133791192
3958,Cc1c(Cl)c(C(F)(F)F)nn1CC(=O)N1CCN(c2ccc(F)cc2)CC1,23,3.1354942159291497,0.4164169133791192
4182,Cc1cc(F)ccc1-c1c(Oc2ccc(/C=C/C(=O)O)cc2)c2ccccc2oc1=O,23,3.1354942159291497,0.4164169133791192
3794,C[C@H]1O[C@@H](n2cnc3c(N)nc(OC4CC(F)(F)C4(F)F)nc32)[C@H](O)[C@@H]1O,23,3.1354942159291497,0.4164169133791192
4012,CC(=O)Nc1cc(Nc2cc(NC3COC3)n3ncc(C#N)c3n2)ccc1C1CC1,23,3.1354942159291497,0.4164169133791192
4246,CC(C)c1nnc2n1C[C@H](C)N(C(=O)c1cccc(C(F)(F)c3n[nH]c(=O)c4ccccc34)c1)C2,23,3.1354942159291497,0.4164169133791192
3805,O=c1[nH]c2c(O)ccc([C@@H](O)CNCCc3cccc(CNCCc4ccccn4)c3)c2s1,23,3.1354942159291497,0.4164169133791192
4237,CO[C@H]1CCN(c2nccc(Nc3cc4c(cn3)nc([C@@H](C)O)n4[C@H](C)C(F)(F)F)n2)C[C@H]1F,23,3.1354942159291497,0.4164169133791192
3854,CC[C@H](C)[C@@H]1C(=O)N[C@H](C2Cc3ccccc3C2)C(=O)N1[C@@H](C(=O)NC)c1cnc(C)cc1C,23,3.1354942159291497,0.4164169133791192
4333,CNS(=O)(=O)c1cccc(Nc2cc(Nc3ccc(Cl)cc3)ncn2)c1,23,3.1354942159291497,0.4164169133791192
4371,Nc1nccn2c([C@H]3CN(C4CCOCC4)CCO3)nc(-c3ccc(C(=O)Nc4cc(C(F)(F)F)ccn4)cc3F)c12,23,3.1354942159291497,0.4164169133791192
3635,NC(=O)c1nc(-c2cccc(-c3ccccc3C(F)(F)F)c2)c[nH]1,23,3.1354942159291497,0.4164169133791192
4002,O=S(=O)(c1ccc(C(F)(F)F)nc1)N1c2ccc(F)cc2-c2n[nH]cc2[C@H]1C1CC1,23,3.1354942159291497,0.4164169133791192
4164,N#Cc1ccc(-c2cc(NCC3CCOCC3)c3ncc(-c4ccc(C(=O)NC5CC5)cc4)n3n2)c(N)c1,23,3.1354942159291497,0.4164169133791192
3879,CC(=O)c1ccc(-c2sc(NC(=O)NCCC(=O)NC(C)(C)C)nc2C)cc1,23,3.1354942159291497,0.4164169133791192
3566,CNC[C@H](CC1CCCCC1)NC(=O)N1CCC[C@@H]([C@@](O)(CCCNC(C)=O)c2cccc(Cl)c2)C1,23,3.1354942159291497,0.4164169133791192
1119,CC(C)N1C(=O)[C@H](NC(=O)[C@@H](Cc2ccccc2C(F)(F)F)NC(=O)OC(C)(C)C)CN(CC2CC2)c2ccccc21,23,3.1354942159291497,0.4164169133791192
4197,CC(C)(O)c1ccc(-c2cnc3c(n2)N(CCC2CCOCC2)CC(=O)N3)cn1,23,3.1354942159291497,0.4164169133791192
4106,C[C@@H]1CN(c2nnc(Cc3ccccc3)c3ccc(Cl)cc23)CCN1c1ccc(C#N)cn1,23,3.1354942159291497,0.4164169133791192
896,CS(=O)(=O)[O-].C[N+](C)(C)CCCC(=O)OCOc1ccc(Cl)cc1Cn1nc(-c2ccc(C(F)(F)F)cc2)oc1=O,22.9,3.131136910560194,0.4161209765619909
1141,Cc1ccc(NC(=O)c2ccc3c(c2)OC(F)(F)O3)cc1C(=O)Nc1cnc(Nc2ccc(N3CCN(C)CC3)cc2)nc1,22.83,3.1280754605417043,0.4159130508607709
3407,CO/C(=N/C#N)N1CCC(CCN2[C@@H]3CC[C@H]2C[C@@H](n2c(C)nc4ccccc42)C3)(c2ccccc2)CC1,22.8,3.126760535960395,0.4158237446124347
916,Oc1ccc2[nH]c(CN3CCC(Cc4ccccc4)CC3)nc2c1,22.8,3.126760535960395,0.4158237446124347
3509,O=C(CO)Nc1cnc2ncn(Cc3ccc(Cl)c(Cl)c3)c(=O)c2c1,22.7,3.122364924487357,0.4155252061446166
4154,COc1cccc(CNC(=O)c2nc3scc(CC(=O)Nc4ccc(C(=O)O)cc4)c3c(=O)[nH]2)c1,22.7,3.122364924487357,0.4155252061446166
4087,C[C@@H](N1CCn2nc(-c3ccc(C#N)nc3)nc2C1)[C@](O)(Cn1cncn1)c1ccc(F)cc1F,22.67,3.1210424645194377,0.4154353881124736
1063,COc1ccc(Nc2nc(Nc3ccccc3)nc(N3CCOCC3)n2)cc1,22.67,3.1210424645194377,0.4154353881124736
4289,COc1cc(N2CCC(N3CCCC3)CC2)ccc1Nc1ncc(Cl)c(Nc2ccccc2P(C)(C)=O)n1,22.67,3.1210424645194377,0.4154353881124736
3614,CC(C)[C@]1(C)SC(N[C@H]2C[C@@H]3CC[C@H]2C3)=NC1=O,22.67,3.1210424645194377,0.4154353881124736
4343,CNC(=O)c1ccc(Nc2nc(OC3CCOCC3)c3c(-c4ccc5nc(C)oc5c4)c[nH]c3n2)c(OC)c1,22.6,3.1179499062782403,0.4152253496218954
994,CCCC(CC1(C(=O)NC2(CO)Cc3ccccc3C2)CCCC1)C(=O)O,22.6,3.1179499062782403,0.4152253496218954
899,CC(C)Nc1cccnc1N(C1CC1)C1CCN(C(=O)c2cc3cc(NS(C)(=O)=O)ccc3[nH]2)CC1,22.6,3.1179499062782403,0.4152253496218954
4322,COc1cncc(Cc2cc(-c3ccccc3)no2)c1,22.6,3.1179499062782403,0.4152253496218954
3556,CCCOCCn1c(=O)c(N[C@H](CC)CO)nc2cnc(-c3ccc(OC)nc3)cc21,22.6,3.1179499062782403,0.4152253496218954
3755,O=C(Cn1c(=O)ccc2cc(F)c(F)cc21)Nc1scc(Br)c1-c1ncn[nH]1,22.52,3.1144038032714896,0.4149845075536519
4299,CC(C)(C)CNCCS(=O)(=O)NC(=O)c1ccc(Nc2nc(NC3(c4ccc(Cl)cc4)CC3)nc(OCC(F)(F)F)n2)cc1,22.5,3.1135153092103742,0.414924163354148
3659,N#Cc1ccc(CNC(=O)N(c2cccc(F)c2)C2CCN(CCC3(c4cccc(F)c4)CCN(C(=O)c4cccnc4F)CC3)CC2)cc1,22.5,3.1135153092103742,0.414924163354148
4392,COCc1ccc(-c2cc3c(cc2F)ncc2c3n([C@H]3C[C@@H](OC)C3)c(=O)n2C)cn1,22.5,3.1135153092103742,0.414924163354148
3445,COC(=O)N[C@H](C(=O)N[C@H](Cc1ccc(-c2ccccn2)cc1)C[C@H](O)[C@H](Cc1ccccc1)NC(=O)[C@@H](N1CCN(Cc2cccc(C(C)(C)O)n2)C1=O)C(C)(C)C)C(C)(C)C,22.5,3.1135153092103742,0.414924163354148
3840,O=C(NN1C(=O)CCSC1c1ccc(OCc2ccccc2)cc1)c1ccncc1,22.48,3.1126260250254902,0.4148637654914983
4279,Cn1cc(-c2cnc3nnc(C(F)(F)c4ccc5ncccc5c4)n3n2)cn1,22.33,3.1059310658520665,0.4144090613243992
3742,O=C(Nc1cc(-c2cccc(NS(=O)(=O)c3ccccc3)c2)n[nH]1)c1ccc(OCCN2CCCC2)cc1,22.3,3.104586678466073,0.4143177540392057
3584,COc1ccc(Cc2cc([C@@H]3OC4(COC4)[C@@H](O)[C@H](O)[C@H]3O)ccc2C)cc1,22.3,3.104586678466073,0.4143177540392057
1006,Cc1ccc(C(=O)Nc2cccc(C(F)(F)F)c2C)cc1-c1ccc2nc(N)ncc2c1,22.28,3.1036894150590832,0.4142568142485997
4175,COc1cnc2ccc([C@@](C)(F)c3nnc4c(F)cc(-c5cc(C)ns5)cn34)cc2c1,22.17,3.09874002362822,0.4139206644902634
3789,Cc1cc(F)ccc1-n1nc(C(F)(F)F)cc1-c1ccc2c(c1)NC(=O)CO2,22.13,3.0969341540629585,0.4137980145389655
3942,CC(C)(C)c1cc(NC(=O)Nc2ccc(NC(=O)c3ccc(OC4CCNCC4)cn3)cc2)no1,22.1,3.095577608523707,0.4137058815037103
3429,Cc1c(Oc2ccc(Cl)cc2)c2cccnc2n1Cc1cc(O[C@@H](C)C(=O)O)ccc1F,22.1,3.095577608523707,0.4137058815037103
3960,CCCS(=O)(=O)N1CCN(C2(CNC(=O)c3c(F)cccc3F)CCC(F)(F)CC2)CC1,22.02,3.091951131294534,0.41345958062789
4003,O=S(=O)(c1ccc(C(F)(F)F)cc1)N1c2cc(F)c(F)cc2-c2n[nH]cc2[C@H]1C1CC1,22,3.091042453358316,0.4133978655922272
1013,CCCN1C(=O)N2C[C@@H](C(C)C)N=C2c2[nH]c(C34CCC(CCC(=O)O)(CC3)CC4)nc21.Cl,22,3.091042453358316,0.4133978655922272
4135,COc1cccc2onc(NCC(C)(C)c3ccccc3)c12,22,3.091042453358316,0.4133978655922272
4053,COc1nc(C)sc1C(=O)N[C@H]1C2CC3CC1C[C@](O)(C3)C2,22,3.091042453358316,0.4133978655922272
884,N[C@H](C(=O)N1CCSC1)[C@H]1CC[C@H](NC(=O)c2cccc3ccccc23)CC1,22,3.091042453358316,0.4133978655922272
4140,O=C(N[C@@H]1CCC[C@H](Nc2nc(-c3c[nH]c4ncc(F)cc34)ncc2F)C1)N1CCOCC1,22,3.091042453358316,0.4133978655922272
3919,CS(=O)(=O)c1ccc(N2CCN(C(=O)[C@@H]3CCCC[C@H]3C(=O)NC3(C#N)CC3)CC2)cc1,22,3.091042453358316,0.4133978655922272
4043,COc1ccc2c(O[C@@H]3C[C@H]4C(=O)N[C@]5(C(=O)NS(=O)(=O)C6(C)CC6)C[C@H]5/C=C\CCCCC[C@H](NC(=O)c5cnn(C)n5)C(=O)N4C3)cc(OC(C)C)nc2c1C,22,3.091042453358316,0.4133978655922272
887,COc1cccn(CC(=O)NCc2cc3cc(C(=O)N4CCC(N5C(=O)OCc6ccccc65)CC4)ccc3o2)c1=O,22,3.091042453358316,0.4133978655922272
3681,CN(C)CCN(C)[C@H]1COc2ccccc2-c2c(C3CCCCC3)c3ccc(C(=O)O)cc3n2C1,22,3.091042453358316,0.4133978655922272
4291,N[C@H](C(=O)Nc1cccc(F)c1CC[C@@H]1CN[C@H](COC(=O)NCC(F)(F)F)CO1)[C@@H](c1ccc(F)cc1)c1cc(F)cc(F)c1,22,3.091042453358316,0.4133978655922272
3670,CC(C)Oc1ccc(S(C)(=O)=O)cc1C(=O)N1Cc2ccc(C3CCOCC3)cc2C1,22,3.091042453358316,0.4133978655922272
3898,COc1ccc(F)cc1-c1c(CN)c(N)nc2c1c(=O)n(C)c(=O)n2C,22,3.091042453358316,0.4133978655922272
3971,Cn1nccc1CCOc1ccc(C2CCN(c3ccc4nnc(C(F)(F)F)n4n3)CC2)cc1,22,3.091042453358316,0.4133978655922272
874,C[C@@]1(C(=O)N[C@@H](Cc2cccc(Cl)c2)C(=O)O)CCCN1S(=O)(=O)c1cc(Cl)cc(Cl)c1,22,3.091042453358316,0.4133978655922272
949,O=C(O)C[C@@H](NC(=O)[C@@H]1CCCN1S(=O)(=O)c1cc(Cl)cc(Cl)c1)c1ccc(O)cc1,22,3.091042453358316,0.4133978655922272
3759,COc1cc(C(=O)c2csc(-c3ccc(CN)cc3)n2)cc(OC)c1OC.Cl,22,3.091042453358316,0.4133978655922272
3732,COC(=O)N1CCN(Cc2cccc(NC(=O)Nc3ccc(C)nc3)c2F)CC1,22,3.091042453358316,0.4133978655922272
1044,Cc1ccc(-n2c(C)ccc2-c2cc(Cl)ccc2OCc2ccc(F)cc2)cc1C(=O)O,22,3.091042453358316,0.4133978655922272
3798,CC1CC(=O)NN=C1c1ccc(OCCCN2CCC[C@H]2C)cc1,22,3.091042453358316,0.4133978655922272
3946,O=c1[nH]c(=O)c(Cc2cccc(C(F)(F)F)c2)c([C@H]2CC[C@@H](c3ccccc3)CC2)[nH]1,22,3.091042453358316,0.4133978655922272
3835,Nc1cc(Cl)c(-c2cc(N3CCOCC3)nc(N3CCOCC3)n2)cn1,22,3.091042453358316,0.4133978655922272
3522,CN1CCOc2ccc(C(=O)Nc3nnc(-c4c(Cl)cccc4Cl)s3)cc21,22,3.091042453358316,0.4133978655922272
990,CC(C)C[C@@H]1C(=O)N[C@H](C2Cc3ccccc3C2)C(=O)N1[C@@H](C(=O)N1CCC1)c1ccc(F)cc1F,22,3.091042453358316,0.4133978655922272
3683,CN1CCc2c(C(F)(F)F)nn(-c3ccc(CN4CCCC4=O)cc3)c2C1,22,3.091042453358316,0.4133978655922272
4040,CNc1nc(Nc2cnn(C3CCN(C4COC4)CC3)c2C)ncc1C(F)(F)F,22,3.091042453358316,0.4133978655922272
3394,FC(F)(F)c1ccc(Nc2ncnc3cc(-c4ncccc4C(F)(F)F)ccc23)cn1,22,3.091042453358316,0.4133978655922272
4014,Cc1sc(Nc2ccc(Cl)cc2F)nc1C(=O)N1CCc2ncccc2C1,22,3.091042453358316,0.4133978655922272
3501,CC(C)(CC(=O)N[C@H]1C[C@@H]1c1cccc(Cl)c1)NCC(=O)N1C[C@@H](F)C[C@H]1C#N,22,3.091042453358316,0.4133978655922272
3772,Cc1cc(C(=O)NN2CCOCC2)nn1Cc1cc(Cl)cc2cc(-c3ccccc3)oc12,22,3.091042453358316,0.4133978655922272
880,COc1cccc(OC)c1-c1ccc(CC(NC(=O)C2(c3ccccc3)CCCC2)C(=O)O)cc1,22,3.091042453358316,0.4133978655922272
3965,CCOC(=O)C1=C(C)N/C(=C/c2cc(C)n(-c3ccc(C(F)(F)F)cc3)c2C)C1=O,22,3.091042453358316,0.4133978655922272
985,COc1cnn(C)c(=O)c1-c1ccc(C[C@H](NC(=O)c2c(Cl)cccc2Cl)C(=O)O)cc1,22,3.091042453358316,0.4133978655922272
4314,COc1ccc(Cn2c(=O)n3ncnc3c3c4c(sc32)CN(CC2CCOCC2)CC4)c(F)c1,22,3.091042453358316,0.8825545892242955
3661,CC(C)(CO)C(=O)N1CCC(CCN2CCC(N(C(=O)NCc3ccc(C#N)cc3)c3cccc(F)c3)CC2)(c2cccc(F)c2)CC1,22,3.091042453358316,0.4133978655922272
1066,O=C(O)c1cncc(C2=C(c3cc(C(F)(F)F)ccc3OCc3ccccc3)CCC2)c1,22,3.091042453358316,0.4133978655922272
4437,CN(c1ccc(-c2ccc(-c3cn[nH]c3)cc2O)nn1)C1CC(C)(C)NC(C)(C)C1,22,3.091042453358316,0.4133978655922272
1077,CCc1nc(N)nc(N)c1-c1ccc2c(c1)N(CCCCO)C(=O)C(C)(c1cc(F)cc(F)c1)O2,22,3.091042453358316,0.4133978655922272
3901,CC(C)(C)c1ccc(S(=O)(=O)N2Cc3ccc(C(F)(F)F)nc3Nc3cccc(-c4noc(CO)n4)c32)cc1,22,3.091042453358316,0.4133978655922272
4118,CC[C@H](C)[C@@H]1NC(=O)[C@H](Cc2ccc(OC)cc2)NC(=O)CCCSC[C@@H](C(=O)N2CCC[C@H]2C(=O)N[C@@H](CC(C)C)C(=O)NCC(N)=O)NC(=O)[C@H](CC(N)=O)NC(=O)[C@H](CCC(N)=O)NC1=O,22,3.091042453358316,0.4133978655922272
4038,O=C1NN=C(c2ccc(OC3CCN(C4CCC4)CC3)cc2)[C@@H]2C[C@H]12,22,3.091042453358316,0.4133978655922272
3951,COc1ccc(NC(=O)c2ccc(Cn3ccnn3)c3ccccc23)c(C(=O)NCC2CCOCC2)n1,22,3.091042453358316,0.4133978655922272
4416,COc1ccc([C@@H](Oc2ccc(C#N)cc2Cl)[C@H](C)NC(=O)C(C)(F)F)cn1,22,3.091042453358316,0.4133978655922272
3988,C[C@@H](O)c1nc2cnc3[nH]ccc3c2n1[C@H]1CCCOC1,22,3.091042453358316,0.4133978655922272
4229,O=c1ccc2c([C@@H](O)CNCCc3ccc(CCN4CCC(Cn5cnc([C@](O)(c6ccccc6)C6CCCCC6)n5)CC4)cc3)ccc(O)c2[nH]1,22,3.091042453358316,0.4133978655922272
3460,CN1CCc2cc3ccn(S(=O)(=O)c4cccc(Cl)c4)c3cc2CC1,22,3.091042453358316,0.8825545892242955
3684,O=C1CCCN1Cc1c(F)cc(-n2nc(C(F)(F)F)c3c2CCOC3)cc1F,22,3.091042453358316,0.4133978655922272
1003,O=C1CCC2(Cc3ccccc3)Cc3cc(O)ccc3C2=C1c1ccc(OCCN2CCCCC2)cc1,22,3.091042453358316,0.4133978655922272
3979,CC(C)CN1CCC(COc2ccc(NC(=O)Nc3cccnc3Oc3ccccc3C(C)(C)C)c(F)c2)CC1,22,3.091042453358316,0.4133978655922272
3825,FC(F)(F)c1ccccc1-c1ccc2[nH]c(/C=C/C3CCCCC3)nc2c1,22,3.091042453358316,0.4133978655922272
4042,CNc1nc(Nc2cnn(C3(C#N)CC3)c2Cl)ncc1C(F)(F)F,22,3.091042453358316,0.4133978655922272
4217,C[C@@H]1CN(c2cncc(C#N)c2)C(=O)c2cc(COc3ccc(Cl)cn3)nn21,22,3.091042453358316,0.4133978655922272
1049,C/C(=C1/C(=O)Nc2ccc(NC(N)=O)cc21)c1cc(CNC(=O)c2cccnc2)c[nH]1,22,3.091042453358316,0.4133978655922272
4005,C=C[C@@H]1C[C@]1(NC(=O)[C@@H]1C[C@@H](Oc2cc(-c3csc(NC(C)C)n3)nc3c(Br)c(OC)ccc23)CN1C(=O)[C@@H](CC(=O)NC1CCCC1)C(C)(C)C)C(=O)O,22,3.091042453358316,0.4133978655922272
4126,CC[C@H](C)[C@@H]1NC(=O)[C@H](Cc2ccc(O)cc2)NC(=O)CCSCC[C@@H](C(=O)N(CCOC)CC(=O)N[C@@H](CC(C)C)C(=O)NCC(N)=O)NC(=O)[C@H](CC(N)=O)NC(=O)[C@H](CCC(N)=O)NC1=O,22,3.091042453358316,0.4133978655922272
4089,Cc1csc2nc(N3CC[C@@H](C)N(C(=O)c4ccccc4-n4nccn4)CC3)nc(N)c12,22,3.091042453358316,0.4133978655922272
4020,C[C@@H](c1ccc2ncccc2c1)c1nnc2ccc(-c3cccc(C#N)c3)nn12,22,3.091042453358316,0.4133978655922272
1079,Cc1ccc(N2CCN(C(=O)[C@H](C)Cc3ccc(Cl)cc3F)CC2)c([C@@H](NC(=O)CCN(C)C)C(C)C)c1,22,3.091042453358316,0.4133978655922272
3865,Cc1cc(C(=O)O)ccc1-c1ccc(N2C(=O)N(c3cnccn3)C3(CCN(Cc4ncccc4C)CC3)C2=O)cc1,22,3.091042453358316,0.4133978655922272
3601,Cl.FC(F)(F)c1ccc(Nc2ncnc3cc(-c4ncccc4C(F)(F)F)ccc23)cn1,22,3.091042453358316,0.4133978655922272
3553,CCCOCCn1c(=O)c(NCc2ccccn2)nc2cnc(-c3ccc(OC)nc3)cc21,21.9,3.086486636822455,0.413088446414345
3517,CC(C)Cc1cc(-c2c[nH]c3ncc(-c4ccccc4)cc23)ccc1C(=O)O,21.9,3.086486636822455,0.413088446414345
4414,O=C(CN(Cc1ccc(F)c(O)c1F)Cc1ccc(F)c(O)c1F)NO,21.83,3.0832851705618523,0.4128710111751129
934,C[C@@H](O)[C@H]1C(=O)N2C(C(=O)O)=C(S[C@@H]3CN[C@H](CSc4nnnn4C)C3)[C@H](C)[C@H]12,21.81,3.0823685802135374,0.4128087587490554
3430,Cc1c(Oc2ccc(Cl)cc2)c2cccnc2n1Cc1cc(O[C@@H](C)C(=O)O)ccc1Cl,21.8,3.0819099697950434,0.4127776111254534
937,O=C(NO)[C@@]1(NS(=O)(=O)c2ccc(Oc3ccc(F)cc3)cc2)CCCOC1,21.8,3.0819099697950434,0.4127776111254534
3733,Cc1cc2c(cc1Cl)C1(CCN(C(=O)[C@@H]3CN(C(C)(C)C)C[C@H]3c3ccc(F)cc3F)CC1)C[C@@H]2C(C)(C)C(=O)N1CC(F)(F)C1,21.8,3.0819099697950434,0.4127776111254534
974,CN1CCN(CCCN(C(=O)Nc2ccc(F)c(C(F)(F)F)c2)[C@@H]2CC[C@]3(c4ccc(C#N)cc4)C[C@H]23)CC1,21.8,3.0819099697950434,0.4127776111254534
3688,CC(=O)Nc1cnc(-c2ccncc2)c(-c2ccco2)n1,21.7,3.077312260546414,0.4124653467037731
3425,Cc1c(C(=O)c2ccc(Cl)cc2)c2ccc(OC(F)(F)F)cc2n1Cc1cccc(O[C@@H](C)C(=O)O)c1,21.7,3.077312260546414,0.4124653467037731
4363,C#Cc1ccc2c(c1)C(c1ccccn1)=NCc1c(-c3cnco3)ncn1-2,21.7,3.077312260546414,0.4124653467037731
3935,CN1C(=O)N(c2ccc(C#N)c(C(F)(F)F)c2)C(=O)[C@@]1(CO)c1ccccc1,21.7,3.077312260546414,0.4124653467037731
4113,COc1cc(Nc2ncc(C(C)(C)O)cc2-c2nc(C)nc(N)n2)cnc1OC,21.67,3.075928815548268,0.4123713867274217
3524,Cn1c(=O)cc(Nc2cc(C(=O)NC3CC3)ccc2Cl)c2cnn(-c3c(F)cccc3F)c21,21.67,3.075928815548268,0.4123713867274217
1081,Cc1ccccc1NC1=NC(=O)C(C(C)C)S1,21.67,3.075928815548268,0.4123713867274217
4074,CC1(C)Oc2ncnc(N)c2C=C1c1ccc2c(c1)CC[C@]21CC[C@@H](CC(=O)O)CC1,21.67,3.075928815548268,0.4123713867274217
1142,COc1cc2nccc(Oc3ccc4c(C(=O)Nc5cc(C)no5)cccc4c3)c2cc1OC,21.67,3.075928815548268,0.4123713867274217
1047,CNC(=O)c1ccc(N2CCC(Oc3ccccc3Cl)CC2)nn1,21.67,3.075928815548268,0.4123713867274217
1027,CNc1ncnc(-c2cccnc2Oc2ccc(F)c(C(=O)Nc3cc(C(F)(F)F)ccc3N(C)CCCN(C)C)c2)n1,21.67,3.075928815548268,0.4123713867274217
4011,OC[C@H]1C[C@@H](O)CCN1CCc1ccc(Nc2nc(-c3ccc(Cl)cc3Cl)cs2)cc1,21.67,3.075928815548268,0.4123713867274217
3922,COc1ncc(Nc2ncc([C@@H](C)N3CCN(S(C)(=O)=O)C[C@@H]3C)cc2-c2nc(C)nc(N)n2)cc1F,21.67,3.075928815548268,0.4123713867274217
3406,CC(C)(C[C@H]1CC[C@H](N(C(=O)c2ccc([C@](C)(O)C(F)(F)F)cc2)C2CC2)CC1)C(N)=O,21.67,3.075928815548268,0.4123713867274217
4025,CS(=O)(=O)Nc1ccc(-c2nsc(NC(=O)N(CCC(c3ccc(F)cc3)c3ccc(F)cc3)CCN3CCOCC3)n2)cc1,21.67,3.075928815548268,0.4123713867274217
3980,CC1(C)OC(=O)N(c2ccc(C(=O)Nc3ccnc4cccnc34)cc2)[C@H]1c1ccccc1,21.67,3.075928815548268,0.4123713867274217
3875,CC(C)(O)c1ccc(Nc2nc3ccc(C#N)cc3[nH]2)cc1,21.67,3.075928815548268,0.4123713867274217
3981,CC1(C)OC(=O)N(c2ccc(C(=O)Nc3cccc4cccnc34)cc2)[C@H]1c1ccccc1,21.67,3.075928815548268,0.4123713867274217
4080,C[C@H]1CC[C@H](n2c3cnccc3c3cnc(Nc4ccc(N5CCC6(CCC(=O)N6)CC5)cn4)nc32)CC1,21.67,3.075928815548268,0.4123713867274217
1039,CCN(CC)c1ccc(NC(=O)C2(N(C)C(=O)OCC(C)C)CCc3cccc(OC)c3C2)cc1,21.67,3.075928815548268,0.4123713867274217
4013,CN[C@@H](CC(C)C)C(=O)N[C@H]1CC[C@@H]2CN(c3ccc(C(F)(F)F)cc3)C[C@@H]21,21.67,3.075928815548268,0.4123713867274217
4321,COC(=O)N(C)c1c(N)nc(-c2nn(Cc3ccccc3F)c3ncccc23)nc1N,21.67,3.075928815548268,0.4123713867274217
3904,COc1ncc(-c2ccncc2)cc1NC(=O)[C@H](Cc1ccccc1)NC1(c2ccccn2)CC1,21.67,3.075928815548268,0.4123713867274217
3538,COc1cc([C@@H](C)N[C@H](C)c2cccc(Cl)c2)nn1-c1ccc(Br)cc1,21.67,3.075928815548268,0.4123713867274217
3953,O=C(NCCC1CC1)c1ccc(N2CCN(C(=O)c3cc(F)ccc3C(F)(F)F)CC2)nn1,21.67,3.075928815548268,0.4123713867274217
3391,COc1cc2nccc(Oc3ccc4c(NC(=O)c5ccc(F)c(Cl)c5)nn(C)c4c3)c2cc1OC,21.67,3.075928815548268,0.4123713867274217
3669,FC(F)(F)c1ccc(Nc2nc(N3CCN(C4CC4)CC3)nc3c2CCN(c2ncccc2C(F)(F)F)CC3)cc1,21.67,3.075928815548268,0.4123713867274217
1028,CNc1nccc(-c2cccnc2Oc2cc(C(=O)Nc3cc(C(F)(F)F)ccc3N3CCCCC3)ccc2Cl)n1,21.6,3.0726933146901194,0.4121516399470839
4187,Cl.O=C(c1ccc(CN2CCOCC2)cc1)N1CCN(C2CC2)CC1,21.6,3.0726933146901194,0.4121516399470839
3997,CC(C)c1ccc2c(Nc3cc(C(=O)N[C@@H](C)C4CCCCC4)ccc3Sc3ccc(N)cc3)ncnc2n1,21.5,3.068052935133617,0.4118364774693739
964,COc1ccccc1-c1ccc(C[C@H](NC(=O)C2(c3ccccc3)CCCC2)C(=O)O)cc1,21.5,3.068052935133617,0.4118364774693739
4373,O=C(C[C@]1(O)CC[C@@H](Cc2ccccc2)CC1)Nc1ccc2[nH]ncc2c1,21.5,3.068052935133617,0.4118364774693739
3820,COc1cc2nncc(-c3cnc(N4CCC(C(C)(C)O)CC4)c(C)c3)c2cc1OC,21.5,3.068052935133617,0.4118364774693739
3595,Cc1cnc(-n2c(C)cc(OCc3ccc(F)cc3F)c(Br)c2=O)cn1,21.5,3.068052935133617,0.4118364774693739
3831,Cc1c(Nc2ccc(I)cc2F)c(C(=O)NOCCO)c2n(c1=O)CCC2,21.4,3.0633909220278057,0.4115198456974137
1034,CCO[C@@H](Cc1ccc(OCC=C(c2ccc(Br)cc2)c2ccc(Br)cc2)cc1)C(=O)O,21.4,3.0633909220278057,0.4115198456974137
3383,CCC(=O)c1c(-c2ccccc2)c2cc(Cl)ccc2c(=O)n1Cc1cc(C(=O)NC2CC2)n(C)n1,21.35,3.0610517396746335,0.4113609745324013
3711,CC(=O)O[C@@]12CO[C@@H]1C[C@H](O)[C@@]1(C)C(=O)[C@H](O)C3=C(C)[C@@H](OC(=O)[C@H](O)[C@@H](NC(=O)OC(C)(C)C(F)(F)F)c4ccccc4)C[C@@](O)([C@@H](OC(=O)c4cccc(F)c4)[C@H]21)C3(C)C,21.33,3.0601145324832593,0.4112973218641303
3708,CC(=O)O[C@@]12CO[C@@H]1C[C@H](O)[C@@]1(C)C(=O)[C@H](O)C3=C(C)[C@@H](OC(=O)[C@H](O)[C@@H](NC(=O)OC(C)(C)C(F)(F)F)c4ccc(F)cc4)C[C@@](O)([C@@H](CC(=O)c4ccccc4)[C@H]21)C3(C)C,21.33,3.0601145324832593,0.4112973218641303
3448,C[C@](O)(c1ccc(C(=O)N(C2CC2)[C@H]2CC[C@H](CCC#N)CC2)cc1)C(F)(F)F,21.33,3.0601145324832593,0.4112973218641303
3519,O=C(O)Cc1ccc(-c2c[nH]c3ncc(-c4ccc5ccccc5c4)cc23)cc1,21.3,3.0587070727153796,0.4112017308672473
3909,Cn1cc(-c2ccc3c(c2)CCN3C(=O)Cc2cc(F)ccc2F)c2c(N)ncnc21,21.2,3.054001181677967,0.410882119020603
1014,O=c1c2sc(-c3ccc(Cl)cc3)cc2ncn1-c1ccc2c(c1)CCC(CN1CCCC1)=C2,21.2,3.054001181677967,0.410882119020603
3746,CCc1nn(-c2ccccc2)c2cc(N3CCN(C4CCNC4)CC3)ccc12,21.2,3.054001181677967,0.410882119020603
3748,CCCCN1C(=O)[C@@H]([C@H](O)C(C)C)NC(=O)C12CCN(Cc1ccc(Oc3ccc(C(=O)O)cc3)cc1)CC2.Cl,21.2,3.054001181677967,0.410882119020603
877,CN(C1CCCCC1)[C@@H](CC(=O)O)C(=O)N1CCCC[C@H]1CCOC1CCN(C(=N)N)CC1,21.2,3.054001181677967,0.410882119020603
3743,CC(C)n1ncn(-c2ccc(N3CCN(c4ccc(OC[C@H]5CO[C@](Cn6cncn6)(c6ccc(F)cc6F)O5)cc4)CC3)nc2)c1=O,21.17,3.0525850851467737,0.4107859414372797
3968,Cc1c(C(=O)N2CCOc3ccc(-c4ccc(N)nc4)cc3C2)ccc(S(C)(=O)=O)c1F,21.17,3.0525850851467737,0.4107859414372797
4105,Cc1c(OCCCCOc2ccc(C(=O)O)cc2)ccc(C(=O)CC(C)C)c1O,21.09,3.0487989944906833,0.4105288000337633
3636,CCC1(c2ccccc2)c2c(ccc(F)c2F)N(Cc2cc[n+]([O-])cc2)C(=O)N1CC(F)(F)F,21,3.044522437723423,0.4102383474510757
3671,C[C@H](Oc1ccc(S(C)(=O)=O)cc1C(=O)N1Cc2ccc(C3CCOCC3)cc2C1)C(F)(F)F,21,3.044522437723423,0.4102383474510757
3405,COc1cc(Nc2c(C(N)=O)cnc3ccc(S(C)(=O)=O)cc23)ccc1F,21,3.044522437723423,0.4102383474510757
4000,Cc1nc(NC(=O)N2CCC[C@H]2C(N)=O)sc1-c1ccnc(C(C)(C)C)n1,21,3.044522437723423,0.4102383474510757
3666,Cc1ccc2c(N3CCN(CCc4c(C)ccc5c4ccc(=O)n5C)[C@H](C)C3)cccc2n1,21,3.044522437723423,0.4102383474510757
3737,Cc1nc(-c2ccccc2)n(C)c1CC(=O)NCc1cccc(Cl)c1C,21,3.044522437723423,0.879395071083144
4055,O=C(N[C@H]1C2CC3CC1C[C@](O)(C3)C2)c1sc(OC2CCOCC2)nc1C1CC1,21,3.044522437723423,0.4102383474510757
4061,Nc1ncnc2c1C(=O)N(c1ccc(-c3ccccc3Cl)cc1)CCO2,21,3.044522437723423,0.4102383474510757
4413,O=C(CN(Cc1ccc(Cl)c(O)c1F)Cc1ccc(Cl)c(O)c1F)NO,21,3.044522437723423,0.4102383474510757
4067,O=C(Nc1ccc(F)cn1)[C@H](CN1CC(O)C1)Oc1ncnc2c1cnn2-c1ncccc1Cl,21,3.044522437723423,0.4102383474510757
1059,CN1C[C@H](O)C[C@H]1c1nc(C(=O)NCc2ccc(F)cc2)c(O)c(=O)n1C,21,3.044522437723423,0.4102383474510757
1016,O=C(NO)c1ccc(-c2ccn(CCNCc3ccc4c(c3)OCO4)n2)s1,21,3.044522437723423,0.4102383474510757
3837,CC(C)(O)c1nc(C2(c3cccc4c3N(S(=O)(=O)c3ccc(OC(F)(F)F)cc3)Cc3ccc(C(F)(F)F)nc3N4)CCC2)no1,21,3.044522437723423,0.4102383474510757
3398,CCN(CC(O)(CNC(=O)c1cnn(-c2ccc(F)cc2)c1N)C(F)(F)F)C(=O)c1ccccc1,21,3.044522437723423,0.4102383474510757
1031,CC(C)C[C@@]1(C(=O)O)C[C@H](C(N)=O)[C@H](c2nccs2)N1C(=O)c1ccc(C(C)(C)C)cc1,21,3.044522437723423,0.4102383474510757
1012,CCCN1C(=O)N2C[C@@H](C(C)C)N=C2c2[nH]c(C34CCC(O)(CC3)CC4)nc21.Cl,21,3.044522437723423,0.4102383474510757
3767,NC(=O)c1cnc(NC(C2CC2)C2CC2)c2c1[nH]c1cc(-c3cnc(N)nc3)ccc12,21,3.044522437723423,0.4102383474510757
886,O=C(Cn1cc(C(F)(F)F)ccc1=O)NCc1cc2cc(C(=O)N3CCC(N4C(=O)OCc5ccc(Cl)cc54)CC3)ccc2o1,21,3.044522437723423,0.4102383474510757
4095,Nc1ncc(F)c2c1ncn2[C@@H]1CC[C@@H](O)[C@H]1O,21,3.044522437723423,0.4102383474510757
3469,CCOc1cc2ncc(C(N)=O)c(Nc3ccc(F)cc3F)c2cc1N1CCN(C2CC2)CC1,21,3.044522437723423,0.4102383474510757
3961,CNc1nc(Nc2cnn(CC(C)(C)O)c2Cl)ncc1C(F)(F)F,21,3.044522437723423,0.4102383474510757
4372,O=C(C[C@]1(O)CC[C@@H](Cc2ccc(OC(F)(F)F)cc2)CC1)Nc1ccc2[nH]c(=O)oc2c1,21,3.044522437723423,0.4102383474510757
4312,O=c1n(Cc2ccc(Cl)cc2F)c2sc3c(c2c2ncnn12)CCN(CC1CCOCC1)C3,21,3.044522437723423,0.879395071083144
3433,CCc1cc(CC[C@]2(C3CCCC3)CC(O)=C(Cc3nc4nc(C)cc(C)n4n3)C(=O)O2)cc(CC)n1,21,3.044522437723423,0.4102383474510757
1060,CN1CCN(C)C(c2nc(C(=O)NCc3ccc(F)cc3)c(O)c(=O)n2C)C1,21,3.044522437723423,0.4102383474510757
4019,C[C@@H](c1ccc2ncccc2c1)c1nnc2ccc(-c3cnn(C)c3)nn12,21,3.044522437723423,0.4102383474510757
3706,Cn1c(=O)c(Oc2ccc(F)cc2F)cc2cnc(NC(CCO)CCO)nc21,21,3.044522437723423,0.4102383474510757
1102,CCCCNc1nc(SCCC)nc2c1nnn2[C@@H]1C[C@H](C(N)=O)[C@@H](O)[C@H]1O,21,3.044522437723423,0.4102383474510757
3667,CC(C)[C@@H](Nc1nc2cc[nH]c(=O)c2c2cc(F)ccc12)C(F)(F)F,21,3.044522437723423,0.4102383474510757
3403,CNCCCOc1cc(F)c(-c2c(Cl)nc(-c3cnccn3)nc2N[C@@H](C)C(F)(F)F)c(F)c1,21,3.044522437723423,0.4102383474510757
3442,Cc1ccc2c(N3CCN(CCc4cccc5c4OCC(=O)N5C)CC3)cc(F)cc2n1,21,3.044522437723423,0.4102383474510757
4127,CC[C@H](C)[C@@H]1NC(=O)[C@H](Cc2ccccc2)NC(=O)CCSCC[C@@H](C(=O)N(CCOC)CC(=O)N[C@@H](CC(C)C)C(=O)NCC(N)=O)NC(=O)[C@H](CC(N)=O)NC(=O)[C@H](CCC(N)=O)NC1=O,21,3.044522437723423,0.4102383474510757
4366,Cc1ccc(-c2n[nH]c3cnc(-c4cccnc4)cc23)nc1N1CCC[C@H](N)C1,21,3.044522437723423,0.4102383474510757
1095,C/C(=C\S(=O)(=O)N[C@H]1CCN([C@@H](C)C(=O)N2CCOCC2)C1=O)c1ccc(Cl)s1,21,3.044522437723423,0.4102383474510757
3490,CCc1cccc(CC)c1-c1cc(OC)c2c(n1)CCCC2Nc1cc(OC)ccc1C,21,3.044522437723423,0.4102383474510757
3884,C#Cc1cccc(Nc2ncnc3cc4c(cc23)OCCOCCOCCO4)c1,21,3.044522437723423,0.4102383474510757
3933,CCCSc1c(C(=O)NC2CCCCC2)cnn1C,21,3.044522437723423,0.4102383474510757
4232,CC1(C)c2cc(C3CCN(CC4COC4)CC3)ccc2C(=O)c2c1[nH]c1cc(C#N)ccc21,21,3.044522437723423,0.4102383474510757
4221,Cc1nn(-c2ccnc(Nc3ccc4c(c3)c(C)c(C)n4C)n2)cc1CN1CC(O)C1,21,3.044522437723423,0.4102383474510757
4272,O=C(NCc1cc(Cl)ccc1-n1cnnn1)[C@@H]1CC=NN1C(=O)[C@H](O)c1ccccc1,21,3.044522437723423,0.4102383474510757
1103,CCCSc1nc(N[C@@H]2C[C@H]2c2ccc(F)c(F)c2)c2nnn([C@@H]3C[C@H](OCCO)[C@@H](O)[C@H]3O)c2n1,21,3.044522437723423,0.4102383474510757
954,N#Cc1ccccc1-c1ccc(C[C@H](NC(=O)[C@@H]2CCCN2S(=O)(=O)c2cc(Cl)cc(Cl)c2)C(=O)O)cc1,21,3.044522437723423,0.4102383474510757
1004,CN(C(=O)c1ccc(-c2ccc(C(F)(F)F)cc2)cc1)[C@H]1CCN(C(=O)N2CC[C@@H](NCCC(C)(C)c3ccc(Cl)cc3)C2)C1,21,3.044522437723423,0.4102383474510757
3763,CC(C)Oc1ccc(-c2nc(-c3ccc4c(c3)CCN(C(CO)CO)CC4)no2)cc1C#N,21,3.044522437723423,0.4102383474510757
3690,Cc1nc2ccccc2n1C1CC2CCC(C1)N2CCC(CN(C)S(=O)(=O)c1ccccc1)c1ccccc1,21,3.044522437723423,0.4102383474510757
3560,Cc1c(-c2cn(C(C)C)cn2)nn(-c2ccccc2Cl)c1-c1ccc(Cl)cc1,21,3.044522437723423,0.879395071083144
4117,CC[C@H](C)[C@@H]1NC(=O)[C@H](Cc2ccc(O)cc2)NC(=O)[C@@H](N)CSSC[C@@H](C(=O)N2CCC[C@H]2C(=O)N[C@@H](CC(C)C)C(=O)NCC(N)=O)NC(=O)[C@H](CC(N)=O)NC(=O)[C@H](CCC(N)=O)NC1=O,21,3.044522437723423,0.4102383474510757
4244,N#Cc1cccnc1N1CCN(C(=O)c2cccc(Oc3n[nH]c(=O)c4ccccc34)c2)CC1,21,3.044522437723423,0.4102383474510757
4251,Cn1cc(CNc2cc(OC[C@H]3C[C@@H]3c3ccccn3)nc3ccnn23)cn1,21,3.044522437723423,0.4102383474510757
919,O=C(O)[C@H](Cc1ccc2[nH]c(-c3c(Cl)cccc3Cl)nc2c1)NC(=O)[C@@H]1CCN1S(=O)(=O)c1cc(Cl)cc(Cl)c1,21,3.044522437723423,0.4102383474510757
888,O=C(Cn1cc(C(F)(F)F)ccc1=O)NCc1cc2cc(C(=O)N3CCC(N4C(=O)OCc5ccccc54)CC3)c(F)cc2o1,21,3.044522437723423,0.4102383474510757
3861,NC(=O)c1cnc(-c2ccc(C3(N)CCC3)cc2)c(-c2ccccc2)c1,21,3.044522437723423,0.4102383474510757
4351,COc1cc(Nc2nn([C@H]3COCC[C@@H]3C#N)cc2C(N)=O)ccc1Cl,21,3.044522437723423,0.4102383474510757
3542,C=C[C@@H]1C[C@]1(NC(=O)[C@@H]1C[C@@H]2CN1C(=O)[C@H](C(C)C)Nc1nc(cs1)CCC/C=C/c1cccc3c1CN(C3)C(=O)O2)C(=O)NS(=O)(=O)C1CC1.O=C(O)C(F)(F)F,21,3.044522437723423,0.4102383474510757
4254,C[C@H]1Cn2c(nnc2-c2cccnc2)C(=O)N1Cc1cccc(C(F)(F)F)c1Cl,21,3.044522437723423,0.4102383474510757
3682,CN(C)CCNC1COc2ccccc2-c2c(C3CCCCC3)c3ccc(C(=O)O)cc3n2C1,21,3.044522437723423,0.4102383474510757
1118,C[C@@H](c1ccccc1)n1c(CNC(=O)[C@@H](Cc2ccccc2C(F)(F)F)NC(=O)OC(C)(C)C)nc2cccnc21,21,3.044522437723423,0.4102383474510757
912,COc1ccc2c(c1)c(C[C@H](C)CC(=O)O)c(C)n2Cc1ccc(Br)cc1,21,3.044522437723423,0.4102383474510757
3677,CC(C)(C)NC(=O)Cn1c(-c2ccccc2OC(F)(F)F)cc2cc(C(C)(C)C(=O)NC(C)(C)C)ccc21,21,3.044522437723423,0.4102383474510757
3647,COCCc1ccc(Cl)c(CN(C(=O)[C@H]2CNCC[C@@H]2c2ccc(OCCOc3c(Cl)cc(C)cc3Cl)nc2)C2CC2)c1,21,3.044522437723423,0.4102383474510757
3813,CC#CCn1c(N2CCC[C@H](N)C2)c(C#N)c2c1c(=O)n(CC(=O)c1cccc(OC)c1)c(=O)n2C,21,3.044522437723423,0.4102383474510757
3423,Cc1nc2ccccc2n1[C@H]1C[C@H]2CC[C@@H](C1)N2CCC1(c2cccc(Cl)c2)CCN(C(=O)C(C)(C)C)CC1,21,3.044522437723423,0.4102383474510757
3608,Cc1ccccc1[C@@H]1CCc2c(C(=O)N(C)C)cc3c(nc(C)n3C)c2O1,21,3.044522437723423,0.4102383474510757
3710,CC(=O)O[C@@]12CO[C@@H]1C[C@H](O)[C@@]1(C)C(=O)[C@H](O)C3=C(C)[C@@H](OC(=O)[C@H](O)[C@@H](NC(=O)OC(C)(C)C(F)(F)F)c4ccccc4)C[C@@](O)([C@@H](OC(=O)c4ccccc4)[C@H]21)C3(C)C,21,3.044522437723423,0.4102383474510757
3511,Cc1cc(-c2[nH]ncc2C)c2cccc(OCc3c(C)ccnc3Cn3cccc(C(F)(F)F)c3=O)c2n1,21,3.044522437723423,0.4102383474510757
3992,CC(C)N1C(=O)[C@H](NC(=O)[C@@H](Cc2ccccc2F)NC(=O)c2ccc(F)cc2C(F)(F)F)CCc2cc(Cl)cc(F)c21,21,3.044522437723423,0.4102383474510757
3996,CC(C)N1C(=O)[C@H](NC(=O)[C@@H](Cc2ccccc2OC(F)(F)F)NC(=O)OC(C)(C)C)CCc2cccc(F)c21,21,3.044522437723423,0.4102383474510757
3918,COc1ccc(N2CCN(C(=O)[C@@H]3CCCC[C@H]3C(=O)NC3(C#N)CC3)CC2)cc1OC,21,3.044522437723423,0.4102383474510757
4166,C[C@H]1[C@H](NC(=O)/C(=N\OC(C)(C)C(=O)O)c2csc(N)n2)C(=O)N1S(=O)(=O)O,21,3.044522437723423,0.4102383474510757
3672,CN(C(=O)C(C)(C)c1ccc(F)cc1)[C@@H]1CCc2c(CC(=O)O)c3cccnc3n2C1,21,3.044522437723423,0.4102383474510757
4320,COc1ccc(-c2nnc(-c3ccc4nc(-c5c(C)cc(CCC(=O)O)cc5C)[nH]c4c3)o2)cc1,21,3.044522437723423,0.4102383474510757
4390,CC1=C(c2ccc(F)cc2)C(c2ccc(OC[C@H](C)N3CC[C@@H](C)C3)cc2)Oc2ccc(O)cc21,21,3.044522437723423,0.4102383474510757
4303,c1cc([C@H]2CC[C@]3(CC2)OOC2(O3)C3CC4CC(C3)CC2C4)ccc1OC1CCNCC1,21,3.044522437723423,0.879395071083144
4270,CC(=O)O[C@@]12CO[C@@H]1C[C@H](O)[C@@]1(C)C(=O)[C@H](O)C3=C(C)[C@@H](OC(=O)[C@H](O)[C@@H](NC(=O)OC(C)(C)C(F)(F)F)c4ccccc4)C[C@@](O)([C@@H](OC(=O)c4ccccc4)C12)C3(C)C,21,3.044522437723423,0.4102383474510757
4066,CC(C)OC[C@H](Oc1ncnc2c1cnn2-c1ncccc1Cl)C(=O)Nc1ccc(C#N)cn1,21,3.044522437723423,0.4102383474510757
3810,O[C@H]1CC[C@H](Nc2ncc3nc(Nc4ccc(F)cc4F)n(C4CCOCC4)c3n2)CC1,21,3.044522437723423,0.4102383474510757
3512,C[C@H](C1CC1)n1cc(Cl)nc(Nc2c(Cl)cc(C(F)(F)F)cc2Cl)c1=O,21,3.044522437723423,0.4102383474510757
1064,CCCC[C@H](NC(=O)O[C@H](Cn1ccc(C(F)(F)F)n1)C(C)(C)C)C(=O)CNS(=O)(=O)c1ccccn1,21,3.044522437723423,0.4102383474510757
4227,Cc1nnc2n1-c1ccc(-c3cncc([C@](C)(O)C(F)(F)F)c3)cc1CC2,21,3.044522437723423,0.4102383474510757
4009,COCCN1CCN(c2cc3c(Nc4ccc(C)cc4F)c(C(N)=O)nnc3cc2OC)CC1,21,3.044522437723423,0.4102383474510757
1061,CN1C[C@@H](F)C[C@H]1c1nc(C(=O)NCc2ccc(F)cc2)c(O)c(=O)n1C,21,3.044522437723423,0.4102383474510757
4425,O=c1[nH]c2ccc(-c3c(Cl)cccc3C3CC3)cc2[nH]1,21,3.044522437723423,0.4102383474510757
1099,CCC(CC)n1cc2c3c(nc(C)cc31)N(c1ccc(C(F)(F)F)cc1C(F)(F)F)CC2,21,3.044522437723423,0.4102383474510757
3513,C[C@H](C1CC1)n1cc(C#N)nc(Nc2c(Cl)cc(OC(F)F)cc2Cl)c1=O,21,3.044522437723423,0.4102383474510757
3920,COc1ccc(N2CCN(C(=O)[C@@H]3CCCC[C@H]3C(=O)NC3(C#N)CC3)[C@H](C)C2)cc1OC,21,3.044522437723423,0.4102383474510757
3899,O=C(NCc1ccc(OC(F)(F)F)cc1)C1c2ccccc2C(=O)N1C1CCC(F)(F)CC1,21,3.044522437723423,0.4102383474510757
4423,COCc1ccc(-c2ccc3nnc(C(N)=O)c(N[C@@H](C)C4CCOCC4)c3c2)cn1,21,3.044522437723423,0.4102383474510757
4408,CCCc1ncc([C@@H]2Oc3cc(-c4cnc([C@@H]5CCCN5C(=O)[C@@H](NC(=O)OC)C(C)C)[nH]4)cc(F)c3-c3cc4cc(-c5cnc([C@@H]6CCCN6C(=O)[C@@H](NC(=O)OC)[C@@H]6CCOC(C)(C)C6)[nH]5)ccc4n32)s1,21,3.044522437723423,0.4102383474510757
3984,O=C(Nc1ccnc(NC(=O)C2CC2)c1)c1c(Cl)cccc1Cl,21,3.044522437723423,0.4102383474510757
891,N[C@H](C(=O)N1CCSC1)[C@H]1CC[C@H](NS(=O)(=O)c2ccc(OC(F)(F)F)cc2)CC1,21,3.044522437723423,0.4102383474510757
3850,C[C@H](COc1ccc(-c2cn[nH]c(=O)c2)cc1)CN1CCC[C@H]1C,21,3.044522437723423,0.4102383474510757
4267,CC(C)CN1[C@H](c2ccc(/C=C/C(=O)O)cc2)c2ccc(O)cc2CC1(C)C,21,3.044522437723423,0.4102383474510757
3400,Nc1c(C(=O)NCC(O)(CN(CCF)C(=O)c2c(F)cccc2F)C(F)(F)F)cnn1-c1ccc(F)cc1,21,3.044522437723423,0.4102383474510757
3761,Cc1c(-c2noc(-c3ccc(OC(C)C)c(C#N)c3)n2)cnc2c1CCN(C(CO)CO)C2,21,3.044522437723423,0.4102383474510757
3395,Cc1c(-c2cccc(OCCCCCC(=O)O)c2F)c(=O)n(C[C@H](N)c2ccccc2)c(=O)n1Cc1c(F)cccc1C(F)(F)F,21,3.044522437723423,0.4102383474510757
4057,COc1nc([C@H]2CCCO2)c(C(=O)N[C@H]2C3CC4CC2C[C@](O)(C4)C3)s1,21,3.044522437723423,0.4102383474510757
3895,O=C(N[C@H]1C2CC3CC1C[C@](O)(C3)C2)c1ccc(N2CCOCC2)nc1C1CC1,21,3.044522437723423,0.4102383474510757
989,C=C1/C(=C\C=C2/CCC[C@]3(C)[C@@H]([C@H](C)OCCC(C)(C)O)CC[C@@H]23)C[C@@H](O)C[C@@H]1O,20.95,3.0421386463681466,0.4100764465589774
4260,Cc1ccc(CN2CCOCC2)cc1NC(=O)c1ccc(Nc2ncc(C(F)(F)F)c(-c3ccccc3)n2)cc1,20.87,3.038312721089109,0.4098165996917562
1009,O=C(c1ccc(Cl)cc1NS(=O)(=O)c1cccc2nsnc12)N1CCCCC1,20.83,3.0363942552728806,0.4096863024967354
4132,CC(C)Oc1ccc(-c2ccc3c(n2)Oc2c(F)cccc2[C@@H]3C(C)(C)C(=O)NC(N)=O)cn1,20.8,3.0349529867072724,0.4095884152944813
4341,COc1cc(N2CCC3(CCN(C[C@H](O)c4ccc5c(c4C)COC5=O)CC3)C2=O)ccn1,20.8,3.0349529867072724,0.4095884152944813
4282,CN1CCN(c2ccc(C(=O)Nc3n[nH]c4ccc(Cc5cc(F)cc(F)c5)cc34)c(NC3CCOCC3)c2)CC1,20.8,3.0349529867072724,0.4095884152944813
4430,C=CC(=O)N1C[C@@H]2C[C@H]1CN2c1ccc(C(N)=O)c(Oc2ccc(Oc3ccccc3)cc2)n1,20.67,3.028683373693677,0.4091625995292864
4329,COc1ccc2c(c1)O[C@@H](c1cccc(C(=O)O)c1)C[C@H]2NC(=O)C1(c2ccc3c(c2)OC(F)(F)O3)CC1,20.67,3.028683373693677,0.4091625995292864
3705,Cl.Cn1c(=O)c(Oc2ccc(F)cc2F)cc2cnc(NC3CCOCC3)nc21,20.67,3.028683373693677,0.4091625995292864
1001,C[C@]1(c2ccc(O)cc2)CSc2cc(O)ccc2[C@H]1CCCCCCCCC[S+]([O-])CCCC(F)(F)C(F)(F)F,20.67,3.028683373693677,0.4091625995292864
939,COc1ccc(-c2cc3c(N4CCCC4)nc(N4CCCC4)nc3n2C)cc1,20.67,3.028683373693677,0.4091625995292864
1042,N#Cc1ccccc1Cn1c(N2CCC[C@@H](N)C2)nc2ccc(F)cc2c1=O.O=C(O)C(F)(F)F,20.61,3.0257763949023677,0.408965165110967
914,CN(C)Cc1ccc(C(=O)Nc2ccc(Cl)cc2C(=O)Nc2ccc(Cl)cn2)cc1,20.6,3.0252910757955354,0.4089322035029074
4338,CCOC(=O)C1=C(CN2CCO[C@H](C)[C@H]2C(=O)O)NC(c2nccs2)=N[C@H]1c1ccc(F)cc1Br,20.6,3.0252910757955354,0.4089322035029074
4317,Cc1c(N2CC[C@](C)(O)[C@@H]2C)ccc(C#N)c1F,20.6,3.0252910757955354,0.4089322035029074
4069,NC1Cc2cc(Oc3ccccc3)ccc2-n2cnnc21,20.6,3.0252910757955354,0.4089322035029074
1135,O=C(O)c1ccc(Cn2cnc3cnc(C(=O)NCc4cccc(C(F)(F)F)c4)cc3c2=O)cc1,20.6,3.0252910757955354,0.4089322035029074
4417,CC1=C[C@@](CF)(c2cc(NC(=O)c3ccc(C#N)cn3)ccc2F)N=C(N)O1,20.6,3.0252910757955354,0.4089322035029074
3786,COc1ccc(N(Cc2cccnc2)C2CCN([C@H](C)CCNC(=O)c3c(C)cc(Cl)nc3C)CC2)cc1,20.6,3.0252910757955354,0.4089322035029074
4384,COc1cc([C@@H](O)[C@@H](CC2Cc3ccccc3C2)Cn2ccc(CCC(=O)O)c2)cc(OC)c1C,20.5,3.0204248861443626,0.4086017045924635
1024,CCCS(=O)(=O)N1CCC(CNC(=O)c2ccc(Cl)cc2Cl)(C(=O)N2CCOCC2)CC1,20.5,3.0204248861443626,0.4086017045924635
3693,CN(C)[C@@H]1C(O)=C(C(N)=O)C(=O)[C@@]2(O)C(O)=C3C(=O)c4c(O)cccc4[C@@](C)(O)[C@H]3C[C@@H]12,20.5,3.0204248861443626,0.4086017045924635
3525,N[C@@H](CC(=O)N1CCC[C@H]1CNS(=O)(=O)C(F)(F)F)Cc1cc(F)c(F)cc1F,20.5,3.0204248861443626,0.4086017045924635
4383,N#Cc1ccc(N2C(=O)C3Cc4ccccc4CN3C2=S)cc1C(F)(F)F,20.5,3.0204248861443626,0.4086017045924635
4362,CC[C@H]1OC(=O)[C@H](C)[C@@H](OC(=O)CCNCCNc2cc3c(=O)c(C(=O)O)cn(C4CC4)c3cc2Cl)[C@H](C)[C@@H](O[C@@H]2O[C@H](C)C[C@H](N(C)C)[C@H]2O)[C@](C)(OC/C=C/c2cnc3ccccc3c2)C[C@@H](C)NC(=O)[C@H](C)[C@@H](O)[C@]1(C)O,20.3,3.0106208860477417,0.4079358424740103
3499,NCC1(Cc2noc(=O)[nH]2)CCCCC1,20.3,3.0106208860477417,0.4079358424740103
4194,O=C(O)c1ccc(Nc2ncc3c(n2)-c2ccc(Cl)cc2C(c2c(F)cccc2F)=NC3)cc1,20.3,3.0106208860477417,0.4079358424740103
4155,COc1cccc(CNC(=O)c2nc3scc(CNC(=O)c4ccc(C(=O)O)cc4)c3c(=O)[nH]2)c1,20.3,3.0106208860477417,0.4079358424740103
4192,C[C@H](Nc1nccc(Nc2cc(C3CC3)[nH]n2)n1)c1ccc2[nH]cnc2c1,20.3,3.0106208860477417,0.4079358424740103
903,CCCCCNC(=O)C(Cc1ccc(N(C(=O)C(=O)O)c2ccccc2C(=O)O)c(CC)c1)NC(C)=O,20.17,3.0041963519661206,0.4074995048738977
4201,O=C(c1cccc(S(=O)(=O)Nc2cccc(F)c2F)c1)N1CCN2CCC[C@@H]2C1,20.17,3.0041963519661206,0.4074995048738977
4177,Cc1cc(C(=O)N2CCc3c(sc(NCc4ccccc4)c3C#N)C2)[nH]n1,20.15,3.0032042883926917,0.4074321265032191
997,O=C(N[C@H]1CN2CCC1CC2)c1ccc2occc2c1,20.1,3.0007198150650303,0.4072633875541276
3826,Cc1cc(NCCc2ccc[n+]([O-])c2)nc(-c2ccc(Br)cc2)n1,20.1,3.0007198150650303,0.4072633875541276
3858,Cc1ccc([C@H](C(=O)N2CCOCC2)N2C(=O)[C@@H](C3Cc4ccccc4C3)NC(=O)[C@H]2CC(C)(C)C)cn1,20,2.995732273553991,0.4069246467418383
3957,COc1cc(N2CCN(C(=O)Cn3nc(C(F)(F)F)c(Cl)c3C)CC2)ccc1Cl,20,2.995732273553991,0.4069246467418383
3577,C[C@@H]1CN(C(c2ccccc2)c2ccccc2)[C@@H](C)CN1C(=O)c1cc2c(C(=O)C(=O)N(C)C)cn(C)c2cc1Cl,20,2.995732273553991,0.4069246467418383
3914,O=C(c1nc2c(C(F)(F)F)cc(C3CC3)cn2c1Cl)N1CCN([C@H]2CC[C@H](O)CC2)C(=O)C1,20,2.995732273553991,0.4069246467418383
4298,CS(=O)(=O)N1CCC[C@H](c2csc(-c3ccccc3NC(=O)c3ncc[nH]3)n2)C1,20,2.995732273553991,0.4069246467418383
3689,C[C@@H](C[C@@](C)(CS(=O)(=O)N1CCC(CCc2ccc(Cl)cc2Cl)CC1)N(O)C=O)c1ncc(F)cn1,20,2.995732273553991,0.4069246467418383
3483,CC(C)(C)CCC1(NCc2ccccc2N)C(=O)C(C2=NS(=O)(=O)c3cc(NS(C)(=O)=O)ccc3N2)=C(O)c2ccccc21,20,2.995732273553991,0.4069246467418383
904,C[C@H](O)CNc1cc(-c2[nH]c3cccnc3c2-c2ccc(F)cc2)ccn1,20,2.995732273553991,0.4069246467418383
4422,C[C@H](Nc1nccc(N2C(=O)OC[C@@H]2[C@H](C)F)n1)c1cn(-c2ccc(C(F)F)cc2)cn1,20,2.995732273553991,0.4069246467418383
3852,CCC(CC)[C@@H]1C(=O)N[C@H](C2Cc3ccccc3C2)C(=O)N1[C@@H](C(=O)N(C)C)c1ccc(C)nc1,20,2.995732273553991,0.4069246467418383
3959,Cn1cc(-c2cnc3ccc4ccc(CS(=O)(=O)NCc5ccccn5)cc4c(=O)c3c2)cn1,20,2.995732273553991,0.4069246467418383
3392,O=C(Nc1ccc(Cl)c(C(=O)Nc2cccnc2)c1)c1cccc(C(F)(F)F)c1,20,2.995732273553991,0.4069246467418383
1092,c1ccc(-c2oc3nccc(NCCN4CCNCC4)c3c2-c2ccccc2)cc1,20,2.995732273553991,0.4069246467418383
3380,CC(c1nc(-c2ccc(S(C)(=O)=O)cc2Cl)no1)[C@H](N)C(F)=C1CCCC1.O=C(O)C(F)(F)F,20,2.995732273553991,0.4069246467418383
4122,CCOc1ccc(C[C@@H]2NC(=O)CCCSC[C@@H](C(=O)N3C[C@@H](OC)C[C@H]3C(=O)N[C@@H](CC(C)C)C(=O)NCC(N)=O)NC(=O)[C@H](CC(N)=O)NC(=O)[C@H](CCC(N)=O)NC(=O)[C@H]([C@@H](C)CC)NC2=O)cc1,20,2.995732273553991,0.4069246467418383
4273,O=C(NCc1cc(Cl)ccc1-n1cnnn1)[C@@H]1C[C@@H]2C[C@@H]2N1C(=O)[C@H](O)c1ccccc1,20,2.995732273553991,0.4069246467418383
3534,C[C@@]1(C(=O)Nc2ccc(F)nc2)CCCN1c1nc(Nc2cc(C3CC3)n[nH]2)c2cccn2n1,20,2.995732273553991,0.4069246467418383
3388,CCn1c2ccccc2c2cc(NC(=O)CCc3nc(-c4ccccc4F)no3)ccc21,20,2.995732273553991,0.4069246467418383
3800,CNC(=O)c1cccc(F)c1Nc1nc(Nc2ccc3c(c2)NC(=O)C(NC(=O)COC)CC3(C)C)ncc1Cl.O=C(O)C(F)(F)F,20,2.995732273553991,0.4069246467418383
3600,CC(C)C(=O)c1oc2nc(-c3ccccc3Cl)c(-c3ccc(Cl)cc3)cc2c1NC(=O)CO,20,2.995732273553991,0.4069246467418383
4436,COc1ccc(-c2ncc3c(c2F)-c2[nH]c4c(c2CC3)C(=O)NCC42CN(C)C2)cc1F,20,2.995732273553991,0.4069246467418383
4092,N#Cc1cccc(Cn2cc(NC(=O)c3n[nH]c4cc(-c5cn[nH]c5)ccc34)cn2)c1,20,2.995732273553991,0.4069246467418383
3795,CC(=O)N[C@@H]1CC2(CCN(Cc3ccc4[nH]c5ccccc5c4c3)CC2)c2ccccc21,20,2.995732273553991,0.4069246467418383
3417,CN(C)C(=O)C(=O)NC(C)(C)c1nc(C(=O)NCc2ccc(F)cc2)c(O)c(=O)n1C,20,2.995732273553991,0.4069246467418383
3945,CC(=O)NC1CC2CCC(C1)N2Cc1ccc(Oc2nc3ncccc3s2)cc1,20,2.995732273553991,0.4069246467418383
936,CC/N=C(\S)c1cccnc1S,20,2.995732273553991,0.4069246467418383
4001,Cl.O=c1[nH]nc2c(NCCCc3ccncc3)cc(Cl)cn12,20,2.995732273553991,0.4069246467418383
4103,CC(C)(O)c1ccc(-c2nc(-c3ccc(F)cc3)oc2Sc2ccc(Cl)cn2)cn1,20,2.995732273553991,0.4069246467418383
3807,CC(C)Nc1ncc2nc(Nc3c(F)cccc3F)n([C@H]3CC[C@@H](O)CC3)c2n1,20,2.995732273553991,0.4069246467418383
3889,CC(=O)N[C@@H](Cc1ccc(F)cc1)[C@H](O)CN[C@H]1CC2(CCC2)Oc2ncc(CC(C)(C)C)cc21,20,2.995732273553991,0.4069246467418383
998,O=C(N[C@H]1CN2CCC1CC2)c1ccc(Cl)cc1,20,2.995732273553991,0.4069246467418383
4420,COc1cc(C(N)=O)nc(-c2cccc(C#C[C@]3(O)CCN(C)C3=O)c2)c1,20,2.995732273553991,0.4069246467418383
3841,CCCCCS(=O)(=O)NC(=O)/C(C)=C/c1ccc(OCCOC)cc1Oc1ncc(C(F)(F)F)cc1Cl,20,2.995732273553991,0.8760813703739065
892,O=C(Cn1cnc(C(F)(F)F)cc1=O)NCc1cc2cc(C(=O)N3CCC(N4C(=O)OCc5ccccc54)CC3)ccc2o1,20,2.995732273553991,0.4069246467418383
1132,Cc1ccc2c(-c3nnc(SCCCN4CCc5cc6nc(C(F)(F)F)oc6cc5CC4)n3C)cccc2n1,20,2.995732273553991,0.4069246467418383
3893,O=S(=O)(Cc1c(F)cccc1F)N1CCN(c2ncccc2C(F)(F)F)CC1,20,2.995732273553991,0.4069246467418383
4311,O=c1n(Cc2ccc(Cl)cc2)c2sc3c(c2c2ncnn12)CCN(C1COC1)C3,20,2.995732273553991,0.8760813703739065
1120,Cc1ccc(N2CCN(C(=O)[C@H]3[C@@H](c4ccc(Cl)cc4)CCN3C(=O)N(C)C)CC2)c([C@@H](N)C(C)C)c1,20,2.995732273553991,0.4069246467418383
1100,CCCSc1nc(N[C@@H]2C[C@H]2c2ccccc2)c2nnn([C@@H]3C[C@H](C(N)=O)[C@@H](O)[C@H]3O)c2n1,20,2.995732273553991,0.4069246467418383
3589,CNCCNCc1cccc(-n2nc(C(F)(F)F)cc2C(=O)NCc2ccccc2OC)c1,20,2.995732273553991,0.4069246467418383
1050,FC(F)(F)c1ccc(-c2cc(Oc3ccc4cccnc4c3)ncn2)cc1,20,2.995732273553991,0.4069246467418383
4297,CN(C)C(=O)N1CC=C(c2cc3c(-c4cccc(-n5ccc6cc(C7CC7)cc(F)c6c5=O)c4CO)ccnc3[nH]2)CC1,20,2.995732273553991,0.4069246467418383
3527,Cc1c(CC(=O)O)c2cccnc2n1S(=O)(=O)c1ccc(F)c(F)c1,20,2.995732273553991,0.4069246467418383
3489,COCCN(CCOC)c1nc(C)nc2c(-c3ccc(OC)cc3C)c(C)nn12,20,2.995732273553991,0.4069246467418383
3806,COc1ccccc1CNCc1cccc(CCNC[C@H](O)c2ccc(O)c3[nH]c(=O)sc23)c1,20,2.995732273553991,0.4069246467418383
4109,C[C@@H]1COCCN1c1nc(-c2c(F)ncc3[nH]ccc23)cc2c1ncn2C,20,2.995732273553991,0.4069246467418383
3866,COc1ccc(C(C)=O)cc1CSc1nc2ccccc2n1CC(=O)O,20,2.995732273553991,0.4069246467418383
4347,CNC(=O)c1c[nH]c2ccc(N3CCCc4cc(-c5cnn(C)c5)c(C(F)F)cc43)cc12,20,2.995732273553991,0.4069246467418383
3913,Cc1ccc(S(=O)(=O)NC(=O)N2CCC(N3CCC(Oc4ccc(Cl)c(Cl)c4)CC3)CC2)cc1,20,2.995732273553991,0.4069246467418383
3562,Cc1c(-c2ccc3c(c2)CN(C(C)C)C3=O)nnn1-c1ccc(F)cc1F,20,2.995732273553991,0.4069246467418383
3410,CNc1nc2sc(-c3ccc(F)c(CNS(C)(=O)=O)c3)nc2c2c1ncn2C,20,2.995732273553991,0.4069246467418383
1110,CS(=O)(=O)c1ccccc1-c1ccc(N2CCC(NS(=O)(=O)c3ccc4cc(Cl)ccc4c3)C2=O)c(F)c1,20,2.995732273553991,0.4069246467418383
3812,CC(C)OC(=O)N1CCC(Oc2ncnc3c2cnn3-c2ccc(S(C)(=O)=O)cc2F)CC1,20,2.995732273553991,0.4069246467418383
3551,CCS(=O)(=O)CCN(C(=O)Cc1ccc(C(F)(F)F)c(F)c1)[C@H](C)c1nc2c(C3CC3)nccn2c1-c1ccc(C#N)cc1,20,2.995732273553991,0.4069246467418383
4157,CC[C@@H](c1cccc(Cl)n1)N1C(=O)[C@@](C)(CC(=O)O)C[C@H](c2cccc(Cl)c2)[C@H]1c1ccc(Cl)cc1,20,2.995732273553991,0.4069246467418383
3775,Cc1c(Oc2ccc(Cl)cc2)c2c(NS(C)(=O)=O)cccc2n1CC(=O)O,20,2.995732273553991,0.4069246467418383
3536,COc1cc(Nc2cc(Oc3cc(C)c(C)nc3-c3ccccn3)ccn2)cc(OC)c1OC,20,2.995732273553991,0.4069246467418383
4184,Cc1nocc1-c1ccc2[nH]c([C@@]3(Cc4ccccc4)OC(=O)N([C@H](C)c4ccc(F)cc4)C3=O)nc2c1,20,2.995732273553991,0.4069246467418383
3646,Cn1ncc2c(Nc3ccc(S(C)(=O)=O)cc3)nc(-c3cccc4[nH]ncc34)nc21,20,2.995732273553991,0.4069246467418383
3698,COc1cc(Nc2nccc(Nc3ccc4ncccc4c3)n2)cc(OC)c1OC,20,2.995732273553991,0.4069246467418383
1111,CS(=O)(=O)c1ccccc1-c1ccc(N2CCC(NS(=O)(=O)/C=C/c3ccc(Cl)s3)C2=O)nc1,20,2.995732273553991,0.4069246467418383
3833,O=C(C1CC1)N1CCC(Oc2ccc3c(c2)CCC2(CCN(C4CCC4)CC2)O3)CC1,20,2.995732273553991,0.4069246467418383
3502,COc1ccc([C@H]2C[C@@H]2NC(=O)CC(C)(C)NCC(=O)N2C[C@@H](F)C[C@H]2C#N)cc1,20,2.995732273553991,0.4069246467418383
3975,CN1C(=O)[C@]2(CC(C)(C)Oc3ccc(-c4cncc(Cl)c4)cc32)N=C1N,20,2.995732273553991,0.4069246467418383
4313,COc1ccc(Cn2c(=O)n3ncnc3c3c4c(sc32)CN(CC2CCOCC2)CC4)cc1,20,2.995732273553991,0.8760813703739065
3488,COCCN(CCOC)c1nc(C)nc2c(-c3ccc(OC)cc3C)c(C)nn12.O=S(=O)(O)c1ccccc1,20,2.995732273553991,0.4069246467418383
1002,COc1ccc(N2CCC(C)(c3ccc(Cl)c(Cl)c3)C2=O)cc1OCCN1CCC(C)CC1,20,2.995732273553991,0.4069246467418383
3999,CC(C)(C)c1ccc(CN2CCC(COC(=O)c3c4n(c5ccccc35)CCCO4)CC2)cc1,20,2.995732273553991,0.4069246467418383
4173,C[C@@H]1CCCN1CCCOc1ccc(C2=NNC(=O)[C@H]3C[C@@H]23)cc1,20,2.995732273553991,0.4069246467418383
3531,Cc1ccc2c(Nc3cccc(C(F)(F)F)c3)nccc2c1Nc1ncccc1-c1ccncn1,20,2.995732273553991,0.4069246467418383
3934,CCN1CCc2c(c3cc(OC)c(OC)cc3c3cc(OC)ccc23)C1,20,2.995732273553991,0.4069246467418383
1011,CN1CCN(CCOc2cc(OC3CCOCC3)c3c(Nc4c(Cl)ccc5c4OCO5)ncnc3c2)CC1,20,2.995732273553991,0.4069246467418383
3926,CC[C@@H]([C@H](C)O)N1C(=O)[C@@](C)(CC(=O)O)C[C@H](c2cccc(Cl)c2)[C@H]1c1ccc(Cl)cc1,20,2.995732273553991,0.4069246467418383
4063,Nc1ncnc2c1C(=O)N(c1ccc(-c3ncccc3Cl)cc1)CCO2,20,2.995732273553991,0.4069246467418383
3547,Fc1cc(-c2cc[nH]/c(=N/c3ccc(-n4cnc(N5CCOCC5)n4)cc3)n2)cc(N2CCOCC2)c1,20,2.995732273553991,0.4069246467418383
4048,COC(=O)N[C@H](C(=O)N1CCC[C@H]1C(=O)Nc1ccc([C@@H]2CC[C@@H](c3ccc(NC(=O)[C@@H]4CCCN4C(=O)[C@@H](NC(=O)OC)C(C)C)cc3)N2c2ccc(C(F)(F)F)cc2)cc1)C(C)C,20,2.995732273553991,0.4069246467418383
4239,Cc1cccc2c(=O)[nH]c3c(c12)COC(C(C)C)C3,20,2.995732273553991,0.4069246467418383
3419,Cc1ccc(C(=O)NC2CC2)cc1-c1ccc2c(NCCN3CCOCC3)nncc2c1,20,2.995732273553991,0.4069246467418383
4335,CNS(=O)(=O)c1ccc(OCC(F)(F)F)c(Nc2cc(Nc3ccc(Cl)cc3)ncn2)c1,20,2.995732273553991,0.4069246467418383
4356,Cn1cc(-c2cc(F)cc(N3CCn4c(cc5c4CCCC5)C3=O)c2CO)cc(Nc2ccc(N3CCN(C4COC4)CC3)cn2)c1=O,20,2.995732273553991,0.4069246467418383
3932,CCCSc1c(C(=O)N[C@H]2C3CC4CC2C[C@](O)(C4)C3)cnn1-c1ccc(C(=O)O)cc1,20,2.995732273553991,0.4069246467418383
4266,Cn1c(SCCCN2CC3CCN(c4ccccc4)C3C2)nnc1C1CCOCC1,20,2.995732273553991,0.4069246467418383
4300,O=C(O)COC[C@H]1CC[C@H](COC(=O)N(c2ccccc2)c2cccc(F)c2)CC1,20,2.995732273553991,0.4069246467418383
3735,CCC1CCCCN1C(=O)CCC1(c2ccc(Cl)cc2)c2ccccc2-c2nccn21,20,2.995732273553991,0.4069246467418383
3590,CCOc1ccccc1CNC(=O)c1cc(C(F)(F)F)nn1-c1cccc(CNCCNC)c1,20,2.995732273553991,0.4069246467418383
3385,CN(c1ccc(C(=O)Nc2cnc3ccccc3c2)cc1)C1CCCCC1,20,2.995732273553991,0.4069246467418383
4116,Cc1[nH]c(C(=O)NC2CCN(c3ncc(C(=O)O)s3)CC2)c(Cl)c1Cl,20,2.995732273553991,0.4069246467418383
3618,CC(C)(C)CCc1cc(C(F)(F)F)ccc1CNC(=O)Nc1cccc2[nH]ncc12,20,2.995732273553991,0.4069246467418383
979,CC(C)CN(C[C@@H](O)[C@H](Cc1ccc(OCc2ccccn2)cc1)NC(=O)O[C@H]1CO[C@H]2OCC[C@H]21)S(=O)(=O)c1ccc2c(c1)OCO2,20,2.995732273553991,0.4069246467418383
4079,CN(C)C1CCN(c2ccc(Nc3ncc4c5ccncc5n([C@H]5CC[C@H](C)CC5)c4n3)nc2F)CC1,20,2.995732273553991,0.4069246467418383
3559,CCCCNC(=O)c1ccc(Oc2ccc(CC(=O)O)cc2OC)c(NS(=O)(=O)c2ccc(Cl)cc2Cl)c1,20,2.995732273553991,0.4069246467418383
1127,Cc1noc(-c2c(Cl)cc(Cl)cc2-c2cnc([C@@H](C)NC(=O)[C@@](C)(O)C(F)(F)F)c(F)c2)n1,20,2.995732273553991,0.4069246467418383
3431,COc1cccc(-c2c(C)n(Cc3c(F)cccc3F)c(=O)n(C[C@H](NCCCC(=O)O)c3ccccc3)c2=O)c1F,20,2.995732273553991,0.4069246467418383
4090,COc1ccc(F)c(-c2ccc(COc3cccc([C@@H](CC(=O)O)C4CC4)c3)cc2CC(C)(C)C)c1,20,2.995732273553991,0.4069246467418383
3390,COc1cc2nccc(Oc3ccc4c(NC(=O)c5cccc(C)c5)nn(C)c4c3)c2cc1OC,20,2.995732273553991,0.4069246467418383
3623,Cc1nc(Nc2cccc3c2C[C@H](O)CC3)oc1-c1ccc(C(F)(F)F)cc1,20,2.995732273553991,0.4069246467418383
3740,CCS(=O)(=O)c1ccc2c(c1)nc(C(C)(C)C)n2CC1CC1,20,2.995732273553991,0.4069246467418383
3657,N#Cc1ccc(CNC(=O)N(c2cccc(F)c2)C2CCN(CCC3(c4cccc(F)c4)CCN(C(=O)c4cccc(C(N)=O)c4)CC3)CC2)cc1,20,2.995732273553991,0.4069246467418383
3507,CC(C)c1onc(COc2c(Cl)cccc2Cl)c1COc1ccc(/C=C/c2cccc(C(=O)O)c2)c(Cl)c1,20,2.995732273553991,0.4069246467418383
1114,CC(F)(F)c1nc2ccccc2n1Cc1ccc(C(=O)N[C@@H]2CCOC[C@@H]2C(=O)NO)cc1,20,2.995732273553991,0.4069246467418383
3652,O=c1c2c(COCc3ccccc3)n(Cc3cnccn3)c(=O)cc2[nH]n1-c1ccccc1Cl,20,2.995732273553991,0.4069246467418383
1058,CC(C)c1nc2ccc(-c3ccc(F)cc3)cc2c(=O)n1C[C@H]1CCCN(C(C)C)C1,20,2.995732273553991,0.4069246467418383
4096,Cc1cccc(C)c1-c1cccc(COc2ccc(CCC(=O)O)cn2)c1,20,2.995732273553991,0.4069246467418383
3640,Cc1ccc2c(N3CCN(CCc4cccc5c4OCc4c(C(=O)N6CCCC6)ncn4-5)CC3)cccc2n1,20,2.995732273553991,0.4069246467418383
4125,CC[C@H](C)[C@@H]1NC(=O)[C@H](Cc2ccc(O)cc2)NC(=O)CCCSC[C@@H](C(=O)N(CCOC)CC(=O)N[C@@H](CC(C)C)C(=O)NCC(N)=O)NC(=O)[C@H](CC(N)=O)NC(=O)[C@H](CCC(N)=O)NC1=O,20,2.995732273553991,0.4069246467418383
3886,Cc1cc2c(cc1F)[nH]c(=O)n2C1CCN(C2CCOCC2)CC1,20,2.995732273553991,0.4069246467418383
4288,CC[C@H](C)[C@H](NC(=O)[C@H](Cc1ccccc1)NC(=O)[C@H](CC(=O)O)NC(=O)[C@H](CCCNC(=N)N)NC(=O)[C@H](C)NC(=O)[C@H](C)NC(=O)[C@H](CC(C)C)NC(=O)[C@H](CC(N)=O)NC(=O)[C@H](CC(=O)O)NC(=O)[C@H](CC(C)C)NC(=O)[C@@H](NC(=O)[C@@H](NC(=O)[C@H](CC(N)=O)NC(=O)[C@H](CCSC)NC(=O)[C@H](CCC(=O)O)NC(=O)[C@H](CC(=O)O)NC(=O)[C@H](CO)NC(=O)[C@H](Cc1ccccc1)NC(=O)[C@H](CO)NC(=O)CNC(=O)[C@H](CC(=O)O)NC(=O)CNC(=O)[C@@H](N)Cc1cnc[nH]1)[C@@H](C)O)[C@@H](C)CC)C(=O)N[C@@H](CC(N)=O)C(=O)N[C@@H](Cc1c[nH]c2ccccc12)C(=O)N[C@@H](CC(C)C)C(=O)N[C@H](C(=O)N[C@@H](CCC(N)=O)C(=O)N[C@H](C(=O)N[C@@H](CCCCN)C(N)=O)[C@@H](C)O)[C@@H](C)CC,20,2.995732273553991,0.4069246467418383
4271,COc1ccccc1N1CCN(c2ncnc3c2cnn3-c2ccccc2F)CC1,20,2.995732273553991,0.4069246467418383
3567,CC(=O)N1CCC[C@H]1COc1ccc2c(c1)c(SC(C)(C)C)c(CC(C)(C)C(=O)O)n2Cc1ccc(Cl)cc1,20,2.995732273553991,0.4069246467418383
3593,CCOc1cc(CN2CCC(Nc3nc4ccc(C(=O)O)cc4o3)CC2)cc(OCC)c1F,20,2.995732273553991,0.4069246467418383
585,CCNC(=O)[C@@H]1CCCN1C(=O)[C@H](CCCN=C(N)N)NC(=O)[C@H](CC(C)C)NC(=O)[C@@H](Cc1c[nH]c2ccccc12)NC(=O)[C@H](Cc1ccc(O)cc1)NC(=O)[C@H](CO)N(C)C(=O)[C@H](Cc1c[nH]c2ccccc12)NC(=O)[C@H](Cc1c[nH]cn1)NC(=O)[C@@H]1CCC(=O)N1,19.9,2.990719731730447,0.4065842079735226
2955,Cc1nc(S(C)(=O)=O)ccc1Oc1ncnc(OC2CCN(C(=O)OC3(C)CC3)CC2)c1F,19.83,2.9871959425317045,0.4063448814009264
3090,Cc1ccc(S(=O)(=O)N(C)C2(C(=O)N[C@H]3C4CC5CC3C[C@](C(N)=O)(C5)C4)CC2)cc1F,19.83,2.9871959425317045,0.4063448814009264
553,N[C@](CC1c2ccccc2Oc2ccccc21)(C(=O)O)[C@H]1C[C@@H]1C(=O)O,19.83,2.9871959425317045,0.4063448814009264
2781,COc1c(-c2ccc3c(c2)CC/C3=N\NS(C)(=O)=O)cc(-n2ccc(=O)[nH]c2=O)cc1C(C)(C)C,19.83,2.9871959425317045,0.4063448814009264
2119,CC(C)c1n[nH]c2c(=O)[nH]c(C[C@@H]3CCCC[C@H]3Nc3ncc(C(=O)O)c(C(F)(F)F)n3)nc12,19.8,2.9856819377004897,0.4062420541412033
2905,Cc1nn(-c2ncccc2F)cc1CN1CCC2(CC1)OCC(F)(F)c1cc(Cl)sc12.O=C(O)C(O)C(O)C(=O)O,19.8,2.9856819377004897,0.4062420541412033
3307,Cl.N[C@@H]1CCC=C(c2ccc(F)cc2)[C@H]1CNc1cc(F)c(S(=O)(=O)Nc2cscn2)cc1Cl,19.8,2.9856819377004897,0.4062420541412033
3030,C[C@H](c1ccc(F)cc1)N(Cc1cccc(C(=O)O)c1)C(=O)c1cnc2ccccc2c1,19.8,2.9856819377004897,0.4062420541412033
2698,Cc1cc(C(N)=O)c(NCC2CC2)cc1C(=O)NC1CC2CCC(C1)N2c1ccc(C(=O)C2CC2)cn1,19.67,2.979094632400968,0.4057946615444663
801,Cc1c(-c2ccc3cc(CCN4CCC[C@H]4C)ccc3n2)cnn1-c1ccccn1,19.67,2.979094632400968,0.4057946615444663
2279,CN1CCN(Cc2ccc(NC(=O)c3ccc(Cl)c(C#Cc4cnc5cccnn45)c3)cc2C(F)(F)F)CC1,19.67,2.979094632400968,0.4057946615444663
791,COC(=O)c1c(Cl)cccc1-c1cnc([C@@H](C)NC(=O)C2(NC(=O)C(F)(F)F)CC2)c(F)c1,19.6,2.975529566236472,0.4055525315480034
2051,O=C(Nc1nc(C(F)(F)F)co1)C1c2ccccc2Oc2ccccc21,19.6,2.975529566236472,0.4055525315480034
2020,N#Cc1cc(CN2CCC2)cnc1-c1ccc(C(=O)Nc2ccccc2N)cc1,19.6,2.975529566236472,0.4055525315480034
3117,CC(=O)Nc1ccc(S(=O)(=O)NNc2ccc(Br)cc2)cc1,19.6,2.975529566236472,0.4055525315480034
2198,CCCOCCn1c(=O)c(NCC(=O)NC)nc2ncc(-c3ccc(OC)nc3)cc21,19.5,2.970414465569701,0.4052051272505216
580,CCNC(=O)[C@@H]1CCCN1C(=O)[C@H](CCCN=C(N)N)NC(=O)[C@H](CC(C)C)N(C)C(=O)[C@@H](Cc1c[nH]c2ccccc12)NC(=O)[C@H](Cc1ccc(O)cc1)NC(=O)[C@H](CO)NC(=O)[C@H](Cc1c[nH]c2ccccc12)NC(=O)[C@H](Cc1c[nH]cn1)NC(=O)[C@@H]1CCC(=O)N1,19.5,2.970414465569701,0.4052051272505216
693,CN(C(=O)c1ccc(-c2ccc(C(F)(F)F)cc2)cc1)[C@H]1CCN(C(=O)N(C)[C@@H]2CCN(CCCc3ccc(Cl)cc3)C2)C1,19.5,2.970414465569701,0.4052051272505216
2695,CCCOc1ccc(S(=O)(=O)N2CCN(C)CC2)cc1-c1nc(CC)c(CC)c(=O)[nH]1,19.5,2.970414465569701,0.4052051272505216
2927,COc1nc2cccnc2n1-c1ccc(Nc2ccc(C)cn2)cc1,19.5,2.970414465569701,0.4052051272505216
3298,CO[C@H]1C[C@@H](n2c(=O)n(C)c3cnc4ccc(-c5ccc(OCCCN(C)C)nc5)cc4c32)C1,19.5,2.970414465569701,0.4052051272505216
3191,CC(C)c1ccc(S(=O)(=O)n2cc(CN3CCN(C)CC3)c3cc(F)ccc32)cc1.Cl.Cl,19.5,2.970414465569701,0.4052051272505216
650,CC(C)C[C@H](NC(=O)c1cc2ccccc2o1)C(=O)N[C@H]1CC[C@@H](C)N(S(=O)(=O)c2ccccn2)CC1=O,19.5,2.970414465569701,0.4052051272505216
3378,C[C@@H](Oc1cncc(-c2cnc(N)nc2)c1)c1c(Cl)ccc(F)c1Cl,19.49,2.9699015135194693,0.405170288885011
3196,O=C(O)c1ccc(NC(=O)[C@@H]2NC3(CCCCC3)[C@@]3(C(=O)Nc4cc(Cl)ccc43)[C@H]2c2cccc(Cl)c2F)cc1,19.33,2.9616582932202395,0.404610430859998
2111,CC(C)CC[C@@]1(NCc2ccccc2)C(=O)C(C2=NS(=O)(=O)c3cc(NS(C)(=O)=O)ccc3N2)=C(O)c2ccccc21,19.33,2.9616582932202395,0.404610430859998
3246,Cc1cc(Oc2cncnc2)cc(C(=O)Nc2ccc(F)cn2)n1,19.3,2.9601050959108397,0.4045049417493677
2743,Cc1ccc(-c2ccc3ncc4c(c3n2)n(C2CCN(C(=O)[C@H](C)O)CC2)c(=O)n4C)cn1,19.3,2.9601050959108397,0.4045049417493677
2191,CN1CCN(c2cc(C3=C(c4c[nH]c5ccccc45)C(=O)NC3=O)c3ccccc3c2)CC1,19.3,2.9601050959108397,0.4045049417493677
2741,NC(=O)c1ncc(F)c2c(C(=O)C(=O)N3CCN(C(=O)c4ccccc4)CC3)c[nH]c12,19.3,2.9601050959108397,0.4045049417493677
2826,O=C(Nc1ccc(OC(F)(F)F)cc1)N1CCOC2(CCN(C(=O)c3ccccc3F)CC2)C1,19.28,2.9590682891823996,0.4044345245402875
3291,COc1cc([C@@H](O)[C@@H](CC2Cc3ccccc3C2)Cn2ccc(CC(=O)O)c2)cc(OC)c1C,19.2,2.954910279033736,0.4041521233347741
2613,COc1cc(C)c(S(=O)(=O)N(C)CCOCC(=O)N2CCC(C(C)(C)CN(C)C)CC2)c(C)c1,19.2,2.954910279033736,0.4041521233347741
2076,COC(=O)N[C@H](C(=O)N[C@@H](Cc1ccc(-c2ccccn2)cc1)C[C@H](O)[C@H](Cc1ccccc1)NC(=O)[C@@H](N1CCN(Cc2ccccc2)C1=O)C(C)(C)C)C(C)(C)C,19.17,2.9533465570575532,0.4040459194162234
795,CSC(=S)N1CC2(CCCCC2)CS/C1=N\c1cccc2c1CCCC2,19.1,2.9496883350525844,0.4037974625180192
645,O=C(O)CC(Cc1nc(CCCc2ccc3c(n2)NCCC3)no1)c1cnc2ccccc2c1,19.1,2.9496883350525844,0.4037974625180192
582,C/C(=C(\F)C(=O)Nc1ccc(-c2ccccc2S(N)(=O)=O)cn1)c1ccc2ccnc(N)c2c1,19.1,2.9496883350525844,0.4037974625180192
2485,O=S1(=O)CCC(Oc2ccc3c(c2)CCC2(CCN(C4CCC4)CC2)O3)CC1,19,2.9444389791664403,0.4034409399561653
778,N#Cc1cnc2c(Cl)cc(NCc3cnc[nH]3)cc2c1Nc1ccc(F)c(Cl)c1,19,2.9444389791664403,0.4034409399561653
818,Cc1ccc2c(OCCN3CCC(Cc4cc5c(cc4F)OCC(=O)N5)CC3)cc(F)cc2n1,19,2.9444389791664403,0.4034409399561653
2290,O=C(NC[C@H](NC(=O)c1c(Cl)cc2c(c1Cl)CCN(C(=O)c1ccc3c(c1)OCC3)C2)C(=O)O)c1cccs1,19,2.9444389791664403,0.4034409399561653
2738,C[C@@H](NC1=CC(=O)CCC1)c1ccc(Nc2ncc3cc(-c4ccncc4)ccc3n2)cc1,19,2.9444389791664403,0.4034409399561653
3088,Fc1ccc(OCc2cc(OCC3(F)COC3)nc(-c3ccccn3)n2)c(F)c1F,19,2.9444389791664403,0.4034409399561653
2462,O=C1[C@H](N(CCN2CCOCC2)S(=O)(=O)c2ccc(Oc3ccc(Cl)cc3)cc2)CC=CCN1O,19,2.9444389791664403,0.4034409399561653
3011,COc1cc(C)nc(Nc2cc(N[C@@H]3CS(=O)(=O)CC[C@@H]3N)cnc2C(N)=O)c1,19,2.9444389791664403,0.4034409399561653
2601,Cc1ccc(NC(=O)c2ccc3nc(-c4c(C)cc(NCC(=O)O)cc4C)[nH]c3c2)cc1C,19,2.9444389791664403,0.4034409399561653
3260,CN1CCN(c2cc3c(-c4cccc(N5CCNCC5)n4)n[nH]c3cn2)CC1=O,19,2.9444389791664403,0.4034409399561653
858,CC[C@H](C)[C@@H]1C(=O)N[C@H](C2Cc3ccccc3C2)C(=O)N1[C@@H](C(=O)N1CCOCC1)c1coc(C)n1,19,2.9444389791664403,0.4034409399561653
3350,CS(=O)(=O)c1cc(F)cc2c1c(Sc1ccc(C(F)(F)F)cc1)c1n2CCC[C@H]1CC(=O)O,19,2.9444389791664403,0.4034409399561653
2602,Cc1ccc(NC(=O)c2ccc3nc(-c4c(C)cc(CCC(=O)O)cc4C)[nH]c3c2)cc1C,19,2.9444389791664403,0.4034409399561653
2600,Cc1ccc(NC(=O)c2ccc3nc(-c4c(C)cc(OCC(=O)O)cc4C)[nH]c3c2)cc1C,19,2.9444389791664403,0.4034409399561653
2064,COc1ccc(N2CCc3c(-n4ccc(N5CCNC5=O)n4)cc(C)nc32)c(C)c1,19,2.9444389791664403,0.4034409399561653
2894,CC1(C)C(=O)N(c2ccc(F)cc2)[C@H]1c1ccc(F)cc1,19,2.9444389791664403,0.4034409399561653
2394,CCN1CCC(C(=O)NO)(S(=O)(=O)c2ccc(OCCCc3nc(-c4ccc(OC(F)(F)F)cc4)no3)cc2)CC1,19,2.9444389791664403,0.4034409399561653
673,CC(C)C[C@@H]1C(=O)N[C@H](C2Cc3ccccc3C2)C(=O)N1[C@@H](C(=O)N1CC(O)C1)c1ccc(F)cc1F,19,2.9444389791664403,0.4034409399561653
2688,CC1(c2c(C(=O)NC3C4CC5CC(C4)CC3C5)cnn2-c2ccc(C(=O)O)cc2)CC1,19,2.9444389791664403,0.4034409399561653
2526,C[C@@H]1CCCN1CCCOc1ccc(-c2cnn(-c3ccccn3)c(=O)c2)cc1,19,2.9444389791664403,0.4034409399561653
2774,CC(C)N1C(=O)[C@H](NC(=O)[C@@H](Cc2ccccc2F)NC(=O)c2ccc(F)cc2C(F)(F)F)CCc2c(F)c(F)cc(F)c21,19,2.9444389791664403,0.4034409399561653
2099,CCOc1cc2ncc(C(N)=O)c(Nc3ccc(F)cc3F)c2cc1N1CCN(CC)CC1,19,2.9444389791664403,0.4034409399561653
3028,C[C@H](c1ccc(F)cc1)N1C(=O)O[C@](Cc2ccccc2)(c2nc3cc(-c4cc[nH]n4)ccc3[nH]2)C1=O,19,2.9444389791664403,0.4034409399561653
2049,Cc1cc(S(C)(=O)=O)cc2c(Nc3cccc(C#N)c3)c(C(N)=O)cnc12,19,2.9444389791664403,0.4034409399561653
2899,COc1ccc2c(c1)[C@@H]1C[C@]1(C(=O)N1CC34COCC3(CN(C(C)=O)C4)C1)Cn1c-2c(C2CCCCC2)c2ccc(C(=O)NS(=O)(=O)N(C)C)cc21,19,2.9444389791664403,0.4034409399561653
2558,CCCCCS(=O)(=O)NC(=O)/C=C/c1ccc(OCCCC#N)cc1Oc1ncc(C(F)(F)F)cc1Cl,19,2.9444389791664403,0.8725976635882337
3318,COC(=O)N[C@H](C(=O)N1CCC[C@H]1c1ncc(-c2ccc3c(c2)cc2n3[C@H](c3ccc4c(c3)OCCC4)Oc3cc(-c4cnc([C@@H]5CCCN5C(=O)[C@@H](NC(=O)OC)C5CCOCC5)[nH]4)cc(F)c3-2)[nH]1)C(C)C,19,2.9444389791664403,0.4034409399561653
2850,COc1ccc2c(O[C@@H]3C[C@H]4C(=O)N[C@]5(C(=O)NS(=O)(=O)C6(C)CC6)C[C@H]5/C=C\CCCCC[C@H](NC(=O)c5ccn(C)n5)C(=O)N4C3)cc(OC(C)C)nc2c1C,19,2.9444389791664403,0.4034409399561653
3219,CC(F)(F)c1cc(F)ccc1-c1sc2cc(O)ccc2c1Oc1ccc(/C=C/C(=O)O)cc1,19,2.9444389791664403,0.4034409399561653
782,CO[C@@H]1C[C@@H](c2nc(C(=O)NCc3ccc(F)cc3)c(O)c(=O)n2C)N(C)C1,19,2.9444389791664403,0.4034409399561653
3293,CCC(CC)n1c(=O)[nH]c2ncc(Br)nc21,19,2.9444389791664403,0.4034409399561653
3361,COc1ccc(-c2ncc3c(c2F)-c2[nH]c4c(c2CC3)C(=O)NCC42CN(C)C2)cn1,19,2.9444389791664403,0.4034409399561653
2586,Cc1cn2cc(CC(=O)N3CCC4(CC3)CN(Cc3ccc(-n5nccn5)cc3)C4)nc2s1,19,2.9444389791664403,0.8725976635882337
710,COc1ccc2c(NC[C@H](O)CO)nc(C#N)c(-c3ccccc3)c2c1,19,2.9444389791664403,0.4034409399561653
2231,Nc1nccc(-c2ccc3nc(C4COc5ccc(C(=O)CCN6CCOCC6)cc5C4)[nH]c3c2)n1,19,2.9444389791664403,0.4034409399561653
2063,COc1ccc2c(c1)CCc1c-2c2c(c3c4ccccc4n(CCO)c13)CNC2=O,19,2.9444389791664403,0.4034409399561653
3092,C[C@@H](C(=O)N[C@H](C#N)CC(N)=O)N(Cc1ccc(-c2cccc(F)c2)cc1)S(C)(=O)=O,19,2.9444389791664403,0.8725976635882337
3352,CC(C)Nc1ccc2cnn(-c3cncc(-c4ccc(C(=O)O)cc4)n3)c2c1,19,2.9444389791664403,0.4034409399561653
2806,CC(=O)Nc1nc2ccc(-c3ccc(N)nc3)cc2s1,19,2.9444389791664403,0.4034409399561653
2756,CC(=O)Nc1cccc(-c2n[nH]c3cc(-c4cnn(C)c4)c(NC4CCCCC4)cc23)c1,19,2.9444389791664403,0.4034409399561653
2494,Cc1cc(=O)[nH]nc1-c1ccc(OCCCN2CCC[C@H]2C)cc1,19,2.9444389791664403,0.4034409399561653
2977,CCN(Cc1cc(C(F)(F)F)ccc1-n1cc(CC(=O)O)c2cccnc21)C(=O)C1CC1,19,2.9444389791664403,0.4034409399561653
2607,N#CC1(NC(=O)[C@@H]2CCCC[C@H]2C(=O)N2CCN(c3nc4cnccc4s3)CC2)CC1,19,2.9444389791664403,0.4034409399561653
2723,COc1cc(F)cc2c1c(NS(=O)(=O)c1ccc(Cl)s1)nn2Cc1cccc(CNC(=O)C(C)(C)O)c1,19,2.9444389791664403,0.4034409399561653
3096,C[C@H]1Cn2c(nnc2-c2cnccn2)C(=O)N1Cc1cccc(C(F)(F)F)c1Cl,19,2.9444389791664403,0.4034409399561653
2288,Cn1cc(Cc2cccc(-c3cccc4c3OCO4)n2)c2cc(NC(=O)CC(C)(C)O)ccc21,19,2.9444389791664403,0.4034409399561653
533,CCC(CC)[C@H](C(=O)O)N1C[C@H](CN2CCC(c3cc(Cc4ccccc4)nn3CC)CC2)[C@@H](c2cccc(F)c2)C1,19,2.9444389791664403,0.4034409399561653
2354,Cc1cc(Nc2nc(N[C@H](C)c3ncc(F)cn3)ncc2Cl)n[nH]1,19,2.9444389791664403,0.4034409399561653
2722,CC(=O)NCc1cccc(Cn2nc(NS(=O)(=O)c3ccc(Cl)s3)c3c(O)cccc32)c1,19,2.9444389791664403,0.4034409399561653
557,Cl.N#Cc1ccc2c(c1)CCN(CC[C@H]1CC[C@H](NC(=O)c3ccnc4ccccc34)CC1)C2,19,2.9444389791664403,0.4034409399561653
2896,N#Cc1cccc(Cl)c1-n1ncc2c(O[C@@H](COCCO)C(=O)Nc3ccc(F)cn3)ncnc21,19,2.9444389791664403,0.4034409399561653
2668,CCc1nc2ccccc2n1-c1nc(N2CCOCC2)c2nc(CN3CCC(C(C)(C)O)CC3)n(C)c2n1,19,2.9444389791664403,0.4034409399561653
2514,C[C@@H](NCc1ccccc1-c1ccc(CCNCCc2ccc(O)c3[nH]c(=O)sc23)cc1)c1ccccc1,19,2.9444389791664403,0.4034409399561653
2151,CCC(=O)CCCCC[C@H](NC(=O)C1CN(C)C1)c1ncc(-c2cc3ccccc3nc2OC)[nH]1,19,2.9444389791664403,0.4034409399561653
3193,Fc1cc(F)cc(NC(=S)Nc2ccc3ncnc(Nc4cccc(Cl)c4)c3c2)c1,19,2.9444389791664403,0.4034409399561653
3312,CO[C@@]12C[C@@H](C(=O)N[C@]3(C(=O)NS(=O)(=O)C4CC4)C[C@H]3C3CC3)N(C1)C(=O)[C@H](C(C)(C)C)NC(=O)OCCCCCOc1ccc3ccc2cc3c1,19,2.9444389791664403,0.4034409399561653
2574,CC[C@H](C)[C@@H]1C(=O)N[C@H](C2Cc3ccccc3C2)C(=O)N1[C@@H](C(=O)N(C)C)c1ccc(C)nc1,19,2.9444389791664403,0.4034409399561653
564,CN(C)c1cc2c(Nc3ccc4c(cnn4Cc4ccccc4)c3)ncnc2cn1,19,2.9444389791664403,0.4034409399561653
2554,CCCCCS(=O)(=O)NC(=O)/C=C/c1ccc(OC(C)C)cc1Oc1ncc(C(F)(F)F)cc1Cl,19,2.9444389791664403,0.8725976635882337
772,COc1c(NC(=O)c2cc3cccc(NC(=O)c4cccnc4)c3s2)cc(C(C)(C)C)cc1NS(C)(=O)=O,19,2.9444389791664403,0.4034409399561653
2557,CCCCCS(=O)(=O)NC(=O)/C=C/c1ccc(OCCC(C)=O)cc1Oc1ncc(C(F)(F)F)cc1Cl,19,2.9444389791664403,0.8725976635882337
2648,Nc1nc(-c2ccccc2)c2c(n1)-c1cc(OCCN3CCOCC3)ccc1C2=O,19,2.9444389791664403,0.4034409399561653
2670,Cc1nn(C)c2cc(N3CCN(C(=O)[C@@H]4CCCC[C@H]4C(=O)NC4(C#N)CC4)[C@H](C)C3)ccc12,19,2.9444389791664403,0.4034409399561653
3095,O=C1c2cc(COc3ccccc3)nn2CCN1c1ccc(F)cn1,19,2.9444389791664403,0.4034409399561653
2160,O=C(Nc1ccc(C(F)(F)F)cc1)N1[C@@H]2CC[C@H]1C[C@@H](S(=O)(=O)c1ccccn1)C2,19,2.9444389791664403,0.4034409399561653
764,CN[C@@H](CC#N)[C@@H]1CCN(c2c(F)cc3c(=O)c(C(=O)O)cn(C4CC4)c3c2OC)C1,19,2.9444389791664403,0.4034409399561653
674,CC(C)C[C@@H]1C(=O)N[C@H](C2Cc3ccccc3C2)C(=O)N1[C@@H](C(=O)N(C)CCO)c1ccc(F)cc1F,19,2.9444389791664403,0.4034409399561653
3013,C[C@H](COc1ccc(C2=NNC(=O)C3CC23)cc1)CN1CCC[C@H]1C,19,2.9444389791664403,0.4034409399561653
2798,CCS(=O)(=O)c1ccc(Oc2cc(O[C@@H](C)CO)cc(-c3nccc(=O)[nH]3)c2)cc1,19,2.9444389791664403,0.4034409399561653
3338,Cc1ccc(Cc2cc3c(=O)n([C@H]4CCCC[C@@H]4O)cnc3c3ccccc23)cn1,18.9,2.9391619220655967,0.4030825360000518
2595,NC(=O)c1cccc(C(O)(c2ccc(Cl)cc2)c2cccnc2)c1,18.9,2.9391619220655967,0.4030825360000518
2559,COCCOc1cnc2ccc([C@H](C)n3nnc4ccn(-c5ccc(F)c(F)c5)c(=O)c43)cc2c1,18.83,2.935451342669061,0.4028305231243566
3075,COc1ccc2c(O[C@H]3CCN4C(=O)N(C)CCCC/C=C/[C@@H]5C[C@@]5(C(=O)NS(=O)(=O)C5(C)CC5)NC(=O)[C@@H]4C3)cc(-c3nc(C(F)(F)F)cs3)nc2c1C,18.83,2.935451342669061,0.4028305231243566
3239,Cc1cc(-n2cc(Cc3cc(F)cc(C(F)(F)F)c3)nc2C)ccc1C(N)=O,18.82,2.9349201341572337,0.4027944448275859
3129,CC(=O)NC[C@H]1O[C@@H](n2cc(Cc3ccc(C4CC4)cc3)c3c(Cl)cccc32)[C@H](O)[C@@H](O)[C@@H]1O,18.8,2.9338568698359038,0.4027222306877961
2925,C[C@@]1(O)[C@H](O)[C@@H](CO)O[C@H]1c1ccc2c(N)ncnn12,18.8,2.9338568698359038,0.4027222306877961
714,CS(=O)(=O)c1ccc(-c2noc([C@@H](CC3CC3)[C@H](N)C(=O)N3CC[C@H](F)C3)n2)c(F)c1.O=C(O)C(F)(F)F,18.7,2.928523523860541,0.4023600037381225
2827,COCCOc1ncc(C(=O)N[C@@H]2CCCC[C@H]2O)cc1-c1ccc(Cl)cc1,18.6,2.9231615807191558,0.4019958345435119
856,COc1ccccc1S(=O)(=O)NCCc1c(CCOc2ccc(C(=O)O)cc2)c2cc(Cl)ccc2n1C(c1ccccc1)c1ccccc1,18.6,2.9231615807191558,0.4019958345435119
2326,N#Cc1ccc(CNC(=O)N(c2cccc(F)c2)C2CCN(CCC3(c4cccc(F)c4)CCN(C(=O)c4c(F)cccc4F)CC3)CC2)cc1,18.6,2.9231615807191558,0.4019958345435119
796,CSC(=S)N1CC2(CCCCC2)CS/C1=N\c1ccccc1C(C)C,18.6,2.9231615807191558,0.4019958345435119
2991,Cc1cnc(NC(=O)[C@@H]2C=CCN2C(=O)[C@H](CC2CCCC2)CN(O)C=O)s1,18.58,2.922085733385692,0.4019227657983536
814,CSc1ccc(C2CN(C)Cc3cc(OCCCN4CCC(F)CC4)ccc32)cc1,18.5,2.917770732084279,0.4016297021631668
3335,CNC(=O)c1cnc(N)c(O[C@H]2CN(C(=O)Cc3ccc(OC(F)(F)F)cc3)CC2(F)F)c1,18.5,2.917770732084279,0.4016297021631668
595,CCOc1ccc(-n2c(C)c3c(C)nnc(C)c3c2C)cc1,18.5,2.917770732084279,0.4016297021631668
826,CNc1ncnc(-c2cccnc2Oc2cc(NC(=O)c3cccc(C(C)C)c3)ccc2F)n1,18.4,2.91235066461494,0.4012615853157856
2674,CC(=O)Nc1cc(-c2c(Nc3ccn(C)n3)nc3cccnn23)nc(C)n1,18.33,2.9085390618516134,0.4010027111964794
2778,Cc1ccc([C@H](C)NC(=O)c2ccc(Sc3ccc(N)cc3)c(Nc3ncnc4nc(C(C)C)ccc34)c2)cc1,18.33,2.9085390618516134,0.4010027111964794
3250,NC(=O)c1cc(Cl)c2c(Cl)c(C3CC3)n([C@H]3CCCNC3)c2n1,18.33,2.9085390618516134,0.4010027111964794
2283,COc1c(C#N)cc(C(C)(C)C)cc1NC(=O)C(=O)c1ccc(OCCN2CCOCC2)c2ccccc12,18.33,2.9085390618516134,0.4010027111964794
2449,CS(=O)(=O)NC[C@H]1CC[C@H](Nc2nc3c(s2)CCSc2ccccc2-3)CC1,18.33,2.9085390618516134,0.4010027111964794
770,CC(=O)Nc1nc2c(Oc3cc(N4CCN(C(C)c5ccc(F)cc5)CC4)ncn3)cccc2s1,18.33,2.9085390618516134,0.4010027111964794
2604,CS(=O)(=O)c1ccc(C#CC(O)(c2ccc(N(CC3CC3)S(=O)(=O)c3ccccc3)cc2)C(F)(F)F)cc1,18.33,2.9085390618516134,0.4010027111964794
2816,O=C(c1ccc(Oc2nccnc2N2CCC(O)CC2)cc1)c1nc2ccccc2[nH]1,18.33,2.9085390618516134,0.4010027111964794
2281,C[C@@H]1CN(C(=O)c2ccccc2)CCN1c1nnc(-c2ccc(CC(N)=O)cc2)c2ccccc12,18.33,2.9085390618516134,0.4010027111964794
2858,CC(C)(C)S(=O)(=O)C[C@H](C1CC1)N1C(=O)[C@@](C)(CC(=O)O)C[C@H](c2cccc(Cl)c2)[C@H]1c1ccc(Cl)cc1,18.33,2.9085390618516134,0.4010027111964794
821,NC1CN(c2cc(-c3cccc(C(=O)O)c3)ncn2)CC1c1cc(F)c(F)cc1F,18.33,2.9085390618516134,0.4010027111964794
3121,CC(C)[C@@H](C)n1cc(-c2cc(C(C)(C)O)n(C)n2)c2[nH]nc(N)c2c1=O,18.33,2.9085390618516134,0.4010027111964794
3343,Cn1ccc(C(=O)N[C@H]2CCCCC/C=C\[C@@H]3C[C@@]3(C(=O)NS(=O)(=O)C3(C)CC3)NC(=O)[C@@H]3C[C@@H](Oc4nc5cc(OC(F)(F)F)ccc5c5ccc(F)cc45)CN3C2=O)n1,18.33,2.9085390618516134,0.4010027111964794
2945,COc1ncc(Nc2ncc(C(C)(C)O)cc2-c2nc(C)nc(N)n2)cc1F,18.33,2.9085390618516134,0.4010027111964794
2833,O=S(=O)(c1ccc(Cl)cc1)N1CCCc2cc(Cl)c(Oc3cc(-c4nnc(C5CC5)o4)cc(Cl)n3)cc21,18.33,2.9085390618516134,0.4010027111964794
2092,CNC(=O)c1c(NCC2CCC3(CCC3)CC2)nc(C#N)nc1OCC1CCN(C)CC1,18.33,2.9085390618516134,0.4010027111964794
2154,CC[C@@H](Oc1cccc(-n2c(C)c(C(=O)c3ccc(OC)cc3)c3ccc(OC(F)(F)F)cc32)c1)C(=O)O,18.3,2.9069010598473755,0.4008914623721401
573,N=C1OCCN1Cc1ccc(C(=O)Nc2ccc(Cl)cc2C(=O)Nc2ccc(Cl)cn2)cc1,18.3,2.9069010598473755,0.4008914623721401
2366,O=C(Nc1cnc(-c2ccncc2)c(-c2ccco2)n1)C1CC1,18.3,2.9069010598473755,0.4008914623721401
2693,Cn1c(-c2ccccn2)c(C2CCCC2)c2ccc(C(=O)NC(C)(C)C(=O)Nc3ccc(/C=C/C(=O)O)cc3)cc21,18.2,2.9014215940827497,0.4005193113474493
642,CN1CCNc2nc(CCCc3noc(CC(CC(=O)O)c4ccc5c(c4)OCO5)n3)ccc21,18.2,2.9014215940827497,0.4005193113474493
2792,C[C@]1(CS(=O)(=O)N2CCN(c3ncc(OCc4cccc(C#N)c4)cn3)CC2)NC(=O)NC1=O,18.1,2.89591193827178,0.4001451098935443
812,COc1ccc([C@@H]2CN(C)Cc3cc(OCCCN4CCOC[C@@H]4C)ccc32)cc1,18.1,2.89591193827178,0.4001451098935443
2104,C[C@@H]1CN(Cc2ccc(-c3ccc(OC(F)(F)F)cc3F)nc2)C(=O)O1,18.1,2.89591193827178,0.4001451098935443
2521,Cn1c(=O)c2c(c(C#N)c(N3CCC[C@H](N)C3)n2Cc2ccccc2)n(C)c1=O,18,2.8903717578961645,0.3997688352908145
728,CCCS(=O)(=O)N1CCC(CNC(=O)c2c(F)cccc2Cl)(C(=O)N2CCOCC2)CC1,18,2.8903717578961645,0.3997688352908145
2306,O=C1O[C@]2(CC[C@H](CNc3ccc(-c4ccccc4F)nn3)CC2)CN1c1cccnn1,18,2.8903717578961645,0.3997688352908145
733,CCCS(=O)(=O)N1CCC(CNC(=O)c2ccccc2OC(F)(F)F)(C(=O)N2CCOCC2)CC1,18,2.8903717578961645,0.3997688352908145
2546,COc1cc2c(cc1-c1c(C)noc1C)ncc1[nH]c(=O)n([C@H](C)c3ccccn3)c12,18,2.8903717578961645,0.3997688352908145
2538,CC(C)C(=O)N1CCC(Oc2ccc3c(c2)CCC2(CCN(C4CCC4)CC2)O3)CC1,18,2.8903717578961645,0.3997688352908145
810,Cl.O=C(c1ccc(F)cc1)N1CCN(c2ccc(OC3CCN(C4CCC4)CC3)cc2)C(=O)C1,18,2.8903717578961645,0.3997688352908145
545,CC(C)Oc1cccc(-n2c(NNC(=O)Nc3cccc(C(=O)OC(C)(C)C)c3)nc3ccccc3c2=O)c1,18,2.8903717578961645,0.3997688352908145
571,CCC(CSC(CCc1ccccc1-c1nnnn1C)c1cccc(OCc2ccc3ccc(Cl)cc3n2)c1)C(=O)[O-].[Na+],18,2.8903717578961645,0.3997688352908145
735,CCCS(=O)(=O)N1CCC(CNC(=O)C2CC2)(C(=O)N2CCOCC2)CC1,18,2.8903717578961645,0.3997688352908145
2952,COCC(COC)NC(=O)c1nc(N2CC[C@@H](NC(=O)c3[nH]c(C)c(Cl)c3Cl)[C@@H](OC)C2)sc1C(=O)O,18,2.8903717578961645,0.3997688352908145
768,Cc1cc(=O)n2nc(N3CC[C@H](c4cc(F)c(F)cc4F)[C@@H](N)C3)ccc2n1.O=C(O)C(F)(F)F,18,2.8903717578961645,0.3997688352908145
615,Oc1ccc([C@H]2Sc3c(ccc(O)c3F)O[C@H]2c2ccc(OCCN3CCCCC3)cc2)cc1,18,2.8903717578961645,0.3997688352908145
861,C/C(=C\S(=O)(=O)NC1CCN(c2ccc(-n3ccnc3CN(C)C)cc2F)C1=O)c1ccc(Cl)s1,18,2.8903717578961645,0.3997688352908145
2200,CCCOCCn1c(=O)c(NCC(=O)N2CCOCC2)nc2ncc(-c3ccc(OC)nc3)cc21,18,2.8903717578961645,0.3997688352908145
827,CC(=O)N(C)C1CCC([C@H](C(=O)N(C)C)[C@H](N)C(=O)N2CC[C@H](F)C2)CC1.Cl,18,2.8903717578961645,0.3997688352908145
2518,CC1(C)CC(c2ccc(OC3CCN(C4CCC4)CC3)cc2)=NNC1=O,18,2.8903717578961645,0.3997688352908145
726,CCCS(=O)(=O)N1CCC(CNC(=O)c2c(F)cccc2F)(C(=O)N2CCOCC2)CC1,18,2.8903717578961645,0.3997688352908145
2956,CC[C@H](C)[C@@H]1NC(=O)[C@H](Cc2ccc(O)cc2)NC(=O)CCCSC[C@@H](C(=O)N(CCCO)CC(=O)N[C@@H](CC(C)C)C(=O)NCC(N)=O)NC(=O)[C@H](CC(N)=O)NC(=O)[C@H](CCC(N)=O)NC1=O,18,2.8903717578961645,0.3997688352908145
3188,c1cc([C@H]2CC[C@]3(CC2)OO[C@]2(O3)C3CC4CC(C3)CC2C4)ccc1OCCN1CCOCC1,18,2.8903717578961645,0.8689255589228828
2935,CCC[C@@H](c1ccc(C(=O)O)c(Oc2cccc(Cl)c2)c1F)N1CCC[C@H](n2cc(C)c(=O)[nH]c2=O)C1,18,2.8903717578961645,0.3997688352908145
2241,Cc1ncccc1-c1nnc(SCCCN2C[C@@H]3C[C@]3(c3ccc(C(F)(F)F)cc3)C2)n1C,18,2.8903717578961645,0.3997688352908145
3020,C[C@@H]1CC[C@@H](Oc2cc(C#N)ccn2)CN1C(=O)c1ccccc1-n1nccn1,18,2.8903717578961645,0.3997688352908145
2838,N#Cc1cc(Cl)cc(Oc2c(C(F)(F)F)ccn(Cc3n[nH]c4ncccc34)c2=O)c1,18,2.8903717578961645,0.3997688352908145
2421,Cc1c(Cl)cccc1CNC(=O)Cc1cnc(-c2ccc(F)cc2F)n1C,18,2.8903717578961645,0.8689255589228828
731,CCCS(=O)(=O)N1CCC(CNC(=O)c2ccc(C(F)(F)F)cc2F)(C(=O)N2CCOCC2)CC1,18,2.8903717578961645,0.3997688352908145
2437,CCC(CC)Nc1c2c(nc3c(-c4ccc(OC)cc4Cl)c(C)nn13)CCC2,18,2.8903717578961645,0.3997688352908145
2953,COCC(COC)(COC)NC(=O)c1nc(N2CC[C@@H](NC(=O)c3[nH]c(C)c(Cl)c3Cl)[C@@H](OC)C2)sc1C(=O)O,18,2.8903717578961645,0.3997688352908145
2081,CC(=O)Nc1ccc(S(=O)(=O)Nc2ccccc2C(=O)c2ccc(F)cc2)cc1,18,2.8903717578961645,0.3997688352908145
2352,Cc1cc(Nc2cc(N3CCOCC3)nc(N[C@@H](C)c3ncc(F)cn3)n2)n[nH]1,18,2.8903717578961645,0.3997688352908145
2745,CC(C)(C)c1nc(-c2cccc(NS(=O)(=O)c3c(F)cccc3F)c2F)c(-c2ccnc(N)n2)s1,18,2.8903717578961645,0.3997688352908145
2757,CCCC(Oc1ccc(-n2cc3ccccc3n2)cc1)c1ccc(C(=O)NCCC(=O)O)cc1,18,2.8903717578961645,0.3997688352908145
3087,COc1cc(N2C(=O)N(Cc3c(F)cc(F)cc3F)c3ncccc3S2(=O)=O)cnc1OC,18,2.8903717578961645,0.3997688352908145
2208,CCNC(=O)Nc1cn2c(-c3ncc(C)cn3)cc(-c3cccnc3)cc2n1,18,2.8903717578961645,0.3997688352908145
3054,Cc1cn(-c2ccc(-c3cn([C@H]4CCc5c(F)cccc5N(CC(F)(F)F)C4=O)nn3)cc2)cn1,18,2.8903717578961645,0.3997688352908145
2724,COc1cccc2c1c(NS(=O)(=O)c1ccc(Cl)s1)nn2Cc1cccc(CNC(=O)[C@@H]2COCCN2)c1,18,2.8903717578961645,0.3997688352908145
2438,Cn1nc(-c2ccc(C(=O)N3CCC[C@H]3CN3CCCC3)cc2)ccc1=O,18,2.8903717578961645,0.3997688352908145
724,CCCS(=O)(=O)N1CCC(CNC(=O)CC)(C(=O)N2CCOCC2)CC1,18,2.8903717578961645,0.3997688352908145
2515,Cc1cccc2c(CCNCc3ccc(CCNC[C@H](O)c4ccc(O)c5[nH]c(=O)sc45)cc3)c[nH]c12,18,2.8903717578961645,0.3997688352908145
2240,Cc1ncoc1-c1nnc(SCCCN2CC3CC3(c3ccc(C(F)(F)F)cc3F)C2)n1C,18,2.8903717578961645,0.3997688352908145
2694,COc1ccccc1S(=O)(=O)Nc1ccc2c(c1)CN(C)C(=O)N2,18,2.8903717578961645,0.3997688352908145
3292,CC[C@@H]1C[C@]1(NC(=O)[C@@H]1C[C@@H](Oc2ncc(OC)c3ccc(Cl)cc23)CN1C(=O)[C@@H](NC(=O)OC(C)(C)C)C(C)(C)C)C(=O)NS(=O)(=O)C1CC1,18,2.8903717578961645,0.3997688352908145
633,CC(C)N1C2CCC1CC(c1cc(-c3ccc(F)cc3Cl)c3ccc(=O)n(-c4c(Cl)cccc4Cl)c3c1)C2,18,2.8903717578961645,0.3997688352908145
2202,CNC(=O)c1cc(OC)c(O[C@@H](C)C(=O)N2CCN(C(=O)c3ccccc3)C[C@H]2C)cn1,18,2.8903717578961645,0.3997688352908145
2732,Cc1ccc(N2CCC(n3c(NC(C)C)nc4c(C(=O)N(C)C)c(Cl)c(Cl)cc43)CC2)cc1,18,2.8903717578961645,0.3997688352908145
2575,Cc1ccc([C@H](C(=O)N(C)C)N2C(=O)[C@@H](C3Cc4ccccc4C3)NC(=O)[C@H]2CC(C)C)cn1,18,2.8903717578961645,0.3997688352908145
3280,O=C(NCc1ccc(F)cc1)c1nc2n(c(=O)c1O)CCCC21CCCC1,18,2.8903717578961645,0.3997688352908145
730,CCCS(=O)(=O)N1CCC(CNC(=O)c2ccc(F)cc2C(F)(F)F)(C(=O)N2CCOCC2)CC1,18,2.8903717578961645,0.3997688352908145
2495,Cc1ncnc(Nc2ccc(OCc3cccc(F)c3)c(Cl)c2)c1C#Cc1ccc(CN2CCCC2)c(F)c1,18,2.8903717578961645,0.3997688352908145
2501,N#Cc1cc(Cl)cc(Oc2c(Cl)ccc3c2cnn3Cc2n[nH]c3ncccc23)c1,18,2.8903717578961645,0.3997688352908145
2885,Nc1ncnc2c1C(=O)N(c1ccc(-c3ccccc3Cl)c(F)c1)CCO2,18,2.8903717578961645,0.3997688352908145
725,CCCS(=O)(=O)N1CCC(CNC(=O)c2ccccc2Cl)(C(=O)N2CCOCC2)CC1,18,2.8903717578961645,0.3997688352908145
2898,Cc1cnc(NC(=O)[C@H](CO[C@H](C)CO)Oc2ncnc3c2cnn3-c2c(Cl)cccc2C#N)cn1,18,2.8903717578961645,0.3997688352908145
707,CCCN1C(=O)N2C[C@@H](CC)N=C2c2[nH]c(C34CCC(O)(CC3)CC4)nc21.Cl,18,2.8903717578961645,0.3997688352908145
2516,COCCNCc1cccc(CCNC[C@H](O)c2ccc(O)c3[nH]c(=O)sc23)c1,18,2.8903717578961645,0.3997688352908145
2686,FC(F)(F)Cc1nnc2c(Cl)c(N3CCC(F)(c4ccccc4)CC3)ccn12,18,2.8903717578961645,0.3997688352908145
2136,O=C1O[C@@H](Cn2ccnn2)CN1c1ccc(N2CCN(Cc3ccc([N+](=O)[O-])o3)CC2)c(F)c1,18,2.8903717578961645,0.3997688352908145
2958,N#Cc1c(N2CCC(c3ccccc3)CC2)ccn(CC2CC2)c1=O,18,2.8903717578961645,0.3997688352908145
603,O=C(O)[C@@H](CC1CCC1)N1C[C@H](CN2CCC(CCC(F)(F)c3ccc(F)cc3)CC2)[C@@H](c2cccc(F)c2)C1,18,2.8903717578961645,0.3997688352908145
648,CCCC[C@@H](/C=N/NC(=O)N1CCCC1)NC(=O)OC(C)(C)C,18,2.8903717578961645,0.3997688352908145
3198,O=c1n(Cc2ccc(Cl)cc2)c2sc3c(c2c2ncnn12)CCN(CC1CCOCC1)C3,18,2.8903717578961645,0.8689255589228828
3175,C[C@H]1CC[C@@H](c2nc(-c3ccc(C(=O)Nc4cc(C(F)(F)F)ccn4)cc3F)c3c(N)nccn23)CN1C(=O)C1CC1,18,2.8903717578961645,0.3997688352908145
734,CCCS(=O)(=O)N1CCC(CNC(=O)c2ccccc2)(C(=O)N2CCOCC2)CC1,18,2.8903717578961645,0.3997688352908145
2687,CC(C)COc1ccc2c(c1)[C@]1(COC(N)=N1)c1cc(-c3cncnc3)ccc1O2,18,2.8903717578961645,0.3997688352908145
2056,Cc1ccccc1CS(=O)(=O)NCCc1c(CCOc2ccc(C(=O)O)cc2)c2cc(Cl)ccc2n1C(c1ccccc1)c1ccccc1,18,2.8903717578961645,0.3997688352908145
2194,CCCCCOC(=O)N1CCN(C(=O)[C@H](CCC(=O)O)NC(=O)c2cc(N3CCC(OCCO)CC3)nc(-c3ccccc3)n2)CC1,18,2.8903717578961645,0.3997688352908145
2246,CCOc1cc(CN2CCC(Nc3nc4cc(C(=O)O)ccc4o3)CC2)cc(OCC)c1Cl,18,2.8903717578961645,0.3997688352908145
3187,CCC(c1ccc(Br)cc1)(C(C)O)n1ncc2c(NS(C)(=O)=O)cccc21,18,2.8903717578961645,0.3997688352908145
3371,Cc1cc(O)c([C@@H]2O[C@H](CO)[C@@H](O)[C@H](O)[C@H]2O)cc1Cc1ccc(CCNC(=O)NC(CO)(CO)CO)cc1,18,2.8903717578961645,0.3997688352908145
2227,CCOC[C@H]1[C@@H]2CNC[C@@]21c1ccc(Cl)c(Cl)c1,18,2.8903717578961645,0.3997688352908145
817,Cc1ccc2c(OCCN3CCC(Cc4cc5c(cc4F)OCC(=O)N5)CC3)cc(Cl)cc2n1,18,2.8903717578961645,0.3997688352908145
2323,CC(C)(C)NS(=O)(=O)c1cc(C(=O)N2CCC(CCN3CCC(N(C(=O)NCc4ccc(C#N)cc4)c4cccc(F)c4)CC3)(c3cccc(F)c3)CC2)c(Cl)cc1F,18,2.8903717578961645,0.3997688352908145
2886,O=C(O)[C@H]1[C@@H]2CN(c3ccc(C(=O)N4CCC(c5cccnc5)C4)c(SC4CCCC4)n3)C[C@@H]21,18,2.8903717578961645,0.3997688352908145
2908,Cc1c(-c2cn(C(C)C)c(=O)c3ccccc23)c2cc(F)ccc2n1CC(=O)O,18,2.8903717578961645,0.3997688352908145
2616,COc1cc(C)c(S(=O)(=O)N(C)CCOCC(=O)N2CCC(C3CCN(C)CC3)CC2)c(C)c1,17.9,2.884800712846709,0.3993904644399301
621,C[C@H]1CN(C(=O)N2Cc3c(C(=O)OC(C)(C)C)ncn3-c3ccc(Cl)cc32)C[C@H](C)N1,17.83,2.8808824318750488,0.3991243450149228
3178,C=C[C@@H]1C[C@]1(NC(=O)[C@@H]1C[C@@](OC)(c2ccc(-c3ccccc3)cc2)CN1C(=O)[C@@H](NC(=O)OC(C)(C)C)C(C)(C)C)C(=O)NS(=O)(=O)C1CC1,17.8,2.8791984572980396,0.3990099738533338
2203,CC1(c2ccccc2)CC([C@@H]2CCC[C@H]2C(=O)NCc2ccc(OC(F)(F)F)cc2)=NO1,17.8,2.8791984572980396,0.3990099738533338
593,CCCCCCCCc1ccc(CCC(N)(CO)COP(=O)(O)O)cc1,17.8,2.8791984572980396,0.3990099738533338
2178,CS(=O)(=O)N1CC2(CCN(C(=O)Nc3ccc(-c4ccncc4)cc3)CC2)c2ccccc21,17.8,2.8791984572980396,0.3990099738533338
518,C[C@@H](O)[C@H]1C(=O)N2C(C(=O)O)=C(S[C@@H]3CN[C@H](/C=C/c4ccno4)C3)[C@H](C)[C@H]12,17.8,2.8791984572980396,0.8681666974854021
618,C[C@H](NC(=O)/C=C/c1ccc(F)cc1)c1ccc(F)c(N2CCOCC2)c1,17.8,2.8791984572980396,0.3990099738533338
794,CSC(=S)N1CC2(CCCCC2)CS/C1=N\c1cccc2ccccc12,17.7,2.8735646395797834,0.398627339646491
2447,Nc1nc(Nc2ccc(C(O)CCCN3CCOCC3)cc2)nn1-c1ccccn1,17.7,2.8735646395797834,0.398627339646491
2659,Cn1cc(-c2ccc3c(c2)CCN3C(=O)Cc2cc(F)cc(C(F)(F)F)c2)c2c(N)ncnc21,17.7,2.8735646395797834,0.398627339646491
2492,O=C(N[C@H]1CCCc2cc(CN3CCCCC3)ccc21)c1ccc(-c2coc3cccc(Cl)c3c2=O)cc1,17.67,2.871868286331605,0.3985121277578389
2940,COC(=O)N[C@@H](C(=O)N1CCC[C@H]1c1ncc(-c2ccc(N3CCC(c4cnc([C@@H]5CCCN5C(=O)[C@H](NC(=O)OC)c5ccccc5)[nH]4)CC3)c(F)c2)[nH]1)c1ccccc1,17.67,2.871868286331605,0.3985121277578389
3227,CNC(=O)c1ccc(Nc2nc(O[C@H]3CC[C@@](C)(O)CC3)c3c(-c4ccc5nc(C)oc5c4)c[nH]c3n2)c(OC)c1,17.6,2.8678989020441064,0.3982425375288936
599,O=C(O)[C@@H](C1CCCCC1)N1C[C@H](CN2CCC(CCCc3ccccc3)CC2)[C@@H](c2ccccc2)C1,17.6,2.8678989020441064,0.3982425375288936
622,CCCc1c(OCCCSc2ccc(CC(=O)O)cc2Cl)ccc2c(CC)noc12,17.6,2.8678989020441064,0.3982425375288936
3289,CCOc1ccc(Cc2cc([C@@H]3O[C@H](/C=N/NCCO)[C@@H](O)[C@H](O)[C@H]3O)ccc2Cl)cc1,17.6,2.8678989020441064,0.3982425375288936
2166,CC(C)=CCC/C(C)=C/CNCCNC1C2CC3CC(C2)CC1C3,17.5,2.8622008809294686,0.3978555427948063
2808,CC#CCn1c(N2CCC[C@@H](N)C2)cc(=O)n(Cc2ccc3ccc(Cl)cc3n2)c1=O,17.5,2.8622008809294686,0.3978555427948063
798,CC(C)(C#Cc1ccc(NC(=O)CSc2nnnn2-c2ccc(C3CC3)cc2Cl)c(Cl)c1)C(=O)[N-]S(C)(=O)=O.[Na+],17.5,2.8622008809294686,0.3978555427948063
2966,CCOC(=O)N1CCC(CN2CCC3(CC2)OC(=O)Nc2ncccc23)CC1,17.5,2.8622008809294686,0.3978555427948063
2812,COc1c(/C=C/c2ccc(NS(C)(=O)=O)cc2)cc(-c2cc(F)c[nH]c2=O)cc1C(C)(C)C,17.4,2.856470206220483,0.3974663303137491
2852,CN(C)[C@@H](C(=O)N1CCC[C@H]1c1ncc(-c2ccc(-c3ccc(-c4cnc([C@@H]5CCCN5C(=O)[C@@H](c5ccccc5)N(C)C)[nH]4)cc3)cc2)[nH]1)c1ccccc1,17.4,2.856470206220483,0.3974663303137491
3284,CS(=O)(=O)CCCn1c(Cn2nc(S(C)(=O)=O)c3ccccc32)nc2cc(Cl)ccc21,17.4,2.856470206220483,0.3974663303137491
2532,CCc1n[nH]c2ncnc(N3CCN(c4cc(Cl)cc(NCCN(C)C)c4C)CC3)c12,17.4,2.856470206220483,0.3974663303137491
2010,Cc1ccc(NC(=O)c2cccc(C(F)(F)F)c2)cc1C(=O)Nc1cnc(Nc2ccc(N3CCN(C)CC3)cc2)nc1,17.33,2.8524391037275145,0.3971925483452447
2847,COC(=O)N[C@H](C(=O)N1CCC[C@H]1c1ncc(-c2ccc(-c3ccc(-c4ccc5nc([C@@H]6CCCN6C(=O)[C@@H](NC(=O)OC)C(C)C)[nH]c5c4)cc3)cc2)[nH]1)C(C)C,17.33,2.8524391037275145,0.3971925483452447
2946,C[C@@H]1CCCN1S(=O)(=O)C[C@@H](N1C(=O)[C@@](C)(CC(=O)O)C[C@H](c2cccc(Cl)c2)[C@H]1c1ccc(Cl)cc1)C(C)(C)C,17.33,2.8524391037275145,0.3971925483452447
3274,CC[C@H](C)[C@H](NC(=O)[C@H](Cc1ccc(O)cc1)NC(=O)[C@H](CO)NC(=O)[C@H](CCC(=O)O)NC(=O)[C@H](CCC(=O)O)NC(=O)[C@H](CC(C)C)NC(=O)[C@H](CCCCN)NC(=O)[C@H](CCCCN)NC(=O)[C@@H](NC(=O)[C@@H](NC(=O)[C@H](CCC(=O)O)NC(=O)[C@H](CCC(=O)O)NC(=O)[C@H](CC(C)C)NC(=O)[C@H](CCCCN)NC(=O)[C@H](CCCCN)NC(=O)[C@H](CCSC)NC(=O)[C@H](CCC(=O)O)NC(=O)[C@H](Cc1ccc(O)cc1)NC(=O)[C@H](CCC(=O)O)NC(=O)[C@H](CC(C)C)NC(=O)[C@H](CC(=O)O)NC(=O)[C@H](CC(C)C)NC(=O)[C@H](CC(C)C)NC(=O)[C@@H](NC(=O)[C@@H](NC(=O)[C@H](CC(N)=O)NC(=O)[C@@H](NC(=O)[C@H](CCC(N)=O)NC(=O)[C@@H](NC(=O)[C@H](CC(C)C)NC(=O)[C@H](CO)NC(C)=O)[C@@H](C)O)[C@@H](C)CC)[C@@H](C)O)[C@@H](C)O)C(C)C)C(C)C)C(=O)N[C@@H](CC(=O)O)C(=O)N[C@@H](CC(C)C)C(=O)N[C@@H](CCCCN)C(=O)N[C@@H](CCC(=O)O)C(=O)N[C@@H](CC(C)C)C(N)=O,17.33,2.8524391037275145,0.3971925483452447
2591,O=C(Nc1cnc(Cl)nc1)c1ccc(F)c(F)c1,17.32,2.851861903134289,0.3971533463862494
644,O=C(O)CC(Cc1nc(CCCc2ccc3c(n2)NCCC3)no1)c1ccc2c(c1)OCC2,17.3,2.8507065015037334,0.3970748745207043
525,O=c1cc(-c2ccc3c(c2)ncn3-c2ccccc2)ccn1CCCN1CCCCC1,17.3,2.8507065015037334,0.3970748745207043
2984,COc1cccc(CNC(=O)c2nc3scc(CC(=O)Nc4ccccc4)c3c(=O)[nH]2)c1,17.28,2.8495497633759097,0.3969963118837502
2094,CN1CC(c2nc(C(=O)NCc3ccc(F)cc3S(C)(=O)=O)c(O)c3ncccc23)CC1=O,17.2,2.8449093838194073,0.3966811494060403
2418,Cc1cc2c(cc1Cl)C1(CCN(C(=O)[C@@H]3CN(C(C)(C)C)C[C@H]3c3ccc(F)cc3F)CC1)C[C@@H]2C(C)(C)C(=O)N(C)C,17.2,2.8449093838194073,0.3966811494060403
3136,Cc1nc2[nH]cnc2cc1-n1c2ccc(F)cc2c2[nH]ncc21,17.2,2.8449093838194073,0.3966811494060403
2766,CN1CCN(Cc2ccc(C(=O)Nc3cc(-c4ccc(CNC(=O)Nc5cc(C(C)(C)C)on5)cc4)n[nH]3)cc2)CC1,17.2,2.8449093838194073,0.3966811494060403
3197,CC(C)(C)C[C@@H]1N[C@@H](C(=O)N[C@H]2CC[C@H](O)CC2)[C@H](c2cccc(Cl)c2F)[C@]12C(=O)Nc1cc(Cl)ccc12,17.17,2.843163674909384,0.3965625854095516
2409,CNC(=O)c1ncc(C#Cc2cc(C(=O)Nc3ccc(CN4CCN(CCO)CC4)c(C(F)(F)F)c3)ccc2C)n1C,17.17,2.843163674909384,0.3965625854095516
2105,CS(=O)(=O)NC(=O)c1ccc(-c2ccc(CCNC[C@H](O)c3cccnc3)cc2)cc1OC1CCCCC1.Cl.Cl,17.1,2.8390784635086144,0.3962851285051415
3086,COc1cc(N2C(=O)N(Cc3c(F)cc(F)cc3F)c3ccccc3S2(=O)=O)cc(OC)n1,17,2.833213344056216,0.3958867848877336
2131,CCN1C[C@H](C)n2c(c(O)c3c(=O)n(Cc4ccc(F)cc4)nc(C)c32)C1=O,17,2.833213344056216,0.3958867848877336
686,CN[C@H]1CCN(c2ccc(-n3ncc4cc(-c5ccc(Cl)cc5)ccc4c3=O)cn2)C1,17,2.833213344056216,0.3958867848877336
623,Cc1ccc2nc(CN(C)C(=O)c3ccc4c(c3)CN(C)C(=O)[C@H](CC(=O)O)N4)nc-2[nH]1,17,2.833213344056216,0.3958867848877336
3232,O=C(O)c1ccc2nc(N3C4CCC3CC(OCc3c(-c5ccccc5OC(F)(F)F)noc3C3CC3)C4)sc2c1,17,2.833213344056216,0.3958867848877336
524,COc1ccccc1-c1ccc(C[C@@H](NC(=O)[C@@]2(C)CCCO2)C(=O)O)cc1,17,2.833213344056216,0.3958867848877336
2502,O=C(NC1CCCS(=O)(=O)C1)c1ccc(Oc2ccc(C#C[C@]3(O)CN4CCC3CC4)cc2)cc1,17,2.833213344056216,0.3958867848877336
2486,O=S(=O)(c1cccc(F)c1)c1ccc2c3c(oc2c1)C1(CCOCC1)NCC3,17,2.833213344056216,0.3958867848877336
2974,O=C(Nc1cnn(-c2cccc(C(=O)Nc3cnn(C4CCNC4)c3)c2)c1)Nc1ccccc1Cl,17,2.833213344056216,0.3958867848877336
2709,C[C@@H]1CN[C@@H](C2CC2)C(=O)N(C)[C@H](C)C(=O)N[C@H](Cc2ccc(F)cc2)C(=O)NCCCc2ccccc2O1,17,2.833213344056216,0.3958867848877336
2310,COc1ccc(OC)c(CNc2ccc3nc(N)nc(N)c3c2Cl)c1,17,2.833213344056216,0.3958867848877336
787,C[C@H](CO)Nc1nc(SCc2cccc(F)c2F)nc2nc(N)sc12,17,2.833213344056216,0.3958867848877336
2880,COc1cc(CN2CCN(C)CC2)ccc1-c1nc2c(N[C@H]3[C@@H](C(N)=O)[C@@H]4C=C[C@H]3C4)c(Cl)cnc2[nH]1,17,2.833213344056216,0.3958867848877336
871,C[C@H](CO)Nc1nc(SCc2ccco2)nc2[nH]c(=O)sc12,17,2.833213344056216,0.3958867848877336
3170,CN1C(=O)[C@@H](NC(=O)c2n[nH]c(Cc3ccccc3)n2)COc2ccccc21,17,2.833213344056216,0.3958867848877336
2661,Cc1c(Cl)ccc(OC2CCN(C3CCN(S(=O)(=O)NC(=O)c4ccccc4)CC3)CC2)c1Cl,17,2.833213344056216,0.3958867848877336
3173,O=C(O)c1ccccc1CC[C@@H]1CCC[C@@H]1NC(=O)C1CCN(c2ccc(OC(F)(F)F)cc2)CC1,17,2.833213344056216,0.3958867848877336
3069,COc1cc2ncnc(Nc3cccc(Cl)c3F)c2cc1OC(=O)N1CCN(C)C[C@H]1C,17,2.833213344056216,0.3958867848877336
2161,C[C@@H](C1CC1)n1cc(Cl)nc(Nc2c(Cl)cc(OC(F)F)cc2Cl)c1=O,17,2.833213344056216,0.3958867848877336
2875,Cc1nc([C@H]2CCCO2)c(C(=O)N[C@H]2C3CC4CC2C[C@](O)(C4)C3)s1,17,2.833213344056216,0.3958867848877336
3057,Cc1cn(-c2ccc(-c3cn([C@H]4CCc5c(F)cccc5N(CC(F)(F)F)C4=O)nn3)c(F)c2)cn1,17,2.833213344056216,0.3958867848877336
2793,COc1cc2nnc(C(N)=O)c(Nc3ccc(C)cc3F)c2cc1N1CCN(C(C)C)CC1,17,2.833213344056216,0.3958867848877336
3180,CN(C)CCCNc1ccc(-c2ccc(Cl)c(Cl)c2)o1,17,2.833213344056216,0.3958867848877336
3091,C[C@H]1Cn2c(nnc2C(C)(F)F)CN1C(=O)c1cccc(C(F)(F)c2n[nH]c(=O)c3ccccc23)c1,17,2.833213344056216,0.3958867848877336
2184,C=C[C@@H]1C[C@]1(NC(=O)[C@@H]1C[C@@H]2CN1C(=O)[C@H](C1CCCCC1)Nc1nc(cs1)CCC/C=C/c1cccc3c1CN(C3)C(=O)O2)C(=O)NS(=O)(=O)C1CC1.O=C(O)C(F)(F)F,17,2.833213344056216,0.3958867848877336
538,O=C(Cn1ccc(N2CCOCC2)nc1=O)NCc1cc2cc(C(=O)N3CCC(N4C(=O)OCc5ccccc54)CC3)ccc2o1,17,2.833213344056216,0.3958867848877336
2954,CO[C@H]1CN(c2nc(-c3ncnn3C)c(C(=O)O)s2)CC[C@H]1NC(=O)c1[nH]c(C)c(Cl)c1Cl,17,2.833213344056216,0.3958867848877336
2138,Cc1cc(CNC(=O)c2cc(-c3ccc(C(C)(C)C)cc3)n(C)n2)ccc1OC(C)(C)C(=O)O,17,2.833213344056216,0.3958867848877336
2775,CC(C)N1C(=O)[C@H](NC(=O)[C@@H](Cc2ccccc2OC(F)(F)F)NC(=O)OC(C)(C)C)CCc2cc(F)cc(F)c21,17,2.833213344056216,0.3958867848877336
624,C[C@@]1(C(=O)N[C@@H](Cc2ccc(-c3ccccn3)cc2)C(=O)O)CCCN1S(=O)(=O)c1cc(Cl)cc(Cl)c1,17,2.833213344056216,0.3958867848877336
2790,C[C@]1(CS(=O)(=O)N2CCC(Oc3ccc(OCc4ccccn4)cc3)CC2)NC(=O)NC1=O,17,2.833213344056216,0.3958867848877336
2411,O=C(O)/C=C/c1ccc(OC(=O)C2(NC(=O)c3ccc4c(C5CCCCC5)c5n(c4c3)CCOc3ccccc3-5)CCCC2)cc1,17,2.833213344056216,0.3958867848877336
2043,CCN(CC(O)(CNC(=O)c1cnn(-c2ccc(F)cc2)c1N)C(F)(F)F)C(=O)c1ccccc1S(C)(=O)=O,17,2.833213344056216,0.3958867848877336
2563,Cc1ccc(C(=O)Nc2ccon2)cc1-n1cnc2ccc(N3CCN(C)CC3)cc2c1=O,17,2.833213344056216,0.3958867848877336
2571,CCC(CC)[C@@H]1C(=O)N[C@H](C2Cc3ccccc3C2)C(=O)N1[C@@H](C(=O)NC)c1ccc(C)nc1,17,2.833213344056216,0.3958867848877336
2413,O=C(NCc1ccncn1)c1ccc(Oc2ccc(C#C[C@]3(O)CN4CCC3CC4)cc2)cc1,17,2.833213344056216,0.3958867848877336
653,CCn1ccn2c(-c3ccc(F)c(-c4ccc(F)cc4C#N)c3)cnc2c1=O,17,2.833213344056216,0.3958867848877336
2140,COc1ccc2c(c1)CC(c1nc3ccc(-c4ccnc(N)n4)cc3[nH]1)CO2,17,2.833213344056216,0.3958867848877336
2874,CS(=O)(=O)Cc1nc([C@H]2CCCO2)c(C(=O)NC2C3CC4CC2CC(O)(C4)C3)s1,17,2.833213344056216,0.3958867848877336
2593,O=C(O)c1n[nH]c2c1C[C@H]1C[C@@H]21,17,2.833213344056216,0.3958867848877336
3213,COc1ccc(F)c(N2CCC(Oc3ccc(N4N=C(C(F)(F)F)[C@@H](C)[C@@H]4CC(=O)O)cc3)CC2)c1,17,2.833213344056216,0.3958867848877336
2286,COc1ccc2c(c1)C[C@H](C(=O)Nc1ccc(-c3cn[nH]c3)cc1OCCN(C)C)NC2,17,2.833213344056216,0.3958867848877336
2965,CCCCOC(=O)N1CCN(C(=O)[C@H](CCC(=O)O)NC(=O)c2cc([C@H]3C[C@@H]3COC)nc(-c3ccccc3)n2)CC1,17,2.833213344056216,0.3958867848877336
2692,CCCSc1c(C(=O)NC2CCCCC2)cnn1-c1cccc(C(=O)O)c1,17,2.833213344056216,0.3958867848877336
2837,N#Cc1cc(Cl)cc(Oc2c(C(F)(F)F)ccn(Cc3n[nH]c4ccccc34)c2=O)c1,17,2.833213344056216,0.3958867848877336
2100,COC(=O)NCC(=O)CNC(=O)[C@H](CC(C)(C)F)N[C@@H](c1ccc(-c2ccc(S(C)(=O)=O)cc2)cc1)C(F)(F)F,17,2.833213344056216,0.3958867848877336
606,CCCS(=O)(=O)c1cc(NC(Cc2ccc(-c3c(OC)cccc3OC)cc2)C(=O)O)ncn1,17,2.833213344056216,0.3958867848877336
2971,COc1cc(Br)c(CC(=O)NC(=N)N[C@H](CC(C)C)C(=O)NCc2cccc(-c3nnn[nH]3)c2)cc1OC,17,2.833213344056216,0.8650435085198019
2264,O=C(NCC1(O)CCCCCC1)c1cc(-c2ncc(F)cn2)ccc1Cl,17,2.833213344056216,0.3958867848877336
3339,C[C@H](Nc1ncc(F)c(N2C(=O)OC[C@@H]2C)n1)c1cn(-c2ccc(Cl)cc2)cn1,17,2.833213344056216,0.3958867848877336
2803,Nc1ncnc2c1C(=O)N(c1ccc([C@H]3CC[C@H](CC(=O)N4CCOCC4)CC3)cc1)CCO2,17,2.833213344056216,0.3958867848877336
2758,CCCC(Oc1ccc(-n2cc(C(F)(F)F)cn2)cc1)c1ccc(C(=O)NCCC(=O)O)cc1,17,2.833213344056216,0.3958867848877336
2644,Cc1ncc(C(=O)N[C@H]2C3CC4CC2C[C@](O)(C4)C3)c(CC2CCCC2)n1,17,2.833213344056216,0.3958867848877336
2592,C[C@@H]1[C@@H]2Cc3c(C(=O)O)n[nH]c3[C@H]12,17,2.833213344056216,0.3958867848877336
788,C[C@@H]1CN(Cc2ccc(F)cc2)[C@@H](C)CN1C(=O)COc1ccc(Cl)cc1CS(=O)(=O)O,17,2.833213344056216,0.3958867848877336
2470,COc1cc(C(=O)NCCN2CCCC2)ccc1Oc1ccc(Cl)cc1NS(=O)(=O)c1ccc(Cl)c(C(F)(F)F)c1,17,2.833213344056216,0.3958867848877336
3089,Cc1cc(F)c(-c2ccnn(C)c2=O)cc1NC(=O)C1=CN(C)C(=O)C[C@H]1c1ccc(F)cc1,17,2.833213344056216,0.3958867848877336
2287,NC(=S)Nc1ccc2c(c1)Cc1cc(Br)ccc1-2,17,2.833213344056216,0.3958867848877336
2843,O=C1NN=C(c2ccc(OC3CCN(C4CCC4)CC3)cc2)[C@H]2C[C@@H]12,17,2.833213344056216,0.3958867848877336
3236,CNC(=O)c1c[nH]c2cnc(N3CCCc4cc(-c5cnn(C)c5)c(C(F)F)cc43)cc12,17,2.833213344056216,0.3958867848877336
2171,O=C(Nc1nnc(-c2c(Cl)cccc2Cl)s1)c1ccc2c(c1)OCCO2,17,2.833213344056216,0.3958867848877336
2784,CC(C)(C(=O)O)c1ccc(CN2CCC(COC(=O)c3c4n(c5ccccc35)CCCO4)CC2)cc1,17,2.833213344056216,0.3958867848877336
2726,CN[C@H](C)C(=O)NCc1cccc(Cn2nc(NS(=O)(=O)c3ccc(Cl)s3)c3c(OC)cccc32)c1,17,2.833213344056216,0.3958867848877336
2216,Cc1ccnc(NCc2coc(-c3ccc(C[C@H](NC(=O)c4c(C)cc(C)cc4C)C(=O)O)cc3)c2)c1,17,2.833213344056216,0.3958867848877336
687,CC(C)c1nnc2ccc(-c3ocnc3-c3cccc(Cl)c3)cn12,17,2.833213344056216,0.3958867848877336
2313,Cc1ncccc1N1C[C@@H](C(=O)NCc2ccc(Cl)cc2Cl)N(C)C1=O,17,2.833213344056216,0.3958867848877336
2641,CCCSc1nc(N2CCOCC2)ccc1C(=O)N[C@H]1C2CC3CC1C[C@](O)(C3)C2,17,2.833213344056216,0.3958867848877336
2717,O=C(C(=O)N1CCN(C(=O)c2ccccc2)CC1)c1c[nH]c2c(-c3cnco3)ccc(F)c12,17,2.833213344056216,0.3958867848877336
2714,COc1ccc(NC(=O)c2ccc(C[S+](C)[O-])c3ccccc23)c(C(=O)NCC2CCOCC2)n1,17,2.833213344056216,0.3958867848877336
3279,Cc1cc(CNC(=O)c2nc3n(c(=O)c2O)CCCC32CCCC2)ccc1F,17,2.833213344056216,0.3958867848877336
2278,CCN1CCN(Cc2ccc(NC(=O)c3ccc(C)c(C#Cc4cnc5cccnn45)c3)cc2C(F)(F)F)CC1,17,2.833213344056216,0.3958867848877336
3249,COc1cccc2c1c(NS(=O)(=O)c1cccc(Cl)c1Cl)nn2C,17,2.833213344056216,0.8650435085198019
2990,CCCC[C@H](CN(O)C=O)C(=O)N1CC=C[C@H]1C(=O)Nc1ncc(C)s1,16.98,2.8320361808832013,0.3958068350349772
3039,COCCN1CC(=O)Nc2ncc(-c3ccc(-c4nc[nH]n4)nc3C)nc21,16.9,2.8273136219290276,0.3954860911468952
587,CCNC(=O)[C@@H]1CCCN1C(=O)[C@H](CCCN=C(N)N)NC(=O)[C@H](CC(C)C)NC(=O)[C@@H](CC(C)C)NC(=O)[C@H](Cc1ccc(O)cc1)NC(=O)[C@H](CO)N(C)C(=O)[C@H](Cc1c[nH]c2ccccc12)NC(=O)[C@H](Cc1c[nH]cn1)NC(=O)[C@@H]1CCC(=O)N1,16.9,2.8273136219290276,0.3954860911468952
2107,CC(C)Nc1cc(-c2ccc(CCNC[C@H](O)c3ccccc3)cc2)ccc1C(=O)NS(C)(=O)=O.Cl.Cl,16.9,2.8273136219290276,0.3954860911468952
3271,O=c1ccc(-c2cc(C[C@]3(O)CC[C@@H](Cc4ccc(Cl)cc4)CC3)no2)c[nH]1,16.8,2.8213788864092133,0.3950830193877421
3257,C[C@@H](Oc1cc2oc(=O)n(CCC(=O)O)c2cc1Cl)c1ccccn1,16.8,2.8213788864092133,0.3950830193877421
2072,CN(C)C(=N)c1ccc(C(=O)Nc2ccccc2C(=O)Nc2ccc(Cl)cn2)cc1,16.8,2.8213788864092133,0.3950830193877421
610,Cc1cc(C(=O)Nc2ccc(N3CCOCC3=O)cc2F)n(-c2cc3ccccc3cc2S(C)(=O)=O)n1,16.8,2.8213788864092133,0.3950830193877421
2805,NC(CCCCB(O)O)(C(=O)O)C1CC2CCC(C1)N2Cc1ccc(Cl)c(Cl)c1,16.8,2.8213788864092133,0.3950830193877421
3331,C[C@@]1(c2cc(NC(=O)c3ccc(C#N)cn3)ccc2F)C=C(CF)OC(N)=N1,16.8,2.8213788864092133,0.3950830193877421
2750,C[C@@]1(c2cc(NC(=O)c3ccc(C#N)cn3)ccc2F)C[C@@H](C(F)(F)F)OC(N)=N1,16.8,2.8213788864092133,0.3950830193877421
2069,NCC(NC(=O)c1cc(Br)c(-c2ccnc3[nH]ccc23)s1)c1ccccc1,16.7,2.8154087194227095,0.394677541215774
2578,COc1ccc(-c2cc(-c3ccc(S(C)(=O)=O)cc3)cnc2N)cn1,16.7,2.8154087194227095,0.394677541215774
2448,Nc1nc(Nc2cccc(C(=O)N3CCOCC3)c2)nn1-c1ccccn1,16.7,2.8154087194227095,0.394677541215774
3107,Cc1ccoc1C(=O)Nc1ccc(N2C(=O)c3cccc(F)c3C2=O)cc1F,16.7,2.8154087194227095,0.394677541215774
2168,Cc1ccccc1-c1c(N)c(C(=O)c2ccc(F)cc2F)cc[n+]1[O-],16.7,2.8154087194227095,0.394677541215774
3355,Cc1nnc(C(C)C)n1[C@@H]1C[C@H]2CC[C@@H](C1)N2CC[C@H](NC(=O)C1CCC(F)(F)CC1)c1ccsc1,16.67,2.813610696762703,0.3945554242058168
2980,COc1cccc(CNC(=O)c2nc3ccc(F)c(OCCc4ccccc4)c3c(=O)[nH]2)c1,16.67,2.813610696762703,0.3945554242058168
654,N[C@H](COc1cncc(/C=C/c2ccncc2)c1)Cc1csc2ccccc12,16.67,2.813610696762703,0.3945554242058168
771,CC(=O)Nc1nc2c(Oc3cc(N4CCN(c5ccccc5)CC4)ncn3)cccc2s1,16.67,2.813610696762703,0.3945554242058168
2275,COc1ccc2c(O[C@@H]3C[C@H]4C(=O)N[C@]5(C(=O)NS(=O)(=O)C6CC6)C[C@H]5/C=C\CCCCN(C)C(=O)[C@@H]4C3)nc(-c3ccccc3)nc2c1C,16.67,2.813610696762703,0.3945554242058168
774,CN1CCC[C@@H]1COc1cc(Nc2nc3cc(Oc4ccnc5ccccc45)ccc3[nH]2)ccc1C(F)(F)F,16.67,2.813610696762703,0.3945554242058168
560,C[C@@H](O)CNc1cc(-c2[nH]c3cccnc3c2-c2ccc(F)cc2)ccn1,16.67,2.813610696762703,0.3945554242058168
2035,N#Cc1ncc(C(=O)N[C@H](Cc2ccccc2)CN2CCCC2)c(NCC2CCC3(CC2)CC3)n1,16.67,2.813610696762703,0.3945554242058168
2832,O=C(Nc1ccc(-n2nccn2)nc1)N1CC2(CCN(Cc3cccc(Oc4ccc(Cl)cc4)c3)CC2)C1,16.67,2.813610696762703,0.3945554242058168
3205,COC(=O)Nc1c(N)nc(-n2nc(Cc3ccccc3F)c3ncccc32)nc1N,16.67,2.813610696762703,0.3945554242058168
2196,C[C@H](c1nc2c(C3CC3)nccn2c1-c1ccc(C#N)cc1)N(CC1CCS(=O)(=O)CC1)C(=O)Cc1ccc(C(F)(F)F)c(F)c1,16.67,2.813610696762703,0.3945554242058168
2316,Cc1cc(C)cc(NC(=O)c2cncc(-c3ccc(C#N)cc3)c2)c1,16.67,2.813610696762703,0.3945554242058168
2995,Fc1cccc(F)c1-c1ccc2[nH]nc(-c3cncc(O[C@H]4CNCCC45CC5)n3)c2c1,16.67,2.813610696762703,0.3945554242058168
2834,O=S(=O)(c1ccc(Cl)cc1)N1CCCc2ccc(Oc3cc(-c4nc(C5CC5)no4)cc(Cl)n3)cc21,16.67,2.813610696762703,0.3945554242058168
2676,COc1ncc(Nc2ncc(CN3CCN(S(C)(=O)=O)C[C@@H]3C)cc2-c2nc(C)nc(N)n2)cc1F,16.67,2.813610696762703,0.3945554242058168
2434,Fc1cccc(F)c1C1C=C(c2ccc(Cl)cc2)Nc2ncnn21,16.67,2.813610696762703,0.3945554242058168
3007,CNc1ncc2ccc(Oc3cc(C(=O)c4c(-c5ccccc5)n(C)n(-c5ccccc5)c4=O)ccc3N)cc2n1,16.67,2.813610696762703,0.3945554242058168
758,CN(C)c1ccc(-c2c(N)ncnc2C#Cc2ccc(N3CCOCC3)nc2)cc1,16.67,2.813610696762703,0.3945554242058168
2077,COC(=O)N[C@H](C(=O)N[C@@H](Cc1ccc(-c2ccccn2)cc1)[C@@H](O)C[C@H](Cc1ccccc1)NC(=O)[C@@H](N1CCN(Cc2cccc(C(C)(C)O)n2)C1=O)C(C)(C)C)C(C)(C)C,16.67,2.813610696762703,0.3945554242058168
601,CC(=O)N1CCN(C(=O)/C=C/c2ccc(Sc3ccccc3C(C)C)c([N+](=O)[O-])c2)CC1,16.67,2.813610696762703,0.3945554242058168
2025,CC(C)(C)c1ccc(S(=O)(=O)N2CCN(c3ccc([N+](=O)[O-])cc3)CC2)cc1,16.67,2.813610696762703,0.3945554242058168
2243,N[C@H](CNc1ncc(-c2ccc3c(c2)CC(=O)N3)s1)Cc1ccc(C(F)(F)F)cc1,16.67,2.813610696762703,0.3945554242058168
2749,CC#CCn1c(N2CCC[C@@H](N)C2)nc2ccn(Cc3nc(C)c4ccccc4n3)c2c1=O,16.67,2.813610696762703,0.3945554242058168
2157,O=C(CO)Nc1ccc2ncn(Cc3ccc(Cl)c(Cl)c3)c(=O)c2c1,16.6,2.8094026953624978,0.3942696277248723
790,COC(=O)c1c(Cl)cc(Cl)cc1-c1cnc([C@@H](C)NC(=O)C2(NC(=O)C(F)(F)F)CC2)c(F)c1,16.6,2.8094026953624978,0.3942696277248723
520,CCCN(CCC)c1c(C)nc(-c2c(C)cc(C)cc2OC)n(CC)c1=O,16.6,2.8094026953624978,0.3942696277248723
639,COc1cc2c(Nc3ncc(CC(=O)Nc4cccc(F)c4)s3)ncnc2cc1OCCCN1CCC(CO)CC1,16.6,2.8094026953624978,0.3942696277248723
2710,CCCCN(C(=O)c1ccccc1F)c1nnc(-c2ccc(CN3CC(C(=O)O)C3)cc2)s1,16.6,2.8094026953624978,0.3942696277248723
2480,COc1ccc(N(Cc2cnccc2C)C2CCN([C@H](C)CCNC(=O)c3c(C)cc(F)nc3C)CC2)cc1,16.6,2.8094026953624978,0.3942696277248723
2979,Cc1nn(CC(F)(F)CO)c(-c2ccc(F)cc2)c1-c1ccc2c(c1)NC(=O)CO2,16.5,2.803360380906535,0.3938592494849338
2188,CCn1cnc(-c2cc3nccc(Oc4ccc(NC(=O)C5(C(=O)Nc6ccccc6)CC5)cc4F)c3s2)c1,16.5,2.803360380906535,0.3938592494849338
3106,CCCS(=O)(=O)NC(=O)c1ccc2c(C3CCCCC3)c3n(c2c1)CC1(C(=O)N2C4CCC2CN(C)C4)CC1c1cc(OC)ccc1-3,16.5,2.803360380906535,0.3938592494849338
656,CCc1nc(N)nc(N)c1-c1ccc(N(C)Cc2ccc(S(C)(=O)=O)cc2)cc1,16.5,2.803360380906535,0.3938592494849338
3269,O=C1Cc2cc(NC(=O)C[C@]3(O)CC[C@@H](Cc4ccccc4)CC3)ccc2N1,16.5,2.803360380906535,0.3938592494849338
2740,Cc1ccn(-c2ncc(F)c3c(C(=O)C(=O)N4CCN(C(=O)c5ccccc5)CC4)c[nH]c23)n1,16.5,2.803360380906535,0.3938592494849338
592,CCOC(=O)C1=C(C)NC(C)=C(C(=O)OC)C1c1cccc([N+](=O)[O-])c1,16.5,2.803360380906535,0.3938592494849338
3290,COc1cc([C@@H](O)[C@@H](CCCc2ccsc2)Cn2ccc(CC(=O)O)c2)cc(OC)c1C,16.4,2.797281334830153,0.3934463765291298
2544,CC[C@@H]1C[C@H](N(Cc2cc(C(F)(F)F)cc(C(F)(F)F)c2)c2nnn(C)n2)c2nc(C)ccc2N1C(=O)OC(C)C,16.4,2.797281334830153,0.3934463765291298
2004,COc1cccc(CNC(=O)c2cc3c(=O)n(Cc4ccc(C(=O)O)cc4)cnc3cc2F)c1,16.4,2.797281334830153,0.3934463765291298
584,CCNC(=O)[C@@H]1CCCN1C(=O)[C@H](CCCN=C(N)N)NC(=O)[C@H](CC(C)C)NC(=O)[C@@H](Cc1c[nH]c2ccccc12)NC(=O)[C@H](Cc1ccc(O)cc1)NC(=O)[C@H](CO)NC(=O)[C@H](Cc1c[nH]c2ccccc12)NC(=O)[C@H](Cc1c[nH]cn1)N(C)C(=O)[C@@H]1CCC(=O)N1,16.4,2.797281334830153,0.3934463765291298
2007,COc1cc2nccc(Oc3ccc4c(c3)OCCN4C(=O)N[C@@H](C)c3ccccc3)c2cc1OC,16.33,2.7930039069823738,0.3931558647849251
2361,O=C(O)c1ccc(NC(=O)[C@H](C2CCCCC2)n2c(-c3ccc(Cl)cc3)nc3cc(F)c(F)cc32)c(F)c1,16.3,2.791165107812717,0.3930309783407747
853,O=C(O)c1ccc(OCCc2c(CCNS(=O)(=O)c3c(Cl)cccc3Cl)n(C(c3ccccc3)c3ccccc3)c3ccc(Cl)cc23)cc1,16.3,2.791165107812717,0.3930309783407747
3342,O=C(Nc1ccc(OC(F)(F)Cl)cc1)c1cnc(N2CC[C@@H](O)C2)c(-c2cc[nH]n2)c1,16.3,2.791165107812717,0.3930309783407747
3153,C[C@@H](c1ccc2[nH]c(=O)sc2c1)c1ccn(-c2ccc(CCO)cn2)n1,16.3,2.791165107812717,0.3930309783407747
2599,O=C(NCc1ccc(-c2cc(NC(=O)c3ccc(OCCN4CCCC4)cc3)[nH]n2)cc1)OCc1ccccc1,16.2,2.785011242238338,0.3926130238397905
3349,CC1(C)Cc2c(c(C(=O)Nc3ccc(C(F)(F)F)cn3)cc3nc(Nc4c(Cl)cccc4Cl)[nH]c23)O1,16.2,2.785011242238338,0.3926130238397905
3225,Cc1c([C@@H](O)CN2CCC3(CC2)CCN(c2ccc(-n4cnnn4)cn2)C3)ccc2c1COC2=O,16.2,2.785011242238338,0.3926130238397905
2662,Cc1c(-c2ccccn2)nc2cc(F)ccc2c1N1CC(C)(C)c2ncc(N3CCOCC3)cc21,16.17,2.783157673589016,0.3924871342910989
860,Cn1cc(-c2ccc(O)cc2)cc(NC(=O)N2CCC(n3c(=O)[nH]c4ncccc43)CC2)c1=O,16.1,2.7788192719904172,0.3921924813687536
2981,COc1cccc(CNC(=O)c2nc3scc(COCc4ccc(C#N)cc4)c3c(=O)[nH]2)c1,16.02,2.7738379416402132,0.3918541624023099
2192,CCCCOC(=O)N1CCN(C(=O)[C@H](CCC(=O)O)NC(=O)c2cc(N3CCC(C(=O)NCC)CC3)cc(-c3ccccc3)n2)CC1,16,2.772588722239781,0.3917693186785047
2548,CC(C)(O)c1nc(-c2cccc3c2N(S(=O)(=O)c2ccc(OC(F)(F)F)cc2)Cc2ccc(C(F)(F)F)nc2N3)no1,16,2.772588722239781,0.3917693186785047
2746,CC(C)(C)c1nc(-c2ccc(F)c(NS(=O)(=O)c3c(F)cccc3F)c2)c(-c2ccnc(NCCS(C)(=O)=O)n2)s1,16,2.772588722239781,0.3917693186785047
834,CCCSc1nc(N[C@@H]2C[C@H]2c2ccccc2)c2nnn([C@@H]3C[C@H](C(=O)O)[C@@H](O)[C@H]3O)c2n1,16,2.772588722239781,0.3917693186785047
2422,Cc1nc(-c2ccc(F)cc2F)n(C)c1CC(=O)NCc1cccc(Cl)c1C,16,2.772588722239781,0.860926042310573
649,CCCC[C@@H](/C=N/NC(=O)N1CCOCC1)NC(=O)O[C@@H](C)Cc1ccccc1,16,2.772588722239781,0.3917693186785047
2869,O=c1[nH]ccc2c(Nc3c(Cl)cc(C(O)C(F)F)cc3Cl)nc3ccncc3c12,16,2.772588722239781,0.3917693186785047
2031,O=C(Nc1ccc(Cl)c(C(=O)Nc2cccnc2)c1)c1cccc(Cl)c1,16,2.772588722239781,0.3917693186785047
786,COc1ccc(N2Cc3cc(Cl)c(Cl)cc3C2=O)cc1OCCN1CCC(C)CC1,16,2.772588722239781,0.3917693186785047
722,Cc1ccccc1NC(=O)Nc1ccc(-c2cccn(Cc3ccc([C@H](C)CC(=O)O)cc3)c2=O)cc1,16,2.772588722239781,0.3917693186785047
2126,Cc1ncc(-c2nc(Nc3ccc(N4CCN(C(=O)CO)CC4)cc3)ncc2F)n1C(C)C,16,2.772588722239781,0.3917693186785047
2685,Cc1ccc2c(c1C)N(S(=O)(=O)c1ccc(C(C)C)cc1)Cc1ccc(C(F)(F)F)nc1N2,16,2.772588722239781,0.3917693186785047
2228,COC[C@H]1[C@@H]2CNC[C@@]21c1ccc(Cl)c(Cl)c1,16,2.772588722239781,0.3917693186785047
577,COc1ccc(NS(=O)(=O)C(F)(F)F)cc1C[C@H]1[C@@H](O)c2cc(OCc3nc4cc(F)c(F)cc4s3)ccc2OC1(C)C,16,2.772588722239781,0.3917693186785047
2052,CC(=O)NCCNc1nc2sc(-c3ccc(F)cc3)nc2c2c1ncn2C,16,2.772588722239781,0.3917693186785047
2868,N#CC1(COc2nc(C3CC3)c(C(=O)N[C@H]3C4CC5CC3C[C@](O)(C5)C4)s2)CC1,16,2.772588722239781,0.3917693186785047
2078,CC(C)Oc1cc(-c2ccc(CCNC[C@H](O)c3cccnc3)cc2)ccc1C(=O)O,16,2.772588722239781,0.3917693186785047
2934,CC(C)(C)c1cc(NC(=O)Cn2cc(-c3ccc(-n4ccnc4)nc3)nn2)n(-c2cccnc2)n1,16,2.772588722239781,0.3917693186785047
763,COc1c(N2CC[C@@H]([C@@H](N)CC#N)C2)ccc2c(=O)c(C(=O)O)cn(C3CC3)c12,16,2.772588722239781,0.3917693186785047
2454,Cc1ccc(Nc2nc(N[C@@H]3CCOC[C@@H]3N)ncc2C(N)=O)cc1,16,2.772588722239781,0.3917693186785047
2503,CN1CCC(NC(=O)c2ccc(Oc3ccc(C#C[C@]4(O)CN5CCC4CC5)cc3)cc2)CC1,16,2.772588722239781,0.3917693186785047
2947,C[C@H]1CCCN1S(=O)(=O)C[C@@H](N1C(=O)[C@@](C)(CC(=O)O)C[C@H](c2cccc(Cl)c2)[C@H]1c1ccc(Cl)cc1)C(C)(C)C,16,2.772588722239781,0.3917693186785047
698,COc1cc2ncnc(Nc3cccc(Cl)c3F)c2cc1OC1CCN(CC(N)=O)CC1,16,2.772588722239781,0.3917693186785047
783,CCCC[C@H](NC(=O)O[C@H](Cn1ccc(-c2ccncc2)n1)C(C)(C)C)C(=O)CNS(=O)(=O)c1ccccn1,16,2.772588722239781,0.3917693186785047
3134,CCOC(=O)c1cc(C#N)c(N2CCN(C(=O)NS(=O)(=O)c3ccc(Cl)s3)CC2)nc1C,16,2.772588722239781,0.3917693186785047
2587,Cc1cn2cc(CC(=O)N3CCC4(CC3)CN(Cc3ccc(-n5cccn5)cc3)C4)nc2s1,16,2.772588722239781,0.860926042310573
3165,N[C@H](C(=O)Nc1cncc(F)c1CC[C@@H]1CN[C@H](COC(=O)NCC(F)(F)F)CO1)[C@@H](c1ccc(F)cc1)c1cccc(F)c1,16,2.772588722239781,0.3917693186785047
612,Oc1ccc([C@@H]2Sc3c(ccc(O)c3F)O[C@@H]2c2ccc(OCCN3CCCCC3)cc2)cc1,16,2.772588722239781,0.3917693186785047
2379,CCC(CC)O[C@@H]1C=C(C(=O)O)C[C@H](N)[C@H]1NC(C)=O,16,2.772588722239781,0.3917693186785047
2372,COc1ccc2c(c1)CC(c1nc3c(OCCN(C)C)cc(-c4cn[nH]c4)cc3c(=O)[nH]1)CO2,16,2.772588722239781,0.3917693186785047
2116,O=C([C@@H]1C[C@H](N2CCN(c3ncccn3)CC2)CN1)N1CC(F)C1,16,2.772588722239781,0.3917693186785047
2567,CCOC(=O)N1CCN(CC(=O)c2ccc(OCCCN3CCC[C@H]3C)cc2)CC1,16,2.772588722239781,0.3917693186785047
561,O=C(O)C[C@@H]1Cc2ccc(OCCCNc3ccccn3)cc2CN(CC(F)(F)F)C1=O,16,2.772588722239781,0.3917693186785047
2272,Cc1cc(C#N)nc(C)c1C(=O)N1CCC(C)(N2CCC(N3C(=O)N(C4CCOCC4)C[C@H]3c3ccccc3)CC2)CC1,16,2.772588722239781,0.3917693186785047
2939,CC(=O)N1CCC(c2nccnc2OC2CN(c3ccc4ccccc4n3)C2)CC1,16,2.772588722239781,0.3917693186785047
2479,Cn1/c(=N/c2ccc(OC(F)(F)F)cc2)n(Cc2ccc(C(=O)Nc3nnn[nH]3)cc2)c2cc(Cl)c(Cl)cc21,16,2.772588722239781,0.3917693186785047
2705,CC(C)N1CCC(Oc2ccc(C(=O)Nc3ccc(NC(=O)Nc4cc(C(C)(C)C)on4)cc3)nc2)CC1,16,2.772588722239781,0.3917693186785047
2512,Cc1cccc(-n2nc(C)c(-c3ccc(OC4CCN(C5CCC5)CC4)cc3)cc2=O)n1,16,2.772588722239781,0.3917693186785047
2155,CC(C)c1onc(CNc2c(Cl)cccc2Cl)c1COc1ccc(/C=C/c2cccc(C(=O)O)c2)c(Cl)c1,16,2.772588722239781,0.3917693186785047
2400,O=C(Cc1ccc(Cl)cc1)N[C@H](Cc1ccc(Cl)cc1)C(=O)N[C@H]1C[C@H]2CC[C@@H](C1)N2,16,2.772588722239781,0.3917693186785047
2120,Cn1cc(S(=O)(=O)[C@H]2CC[C@@](CNC(=O)c3ccc(Cl)cc3Cl)(CC3CC3)CC2)nn1,16,2.772588722239781,0.3917693186785047
2359,CCCCN1C(=O)[C@H](CC2CCCCC2)NC(=O)C12CCN(Cc1ccc(Oc3ccc(C(=O)O)cc3)cc1)CC2.Cl,16,2.772588722239781,0.3917693186785047
2213,Cc1cc(C)c(C(=O)NC(Cc2ccc(N3CCC(CNc4ccccn4)CC3)cc2)C(=O)O)c(C)c1,16,2.772588722239781,0.3917693186785047
2484,CS(=O)(=O)CCCOc1ccc2c(c1)CCC1(CCN(C3CCC3)CC1)O2,16,2.772588722239781,0.3917693186785047
3079,CS(=O)(=O)Nc1n[nH]c2c1CN([C@H]1CO[C@H](c3cc(F)ccc3F)[C@@H](N)C1)C2,16,2.772588722239781,0.3917693186785047
675,CC(C)C[C@@H]1C(=O)N[C@H](C2Cc3ccccc3C2)C(=O)N1[C@@H](C(=O)N1CCOCC1)c1ccc(F)cc1F,16,2.772588722239781,0.3917693186785047
2429,CCc1nc(-c2ccc(Cl)cc2Cl)c(CC)nc1NC(CC)CC,16,2.772588722239781,0.3917693186785047
3365,CN(c1ccc(-c2ccc(-n3ccc(N)n3)cc2O)nn1)C1CC(C)(C)NC(C)(C)C1,16,2.772588722239781,0.3917693186785047
3038,CO[C@H]1CC[C@H](N2C(=O)CNc3ncc(-c4ccc(-c5nc[nH]n5)nc4C)nc32)CC1,16,2.772588722239781,0.3917693186785047
2048,COc1cc(Nc2c(C(N)=O)cnc3c(C)cc(S(C)(=O)=O)cc23)ccc1F,16,2.772588722239781,0.3917693186785047
2497,CNC(=O)c1cccc(F)c1Nc1nc(Nc2ccc3c(c2)NC(=O)C(NC(=O)C(F)(F)F)CC3(C)C)ncc1Cl.O=C(O)C(F)(F)F,16,2.772588722239781,0.3917693186785047
597,C/C(=C\c1ccc(OCCN2CCOCC2)cc1)c1ccc2c(c1)C(C)(C)CCC2(C)C,16,2.772588722239781,0.3917693186785047
2848,CNc1nc(Nc2cn([C@H]3CCN(C4COC4)C[C@H]3F)nc2C)ncc1C(F)(F)F,16,2.772588722239781,0.3917693186785047
2865,CCc1cc(-c2noc(-c3cc(C)nc(C4CCCC4)c3)n2)cc(C)c1OC[C@@H](O)CNC(=O)CO,16,2.772588722239781,0.3917693186785047
2881,COC[C@H](C)Oc1cc(Oc2cnc(C(=O)N3CCC3)cn2)cc(C(=O)Nc2cnc(C)cn2)c1,16,2.772588722239781,0.3917693186785047
3171,O=C(O)c1ccc(Cl)cc1CC[C@@H]1CCC[C@@H]1NC(=O)C1CCN(c2ccc(C(F)(F)F)cc2)CC1,16,2.772588722239781,0.3917693186785047
2280,CC(C)CC1NC(=O)C2(CCN(Cc3ccc(Oc4ccccc4)cc3)CC2)N(CCC(C)O)C1=O.Cl,16,2.772588722239781,0.3917693186785047
2504,CNC(=O)c1ccc(Oc2ccc(C#C[C@]3(O)CN4CCC3CC4)cc2)cc1,16,2.772588722239781,0.3917693186785047
2584,Cc1cccnc1CN1CCC2(CC1)C(=O)N(c1ccc(-c3ccc(C(=O)O)cc3)cc1)C(=O)N2c1ccncn1,16,2.772588722239781,0.3917693186785047
700,CCN(CC)CCOc1ccc(N(C)C(=O)c2ccc(-c3ccc(C(F)(F)F)cc3)cc2)cc1OC,16,2.772588722239781,0.3917693186785047
2496,CNC(=O)c1cccc(F)c1Nc1nc(Nc2ccc3c(c2)NC(=O)CCC3(C)C)ncc1Cl,16,2.772588722239781,0.3917693186785047
2921,O=c1nc(NCc2ccc(-c3ccncc3)cc2)c2cccnc2n1O,16,2.772588722239781,0.3917693186785047
2019,CCNC(=O)c1ccc(CN2CCC(c3ccc(C(=O)Nc4ccccc4N)cc3)CC2)cc1,16,2.772588722239781,0.3917693186785047
2458,O=C([C@H]1CNCC[C@]1(OCC(O)CO)c1ccc(F)c(F)c1)N(Cc1cn(Cc2cccc(F)c2)c2cccc(F)c12)C1CC1,16,2.772588722239781,0.3917693186785047
2252,CC(=O)Nc1c(C(=O)C(C)(C)O)oc2nc(-c3ccccc3Cl)c(-c3ccc(Cl)cc3)cc12,16,2.772588722239781,0.3917693186785047
833,CCCSc1nc(N[C@@H]2C[C@H]2c2ccccc2)c2nnn([C@@H]3C[C@H](CO)[C@@H](O)[C@H]3O)c2n1,16,2.772588722239781,0.3917693186785047
2162,Cc1ccc(NC(=O)c2cccc(C(F)(F)F)c2)cc1/C=C/n1cnc2c(Nc3ccncc3)ncnc21,16,2.772588722239781,0.3917693186785047
2916,N#Cc1ccc(-c2ccc(C[C@@H](C#N)NC(=O)[C@@H]3CCCCN3)cc2)cc1,16,2.772588722239781,0.3917693186785047
2915,O=C(c1cc(Nc2ccc(Cl)cc2Cl)c(O)cc1O)N1Cc2ccccc2C1,16,2.772588722239781,0.860926042310573
696,COc1cc2ncnc(Nc3cc(Cl)ccc3F)c2cc1OCCCN1CCOCC1,16,2.772588722239781,0.3917693186785047
2777,CS(=O)(=O)N1CCC(n2nnc3cnc4[nH]ccc4c32)CC1,16,2.772588722239781,0.3917693186785047
2139,Cc1ncc(-c2nc(Nc3ccc(C(=O)NC4CCN(C)CC4)c(F)c3)ncc2F)n1C(C)C,16,2.772588722239781,0.3917693186785047
3282,O=C(CCCc1c[nH]nn1)NC1CCN(C(=O)OCc2cc(Cl)cc(Cl)c2)CC1,16,2.772588722239781,0.3917693186785047
3216,CNS(=O)(=O)c1ccc(OC(F)(F)F)c(Nc2cc(Nc3ccc(Cl)cc3)ncn2)c1,16,2.772588722239781,0.3917693186785047
2856,CC(C)S(=O)(=O)C[C@H](C1CC1)N1C(=O)[C@@](C)(CC(=O)O)C[C@H](c2cccc(Cl)c2)[C@H]1c1ccc(Cl)cc1,16,2.772588722239781,0.3917693186785047
704,CN(C)C(C)(C)c1nc(O)c(O)c(C(=O)NCc2ccc(F)cc2)n1,16,2.772588722239781,0.3917693186785047
2222,CCCCN1C(=O)[C@H](CC2CCCCC2)NC(=O)C12CCN(CCc1cccc(Oc3ccc(C(=O)O)cc3)c1)CC2.Cl,16,2.772588722239781,0.3917693186785047
785,COc1ccc(N2Cc3cc(Cl)c(Cl)c(C)c3C2=O)cc1OCCN1CCC(C)CC1,16,2.772588722239781,0.3917693186785047
3214,CNS(=O)(=O)c1cccc(Nc2cc(Nc3ccc(Cl)cn3)ncn2)c1,16,2.772588722239781,0.3917693186785047
3002,CC(C)(C)Nc1cc(NCC2CCOCC2)c2ncc(-c3ccc(C(=O)NC4CC4)cc3)n2n1,16,2.772588722239781,0.3917693186785047
3230,O=C(O)c1ccc(NC(=O)[C@@H]2c3cccc(N4CCOCC4=O)c3CCN2C(=O)/C=C/c2c(-n3cnnn3)ccc(Cl)c2F)cc1,16,2.772588722239781,0.3917693186785047
2913,O=C(c1cc(-n2ccc3cc(Br)ccc32)c(O)cc1O)N1Cc2ccccc2C1,16,2.772588722239781,0.860926042310573
2263,CN(C)C(=O)NCCCc1c(CN(C)[C@H]2CCCc3cccnc32)ncc2ccccc12,16,2.772588722239781,0.3917693186785047
2261,CN(Cc1ncc2ccccc2c1CNC(=N)N)[C@H]1CCCc2cccnc21,16,2.772588722239781,0.3917693186785047
3231,CN1CCN(c2cccc3c2CCN(C(=O)/C=C/c2c(-n4cnnn4)ccc(Cl)c2F)[C@@H]3C(=O)Nc2ccc(C(=O)O)cc2)C(=O)C1,16,2.772588722239781,0.3917693186785047
2147,CC(C)CC[C@@]1(C)C(=O)C(C2=NS(=O)(=O)c3cc(NS(C)(=O)=O)ccc3N2)=C([O-])c2ccccc21.[Na+],16,2.772588722239781,0.3917693186785047
2851,COc1ccc2c(O[C@@H]3C[C@H]4C(=O)N[C@]5(C(=O)NS(=O)(=O)C6CC6)C[C@H]5/C=C\CCCCC[C@H](NC(=O)c5ccn(CC(F)(F)F)n5)C(=O)N4C3)cc(OC(C)C)nc2c1C,16,2.772588722239781,0.3917693186785047
816,Cc1ccc2c(OCCN3CCC(Cc4cc(F)c5c(c4)NC(=O)CO5)CC3)cc(Cl)cc2n1,16,2.772588722239781,0.3917693186785047
2176,CN1C[C@@H](N(Cc2cccc(F)c2F)c2ccc(C#N)c(Cl)c2)CC1=O,16,2.772588722239781,0.3917693186785047
3005,C[C@H]1[C@H](NC(=O)/C(=N\OC(C)(C)C(=O)O)c2csc(N)n2)C(=O)N1C(=O)NS(=O)(=O)N1C[C@@H](NC(=O)c2cc(=O)c(O)c[nH]2)CC1=O,16,2.772588722239781,0.3917693186785047
2030,Cc1ccc(NC(=O)c2cccc(C(F)(F)F)c2)cc1C(=O)Nc1cccnc1,16,2.772588722239781,0.3917693186785047
669,N#C[C@@H]1CCCN1C(=O)[C@@H]1CC[C@H](COc2cc(C(=O)O)cnc2Cl)N1,16,2.772588722239781,0.3917693186785047
2303,O=C(c1cccc(N2Cc3cccc(Cl)c3C2=O)c1)N1CCC2(CC1)CCN(c1ccncc1)CC2,16,2.772588722239781,0.3917693186785047
2244,CC(C)(O)c1cc2nc(-c3cccc4[nH]ncc34)nc(N3CCOCC3)c2s1,16,2.772588722239781,0.3917693186785047
3135,CCc1cnc(-c2cc(C#N)c(N3CC(C(=O)NS(=O)(=O)c4ccc(Cl)s4)C3)nc2C)o1,16,2.772588722239781,0.3917693186785047
570,CCCN(Cc1sc(Nc2c(Cl)cc(Cl)cc2Cl)nc1C(F)(F)F)CC1CC1,16,2.772588722239781,0.3917693186785047
2046,CS(=O)(=O)c1ccc2ncc(C(N)=O)c(Nc3cccc(C#N)c3)c2c1,16,2.772588722239781,0.3917693186785047
3364,COc1ccccc1-n1nc(C2CC(C)(C)OC(C)(C)C2)cc1-c1csc(Cl)c1,15.9,2.766319109226186,0.3913435029133097
3118,O=C1Cc2cc(S(=O)(=O)NNc3ccc(Br)cc3)ccc2N1,15.9,2.766319109226186,0.3913435029133097
2562,CNC(=O)Nc1sc2nc(C)ccc2c1C(=O)N1CCC(N2CCC[C@]3(CC(=O)N(C(C)C)C3=O)C2)CC1,15.83,2.761906873892921,0.3910438353962587
3201,Cc1cc(NC(=O)Nc2ccc(-c3ccnc4[nH]nc(C)c34)cc2)ccc1N1CCOCC1,15.83,2.761906873892921,0.3910438353962587
2820,CN1CCN(CCCNc2ncc3cc(C(=O)Nc4cc(C(=O)NC(CCN)c5ccccc5)ccc4Cl)c(=O)[nH]c3n2)CC1,15.8,2.760009940032921,0.3909150005955512
2079,O=C(O)c1ccc(-c2ccc(CCNC[C@H](O)c3cccnc3)cc2)cc1OC1CCCCC1,15.8,2.760009940032921,0.3909150005955512
2972,CC(C)(C)c1cc2cc[nH]c2cc1NC(=O)c1c[nH]c2ccccc2c1=O,15.8,2.760009940032921,0.3909150005955512
2742,Cc1cc(C(F)(F)F)c(-c2ccc(C[C@H](NC(=O)c3c(Cl)cccc3Cl)C(=O)O)cc2)c(=O)n1C,15.7,2.7536607123542622,0.3904837776099343
2407,Cc1ccc(C(=O)Nc2ccc(CN3CCN(C)CC3)c(C(F)(F)F)c2)cc1C#Cc1cncnc1,15.67,2.7517480563679295,0.3903538750034083
2855,C[C@]1(CC(=O)O)C[C@H](c2cccc(Cl)c2)[C@@H](c2ccc(Cl)cc2)N([C@H](CS(C)(=O)=O)C2CC2)C1=O,15.67,2.7517480563679295,0.3903538750034083
2524,COc1cc2nncc(-c3cnc(N4CCC(C(C)(C)O)CC4)c(C4CC4)c3)c2cc1OC,15.67,2.7517480563679295,0.3903538750034083
2068,COc1ccc2c(O[C@@H]3C[C@H]4C(=O)N[C@]5(C(=O)NS(=O)(=O)C6CC6)C[C@H]5/C=C\CCCCNC(=O)N4C3)cc(-c3nc(C(C)C)cs3)nc2c1,15.67,2.7517480563679295,0.3903538750034083
2312,COC[C@@H](NC(=O)c1ccc(Cl)s1)C(=O)Nc1ccc(N2CCOCC2=O)c(C)c1,15.67,2.7517480563679295,0.3903538750034083
2536,C#Cc1ccc(Nc2c(C(=O)NOCCO)c3c(n2C)C(=O)CC3)c(F)c1,15.6,2.747270914255491,0.390049799187188
3255,CC(C)(N)[C@H](N[C@H]1CCc2cc(C#Cc3ccc(Cn4ccnc4CO)cc3)ccc21)C(=O)NO,15.6,2.747270914255491,0.390049799187188
804,NC(=O)[C@H]1CN(c2ccc([C@H]3CC[S@+]([O-])CC3)c(F)c2)C(=O)O1,15.6,2.747270914255491,0.390049799187188
3209,CC[C@H]1[C@@H](O)CC(=O)N1c1ccc(C#N)c(C(F)(F)F)c1,15.57,2.745345985845907,0.3899190630696804
3277,COCCCCn1c(C(=O)N(CC(C)C)[C@@H]2CNC[C@H](CO)C2)nc2ccccc21,15.52,2.7421295147550726,0.3897006087415103
3347,CC(C)OC(=O)N1CCC2(CC1)CC(CCCOc1ccc(C(=O)NCC(N)=O)c(F)c1)C2,15.52,2.7421295147550726,0.3897006087415103
2383,CNc1nc(C)nc(-n2c(Nc3cc[nH]n3)nc3ccccc32)n1,15.5,2.740840023925201,0.3896130298872425
2508,Cn1cc(C(=O)Nc2ccc(-c3ccccc3)c(C(F)(F)F)c2)c(=O)c2ccccc21,15.5,2.740840023925201,0.3896130298872425
2993,CC[C@@H](c1cccc(C)n1)N1C(=O)[C@@](C)(CC(=O)O)C[C@H](c2cccc(Cl)c2)[C@H]1c1ccc(Cl)cc1,15.5,2.740840023925201,0.3896130298872425
3299,CN(C)CCCOc1ccc(-c2ccc3ncc4c(c3c2)n(C2CCOCC2)c(=O)n4C)cn1,15.5,2.740840023925201,0.3896130298872425
3142,O=C(Nc1cnccn1)N1CCN(Cc2cccc(Oc3ccc(Cl)cc3)c2)CC1,15.5,2.740840023925201,0.3896130298872425
2531,Nc1cncc(Nc2ccc(Oc3ccc(OC(F)(F)F)cc3)cc2)n1,15.5,2.740840023925201,0.3896130298872425
3071,Cc1ncn(-c2cc(Cl)c(C(=O)NC[C@@H](c3cccc(F)c3)c3nc4c(F)ccc(C)c4c(=O)[nH]3)c(Cl)c2)n1,15.5,2.740840023925201,0.3896130298872425
2638,COc1cc2nncc(-c3cnc(N4CCC(C(C)(C)O)CC4)c(C)c3)c2cc1OC1CC1,15.5,2.740840023925201,0.3896130298872425
3379,O=C(CCCCN1CCC(c2noc3cc(F)ccc23)CC1)c1cc2c3c(c1)CCN3C(=O)CC2,15.4,2.7343675094195836,0.3891734335818615
581,CNC(=N)c1cccc(/C(C)=C(/F)C(=O)Nc2ccc(-c3ccncc3S(N)(=O)=O)cc2)c1,15.4,2.7343675094195836,0.3891734335818615
2083,CC(=O)Nc1ccc(NC(=O)c2cc(C(=O)Nc3cccc(C(F)(F)F)c3)ccc2C)cn1,15.37,2.7324175575505043,0.3890409979362443
2696,CC[C@@H](C)Nc1cc(C(=O)NC2CC3CCC(C2)N3c2ccc(C(=O)C3CC3)cn2)c(C)cc1C(N)=O,15.33,2.7298116928837226,0.3888640144039794
2408,Cc1ccc(C(=O)Nc2ccc(CN3CCN(C)CC3)c(C(F)(F)F)c2)cc1C#Cc1cnc(C(N)=O)n1C,15.33,2.7298116928837226,0.3888640144039794
2667,CC(C)NC(=O)[C@H]1CC[C@@H](n2/c(=N/C(=O)c3ccc(F)cc3)[nH]c3ccc(CN4CCC(CN)CC4)cc32)CC1,15.33,2.7298116928837226,0.3888640144039794
2377,CN(C)c1ncc(O)c2c1C[C@H]1C[C@H]3[C@H](N(C)C)C(O)=C(C(N)=O)C(=O)[C@@]3(O)C(O)=C1C2=O.Cl.Cl,15.32,2.729159164312445,0.3888196963651646
2229,CC(C)CC(NC(=O)c1cc(COc2ccccc2)ccc1CCC(=O)O)c1ccccc1,15.3,2.72785282839839,0.3887309734367097
2117,CN(C)C(=N)c1ccc(C(=O)Nc2ccc(Cl)cc2C(=O)Nc2ccc(Cl)cn2)c(F)c1,15.3,2.72785282839839,0.3887309734367097
851,O=C(O)c1ccc(OCCc2c(CCNS(=O)(=O)c3c(F)cccc3C(F)(F)F)n(C(c3ccccc3)c3ccccc3)c3ccc(Cl)cc23)cc1,15.3,2.72785282839839,0.3887309734367097
2339,CCOC(=O)N1CCCOc2cc(Nc3ncc(Cl)c(Nc4c(F)cccc4C(=O)NC)n3)ccc21,15.3,2.72785282839839,0.3887309734367097
3163,COC(=O)N(CC(=O)O)Cc1cc(OCc2nc(-c3ccc(Cl)cc3)oc2C)ccc1F,15.3,2.72785282839839,0.3887309734367097
2815,Cc1c(CC(=O)O)c2cccnc2n1Cc1ccc(S(C)(=O)=O)cc1,15.2,2.7212954278522306,0.3882856118928317
3375,CCOc1cc(CN2CCC3(CC2)CC(=O)N(c2ccc(C(=O)O)cc2)C3)cc(OCC)c1-c1ccc(F)cc1,15.2,2.7212954278522306,0.3882856118928317
3273,O[C@]1(Cc2cc(-c3cn[nH]c3)on2)CC[C@H](Cc2ccc(F)c(F)c2)CC1,15.2,2.7212954278522306,0.3882856118928317
3199,COc1cc(-c2cccc(OC(F)F)c2)c(F)cc1-n1c(=O)ccc2cc(S(=O)(=O)Nc3ccon3)ccc21,15.17,2.719319793360441,0.3881514319504584
2309,CN1CCN([C@H]2CC[C@H](n3nc(-c4ccc(Nc5nc6cccc(Cl)c6o5)cc4)c4c(N)ncnc43)CC2)CC1,15.17,2.719319793360441,0.3881514319504584
2835,O=S(=O)(c1ccc(Cl)cc1)N1CCCc2cc(F)c(Oc3cc(-c4nc(C5CC5)no4)cc(Cl)n3)cc21,15.17,2.719319793360441,0.3881514319504584
3363,Cc1cc(-c2ccc3c(c2)CC[C@H]3N2CCC(N(C)C(=O)N[C@@H](C)c3ccc(C#CC4CC4)c(Cl)c3Cl)CC2)ncn1,15.17,2.719319793360441,0.3881514319504584
3154,COc1cc(N2CCN(C)CC2)ccc1Nc1ncc(Cl)c(Nc2ccccc2P(C)(C)=O)n1,15.17,2.719319793360441,0.3881514319504584
2904,COc1nc(Nc2ncc3c4ccncc4n([C@H]4CC[C@H](C)CC4)c3n2)ccc1N1CCC2(CCC(=O)N2)CC1,15.17,2.719319793360441,0.3881514319504584
586,CCNC(=O)[C@@H]1CCCN1C(=O)[C@H](CCCN=C(N)N)NC(=O)[C@H](CC(C)C)NC(=O)[C@@H](Cc1c[nH]c2ccccc12)NC(=O)[C@H](Cc1ccc(O)cc1)NC(=O)[C@H](CO)NC(=O)[C@H](Cc1cccc2ccccc12)N(C)C(=O)[C@H](Cc1c[nH]cn1)NC(=O)[C@@H]1CCC(=O)N1,15.14,2.717340248009303,0.3880169863927175
3019,O=C1C[C@]2(C(=O)Nc3ccc(Cl)cc32)c2cnn(Cc3ccc(Cl)cc3)c2N1,15.1,2.714694743820879,0.3878373106475195
2453,Cc1nn(-c2ccc(C(=O)N[C@@H]3CCCc4cc(CN5CCCCC5)ccc43)cc2)c(=O)c2ccccc12,15,2.70805020110221,0.3873860306345449
3158,CC(C)(C)S(=O)(=O)c1ccc2nccc(Nc3n[nH]c4ccc(F)cc34)c2c1,15,2.70805020110221,0.3873860306345449
2889,O=C(Nc1ccc(Cl)cn1)[C@H](COCCO)Oc1ncnc2c1cnn2-c1ncccc1Cl,15,2.70805020110221,0.3873860306345449
807,Cc1ccc(N2CCN(C(=O)[C@H](C)Cc3ccc(Cl)cc3)CC2)c([C@H](CC(C)C)NC(=O)CCN(C)C)c1,15,2.70805020110221,0.3873860306345449
2628,CCCN(C)c1nc(N2CCC[C@@H](CC(=O)O)C2)ccc1C(=O)NC1CCCCC1,15,2.70805020110221,0.3873860306345449
2233,Cc1cc(S(N)(=O)=O)ccc1NC(=O)c1cc(NC2CCCCC2)ncn1,15,2.70805020110221,0.8565427542666133
2150,O=c1[nH]c2cc(F)ccc2cc1O,15,2.70805020110221,0.3873860306345449
569,CCC(CSC(CCc1ccccc1C(=O)NS(=O)(=O)c1ccccc1C)c1cccc(OCc2ccc3ccc(Cl)cc3n2)c1)C(=O)[O-].[Na+],15,2.70805020110221,0.3873860306345449
3149,COC(=O)N[C@H](C(=O)N1CCC[C@H]1c1ncc(-c2ccc3c(c2)Oc2ccc(-c4cnc([C@@H]5CCCN5C(=O)[C@@H](NC(=O)OC)C(C)C)[nH]4)cc2S3)[nH]1)C(C)C,15,2.70805020110221,0.3873860306345449
2581,Cc1cccnc1CN1CCC2(CC1)C(=O)N(c1ccc(-c3ccccc3)cc1)C(=O)N2c1cc(O)ncn1,15,2.70805020110221,0.3873860306345449
3016,Cc1cc(OC(F)(F)F)ccc1-c1c(Oc2ccc(/C=C/C(=O)O)cc2)c2ccccc2oc1=O,15,2.70805020110221,0.3873860306345449
3204,COC(=O)Nc1c(N)nc(-c2nc(Cc3ccccc3F)n3ncccc23)nc1N,15,2.70805020110221,0.3873860306345449
2365,CCCn1c(-c2cnc(Nc3ccc(C)nc3)c(Cl)c2)nc2cccc(Cl)c21,15,2.70805020110221,0.3873860306345449
3181,COc1ccc(N2CCOCC2)c2sc(NC(=O)C(C)(C)Oc3ccc(F)cc3)nc12,15,2.70805020110221,0.3873860306345449
2341,CNC(=O)c1cccc(F)c1Nc1nc(Nc2ccc3c(c2)NC(=O)CCC3)ncc1Cl,15,2.70805020110221,0.3873860306345449
3041,CC(C)(O)c1ccc(-c2cnc3[nH]c(=O)n(CCC4CCOCC4)c3n2)cn1,15,2.70805020110221,0.3873860306345449
544,CCNC(=O)N[C@@H]1CCN(c2cccc3c2CCO3)C1,15,2.70805020110221,0.3873860306345449
846,CC(C)(C)OC(=O)N[C@H](Cc1ccccc1C(F)(F)F)C(=O)NCc1nc2cccnc2n1Cc1ccccc1,15,2.70805020110221,0.3873860306345449
2737,COc1cc2nc(Nc3ccc([C@@H](C)NC(C)=O)cc3)ncc2cc1-c1ccncc1,15,2.70805020110221,0.3873860306345449
3049,CC[C@@H](C)Oc1cc2c(cc1OC)CC(=O)N(c1ccc(N(C)C[C@H]3CC[C@H](N(C)C)CC3)cc1)[C@H]2c1ccc(Cl)cc1,15,2.70805020110221,0.3873860306345449
2267,Cc1n[nH]c(C)c1CC(=O)NCc1ccc(F)cc1Cl,15,2.70805020110221,0.3873860306345449
2489,O=C([C@@H]1CNC[C@]12CCCc1nc(Cl)ccc12)N1CC[C@@H](c2ccccc2)C[C@H]1C1CCCCC1,15,2.70805020110221,0.3873860306345449
2164,Cc1ccc(C(=O)Nc2cc(C(C)(C)C)on2)cc1/C=C/n1cnc2c(NC3CC3)ncnc21,15,2.70805020110221,0.3873860306345449
2897,O=C(Nc1ccc(F)cn1)[C@H](COCCO)Oc1ncnc2c1cnn2-c1c(F)cccc1Cl,15,2.70805020110221,0.3873860306345449
2907,Cc1c(Cc2ccc(=O)n(CC(F)(F)F)c2)c2cc(F)ccc2n1CC(=O)O,15,2.70805020110221,0.3873860306345449
2872,COc1nc(C2CC2)c(C(=O)N[C@H]2C3CC4CC2C[C@](O)(C4)C3)s1,15,2.70805020110221,0.3873860306345449
2543,COc1cccc2c1c(NS(=O)(=O)c1ccc(Cl)s1)nn2Cc1cccc(CNC(=O)C(C)(C)O)c1,15,2.70805020110221,0.3873860306345449
2704,CC(C)(C)c1cc(NC(=O)Nc2ccc(NC(=O)c3ccc(OC4CCN(C(C)(C)C)CC4)cn3)cc2)no1,15,2.70805020110221,0.3873860306345449
676,CC(C)C[C@@H]1C(=O)N[C@H](C2Cc3ccccc3C2)C(=O)N1[C@@H](C(=O)N(C)C)c1ccc(F)cc1F,15,2.70805020110221,0.3873860306345449
2145,Cc1cc(CC2CC2)cc(C)c1NC(=O)Nc1cc(-c2cccc(F)c2)ccc1C(=O)N[C@H](C(=O)O)[C@@H](C)OC(C)(C)C,15,2.70805020110221,0.3873860306345449
3368,CCS(=O)(=O)c1ccc(CC(=O)Nc2ccc(C(C)(C)C(=O)Nc3cc(C#N)ccn3)c(F)c2)cc1,15,2.70805020110221,0.3873860306345449
2125,Cc1ncc(-c2ccnc(Nc3ccc(N4CCN(C(=O)CO)CC4)cc3)n2)n1C(C)C,15,2.70805020110221,0.3873860306345449
671,CN(C)C(=O)[C@@H](c1ccc(-c2ccc(=O)n(C)c2)cc1)[C@H](N)C(=O)N1CC[C@H](F)C1.O=C(O)C(F)(F)F,15,2.70805020110221,0.3873860306345449
2529,C[C@@](CCc1ccc(-c2ccc(O)cc2)cc1)(C(=O)O)S(C)(=O)=O,15,2.70805020110221,0.3873860306345449
2027,CC(C)OC(=O)c1ccc(NC(=O)N[C@@H](Cc2ccc(O)cc2)C(=O)N[C@H]2CCC[N+](C)(Cc3cccc(O)c3)C2)cc1.[I-],15,2.70805020110221,0.3873860306345449
811,CN1CCN(C(=O)c2cc(Oc3ccc(Cl)cc3)c3c(c2)c2ccccc2n3C[C@@H]2CCN(C)C[C@@H]2F)CC1,15,2.70805020110221,0.3873860306345449
2551,CCCCCS(=O)(=O)NC(=O)C(Cc1ccc(OCCOC)cc1Oc1ncc(C(F)(F)F)cc1Cl)OC,15,2.70805020110221,0.8565427542666133
3221,COc1c(/C=C/c2ccc(NS(C)(=O)=O)cc2)cc(-n2ccc(=O)[nH]c2=O)cc1C(C)(C)C,15,2.70805020110221,0.3873860306345449
2156,CC(C)c1onc(COc2c(Cl)cc(F)cc2Cl)c1COc1ccc(/C=C/c2cccc(C(=O)O)c2)c(Cl)c1,15,2.70805020110221,0.3873860306345449
2406,Cc1cc(F)ccc1CCC1CCN(S(=O)(=O)CC2(N(O)C=O)CCOCC2)CC1,15,2.70805020110221,0.3873860306345449
2096,COc1cc2ncc(C(N)=O)c(Nc3ccc(F)cc3F)c2cc1N1CCN(C)CC1,15,2.70805020110221,0.3873860306345449
2671,COc1ccc(N2CCN(C(=O)[C@@H]3CCCC[C@H]3C(=O)NC3(C#N)CC3)[C@H](C)C2)nc1OC,15,2.70805020110221,0.3873860306345449
2472,Cc1c(CN2CCN(C(=O)[C@H](C)O)CC2)sc2c(N3CCOCC3)nc(-c3cnc(N)nc3)nc12.O=C(O)C(F)(F)F,15,2.70805020110221,0.3873860306345449
3358,CCN1CCN(c2ccc(Nc3ncc(F)c(-c4cc(F)c5c(c4)C4(CCCC4)C(C)=N5)n3)nc2)CC1,15,2.70805020110221,0.3873860306345449
2498,CNC(=O)c1cccc(F)c1Nc1nc(Nc2ccc3c(c2)NC(=O)C(NC(=O)OC)CC3(C)C)ncc1Cl.O=C(O)C(F)(F)F,15,2.70805020110221,0.3873860306345449
2090,CC1=C(C(=O)Nc2ccc3[nH]ncc3c2)C(c2ccc(F)cc2)N=C(c2ccccc2)N1,15,2.70805020110221,0.3873860306345449
594,Cc1ccc(C(=O)c2cc(O)c(O)c([N+](=O)[O-])c2)cc1,15,2.70805020110221,0.3873860306345449
2308,CCNCc1cn(CC(=O)Nc2sc3c(c2C(N)=O)CCCC3)nc1C(F)(F)F,15,2.70805020110221,0.3873860306345449
2560,CS(=O)(=O)Cc1cc(N2CCOCC2)nc(-c2ccc(NS(C)(=O)=O)cc2)n1,15,2.70805020110221,0.3873860306345449
820,CN1CCCN(C(=O)c2cccc(Nc3c(Nc4ccccc4)c(=O)c3=O)c2O)CC1.O=C(O)C(F)(F)F,15,2.70805020110221,0.3873860306345449
2375,C[C@H]1CN(Cc2cc(Cl)ccc2OCC(=O)O)CCN1C(=O)Cc1ccc(Cl)cc1,15,2.70805020110221,0.3873860306345449
579,O=C(Nc1ccc(F)cc1)NC1C(=O)N(CC(=O)N2CCCC2)c2ccccc2N(c2ccccc2F)C1=O,15,2.70805020110221,0.3873860306345449
3248,CCc1nc2c(C)cc(C)nc2n1Cc1ccc(/C=C/CN2CCN(C(C)C)CC2)cc1,15,2.70805020110221,0.3873860306345449
2109,O=C(O)CCNC(=O)c1ccc(CN(c2ccc3c(c2)CCC3)c2nc(-c3ccc(OC(F)(F)F)cc3)cs2)cc1,15,2.70805020110221,0.3873860306345449
3254,O=C(NCc1cc(-c2ccc(C(F)(F)F)nc2)ncn1)[C@@H]1C[C@@H](F)CN1S(=O)(=O)c1ccc(F)cc1,15,2.70805020110221,0.3873860306345449
2570,CCC(CC)[C@@H]1C(=O)N[C@H](C2Cc3ccccc3C2)C(=O)N1[C@@H](C(=O)N1CCOCC1)c1ccc(C)nc1C,15,2.70805020110221,0.3873860306345449
3370,CCOc1nc(Cl)ccc1C1(N2CCN(c3ccnc(C)c3)CC2)C(=O)N(S(=O)(=O)c2ccc(OC)cn2)c2ccc(C#N)cc21,15,2.70805020110221,0.3873860306345449
3000,O=C(O)CCCN1CC(c2nnn[nH]2)Oc2c(CCc3ccc(OCCCCc4ccccc4)cc3)cccc21,15,2.70805020110221,0.3873860306345449
637,CSc1ccc(-c2ccccc2C2CCC(F)(F)CC2C(=O)NCC#N)cc1,15,2.70805020110221,0.3873860306345449
625,c1ccc2c(c1)c(-c1cncc(-c3ccsc3)c1)cn2CCCN1CCCCC1,15,2.70805020110221,0.3873860306345449
3157,Cc1nn(C2CCN(C(=O)[C@@H](C)O)CC2)c(C)c1Nc1ncc(Cl)c(-c2cnn3ccccc23)n1,15,2.70805020110221,0.3873860306345449
2895,O=C(Nc1ccc(F)cn1)[C@H](COCCO)Oc1ncnc2c1cnn2-c1c(Cl)cccc1Cl,15,2.70805020110221,0.3873860306345449
3253,Cc1ncc(F)cc1NC(=O)C[C@@H](C)C(=O)N[C@@H]1C(=O)N2CCCN2Cc2c(F)cccc21,15,2.70805020110221,0.3873860306345449
2542,N#CC1(Nc2nc(NCc3ccc(S(N)(=O)=O)cc3)nc3ccc(-c4ccc(F)nc4)nc23)CC1,15,2.70805020110221,0.3873860306345449
3210,COc1ccc2c(c1)C(=O)N(C[C@@]1(c3cc4ncccc4o3)NC(=O)NC1=O)C2,15,2.70805020110221,0.3873860306345449
2764,O=C(Nc1ccnc(NC(=O)[C@H]2C[C@H]2F)c1)c1c(Cl)cccc1Cl,15,2.70805020110221,0.3873860306345449
680,CC1(NC2=NS(=O)(=O)c3sc(Br)cc3N2)CC1,15,2.70805020110221,0.3873860306345449
3132,Clc1ccc(CNc2ccnc(N3CCC4(CCN(CC5CCCN5)C4)CC3)n2)c(Cl)c1,15,2.70805020110221,0.3873860306345449
3283,COc1cc(-c2ccc3c(n2)[C@H](C)N(c2cnn(CC(F)(F)F)c2)C3=O)cnc1OC,15,2.70805020110221,0.3873860306345449
2650,C[C@@H](CO)NS(=O)(=O)c1ccc(-c2ccnc3[nH]c(C4CC4)cc23)cc1,15,2.70805020110221,0.3873860306345449
3099,Cc1ccc(-c2cccc(CO)c2)cc1C(=O)Nc1c(C)ccc(C(=O)O)c1C,15,2.70805020110221,0.3873860306345449
562,Nc1nc(N)c2cc(COC(=O)c3ccc(C(=O)N[C@@H](CCC(=O)O)C(=O)O)cc3)ccc2n1,15,2.70805020110221,0.3873860306345449
678,C[C@@H](C(=O)N1CCOCC1)N1CC[C@H](N(C)S(=O)(=O)c2ccc3cc(Cl)ccc3c2)C1=O,15,2.70805020110221,0.3873860306345449
2802,COc1ccc(-c2cccn3nc(Nc4ccc(C(=O)O)cc4)nc23)cc1,15,2.70805020110221,0.3873860306345449
819,N#Cc1ccc(Nc2c(Nc3ccccc3Br)c(=O)c2=O)c(O)c1,15,2.70805020110221,0.3873860306345449
2553,CCCCCS(=O)(=O)NC(=O)/C=C/c1ccc(OCCOC)cc1Oc1ncccc1Cl,15,2.70805020110221,0.8565427542666133
2012,COc1cc2nccc(Oc3ccc4c(C(=O)Nc5cccnc5)cccc4c3)c2cc1OC,15,2.70805020110221,0.3873860306345449
2399,O=C1CCc2ccc(OCCCCN3CCN(c4cccc5ccccc45)CC3)nc2N1,14.9,2.7013612129514133,0.3869317320037307
3060,Nc1ncc(C(=O)NC2CC(O)C2)c2ccc(-c3cccc(F)c3)cc12,14.9,2.7013612129514133,0.3869317320037307
3194,CC(C)c1ccc(N2CCc3cc(O)ccc3C2(C)c2ccc(/C=C/C(=O)O)cc2)cc1,14.9,2.7013612129514133,0.3869317320037307
3190,CN1CCN(Cc2cn(S(=O)(=O)c3ccccc3)c3ccccc23)CC1.Cl.Cl,14.9,2.7013612129514133,0.3869317320037307
3146,CC(C)c1noc(N2CCC(CC(F)CNc3ccc4c(c3)C(=O)CC4)CC2)n1,14.83,2.696652156149841,0.3866119051466408
2506,C=C[C@@H]1C[C@]1(NC(=O)[C@@H]1C[C@@H](Oc2cc(-c3nc(C(C)C)cs3)nc3c(C)c(OC)ccc23)[C@H]2CC[C@H](C(C)C)C(=O)N21)C(=O)NS(=O)(=O)C1CC1,14.83,2.696652156149841,0.3866119051466408
2050,C[C@](O)(c1ccc(C(=O)N(C2CC2)C2CCN(CC3(C(N)=O)CC3)CC2)cc1)C(F)(F)F,14.83,2.696652156149841,0.3866119051466408
775,COc1cc2ncnc(Oc3ccc4oc(Nc5ccc(Cl)c(OC[C@@H]6CCCN6C)c5)nc4c3)c2cc1OC,14.83,2.696652156149841,0.3866119051466408
741,C[C@H](NC1=NC(=O)C(C)(C(C)(C)F)S1)c1ccccc1F,14.83,2.696652156149841,0.3866119051466408
825,CNc1ncnc(-c2cccnc2Oc2cc(NC(=O)c3cccc(OC(F)(F)C(F)F)c3)ccc2C)n1,14.82,2.695977619867941,0.386566092401515
773,COc1ccc(CCC2(C3CCCC3)CC(O)=C(Sc3nc4nc(C)cc(C)n4n3)C(=O)O2)cc1Cl,14.8,2.6946271807700692,0.3864743740998332
2635,C[C@H](NC(=O)CCCc1ccc2cccnc2n1)c1ccc(-c2cccc(Cl)c2)cc1,14.8,2.6946271807700692,0.3864743740998332
3275,CC(C)(C#Cc1ccc(N2CCOc3ncnc(N)c3C2=O)cc1)CC(=O)O,14.8,2.6946271807700692,0.3864743740998332
823,c1ccc(-c2oc3ncnc(NCCN4CCNCC4)c3c2-c2ccccc2)cc1,14.78,2.6932749155200555,0.3863825317706603
555,CN(C)C(=N)c1ccc(NC(=O)c2cc(C(F)(F)F)nn2-c2cc3ccccc3cc2F)c(F)c1,14.7,2.6878474937846906,0.38601391544071
2102,CSC(=S)N1CC2(CCCCC2)CO/C1=N\c1ccc(Cl)c2ccccc12,14.7,2.6878474937846906,0.38601391544071
3297,Cc1cc(/N=N/c2ccc(S(=O)(=O)NC3CCCC3)cc2)c(N)cc1O,14.7,2.6878474937846906,0.38601391544071
2928,COc1nc2cccnc2n1[C@H]1C[C@@H](Nc2nc3ccccc3s2)C1,14.67,2.6858045921548905,0.3858751668897509
3333,Cc1c2ccc(N(C)c3ccnc(Nc4ccc(C(=O)Nc5ccccc5N)cc4)n3)cc2nn1C,14.6,2.681021528714291,0.3855503136947421
2329,N#Cc1ccc(CNC(=O)N(c2cccc(F)c2)C2CCN(CCC3(c4cccc(F)c4)CCN(C(=O)c4ccnc(Cl)c4)CC3)CC2)cc1,14.6,2.681021528714291,0.3855503136947421
2376,CCC(C)CCCC(=O)N[C@@H](CCN)C(=O)N[C@H](C(=O)N[C@@H](CCN)C(=O)N[C@H]1CCNC(=O)[C@H]([C@@H](C)O)NC(=O)[C@H](CCN)NC(=O)[C@H](CCN)NC(=O)[C@H](CC(C)C)NC(=O)[C@@H](CC(C)C)NC(=O)[C@H](CCN)NC1=O)[C@@H](C)O.CS(=O)(=O)O,14.6,2.681021528714291,0.3855503136947421
2146,O=C(O)Cn1ccc2c(OCCCN(Cc3cccc(C(F)(F)F)c3Cl)CC(c3ccccc3)c3ccccc3)cccc21,14.6,2.681021528714291,0.3855503136947421
3212,CCCCS(=O)(=O)C[C@H]1C[C@@H](N(C)c2ncnc3[nH]ccc23)C1,14.6,2.681021528714291,0.3855503136947421
2930,COc1cc(C(=O)O)ccc1OCCCCOc1ccc(C(=O)CC(C)C)c(O)c1C,14.58,2.6796507265805123,0.3854572123887667
2304,N=C(N)NCCCC1NC(=O)CCCCCC(=O)NC(Cc2ccccc2)CN(CC(N)=O)C1=O,14.53,2.6762154775821916,0.3852238992356768
2679,CO[C@H](C)C(=O)N[C@@H](Cc1cccc(-c2nccs2)c1)[C@H](O)CN[C@H]1CC2(CCC2)Oc2ncc(CC(C)(C)C)cc21,14.5,2.6741486494265287,0.3850835256574796
3100,COc1ccc2c(c1)[C@@H]1C[C@]1(C(=O)N1C3CCC1CN(C)C3)Cn1c-2c(C2CCCCC2)c2ccc(C(=O)NS(=O)(=O)C(C)C)cc21,14.5,2.6741486494265287,0.3850835256574796
2301,CNc1nccc(-c2cccnc2Oc2ccc(NC(=O)c3cc(F)ccc3Nc3ccccc3)cc2)n1,14.5,2.6741486494265287,0.3850835256574796
2699,Cc1cc(C(N)=O)c(NC2CCCC2)cc1C(=O)NC1CC2CCC(C1)N2c1ccc(C(=O)C2CC2)cn1,14.5,2.6741486494265287,0.3850835256574796
2321,NCCC[C@](N)(C(=O)O)C(F)F,14.5,2.6741486494265287,0.3850835256574796
2038,CCCN(CCC)c1c(C)nc(-c2c(C)cc(C)cc2OC)c2ccccc12,14.5,2.6741486494265287,0.3850835256574796
843,CCCN(CCC)c1c(C)nc(-c2c(CC(F)F)cc(CC(F)F)cc2OC)c2ccccc12,14.5,2.6741486494265287,0.3850835256574796
2985,COc1cccc(CNC(=O)c2nc3scc(C(=O)NCc4ccc(C(=O)O)cc4)c3c(=O)[nH]2)c1,14.42,2.668616131856803,0.3847077714925417
3377,CC(C)n1cc(CN2CCC3(CC2)CC(=O)N(c2ccc(C(=O)O)cc2)C3)c2c(C3CC3)cccc21,14.4,2.667228206581955,0.3846135072274808
527,c1ccc(-n2cnc3cc(-c4ccc(OCCN5CCCCC5)cc4)ccc32)cc1,14.4,2.667228206581955,0.3846135072274808
3017,C[C@@]1(O)CC[C@H]2[C@@H](CC[C@@H]3[C@@H]2CC[C@]2(C)[C@@H](C(=O)Cn4ncnn4)CC[C@@H]32)C1,14.33,2.6623552418400807,0.3842825481705454
2006,COc1cc2nccc(Oc3ccc4c(c3)OCCN4C(=O)Nc3ccc(C)cc3)c2cc1C(N)=O,14.33,2.6623552418400807,0.3842825481705454
2720,O=C(NCCC1CC1)c1ccc(N2CCN(C(=O)c3cc(Cl)ccc3C(F)(F)F)CC2)nn1,14.33,2.6623552418400807,0.3842825481705454
2619,CC1COc2c(N3CCN(C)CC3)c(F)cc3c(=O)c(C(=O)O)cn1c23,14.33,2.6623552418400807,0.3842825481705454
2876,Cc1cn(-c2ccc3n(c2=O)CCN(CCOc2ccc(F)cc2C(F)(F)F)C3=O)cn1,14.3,2.6602595372658615,0.3841402133813074
2053,Cc1csc(NC(=O)c2cc(Sc3nncn3C)ccc2N)n1,14.3,2.6602595372658615,0.3841402133813074
2084,Cc1ccc(C(=O)Nc2cccc(C(F)(F)F)c2)cc1C(=O)Nc1ccc(N)nc1,14.23,2.655352412101761,0.3838069342375823
2796,CC(C)(O/N=C(\C(=O)N[C@@H]1C(=O)N(S(=O)(=O)[O-])[C@@H]1CNC(=O)OCc1cc(=O)c(O)cn1O)c1csc(N)n1)C(=O)[O-].[Na+].[Na+],14.2,2.653241964607215,0.3836635981476441
3001,Cc1[nH]c2ncnc(-c3ccc(NC(=O)N(CCN(C)C)c4ccc(Cl)cc4)c(F)c3)c2c1C,14.2,2.653241964607215,0.3836635981476441
547,C=CCN(C(=O)OCc1ccc([N+](=O)[O-])cc1)C1CCN(CC[C@](C)(CN(C)S(=O)(=O)c2ccccc2)c2ccccc2)CC1,14.2,2.653241964607215,0.3836635981476441
3077,CC1(C)c2cc(C3CCN(CC4CCOCC4)CC3)ccc2C(=O)c2c1[nH]c1cc(C#N)ccc21,14.17,2.6511270537025893,0.3835199589145337
2866,O=C1OCCN1[C@H]1CC[C@@H](C(=O)Nc2ccc(-c3cc(F)cc(F)c3)cn2)CC1,14.17,2.6511270537025893,0.3835199589145337
3222,COc1c(/C=C/c2ccc(NS(C)(=O)=O)cc2)cc(-n2cc(F)c(=O)[nH]c2=O)cc1C(C)(C)C,14.17,2.6511270537025893,0.3835199589145337
2636,COc1ccc(N2CCN(CC[C@@H](OC(N)=O)c3ccccc3)CC2)cc1,14.1,2.6461747973841225,0.3831836145805028
847,CC[C@@H](C)Nc1ncc(C(=O)Nc2cc(C(=O)NC)ccc2C)s1,14.1,2.6461747973841225,0.3831836145805028
2285,COC(=O)C1=C(Cn2cnnn2)NC(C)=C(C#N)C1c1ccc(F)cc1Cl,14.1,2.6461747973841225,0.3831836145805028
2257,CN1C(=O)NC(=O)[C@@]12Cc1cc3ccc(CN4CC5(C)CC(=O)Nc6cccc4c65)nc3cc1C2,14,2.6390573296152584,0.3827002147314726
2142,O=C(NCC1CCOCC1)c1cnc(Nc2ccc(Cl)cc2Cl)cc1C1CC1,14,2.6390573296152584,0.3827002147314726
3233,Cc1cc(C(=O)O)cc2sc(N3C4CCC3CC(OCc3c(-c5ccccc5OC(F)(F)F)noc3C3CC3)C4)nc12,14,2.6390573296152584,0.3827002147314726
3251,O=C(Nc1ccc(F)cn1)c1cc(Oc2cncc(F)c2)cn2cnnc12,14,2.6390573296152584,0.3827002147314726
2605,COc1cc(OC)c2nnc3c(C)nc(-c4cnccc4C)n3c2c1,14,2.6390573296152584,0.3827002147314726
2467,COc1cc(F)cc2c1nc(C)c1c(C)nc(-c3ccncc3C)n12,14,2.6390573296152584,0.3827002147314726
3034,CC/C(=C(/c1ccc(/C=C/C(=O)O)cc1)c1ccc2[nH]ncc2c1)c1ccc(F)cc1Cl,14,2.6390573296152584,0.3827002147314726
2221,Cc1cc(-c2nnn(C[C@H]3CC[C@H](C(=O)O)CC3)n2)cc(C(=O)NCc2ccc(F)cc2)n1,14,2.6390573296152584,0.3827002147314726
2701,CCN1C(C)(C)CC(Oc2ccc(C(=O)Nc3ccc(NC(=O)Nc4cc(C(C)(C)C)on4)cc3)nc2)CC1(C)C,14,2.6390573296152584,0.3827002147314726
2393,O=C(NO)C1(S(=O)(=O)c2ccc(OCCCc3nc(-c4ccc(OC(F)(F)F)cc4)no3)cc2)CCOCC1,14,2.6390573296152584,0.3827002147314726
2867,COc1ccc2c(c1)C1CC1(C(=O)N1CC(C)(O)C1)Cn1c-2c(C2CCCCC2)c2ccc(C(=O)NS(=O)(=O)N(C)C)cc21,14,2.6390573296152584,0.3827002147314726
2773,N#C/C(=C\c1cn(CC(=O)O)c2ccccc12)C(=O)N1CCCc2ccccc21,14,2.6390573296152584,0.3827002147314726
2299,C=C[C@@H]1C[C@]1(NC(=O)[C@@H]1C[C@@H](Oc2cc(-c3csc(NC(=O)CC(C)(C)C)n3)nc3cc(OC)ccc23)CN1C(=O)[C@@H](NC(=O)OC1CCCC1)C(C)(C)C)C(=O)O,14,2.6390573296152584,0.3827002147314726
2388,Cc1cc(C)cc(-c2cnc3cc(Cl)c(-c4cnn(C)c4)cc3c2OCC[C@H]2CCCCN2)c1,14,2.6390573296152584,0.3827002147314726
3218,CCS(=O)(=O)c1ccc(S(=O)(=O)NC)cc1Nc1cc(Nc2ccc(Cl)cn2)ncn1,14,2.6390573296152584,0.3827002147314726
2772,O=C(N[C@H]1CCC[C@H](CO)C1)C1CCN(c2nc3cc(Cl)c(-c4ccc(OC(F)(F)F)cc4)cc3o2)CC1,14,2.6390573296152584,0.3827002147314726
523,C[C@]1(C(=O)N[C@@H](Cc2ccc(-c3ccccc3OC3CC3)cc2)C(=O)O)CCCO1,14,2.6390573296152584,0.3827002147314726
2220,CN1CCC[C@@H](C(=O)Nc2ccc(-n3cc4cc(F)cc(C(N)=O)c4n3)cc2F)C1,14,2.6390573296152584,0.3827002147314726
2364,CC(C)(C)Cc1c[nH]c(C(C)(O)Cc2ccc(-c3ccc(F)cn3)cc2)n1,14,2.6390573296152584,0.3827002147314726
2589,O=C(Cc1cn2cc(Cl)ccc2n1)N1CCC2(CC1)CN(Cc1ccc(-c3ncccn3)cc1)C2,14,2.6390573296152584,0.8518569383635409
705,CN(C)C(c1ccccc1)c1nc(O)c(O)c(C(=O)NCc2ccc(F)cc2)n1,14,2.6390573296152584,0.3827002147314726
2623,COc1ncc(-c2cccc3c2C[C@H](NC(=O)c2ccc(OCCC(F)(F)F)nc2)CO3)cn1,14,2.6390573296152584,0.3827002147314726
3076,CCn1cc(-c2cc3c(-c4cccc(N5CCNCC5)n4)n[nH]c3cn2)cn1,14,2.6390573296152584,0.3827002147314726
2032,Cc1cc(C)cc(C(=O)Nc2ccc(Cl)c(C(=O)Nc3cnc(C)s3)c2)c1,14,2.6390573296152584,0.3827002147314726
2922,COc1ncnc(Cn2cc(C(=O)NCCF)c3ncc(C)cc32)c1C,14,2.6390573296152584,0.3827002147314726
3189,CS(=O)(=O)c1ccc(-c2cnc(NCc3ccco3)n3cnnc23)cc1,14,2.6390573296152584,0.3827002147314726
2987,O=C(NOCCO)c1ccn2cncc2c1Nc1ccc(I)cc1F,14,2.6390573296152584,0.3827002147314726
2204,CN1CCN(c2cccc3nc(CN(C)[C@H]4CCCc5cccnc54)cn23)CC1,14,2.6390573296152584,0.3827002147314726
2234,Cc1cc(S(N)(=O)=O)ccc1NC(=O)c1cc(N(CC2CC2)C2CCCCC2)ncn1,14,2.6390573296152584,0.8518569383635409
2121,CCN(CCCOc1ccc2c(Nc3cc(CC(=O)Nc4cccc(F)c4)[nH]n3)ncnc2c1)CCOP(=O)(O)O,14,2.6390573296152584,0.3827002147314726
3244,Cn1cc(-c2cccc(N3CCn4c(cc5c4CCCC5)C3=O)c2CO)cc(Nc2ccc(N3CCN(C4COC4)CC3)cn2)c1=O,14,2.6390573296152584,0.3827002147314726
2197,C[C@H](c1nc2c(C3CC3)nccn2c1-c1ccc(C#N)cc1)N(CC1CCS(=O)(=O)CC1)C(=O)Cc1ccc(OC(F)(F)F)cc1,14,2.6390573296152584,0.3827002147314726
2597,CC(C)(C)NS(=O)(=O)c1cncc(-c2cc(F)c3nc(N)nn3c2)c1,14,2.6390573296152584,0.3827002147314726
865,CN(C)S(=O)(=O)N(C)[C@H]1CCCn2c1nc(C(=O)NCc1ccc(F)cc1)c(O)c2=O,14,2.6390573296152584,0.3827002147314726
2226,CCN(NC(=O)c1cc(OC)no1)C(=O)NCc1ncc(-c2cc(Cl)cc(F)c2-c2noc(C)n2)cc1F,14,2.6390573296152584,0.3827002147314726
3263,COc1cc(C#N)ccc1N1CCOc2cc(S(=O)(=O)Nc3nccs3)ccc21,14,2.6390573296152584,0.3827002147314726
2037,Cc1c(-c2cccc(OCCCCC(=O)O)c2F)c(=O)n(C[C@H](N)c2ccccc2)c(=O)n1Cc1c(F)cccc1C(F)(F)F,14,2.6390573296152584,0.3827002147314726
3215,CNS(=O)(=O)c1ccc(Cl)c(Nc2cc(Nc3ccc(Cl)cc3)ncn2)c1,14,2.6390573296152584,0.3827002147314726
632,CC(C)(C)N1CCC(c2cc(-c3ccc(F)cc3Cl)c3ccc(=O)n(-c4c(Cl)cccc4Cl)c3c2)CC1,14,2.6390573296152584,0.3827002147314726
2582,Cc1cccnc1CN1CCC2(CC1)C(=O)N(c1ccc(-c3ccccc3)cc1)C(=O)N2c1ccnc(O)n1,14,2.6390573296152584,0.3827002147314726
2622,Cc1cc(C#N)ccc1-c1ccnc(NCc2n[nH]c3nc(N)ccc23)c1,14,2.6390573296152584,0.3827002147314726
2490,CN(c1ccccc1-c1cc(Cl)c2cnc(Nc3ccc(C4CCN(CC(N)=O)CC4)cc3)nn12)S(C)(=O)=O,14,2.6390573296152584,0.3827002147314726
3148,COC(=O)N[C@H](C(=O)N1CCC[C@H]1c1ncc(-c2ccc3c(c2)C(=O)c2cc(-c4cnc([C@@H]5CCCN5C(=O)[C@@H](NC(=O)OC)C(C)C)[nH]4)ccc2C3=O)[nH]1)C(C)C,14,2.6390573296152584,0.3827002147314726
3113,O=C(Nc1ccc(C[C@@H]2CC[C@H]([C@H](O)c3ccccc3)N2)cc1)[C@@H]1CCc2nccc(=O)n21,14,2.6390573296152584,0.3827002147314726
2646,CCCOc1nc(N2CCOCC2)ncc1C(=O)N[C@H]1C2CC3CC1C[C@](O)(C3)C2,14,2.6390573296152584,0.3827002147314726
2353,Cc1cc(Nc2nc(N[C@@H](C)c3ncc(F)cn3)nc(N3CCOCC3)c2F)n[nH]1,14,2.6390573296152584,0.3827002147314726
3224,CC(C)(O)c1cncc(-n2ncc3c(C(F)(F)F)cccc32)c1,14,2.6390573296152584,0.3827002147314726
535,CS(=O)(=O)Oc1ccc2c(c1)CN(CC[C@H]1CC[C@H](NC(=O)/C=C/c3ccc(F)cc3)CC1)C2,14,2.6390573296152584,0.3827002147314726
652,CN(Cc1ccc(-c2ccccc2S(N)(=O)=O)cc1)C(=O)[C@@H]1CCC[C@H]1C(=O)NCc1ccc(OC(F)(F)F)cc1,14,2.6390573296152584,0.3827002147314726
2450,CC(C)Oc1ccc(-c2nc(-c3cccc4c3OCCN(C(CO)CO)C4)no2)cc1C#N,14,2.6390573296152584,0.3827002147314726
3082,CC(C)(C)n1nnc2c1CCC(n1cnc(-c3ccc(F)cc3)n1)C2,14,2.6390573296152584,0.3827002147314726
668,CS(=O)(=O)c1ccc(OC[C@H]2CC[C@@H](C(=O)N3CCC[C@H]3C#N)N2)c(Br)c1,14,2.6390573296152584,0.3827002147314726
2061,CS(=O)(=O)c1ccc(-c2cn(CC(F)(F)F)nc2[C@@H]2CCC(F)(F)C[C@H]2C(=O)NC2(C#N)CC2)cc1,14,2.6390573296152584,0.3827002147314726
850,O=C(O)c1ccc(CCCc2c(CCNS(=O)(=O)c3c(F)cccc3C(F)(F)F)n(C(c3ccccc3)c3ccccc3)c3ccc(Cl)cc23)cc1,14,2.6390573296152584,0.3827002147314726
2964,CCOC(=O)N1CCN(C(=O)[C@H](CCC(=O)O)NC(=O)c2cc([C@@H]3C[C@H]3COC)nc(-c3ccccc3)n2)CC1,14,2.6390573296152584,0.3827002147314726
2755,C[C@@H]1CN(C(=O)OCC(F)(F)F)CCN1c1ncc(OCc2ccncc2C#N)cn1,14,2.6390573296152584,0.3827002147314726
2651,CC(C)(O)CNS(=O)(=O)c1ccc(-c2ccnc3[nH]c(C4CC4)cc23)cc1,14,2.6390573296152584,0.3827002147314726
2871,Cc1nc(C2CC2)c(C(=O)N[C@H]2C3CC4CC2C[C@](O)(C4)C3)s1,14,2.6390573296152584,0.3827002147314726
2892,C[C@H](CO)OC[C@H](Oc1ncnc2c1cnn2-c1ncccc1Cl)C(=O)Nc1ccc(C#N)cn1,14,2.6390573296152584,0.3827002147314726
2239,Cc1ncoc1-c1nnc(SCCCN2CC3CC3(c3ccc(C(F)(F)F)cc3)C2)n1C,14,2.6390573296152584,0.3827002147314726
2193,CCCCCOC(=O)N1CCN(C(=O)[C@H](CCC(=O)O)NC(=O)c2cc(N3CCC(COC)CC3)nc(-c3ccccc3)n2)CC1,14,2.6390573296152584,0.3827002147314726
2343,COc1ccc(OC2CN(c3c4c(nc5ccnn35)CCNCC4)C2)cc1,14,2.6390573296152584,0.3827002147314726
2333,CC[C@H](Nc1cc(C)nc2c(-c3ccc(OC)cc3C)c(C)nn12)c1nc(C)no1,14,2.6390573296152584,0.3827002147314726
800,Cc1cc2ncc(-c3ccc4cc(CCN5CCC[C@H]5C)ccc4n3)c(C)n2n1,14,2.6390573296152584,0.3827002147314726
2149,Cc1ccc2c(OCCN3CCC(Cc4cccc(C5CCN(C)CC5)c4)CC3)cccc2n1,14,2.6390573296152584,0.3827002147314726
2115,CC(C)CNc1nc(C#N)nc(N2CCNCC2)c1N,14,2.6390573296152584,0.3827002147314726
2566,C[C@@H]1CCCN1CCCOc1ccc(C(=O)CN2CCN(C(=O)c3ccccc3)CC2)cc1,14,2.6390573296152584,0.3827002147314726
2320,CCCCCOc1ccc(-c2ccc(-c3ccc(C(=O)N[C@H]4C[C@@H](O)[C@@H](O)NC(=O)[C@@H]5[C@@H](O)[C@@H](C)CN5C(=O)[C@H]([C@@H](C)O)NC(=O)[C@H]([C@H](O)[C@@H](O)c5ccc(O)cc5)NC(=O)[C@@H]5C[C@@H](O)CN5C(=O)[C@H]([C@@H](C)O)NC4=O)cc3)cc2)cc1,14,2.6390573296152584,0.3827002147314726
813,CSc1ccc(C2CN(C)Cc3cc(OCCCN4CCOCC4)ccc32)cc1,14,2.6390573296152584,0.3827002147314726
688,CC(C)c1nnc2ccc(-c3ocnc3-c3cc(F)ccc3F)cn12,14,2.6390573296152584,0.3827002147314726
609,COc1ccc(S(=O)(=O)Nc2cc(Br)cc(F)c2Br)cc1N1CCNCC1,14,2.6390573296152584,0.3827002147314726
551,C[C@H](CS[C@@H](CCc1ccccc1C(C)(C)O)c1cccc(/C=C/c2ccc3ccc(Cl)cc3n2)c1)C(=O)O,14,2.6390573296152584,0.3827002147314726
607,O=C(O)[C@@H](CC1CC1)N1C[C@H](CN2CCC(CCC(F)(F)c3ccc(F)cc3)CC2)[C@@H](c2cccc(F)c2)C1,14,2.6390573296152584,0.3827002147314726
695,CNc1ncc2cc(-c3cc(C(=O)Nc4cc(C(F)(F)F)ccc4OC4CCN(C)CC4)ccc3C)ccc2n1,13.95,2.6354795082673745,0.3824572184362186
2718,C[C@@H]1CN(C(=O)C(=O)c2c[nH]c3c(-n4nccn4)ccnc23)CCN1C(=O)c1ccccc1,13.9,2.631888840136646,0.3822133496209772
2348,FC(F)(F)c1ccccc1-c1cc(C(F)(F)F)c2[nH]c(C3=NOC4(CCCCC4)C3)nc2c1,13.9,2.631888840136646,0.3822133496209772
3073,CS(=O)(=O)c1ccc(-c2cnn3ccc(-c4cccc(S(C)(=O)=O)c4)cc23)cc1,13.9,2.631888840136646,0.3822133496209772
2769,Cc1cc(-c2cc(NC(=O)c3ccc(OCCN4CCOCC4)cc3)[nH]n2)ccc1NC(=O)Nc1cc(C(C)(C)C)on1,13.9,2.631888840136646,0.3822133496209772
2830,O=C(CCSc1nc2ccccc2c(=O)[nH]1)N[C@H]1CC[C@H](c2nnc(-c3ccccc3)o2)CC1,13.83,2.626840145676667,0.3818704554598783
2016,O=C(c1ccc(Br)cc1NS(=O)(=O)c1cccc2nccnc12)N1CCCCC1,13.83,2.626840145676667,0.3818704554598783
702,O=C(c1ccc(Br)nc1NS(=O)(=O)c1cccc2nccnc12)N1CCCCC1,13.83,2.626840145676667,0.3818704554598783
759,CCC(C)COc1ccc(C(CC(=O)O)c2ccccc2)cc1,13.8,2.624668592163159,0.3817229692084923
2022,CC(C)CCn1nc(-c2cccs2)c(O)c(C2=Nc3ccc(NS(C)(=O)=O)cc3S(=O)(=O)N2)c1=O,13.8,2.624668592163159,0.3817229692084923
2201,CCCOCCn1c(=O)c(NC[C@H](C)O)nc2cnc(-c3ccc(OC)nc3)cc21,13.8,2.624668592163159,0.3817229692084923
2840,COc1ccc(-c2cc(C(C)(C)C)c(OC)c3cc(N4CC[C@H](CNS(C)(=O)=O)C4)cnc23)c(=O)[nH]1,13.8,2.624668592163159,0.3817229692084923
713,C[C@H](c1nc(-c2ccc(Cl)cc2Cl)no1)[C@H](N)C(=O)N1CCCC1.O=C(O)C(F)(F)F,13.8,2.624668592163159,0.3817229692084923
2017,Cc1cc(-c2c(Cl)cccc2Cl)cc2nnc(Nc3ccc(OCC[N+]4([O-])CCCC4)cc3)nc12,13.8,2.624668592163159,0.3817229692084923
2634,C[C@@H](NC(=O)c1ccc(OCc2cccc(F)c2)nc1)C(C)(C)C,13.7,2.617395832834079,0.3812290223616812
598,CCOC(Cc1ccc(OCCCN2c3ccccc3OCOc3ccccc32)cc1)C(=O)O,13.7,2.617395832834079,0.3812290223616812
2436,COc1cc(-c2cn(Cc3ccc(-c4nc5ccccc5o4)cc3)nn2)ccc1-n1cnc(C)c1,13.7,2.617395832834079,0.3812290223616812
2346,C[C@](O)(c1ccc(C(=O)N(C2CC2)[C@H]2CC[C@](COC(N)=O)(c3cscn3)CC2)cc1)C(F)(F)F,13.67,2.6152036507358583,0.3810801350706194
2008,COc1cc2nccc(Oc3ccc4c(c3)OCCN4C(=O)Nc3ccc(F)cc3)c2cc1OC,13.67,2.6152036507358583,0.3810801350706194
3169,CCCn1c(Oc2ccc(F)c(F)c2)nc2nc(C3CCCC3)[nH]c2c1=O,13.61,2.6108048166633746,0.3807813777322511
2021,N#Cc1cc(Cl)cc(Oc2cc(OCc3n[nH]c4ccccc34)ccc2Cl)c1,13.6,2.6100697927420065,0.3807314568243999
2039,CCC(CC)Oc1c(C)nc(-c2c(OC)cc(Cl)cc2OC)nc1OC,13.6,2.6100697927420065,0.3807314568243999
558,CC(C)Nc1cccnc1N1CCN(C(=O)c2cc3cc(NS(C)(=O)=O)ccc3[nH]2)CC1.CS(=O)(=O)O,13.6,2.6100697927420065,0.3807314568243999
3047,CCN(CC)CC.O=C(NS(=O)(=O)NC[C@H]1O[C@@H](n2cnc3c(NC4CC4)nc(-c4ccccc4)nc32)[C@H](O)[C@@H]1O)c1ccccc1O,13.6,2.6100697927420065,0.3807314568243999
2425,N#CC1(c2ccccn2)CCN(Cc2cc(C(=O)O)c(=O)n3ccccc23)CC1,13.5,2.6026896854443837,0.380230219183521
2238,CCC(CC)NCCCc1cc(-c2cccc(C(F)(F)F)c2)nc(C#N)n1,13.5,2.6026896854443837,0.380230219183521
3068,CNC(=O)C1Cc2ccccc2N1C(=O)COc1ccc(Cl)c(F)c1,13.5,2.6026896854443837,0.380230219183521
2844,COC(=O)N[C@H](C(=O)N1C[C@@H](C)C[C@H]1c1ncc(-c2cccc(-c3ccc(-c4cc5[nH]c([C@@H]6C[C@H](C)CN6C(=O)[C@@H](NC(=O)OC)C(C)C)nc5s4)cc3)c2)[nH]1)C(C)C,13.5,2.6026896854443837,0.380230219183521
2565,O=c1[nH]c(CN2CC(O)C2)nc2c1oc1ccc(Br)cc12,13.5,2.6026896854443837,0.380230219183521
2389,COCCN(C)c1ccc(NC(=O)c2nc(-c3ccccc3)oc2C(F)(F)F)cn1,13.5,2.6026896854443837,0.380230219183521
2386,CC(C)[C@H](CO)NCc1c(C(=O)N[C@@H]2CCC[C@H](O)C2)noc1-c1ccc(C(F)(F)F)cc1,13.5,2.6026896854443837,0.380230219183521
3065,CCS(=O)(=O)c1ccc(OCC[C@@H]2C[C@@H]2C2CCN(c3nc(C(C)C)no3)CC2)c(F)c1,13.5,2.6026896854443837,0.380230219183521
3066,CCS(=O)(=O)c1ccc(COC[C@@H]2C[C@@H]2C2CCN(c3nc(C(C)C)no3)CC2)c(F)c1,13.5,2.6026896854443837,0.380230219183521
568,O=C(Cc1ccc2ccccc2c1)Nc1cc(C2CC2)n[nH]1,13.5,2.6026896854443837,0.380230219183521
677,Cc1cc(CCC(=O)O)ccc1-c1noc(-c2cnc(OC(C)C)c(Cl)c2)n1,13.5,2.6026896854443837,0.380230219183521
2818,CS(=O)(=O)Nc1ccc(-c2nc(NC(=O)N(CCC(c3ccc(F)cc3)c3ccc(F)cc3)CCN3CCOCC3)sc2Cl)cc1,13.5,2.6026896854443837,0.380230219183521
3119,Cc1ncoc1-c1nnc(SCCCN2CCOC(c3ccc(C(F)(F)F)cc3)C2)n1C,13.5,2.6026896854443837,0.380230219183521
2358,O=C(N[C@@H]1CCC[C@H](O)C1)c1noc(-c2ccc(F)c(F)c2)c1Cl,13.4,2.5952547069568657,0.3797252548345245
2153,C[C@@H](N[C@@H]1CCCc2c1[nH]c1ccc(Br)cc21)c1ccccc1,13.4,2.5952547069568657,0.3797252548345245
2212,CCCn1cnc(C[C@H](OCCN)C(=O)O)c1,13.4,2.5952547069568657,0.3797252548345245
3336,Cn1cnc(-c2cnc(O[C@H]3CCN(C(=O)Cc4ccc(OC(F)(F)F)cc4)C[C@H]3F)c(C(N)=O)c2)c1,13.4,2.5952547069568657,0.3797252548345245
2791,Cc1cc(COc2cnc(N3CCN(S(=O)(=O)C[C@@]4(C)NC(=O)NC4=O)CC3)nc2)on1,13.4,2.5952547069568657,0.3797252548345245
3025,O=c1cc(-c2ccc(O)c(O)c2)oc2cc(O)cc(O)c12,13.35,2.5915163848462583,0.3794713577460404
2474,O=c1[nH]ccc2c(Cc3nnc4ccc(-c5ccccc5)nn34)cccc12,13.33,2.5900171341906173,0.3793695325514444
2060,Cc1ccc(C(=O)NC2CC2)cc1-c1ccc2c(N3CCOC[C@@H]3C)nncc2c1,13.33,2.5900171341906173,0.3793695325514444
2663,Cc1c(-c2ccccn2)nc2cc(F)ccc2c1N1CC2(CCOCC2)c2ncc(N3CCOCC3)cc21,13.33,2.5900171341906173,0.3793695325514444
2620,C[C@H](N)C1(O)CN(C(=O)c2ccc(F)c(F)c2Nc2ccc(I)cc2F)C1,13.33,2.5900171341906173,0.3793695325514444
2059,Cc1ccc(C(=O)NC2CC2)cc1-c1ccc2c(OC(C)C)nncc2c1,13.33,2.5900171341906173,0.3793695325514444
3144,O=C(Nc1cccnc1)N1CCN(Cc2cccc(Oc3ccc(Br)cc3)c2)CC1,13.33,2.5900171341906173,0.3793695325514444
2736,COC(=O)N[C@H](C(=O)N[C@@H](Cc1ccc(-c2ccc(N(C)C)nc2)cc1)[C@@H](O)C[C@@H](Cc1ccccc1F)C(=O)N[C@H]1c2cc(F)cc(Cl)c2OC[C@H]1O)C(C)(C)C,13.33,2.5900171341906173,0.3793695325514444
2036,CN1CCC(Oc2ccc(NC(=O)c3cnc(C#N)nc3NCC3CCC4(CC3)CC4)c(-c3ccccc3)c2)CC1,13.33,2.5900171341906173,0.3793695325514444
2487,CC(=O)N[C@@H]1CC2(CCN(Cc3ccc4[nH]c5ccc(Cl)cc5c4c3)CC2)c2ccccc21,13.33,2.5900171341906173,0.3793695325514444
3184,O=C(O)COC[C@H]1CC[C@H](COC(=O)N(c2ccccc2)c2ccc(Cl)c(F)c2)CC1,13.33,2.5900171341906173,0.3793695325514444
3276,COCCCCn1c(C(=O)N(CC(C)C)[C@@H]2CNC[C@H](C(=O)N3CCOCC3)C2)cc2ccccc21,13.32,2.589266665112243,0.3793185626488093
2682,Cc1cc(NC(=O)c2cnn3cccnc23)n(-c2cccc(Cl)c2)n1,13.3,2.5877640352277083,0.3792165079457997
752,CNC(=O)N1CCN(Cc2ccnc(Nc3ncc(C#N)s3)c2)CC1,13.3,2.5877640352277083,0.3792165079457997
3072,Cc1ccoc1C(=O)Nc1ccc(N2C(=O)c3cccc(F)c3C2=O)c(Cl)c1,13.3,2.5877640352277083,0.3792165079457997
627,CCNC(=O)[C@H]1CCCN1C(=O)[C@H](CCCN=C(N)N)NC(=O)[C@H](CC(C)C)NC(=O)[C@@H](CC(C)C)NC(=O)[C@H](Cc1ccc(O)cc1)NC(=O)[C@H](CO)NC(=O)[C@H](Cc1ccc(OC)cc1)NC(=O)[C@H](Cc1c[nH]cn1)NC(=O)[C@@H]1CCC(=O)N1,13.3,2.5877640352277083,0.3792165079457997
2177,CS(=O)(=O)N1CC2(CCN(C(=O)Nc3ccc(-c4cccnc4)cc3)CC2)c2ccccc21,13.3,2.5877640352277083,0.3792165079457997
3103,COc1ccc2c(c1)C1CC1(C(=O)N1C3CCC1CN(C)C3)Cn1c-2c(C2CCCCC2)c2ccc(C(=O)NS(=O)(=O)CC3CCC3)cc21,13.3,2.5877640352277083,0.3792165079457997
2789,CC(=O)N[C@H](C(=O)N1CCC[C@H]1C(=O)Nc1ccc(C#Cc2ccc(NC(=O)[C@@H]3CCCN3C(=O)[C@@H](NC(C)=O)c3ccccc3)cc2)cc1)c1ccccc1,13.3,2.5877640352277083,0.3792165079457997
2327,N#Cc1ccc(CNC(=O)N(c2cccc(F)c2)C2CCN(CCC3(c4cccc(F)c4)CCN(C(=O)c4c(Cl)cccc4Cl)CC3)CC2)cc1,13.3,2.5877640352277083,0.3792165079457997
2568,O=c1[nH]c(CN2CC[C@@H](O)C2)nc2c1oc1ccc(Br)cc12,13.22,2.5817308344235403,0.3788067486813233
2986,O=C(NOCCO)c1ccc2cncn2c1Nc1ccc(I)cc1F,13.2,2.580216829592325,0.3787039214216002
3074,COc1ccc2c(O[C@H]3C[C@H]4C(=O)N(C)CCCC/C=C/[C@@H]5C[C@@]5(C(=O)NS(=O)(=O)C5(C)CC5)NC(=O)N4C3)cc(-c3nc(C(F)(F)F)cs3)nc2c1C,13.17,2.5779415157551897,0.3785493880396327
3326,COc1cc2c(cc1-c1c(C)noc1C)[nH]c1nc(C)nc(-c3ccnc4ccccc34)c12,13.17,2.5779415157551897,0.3785493880396327
2302,Cc1cnc(C(=O)NC2CC2)cc1-c1cc2cnnc(-c3ccccc3Cl)c2n(C)c1=O,13.17,2.5779415157551897,0.3785493880396327
2163,Cc1ccc(NC(=O)c2cccc(C(F)(F)F)c2)cc1/C=C/n1cnc2c(Nc3ccc(P(C)(C)=O)cc3)ncnc21,13.17,2.5779415157551897,0.3785493880396327
2402,O=C1COc2c(cc(Cl)cc2[N+](=O)[O-])N1Cc1nnc(-c2ccc(Cl)cn2)n1CCC(F)(F)F,13.17,2.5779415157551897,0.3785493880396327
2509,CCn1c(=O)c(-c2cc(C(=O)NC3CC3)ccc2C)cc2nnc(-c3c(F)cccc3Cl)n21,13.12,2.574137783515943,0.3782910484657963
2074,O=C(Nc1ccc(-n2ccccc2=O)cn1)[C@H]1C[C@](O)(c2ccc(F)c(F)c2)CN1C(=O)Nc1ccc(Cl)cc1,13.1,2.5726122302071057,0.3781874368635906
2169,O=C(N[C@@H]1CCCc2c1[nH]c1ccc(Cl)cc21)c1ccccn1,13.1,2.5726122302071057,0.3781874368635906
3004,CCOc1nc(NC(=O)C(C)(C)NC(=O)c2ccc3c(C4CCCC4)c(-c4ccc(F)cn4)n(C)c3c2)ccc1/C=C/C(=O)O,13.1,2.5726122302071057,0.3781874368635906
2615,COc1cc(C)c(S(=O)(=O)N(C)CCOCC(=O)N2CCC(N3CCN(C)CC3)CC2)c(C)c1,13.1,2.5726122302071057,0.3781874368635906
2630,c1ccc([C@H]([C@@H](c2ccccc2)N2CCCCC2)N2CCCCC2)cc1,13.1,2.5726122302071057,0.3781874368635906
556,CCNc1cccnc1N1CCN(C(=O)c2cc3cc(OC)ccc3[nH]2)CC1.CS(=O)(=O)O,13,2.5649493574615367,0.3776669945309186
2712,COc1ncc(OC)c2c(C(=O)C(=O)N3CCN(C(=O)c4ccccc4)CC3)c[nH]c12,13,2.5649493574615367,0.3776669945309186
849,O=C(O)c1ccc(CCCc2c(CCNS(=O)(=O)Cc3ccccc3)n(C(c3ccccc3)c3ccccc3)c3ccc(Cl)cc23)cc1,13,2.5649493574615367,0.3776669945309186
2249,Cc1c(CN2CCN(S(C)(=O)=O)CC2)sc2c(N3CCOCC3)nc(-c3cnc(N)nc3)nc12,13,2.5649493574615367,0.3776669945309186
2427,CN(C)CCn1cc2c3c(cccc31)C1=C[C@@H](C(=O)N3CCCC3)CN(C(=O)Nc3ccccc3)[C@@H]1C2,13,2.5649493574615367,0.3776669945309186
2721,CC(=O)NCc1cccc(Cn2nc(NS(=O)(=O)c3ccc(Cl)s3)c3c(C(C)O)cccc32)c1,13,2.5649493574615367,0.3776669945309186
2989,Cn1ccnc1[C@]1(CNC(=O)c2cc3cc(Cl)ccc3o2)NC(=O)NC1=O,13,2.5649493574615367,0.3776669945309186
2517,O=c1ccc(-c2ccc(OC3CCN(C4CCC4)CC3)cc2)n[nH]1,13,2.5649493574615367,0.3776669945309186
840,CC(C)N1C(=O)[C@H](NC(=O)[C@@H](Cc2ccccc2OC(F)(F)F)NC(=O)OC(C)(C)C)CCc2cc(Cl)ccc21,13,2.5649493574615367,0.3776669945309186
2219,NC(=O)c1cccc2cn(-c3ccc(NC(=O)C4CNC4)cc3)nc12,13,2.5649493574615367,0.3776669945309186
2248,Cc1c(-c2cccc(S(C)(=O)=O)c2)sc2c(N3CCOCC3)nc(-c3cnc(N)nc3)nc12,13,2.5649493574615367,0.3776669945309186
2643,Cc1ncc(C(=O)N[C@H]2C3CC4CC2C[C@](O)(C4)C3)c(CC(C)C)n1,13,2.5649493574615367,0.3776669945309186
829,O[C@@H](CNCCOc1ccc(-c2cocn2)cc1)c1cccnc1,13,2.5649493574615367,0.3776669945309186
576,CCC(CSC(CCc1ccccc1C#N)c1cccc(CCc2ccc3ccc(Cl)cc3n2)c1)C(=O)[O-].[Na+],13,2.5649493574615367,0.3776669945309186
2412,O=C(O)/C=C/c1ccc(OC(=O)C2(NC(=O)c3ccc4c(C5CCCCC5)c5n(c4c3)CC(=O)Nc3ccccc3-5)CCCC2)cc1,13,2.5649493574615367,0.3776669945309186
2731,CC(C)Nc1nc2c(C(=O)N(C)C)c(Cl)c(Cl)cc2n1C1CCN(c2ccc(C(C)(C)C#N)cc2)CC1,13,2.5649493574615367,0.3776669945309186
809,C[C@@H]1CCCN1CCCOc1ccc(N2CCN(C(=O)c3ccc(C#N)cc3)CC2=O)cc1.O=CO,13,2.5649493574615367,0.3776669945309186
3226,COc1cc(C(=O)NC2COC2)ccc1Nc1nc(OC2CCCC2)c2c(-c3ccc4nc(C)oc4c3)c[nH]c2n1,13,2.5649493574615367,0.3776669945309186
3166,N[C@H](C(=O)Nc1cncc(F)c1CC[C@@H]1CN[C@H](COC(=O)NCC(F)(F)F)CO1)C(c1ccccc1)c1ccccc1,13,2.5649493574615367,0.3776669945309186
2957,CC[C@H](C)[C@@H]1NC(=O)[C@H](Cc2ccc(O)cc2)NC(=O)CCSCC[C@@H](C(=O)N(CCCO)CC(=O)N[C@@H](CC(C)C)C(=O)NCC(N)=O)NC(=O)[C@H](CC(N)=O)NC(=O)[C@H](CCC(N)=O)NC1=O,13,2.5649493574615367,0.3776669945309186
2242,Cn1c(SCCCN2C[C@@H]3C[C@]3(c3ccc(C(F)(F)F)cc3)C2)nnc1-c1ccnnc1,13,2.5649493574615367,0.3776669945309186
2305,O=C1O[C@]2(CC[C@H](CNc3cnn(-c4ccccc4F)c3)CC2)CN1c1cccnn1,13,2.5649493574615367,0.3776669945309186
2186,Cc1cc(Nc2nc(N[C@@H](C)c3ncc(F)cn3)c(C#N)nc2C)n[nH]1,13,2.5649493574615367,0.3776669945309186
2424,CCn1c(-c2ccccc2)nc(C)c1CC(=O)NCc1ccc(F)cc1Cl,13,2.5649493574615367,0.8468237181629868
2273,O=C(NCCO)c1ccccc1Oc1ncc(Cl)cc1NS(=O)(=O)c1ccc(Cl)c(Cl)c1,13,2.5649493574615367,0.3776669945309186
2658,CCN(CCO)C(=O)c1oc2cccnc2c1-c1cccc(C(F)(F)F)c1,13,2.5649493574615367,0.8468237181629868
2708,Cc1c(CC2=NN(Cc3ccccc3)C(=O)CC2)c2cc(F)ccc2n1CC(=O)O,13,2.5649493574615367,0.3776669945309186
3319,COC(=O)N[C@H](C(=O)N1CCC[C@H]1c1ncc(-c2ccc3c(c2)cc2n3[C@H](c3ccc4c(c3)OCCN4C)Oc3cc(-c4cnc([C@@H]5CCCN5C(=O)[C@@H](NC(=O)OC)C5CCOCC5)[nH]4)cc(F)c3-2)[nH]1)C(C)C,13,2.5649493574615367,0.3776669945309186
590,Cn1c(=O)c2c(ncn2C)n(C)c1=O,13,2.5649493574615367,0.3776669945309186
2572,CC[C@H](C)[C@@H]1C(=O)N[C@H](C2Cc3ccccc3C2)C(=O)N1[C@@H](C(=O)N1CCOCC1)c1ccc(C)nc1C,13,2.5649493574615367,0.3776669945309186
2797,CNC(=O)CN1CCC(Oc2cc3c(Nc4cccc(Cl)c4F)ncnc3cc2OC)CC1,13,2.5649493574615367,0.3776669945309186
3301,O=S(=O)(c1ccc(C(F)(F)F)cc1)c1cc(F)c(O)c2ncccc12,13,2.5649493574615367,0.3776669945309186
2477,CCCC(Cc1ccc(C(=O)NCCC(=O)O)cc1)C(=O)c1cc2cc(Cl)ccc2n1Cc1ccc(C(C)(C)C)cc1,13,2.5649493574615367,0.3776669945309186
762,CCC1(CNCCC#N)CN(c2c(F)cc3c(=O)c(C(=O)O)cn(C4CC4)c3c2C)C1,13,2.5649493574615367,0.3776669945309186
2639,CCCSc1nc(C)ccc1C(=O)N[C@H]1C2CC3CC1C[C@](O)(C3)C2,13,2.5649493574615367,0.3776669945309186
2711,Cc1ccc(-c2ccc3c(c2)N(C2=NC4CC(C)(C)NC(=O)C4S2)CCO3)nn1,13,2.5649493574615367,0.3776669945309186
2951,CO[C@H]1CN(c2nc(C(=O)NC[C@H](C)OC)c(C(=O)O)s2)CC[C@H]1NC(=O)c1[nH]c(C)c(Cl)c1Cl,13,2.5649493574615367,0.3776669945309186
2747,CC(C)c1nc(-c2ccc(F)c(NS(=O)(=O)c3c(F)cccc3F)c2)c(-c2ccnc(NCCS(C)(=O)=O)n2)s1,13,2.5649493574615367,0.3776669945309186
626,CN1CCN(CCCn2cc(-c3cncc(-c4ccsc4)c3)c3ccccc32)CC1,13,2.5649493574615367,0.3776669945309186
699,COc1cc2ncnc(Nc3cccc(Cl)c3F)c2cc1OC1CCN(S(C)(=O)=O)CC1,13,2.5649493574615367,0.3776669945309186
2652,O=S(=O)(NCCO)c1ccc(-c2ccnc3[nH]c(C4CC4)cc23)cc1,13,2.5649493574615367,0.3776669945309186
2259,COCCCc1cc(CN(C(=O)[C@@H](CN)Cc2ccc(CCCOc3c(Cl)cc(C)cc3Cl)cc2)C2CC2)cc(OCCOC)c1,13,2.5649493574615367,0.3776669945309186
2085,NC(=O)c1cccc(-c2ccc([C@H](N)Cc3cc(F)ccc3F)cc2)c1,13,2.5649493574615367,0.3776669945309186
2132,Cc1ccc(-c2ccc3c(c2)N(c2nc4c(s2)C(=O)NC(C)(C)C4)CCO3)nn1,13,2.5649493574615367,0.3776669945309186
3325,COC(=O)N[C@H](C(=O)N1CCC[C@H]1c1ncc(-c2cc(F)c3c(c2)O[C@@H](c2ccc(C4CC4)s2)n2c-3cc3cc(-c4cnc([C@@H]5CCCN5C(=O)[C@@H](NC(=O)OC)C5CC6CCC(C5)O6)[nH]4)ccc32)[nH]1)C(C)C,13,2.5649493574615367,0.3776669945309186
567,CS(=O)(=O)c1ccc(-c2sc3ncnn3c2-c2ccccc2)cc1,13,2.5649493574615367,0.8468237181629868
2384,COc1ccccc1N1CCN(C(=O)c2cc(-c3ccc(Cl)cc3)nn2C)CC1,13,2.5649493574615367,0.3776669945309186
2787,N#Cc1c(-c2ccc(S(=O)(=O)NC(CF)CF)cn2)n(C2CCC2)c2cc(OC(F)F)ccc12,13,2.5649493574615367,0.3776669945309186
2205,CCO/N=C(/c1ccc(F)c(F)c1)c1ccc(CN2CCC3(CC2)OCc2cn(C)c(=O)cc23)cn1,13,2.5649493574615367,0.3776669945309186
2799,Cc1cnc(-c2cc(Oc3ccc(S(C)(=O)=O)cc3)cc(OC(C)C)c2)[nH]c1=O,13,2.5649493574615367,0.3776669945309186
2911,Cn1nc2c(-c3ccc(Cl)cc3)c(-c3ccncc3)c(=O)n(Cc3ccc(C(F)(F)F)nc3)n2c1=O,13,2.5649493574615367,0.3776669945309186
2734,CC(C)n1ncnc1-c1cc2c(s1)-c1ccc(C(N)=O)cc1OCC2,13,2.5649493574615367,0.3776669945309186
3021,CS(=O)(=O)Nc1ccccc1-c1ccc2[nH]c(/C=C/c3ccc(C(F)(F)F)cc3)nc2c1,13,2.5649493574615367,0.3776669945309186
2890,N#Cc1ccc(NC(=O)[C@H](COCCO)Oc2ncnc3c2cnn3-c2ncccc2Cl)nc1,13,2.5649493574615367,0.3776669945309186
3176,C[C@]1(C(=O)O)CC[C@@](C)(c2nc(-c3ccc(C(=O)Nc4cc(C(F)(F)F)ccn4)cc3)c3c(N)nccn32)CC1,13,2.5649493574615367,0.3776669945309186
2108,O=C(O)CCNC(=O)c1ccc(CN(c2ccc3c(c2)CCC3)c2nc(-c3ccc(C(F)(F)F)cc3)cs2)cc1,13,2.5649493574615367,0.3776669945309186
754,COCC[C@H](CC1(C(=O)NCCCc2ccc(F)cc2)CCCC1)C(=O)O,13,2.5649493574615367,0.3776669945309186
2047,CS(=O)(=O)c1ccc2ncc(C(N)=O)c(Nc3cccc(Cl)c3F)c2c1,13,2.5649493574615367,0.3776669945309186
2034,Cc1ncc(NC(=O)c2cc(NC(=O)c3cccc(C(F)(F)F)c3)ccc2Cl)s1,13,2.5649493574615367,0.3776669945309186
2423,CCn1c(-c2ccc(F)cc2F)nc(C)c1CC(=O)NCc1ccc(F)cc1Cl,13,2.5649493574615367,0.8468237181629868
554,COc1ccc2c(O[C@@H]3C[C@H]4C(=O)N[C@]5(C(=O)O)C[C@H]5/C=C\CCCCC[C@H](NC(=O)OC(C)(C)C)C(=O)N4C3)cc(-c3ccccc3)nc2c1,13,2.5649493574615367,0.3776669945309186
536,O=C(Cn1cc(C(F)(F)F)ccc1=O)NCc1cc2cc(C(=O)N3CCC(N4C(=O)CCc5ccccc54)CC3)ccc2o1,13,2.5649493574615367,0.3776669945309186
2055,Cc1cccc(C)c1CS(=O)(=O)NCCc1c(CCOc2ccc(C(=O)O)cc2)c2cc(Cl)ccc2n1C(c1ccccc1)c1ccccc1,13,2.5649493574615367,0.3776669945309186
2095,Cc1cc(C)c(NC(=O)Nc2cc3ccccc3cc2C(=O)N[C@H](C(=O)O)[C@@H](C)OC(C)(C)C)c(C)c1,13,2.5649493574615367,0.3776669945309186
2528,Cc1nn(-c2ccccn2)c(=O)cc1-c1ccc(OCCCN2CCC[C@H]2C)cc1,13,2.5649493574615367,0.3776669945309186
550,CCC(=O)c1ccccc1CC[C@H](SC[C@@H](C)C(=O)O)c1cccc(/C=C/c2ccc3ccc(Cl)cc3n2)c1,13,2.5649493574615367,0.3776669945309186
2751,CC(C)C[C@H](CO)Nc1nc(S[C@@H](C)c2ccccc2)nc2nc(N)sc12,13,2.5649493574615367,0.3776669945309186
2788,CCOC(=O)c1cc(C#N)c(N2CC(NC(=O)NS(=O)(=O)c3ccccc3)C2)nc1C,13,2.5649493574615367,0.3776669945309186
2087,Cn1c(N(Cc2ccc(C(=O)Nc3nnn[nH]3)cc2)[C@H]2CC[C@H](C(C)(C)C)CC2)nc2cc(OC3CCCC3)ccc21,13,2.5649493574615367,0.3776669945309186
3059,C[C@@H]1CN(c2cc(F)cc(C#N)c2)C(=O)c2cc(COc3ccc(Cl)cn3)nn21,13,2.5649493574615367,0.3776669945309186
2330,N#Cc1ccc(CNC(=O)N(c2cccc(F)c2)C2CCN(CCC3(c4cccc(F)c4)CCN(C(=O)c4cn[nH]c4C(F)(F)F)CC3)CC2)cc1,13,2.5649493574615367,0.3776669945309186
2879,COc1cc(N2CCC(N3CCN(C)CC3)CC2)ccc1-c1nc2c(N[C@H]3[C@@H](C(N)=O)[C@@H]4C=C[C@H]3C4)c(Cl)cnc2[nH]1,13,2.5649493574615367,0.3776669945309186
543,N[C@H](C(=O)N1CCCC1)[C@H]1CC[C@H](NC(=O)c2cccc3ccccc23)CC1,13,2.5649493574615367,0.3776669945309186
2625,COc1cnc(-c2c(F)ccc(F)c2CCNC(=O)c2ccc(COCC(F)(F)F)nc2)cn1,13,2.5649493574615367,0.3776669945309186
2311,CN(C)Cc1nccn1-c1ccc(N2CC[C@H](NS(=O)(=O)/C=C/c3ccc(Cl)s3)C2=O)c(F)c1,13,2.5649493574615367,0.3776669945309186
2214,C[C@@H](c1ccc(N2CC[C@H](NS(=O)(=O)c3ccc4cc(Cl)ccc4c3)C2=O)c(F)c1)N(C)C,13,2.5649493574615367,0.3776669945309186
679,C[C@@H](C(=O)N1CCOCC1)N1CC[C@H](NS(=O)(=O)c2ccc3cc(Cl)ccc3c2)C1=O,13,2.5649493574615367,0.3776669945309186
712,O=C(NO)c1ccc(-c2ccc(CNCc3ccccc3)cn2)s1,13,2.5649493574615367,0.3776669945309186
635,Cc1ccn2c(-c3cccc(-c4ccccc4C#N)c3)cnc2n1,13,2.5649493574615367,0.3776669945309186
2110,Cc1cccc(C)c1CNC1(CCC(C)(C)C)C(=O)C(C2=NS(=O)(=O)c3cc(NS(C)(=O)=O)ccc3N2)=C(O)c2ccccc21,13,2.5649493574615367,0.3776669945309186
591,Cc1noc(NS(=O)(=O)c2ccccc2-c2ccc(-c3ncco3)cc2CN(C)C(=O)CC(C)(C)C)c1C,13,2.5649493574615367,0.3776669945309186
711,COc1ccc2c(OC[C@H](O)CO)nc(C#N)c(-c3ccccc3)c2c1,13,2.5649493574615367,0.3776669945309186
2225,Cn1nnc(-c2c(F)cc(Cl)cc2-c2cnc(CNC(=O)N(O)C3CCC(F)(F)CC3)c(F)c2)n1,13,2.5649493574615367,0.3776669945309186
2691,CCCSc1c(C(=O)N[C@H]2C3CC4CC2C[C@](OC)(C4)C3)cnn1-c1ccc(C(=O)O)cc1,13,2.5649493574615367,0.3776669945309186
2223,CCCCCOC(=O)N1CCN(C(=O)[C@H](CCC(=O)O)NC(=O)c2cc(N3CCC(C(=O)N(CC)CC)CC3)cc(-c3ccccc3)n2)CC1,13,2.5649493574615367,0.3776669945309186
611,CCCN(c1ncccn1)C1CCN(C[C@H]2CN([C@@H](C(=O)O)C3CCCCC3)C[C@@H]2c2cccc(F)c2)CC1,13,2.5649493574615367,0.3776669945309186
3029,CCn1c(=O)c(-c2ccc(F)c(NC(=O)Nc3cc(C(C)(C)C)no3)c2)cc2cnc(NC)cc21,13,2.5649493574615367,0.3776669945309186
862,CN(C)Cc1nccn1-c1ccc(N2CCC(NS(=O)(=O)/C=C/c3ccc(Cl)s3)C2=O)c(F)c1,13,2.5649493574615367,0.3776669945309186
3026,CCN(CC)CCNC(=O)c1c(C)[nH]c(/C=C2\C(=O)Nc3ccc(F)cc32)c1C,13,2.5649493574615367,0.3776669945309186
2606,COc1cc(OC)c2nnc3c(C)nc(-c4ccncc4C)n3c2c1,13,2.5649493574615367,0.3776669945309186
3332,COCC1=C[C@@](C)(c2cc(NC(=O)c3ccc(C#N)cn3)ccc2F)N=C(N)O1,12.9,2.5572273113676265,0.377142533298747
2158,O=C(CO)Nc1ccc2ncn(Cc3ccc(Cl)c(C(F)(F)F)c3)c(=O)c2c1,12.9,2.5572273113676265,0.377142533298747
2410,CCCc1cnc(N)c(CNC(=S)Nc2ccc3[nH]c(=O)oc3c2)n1,12.9,2.5572273113676265,0.377142533298747
2535,O=C(NOCCO)c1c(Nc2ccc(I)cc2F)c(F)c(=O)n2c1CCC2,12.9,2.5572273113676265,0.377142533298747
2782,COc1c(-c2ccc3c(c2)CC=C3CNS(C)(=O)=O)cc(-n2ccc(=O)[nH]c2=O)cc1C(C)(C)C,12.83,2.551786178627545,0.3767729857531136
3050,O=C(c1n[nH]c2ncccc12)N1CCc2nc(COc3ccccc3)oc2C1,12.8,2.5494451709255714,0.376613990615171
602,COC(=O)N[C@@H](C(=O)N1CCC[C@H]1C(=O)NCC#Cc1c[nH]cn1)C(c1ccccc1)c1ccccc1,12.8,2.5494451709255714,0.376613990615171
2431,CCCCN1C(=O)[C@@H]([C@H](O)C2CCCCC2)NC(=O)C12CCN(Cc1ccc(Oc3ccc(C(=O)NC)cc3)cc1)CC2.Cl,12.8,2.5494451709255714,0.376613990615171
797,Cc1c(N2C(=O)[C@@H]3[C@H](O)CCN3S2(=O)=O)ccc(C#N)c1Cl,12.8,2.5494451709255714,0.376613990615171
2813,Cn1cc(-c2ccc3c(c2)CCN3C(=O)Cc2cccc(C(F)(F)F)n2)c2c(N)ncnc21,12.8,2.5494451709255714,0.376613990615171
2609,NC(=O)Nc1cc(-c2cccc(F)c2)sc1C(=O)N[C@H]1CCCNC1,12.8,2.5494451709255714,0.376613990615171
3031,CC(C)N1CCN(C(=O)c2ccc(CN3CCOCC3)cc2)CC1.O=C(O)/C=C\C(=O)O,12.8,2.5494451709255714,0.376613990615171
806,NC(=O)[C@H]1CN(c2cc(F)c(C3CC[S+]([O-])CC3)c(F)c2)C(=O)O1,12.8,2.5494451709255714,0.376613990615171
608,O=C(NO)C1(NS(=O)(=O)c2ccc(Oc3ccc(Cl)cc3)cc2)CCOCC1,12.7,2.5416019934645457,0.3760813024564466
760,Cc1cc(-c2c(Cl)cccc2Cl)cc2nnc(Nc3ccc(OCCN4CCCC4)cc3)nc12,12.7,2.5416019934645457,0.3760813024564466
3062,CNC(=O)N1CC(NC(=O)c2cnc(N)c3cc(-c4cccc(F)c4)ccc23)C1,12.7,2.5416019934645457,0.3760813024564466
802,CC(C)C1SC(Nc2ccccc2C(F)(F)F)=NC1=O,12.67,2.5392369943330477,0.3759206778831787
3159,CCc1cnc(N2CCC(n3ncc4cc(-c5ccc(S(C)(=O)=O)cc5F)ncc43)CC2)nc1,12.65,2.5376572151735295,0.3758133834026117
789,CCOC(=O)c1c(Cl)cc(Cl)cc1-c1cnc([C@@H](C)NC(=O)C2(NC(=O)C(F)(F)F)CC2)c(F)c1,12.6,2.533696813957432,0.3755444032804487
2677,CC(C)n1c(=O)n(C(=O)NCC2CCN(CC3(O)CCOCC3)CC2)c2cc(F)ccc21,12.6,2.533696813957432,0.3755444032804487
2683,Cn1cc(NC(=O)c2cnn3ccc(N)nc23)c(-c2cc(Cl)ccc2Cl)n1,12.6,2.533696813957432,0.3755444032804487
532,CCn1nc(Cc2ccccc2)cc1C1CCN(C[C@H]2CN([C@@H](C(=O)O)C(C)C)C[C@@H]2c2ccccc2)CC1,12.6,2.533696813957432,0.3755444032804487
2398,CC(C)N(CC[C@H](c1ccccc1)c1cc(CCCCOc2ccc(CCNC[C@H](O)c3ccc(O)c4[nH]c(=O)ccc34)cc2)ccc1O)C(C)C,12.6,2.533696813957432,0.3755444032804487
2322,NCCC[C@@](N)(C(=O)O)C(F)F,12.6,2.533696813957432,0.3755444032804487
2748,CNC(=O)c1cccc(-c2ccc3c(N4CCOC[C@@H]4C)nc(N4CCOC[C@@H]4C)nc3n2)c1,12.6,2.533696813957432,0.3755444032804487
3285,CCOc1cc2ncc(-c3cc(N)nc(F)c3)n2cc1S(=O)(=O)C(C)C,12.6,2.533696813957432,0.3755444032804487
2621,NCC1(O)CN(C(=O)c2ccc(F)c(F)c2Nc2ccc(I)cc2F)C1,12.58,2.5321082512722946,0.3754365122457285
3311,COc1cnc(O[C@@H]2C[C@@H](C(=O)N[C@]3(C(=O)NS(=O)(=O)C4CC4)C[C@H]3C3CC3)N(C(=O)[C@@H](NC(=O)O[C@H](C)C(F)(F)F)C3CCCCC3)C2)c2cc(Cl)ccc12,12.5,2.5257286443082556,0.3750032259782755
2839,CC#C[C@H]1CN(S(=O)(=O)c2ccc(N)nc2)CCN1c1ccc(C(O)(C(F)(F)F)C(F)(F)F)cc1,12.5,2.5257286443082556,0.3750032259782755
2276,Cc1ccc(C(=O)Nc2ccc(CN3CCN(C)CC3)c(C(F)(F)F)c2)cc1C#Cc1cnc2ccccn12,12.5,2.5257286443082556,0.3750032259782755
2385,CC(C)NCc1c(C(=O)N[C@@H]2CCC[C@H](O)C2)noc1-c1ccc(C(F)(F)F)cc1,12.5,2.5257286443082556,0.3750032259782755
2823,CC1(C)OC(=O)N([C@H]2CC[C@H](c3cnc(N)c(-c4ncccn4)c3)CC2)[C@H]1c1ccccc1,12.5,2.5257286443082556,0.3750032259782755
2845,COC(=O)N[C@H](C(=O)N1CCC[C@H]1c1ncc(-c2ccc(-c3ccc(-c4ccc5nc([C@@H]6[C@H]7CC[C@H](C7)N6C(=O)[C@@H](NC(=O)OC)C(C)C)[nH]c5c4)cc3)cc2)[nH]1)C(C)C,12.5,2.5257286443082556,0.3750032259782755
3010,Cc1ccc(C(=O)c2c(-c3ccccc3)n(C)n(-c3ccccc3)c2=O)c(N)c1-c1ccc2nc(C(F)(F)F)sc2c1,12.5,2.5257286443082556,0.3750032259782755
2247,Clc1ccc2c(c1)-c1ncnn1Cc1c(Cl)ncn1-2,12.4,2.517696472610991,0.3744577018239088
613,CC(=O)NC[C@H]1CC(c2ccc(N3CCOCC3)c(F)c2)=NO1,12.4,2.517696472610991,0.3744577018239088
2836,O=S(=O)(c1ccc(Cl)cc1)N1CCOc2cc(Cl)c(Oc3cc(-c4nc(C5CC5)no4)cc(Cl)n3)cc21,12.33,2.512035317176253,0.3740732109106573
3045,O=C(c1cccc(S(=O)(=O)Nc2ccccc2C(F)(F)F)c1)N1CCN2CCC[C@@H]2C1,12.33,2.512035317176253,0.3740732109106573
682,CC(C)CCn1c(=O)c(C2=NS(=O)(=O)c3cc(OCC(N)=O)ccc3N2)c(O)c2cccnc21,12.33,2.512035317176253,0.3740732109106573
2547,CC(C)[C@]1(C)SC(N[C@H]2C[C@H]3C[C@@H]2C[C@H]3O)=NC1=O,12.33,2.512035317176253,0.3740732109106573
3048,Cc1ccc(CNC(=O)c2cc(C#CC(C)(C)O)cnc2NCc2ccc3c(c2)OCO3)cc1C(F)F,12.33,2.512035317176253,0.3740732109106573
684,O=C(O)C1CN(Cc2ccc(OCc3cc(-c4ccccc4)c(C(F)(F)F)s3)cc2)C1,12.3,2.509599262378372,0.3739077604218366
2637,CC[C@H]1OC(=O)[C@H](C)[C@@H](O[C@H]2C[C@@](C)(OC)[C@@H](O)[C@H](C)O2)[C@H](C)[C@@H](O[C@@H]2O[C@H](C)C[C@H]3[C@H]2O/C(=N\C(C)C)N3C)[C@](C)(O)C[C@@H](C)CN(C)[C@H](C)[C@@H](O)[C@]1(C)O,12.3,2.509599262378372,0.3739077604218366
578,Oc1ccc2[nH]c(CN3CCC(Cc4ccccc4F)CC3)nc2c1,12.3,2.509599262378372,0.3739077604218366
647,COc1ccc(C(CC(=O)O)Cc2csc(CCCc3ccc4c(n3)NCCC4)n2)cn1,12.3,2.509599262378372,0.3739077604218366
546,CCN(C(=O)OCc1ccccc1)C1CCN(C[C@H]2CN(C(=O)c3ccccc3Cl)C[C@@H]2c2ccccc2)CC1,12.2,2.501435951739211,0.3733533296525369
2430,COc1cc(-c2ccc(N[C@@H](C)c3ccc(F)cc3)nc2)ccc1-n1cnc(C)c1.Cl,12.2,2.501435951739211,0.3733533296525369
2180,C#Cc1cccc(Nc2nccc3c(Nc4ncccc4-c4cc(NC)ncn4)c(C)ccc23)c1,12.17,2.498973906999436,0.3731861139946426
2245,CC(=O)N(c1ccccc1)[C@@H]1C[C@H](C)N(C(=O)c2cccc(OC(F)(F)F)c2)c2ccccc21,12.17,2.498973906999436,0.3731861139946426
2082,COc1ccc2c(Oc3ccc(NC(=O)c4c(C)n(CC(C)(C)O)n(-c5ccccc5)c4=O)nc3)ccnc2c1,12.17,2.498973906999436,0.3731861139946426
3337,O=C(Nc1ccc(CP(=O)(O)O)cc1)C1CCN(C(=O)OCc2cc(Cl)cc(Cl)c2)CC1,12.17,2.498973906999436,0.3731861139946426
620,C[C@@H]1CN(C(=O)N2Cc3c(C(=O)OC(C)(C)C)ncn3-c3ccc(C(F)(F)F)cc32)C[C@H](C)N1,12.17,2.498973906999436,0.3731861139946426
3207,Cc1n[nH]c2ccc(-c3cc(N[C@@H](CO)c4ccccc4)cnc3-c3cc(F)ccc3O)cc12,12.12,2.4948569806411682,0.3729065030930294
792,CCOC(=O)c1c(Cl)cc(Cl)cc1-c1ccc([C@@H](C)NC(=O)C2(NC(=O)C(F)(F)F)CC2)c(F)c1,12.1,2.4932054526026954,0.3727943356157197
3270,O=c1[nH]c2ccc(-c3cc(C[C@]4(O)CC[C@@H](Cc5ccccc5)CC4)no3)cc2o1,12.1,2.4932054526026954,0.3727943356157197
2585,CC(=O)N[C@H]1[C@H]([C@H](O)[C@H](O)CO)OC(C(=O)O)=C[C@@H]1NC(=O)NCc1ccco1,12.05,2.489064659936664,0.3725131037767247
2577,O=C(O)CN1C(=O)[C@@]2(CC(=O)N(Cc3cc(Cl)ccc3F)C2)c2cc(Cl)ccc21,12,2.4849066497880004,0.3722307025712114
2963,COc1cccc2c1c(NCC(C)(C)c1ccccc1)nn2C,12,2.4849066497880004,0.3722307025712114
3265,CN1CC2CCC(C1)N2C(=O)[C@]12C[C@H]1c1cc(F)ccc1-c1c(C3CCCCC3)c3ccc(C(=O)NS(=O)(=O)N4CCC4)cc3n1C2,12,2.4849066497880004,0.3722307025712114
2900,NCCC[C@@]1(C(=O)O)CCn2c(-c3ccccc3)cnc2C1,12,2.4849066497880004,0.3722307025712114
2549,CC(C)(O)c1nc(C(C)(C)c2cccc3c2N(S(=O)(=O)c2ccc(OC(F)(F)F)cc2)Cc2ccc(C(F)(F)F)nc2N3)no1,12,2.4849066497880004,0.3722307025712114
3327,CCOc1c(Cl)cc(C(=O)Nc2ccc(C(=O)O)c(F)c2)cc1OC(C)C,12,2.4849066497880004,0.3722307025712114
2849,CNC(=O)C(C)(C)n1cc(Nc2ncc(C(F)(F)F)c(NC)n2)c(C)n1,12,2.4849066497880004,0.3722307025712114
2098,CCOc1cc2ncc(C(N)=O)c(Nc3ccc(F)cc3F)c2cc1N1CCN(C)CC1,12,2.4849066497880004,0.3722307025712114
2579,COCC1=C(C(=O)N2CCC[C@H]2c2cc(C)no2)[C@@H](c2cc3ccccc3n2C)n2nc(C(F)(F)F)cc2N1,12,2.4849066497880004,0.3722307025712114
528,CNC(=O)[C@H](NC(=O)C(CCc1ccccc1)CP(=O)(O)Cc1ccc(Cc2ccccc2)cc1)C(C)(C)C,12,2.4849066497880004,0.3722307025712114
3287,COc1cnc(-n2ccnn2)c2[nH]cc(C(=O)C(=O)N3CCN(C(=O)c4ccccc4)[C@H](C)C3)c12,12,2.4849066497880004,0.3722307025712114
2759,Cc1cc(Nc2nc(N[C@@H](C)c3ncc(F)cc3F)c(F)c(N3CCOCC3)n2)n[nH]1,12,2.4849066497880004,0.3722307025712114
2298,Cc1ccc2c(N3CCN(CCc4cccc5c4OCc4c(C(=O)N6CCOCC6)ncn4-5)CC3)cccc2n1,12,2.4849066497880004,0.3722307025712114
2337,CN(C(=O)C1(c2ccc(F)cc2)CC1)[C@@H]1CCc2c(CC(=O)O)c3cccnc3n2C1,12,2.4849066497880004,0.3722307025712114
2707,Cc1c(Cc2ccc(=O)n(Cc3ccc(F)cc3F)n2)c2cc(F)ccc2n1CC(=O)O,12,2.4849066497880004,0.3722307025712114
3036,Cc1cc2cn[nH]c2cc1-c1cccc2c(N)c(C(N)=O)nnc12,12,2.4849066497880004,0.3722307025712114
3238,C[C@H]1Cc2c(nnn2-c2ncc(F)cn2)CN1C(=O)c1cccc(C(F)(F)F)c1F,12,2.4849066497880004,0.3722307025712114
2014,CC(C)Cn1c2ccc(C(=O)c3sccc3Cl)cc2c2c3c(c4c(c21)CCc1nn(C)cc1-4)C(=O)NC3,12,2.4849066497880004,0.3722307025712114
3315,CCc1ccc([C@@H]2Oc3cc(-c4cnc([C@@H]5CCCN5C(=O)[C@@H](NC(=O)OC)C(C)C)[nH]4)cc(F)c3-c3cc4cc(-c5cnc([C@@H]6CCCN6C(=O)[C@@H](N[C@H](O)OC)C6CCOCC6)[nH]5)ccc4n32)s1,12,2.4849066497880004,0.3722307025712114
2920,O=c1nc(Nc2ccc(-c3ccncc3)cc2)c2cccnc2n1O,12,2.4849066497880004,0.3722307025712114
2942,Cn1ncnc1-c1cc(F)ccc1CNC(=O)c1nc(C2CCOC2)n(C)c(=O)c1O,12,2.4849066497880004,0.3722307025712114
3064,C[C@@H](Oc1cc(-c2cnn(C)c2)cc2nscc12)[C@H]1CNC(=O)O1,12,2.4849066497880004,0.3722307025712114
3160,COC(=O)N[C@H](C(=O)N1CCC[C@H]1c1ncc(-c2ccc3c(c2)OC(c2ccccc2F)n2c-3cc3cc(-c4cnc([C@@H]5CCCN5C(=O)[C@@H](NC(=O)OC)C(C)C)[nH]4)ccc32)[nH]1)C(C)C,12,2.4849066497880004,0.3722307025712114
2086,Cn1c(N(Cc2ccc(C(=O)Nc3nnn[nH]3)cc2)[C@H]2CC[C@H](C(C)(C)C)CC2)nc2cc(C(F)(F)F)ccc21,12,2.4849066497880004,0.3722307025712114
3281,CN(CCC1CCN(C(=O)OCc2cc(Cl)cc(Cl)c2)CC1)C(=O)c1c[nH]c(=O)o1,12,2.4849066497880004,0.3722307025712114
3286,COc1cnc(-c2cnccn2)c2[nH]cc(C(=O)C(=O)N3CCN(C(=O)c4ccccn4)CC3)c12,12,2.4849066497880004,0.3722307025712114
2101,CN(C)CC(=O)N1CCn2c(c(C3CCCCC3)c3ccc(C(=O)O)cc32)-c2ccc(F)cc2C1,12,2.4849066497880004,0.3722307025712114
2075,CO[C@@H]1C[C@H](C(=O)Nc2ccc(-n3ccccc3=O)cc2F)N(C(=O)Nc2ccc(Cl)cc2)C1,12,2.4849066497880004,0.3722307025712114
2493,NC(=O)c1sc2ncnc(-c3cccc(NC(=O)Nc4ccc(C(F)(F)F)cc4)c3)c2c1N,12,2.4849066497880004,0.3722307025712114
2332,CC(C)(C#N)C(=O)N1CCC(CCN2CCC(N(C(=O)NCc3ccc(C#N)cc3)c3cccc(F)c3)CC2)(c2cccc(F)c2)CC1,12,2.4849066497880004,0.3722307025712114
666,COc1cc2ncnc(Nc3cccc(Cl)c3F)c2cc1CN(C)[C@@H](C)C(N)=O,12,2.4849066497880004,0.3722307025712114
2923,COc1cnc2c(C(=O)NCCO)cn(Cc3ncnc(OC)c3C)c2c1,12,2.4849066497880004,0.3722307025712114
838,CC(C)N1C(=O)[C@H](NC(=O)[C@@H](Cc2c(Cl)cccc2Cl)NC(=O)c2ccc(F)cc2C(F)(F)F)CCc2cc(Cl)ccc21,12,2.4849066497880004,0.3722307025712114
2392,O=C(NO)C1(S(=O)(=O)c2ccc(OCCCn3nnc(-c4ccc(OC(F)(F)F)cc4)n3)cc2)CCOCC1,12,2.4849066497880004,0.3722307025712114
709,COc1ccc2c(C(=O)NCCO)nc(C#N)c(-c3ccccc3)c2c1,12,2.4849066497880004,0.3722307025712114
2350,Cc1cc(Nc2nc(N[C@@H](C)c3ncc(F)cn3)ncc2F)n[nH]1,12,2.4849066497880004,0.3722307025712114
767,Cc1nnc2ccc(N3CC[C@H](c4cc(F)c(F)cc4F)[C@@H](N)C3)nn12.O=C(O)C(F)(F)F,12,2.4849066497880004,0.3722307025712114
3267,CN1CC2CCC(C1)N2C(=O)[C@]12C[C@H]1c1cc(F)ccc1-c1c(C3CCCCC3)c3ccc(C(=O)NS(=O)(=O)C(C)(C)C)cc3n1C2,12,2.4849066497880004,0.3722307025712114
2344,C[C@H](NC(=O)c1cccc2c1N(Cc1ccc(Cl)c(Cl)c1)CC2)c1ccc(C(=O)O)cc1,12,2.4849066497880004,0.3722307025712114
638,CC(=O)Nc1c(C(C)=O)c(=O)n(C)c2nc(-c3ccc(Cl)cc3Cl)c(-c3ccc(Cl)cc3)cc12,12,2.4849066497880004,0.3722307025712114
2770,CNc1nc(C)nc(N2CCC(C(=O)NCc3ccc(Br)cc3OC(F)(F)F)CC2)n1,12,2.4849066497880004,0.3722307025712114
2124,Cc1nc2cccc(C(F)(F)F)c2c(=O)n1-c1ccc(OCCCN2CCCC2)cc1,12,2.4849066497880004,0.3722307025712114
3306,CCc1nn2c(C)cc(C)nc2c1Cc1ccc(/C=C/CN2CCN(C(C)C)CC2)cc1,12,2.4849066497880004,0.3722307025712114
2363,CCC(C)(C)Cc1c[nH]c(CCc2ccc(-c3ccc(F)cn3)cc2)n1,12,2.4849066497880004,0.3722307025712114
2417,O=C1NC2(CC2)Cc2[nH]c3c(c21)CCc1cnc(-c2ccc(F)nc2)cc1-3,12,2.4849066497880004,0.3722307025712114
3302,O=S(=O)(c1ccc(F)cc1)c1cc(F)c(O)c2ncccc12,12,2.4849066497880004,0.3722307025712114
2627,CCCSc1nc(N2CCCCC2C(=O)O)ccc1C(=O)NC1CCCCC1,12,2.4849066497880004,0.3722307025712114
2525,CC(C)n1ncc(-c2ccc(OCCCN3CCC[C@H]3C)cc2)cc1=O,12,2.4849066497880004,0.3722307025712114
2294,Cc1ccc2c(N3CCN(CCc4cccc5c4OCc4nnc(C)n4-5)CC3)cccc2n1,12,2.4849066497880004,0.3722307025712114
2165,O=C1c2cccc3c(NCCO)ccc(c23)C(=O)N1c1cccc(Br)c1,12,2.4849066497880004,0.3722307025712114
3006,C[C@H]1[C@H](NC(=O)/C(=N\OC(C)(C)C(=O)O)c2csc(N)n2)C(=O)N1C(=O)NS(=O)(=O)N1CCN(C(=O)c2cc(=O)c(O)c[nH]2)N(C)C1=O,12,2.4849066497880004,0.3722307025712114
2342,COc1ccc(C(=O)N2CCN(c3ccccn3)CC2)cc1C#Cc1ccccn1,12,2.4849066497880004,0.3722307025712114
641,COc1ccc(C(CC(=O)O)Cc2nc(CCCc3ccc4c(n3)NCCC4)no2)cn1,12,2.4849066497880004,0.3722307025712114
2807,CC(C)(O)c1ccc(-c2nc3c(c(=O)[nH]2)COCC3)cc1,12,2.4849066497880004,0.3722307025712114
2647,COc1cc(C2CCN(CC(N)=O)CC2)ccc1Nc1ncc2ccc(-c3ccccc3OC)n2n1,12,2.4849066497880004,0.3722307025712114
2483,N#Cc1cc(Cl)cc(Oc2c(Cl)ccn(Cc3n[nH]c4nc(N)ccc34)c2=O)c1,12,2.4849066497880004,0.3722307025712114
2349,Cc1cn2c(-c3cn[nH]c3)cnc2c(Nc2cc(CNCCC(F)(F)F)ns2)n1.Cl,12,2.4849066497880004,0.3722307025712114
2706,Cn1nnnc1Cc1ncc(Cl)cc1NS(=O)(=O)c1ccc(Cl)c(Cl)c1,12,2.4849066497880004,0.3722307025712114
2795,COc1cc2nnc(C(N)=O)c(Nc3ccc(C)cc3F)c2cc1N1CCN(C)CC1,12,2.4849066497880004,0.3722307025712114
2482,N#Cc1cc(Cl)cc(Oc2c(Cl)ccn(Cc3n[nH]c4ncccc34)c2=O)c1,12,2.4849066497880004,0.3722307025712114
3172,O=C(O)c1ccc(F)cc1CC[C@@H]1CCC[C@@H]1NC(=O)C1CCN(c2ccc(C(F)(F)F)cc2)CC1,12,2.4849066497880004,0.3722307025712114
2884,Nc1ncnc2c1C(=O)N(c1ccc(-c3cc(Cl)ccc3Cl)cc1)CCO2,12,2.4849066497880004,0.3722307025712114
2182,Cc1ccc(Oc2ccnc(Nc3ccc(S(N)(=O)=O)cc3)c2)c(C)n1,12,2.4849066497880004,0.3722307025712114
835,OCCO[C@H]1C[C@@H](n2nnc3c(N[C@@H]4C[C@H]4c4ccc(F)c(F)c4)nc(SCCC(F)(F)F)nc32)[C@H](O)[C@@H]1O,12,2.4849066497880004,0.3722307025712114
575,CC(CSC(CCc1ccccc1[N+](=O)[O-])c1cccc(OCc2ccc3ccc(Cl)cc3n2)c1)C(=O)[O-].[Na+],12,2.4849066497880004,0.3722307025712114
574,CC(CSC(CCc1ccccc1C(C)(C)O)c1cccc(OCc2ccc3ccc(Cl)cc3n2)c1)C(=O)[O-].[Na+],12,2.4849066497880004,0.3722307025712114
3373,COc1cc2nccc(Nc3n[nH]c(C)c3C)c2cc1S(=O)(=O)C(C)(C)C,12,2.4849066497880004,0.3722307025712114
742,COC[C@@H]1C[C@@](CC(C)C)(C(=O)O)N(C(=O)c2ccc(C(C)(C)C)c(OC)c2)[C@H]1c1nccs1,12,2.4849066497880004,0.3722307025712114
2253,CC(=O)NC(C)(C)[C@@H]1CC2(CCN(C(=O)[C@@H]3CN(C(C)(C)C)C[C@H]3c3ccc(F)cc3F)CC2)c2cc(Cl)c(C)cc21,12,2.4849066497880004,0.3722307025712114
2988,C[C@H](CO)CONC(=O)c1ncc2cncn2c1Nc1ccc(I)cc1F,12,2.4849066497880004,0.3722307025712114
3112,C[C@@H](C(=O)Nc1ccc(C[C@@H]2CC[C@H]([C@H](O)c3cccnc3)N2)cc1)n1ncccc1=O,12,2.4849066497880004,0.3722307025712114
2270,CN1c2nc(-c3ccc(Cl)cc3Cl)c(-c3ccc(Cl)cc3)cc2C(C(=O)NCO)CC1(C)C,12,2.4849066497880004,0.3722307025712114
2118,CC(C)(C)c1nc2nc(-c3ccccc3Cl)c(-c3ccc(Cl)cc3)cc2c2n[nH]c(=O)n12,12,2.4849066497880004,0.3722307025712114
3258,Cc1ccc([C@@H](C)Oc2cc3onc(CCC(=O)O)c3cc2Cl)nn1,12,2.4849066497880004,0.3722307025712114
2728,O=C(N[C@H]1CCC[C@H](CO)C1)C1CCN(c2nc3cc(Cl)c(-c4ccc(Cl)cc4)cc3o2)CC1,12,2.4849066497880004,0.3722307025712114
3032,CC[C@H]1[C@H](NC(=O)/C(=N\OC(C)(C)C(=O)O)c2csc(N)n2)C(=O)N1C(=O)NS(=O)(=O)n1nc(-c2cc(=O)c(O)c[nH]2)n(CCCS(C)(=O)=O)c1=O,12,2.4849066497880004,0.3722307025712114
2973,O=C(Nc1cnn(-c2cccc(C(=O)Nc3cnn(C4CCNCC4)c3)c2)c1)Nc1ccccc1Cl,12,2.4849066497880004,0.3722307025712114
2703,CC(C)(C)c1cc(NC(=O)Nc2ccc(NC(=O)c3ccc(OC4CCN(C5CC5)CC4)cn3)cc2)no1,12,2.4849066497880004,0.3722307025712114
3139,Cc1ccnc2c3c(nn12)CN([C@H]1CO[C@H](c2cc(F)ccc2F)[C@@H](N)C1)C3.O=C(O)C(F)(F)F,12,2.4849066497880004,0.3722307025712114
2439,O=C(c1ccc(-c2ccc(=O)n(-c3ccc(F)cc3)n2)cc1)N1CCC[C@H]1CN1CCCC1,12,2.4849066497880004,0.3722307025712114
2428,CCC(CC)Nc1nc(C)c(-c2ccc(OC(F)(F)F)cc2OC)nc1OC,12,2.4849066497880004,0.3722307025712114
542,O=C(c1ccc2oc(-c3cccc(Cn4cc(C(F)(F)F)ccc4=O)n3)cc2c1)N1CCC(N2C(=O)OCc3ccccc32)CC1,12,2.4849066497880004,0.3722307025712114
2882,Nc1ncnc2c1C(=O)N(c1ccc(-c3ccc(CC(=O)N4CC[C@@H](O)C4)cc3Cl)cc1)CCO2,12,2.4849066497880004,0.3722307025712114
3179,Cn1nc(-c2cnc(N)c(-c3ccc(C(N)=O)c(F)c3)n2)nc1C1(c2ccccc2)CC1,12,2.4849066497880004,0.3722307025712114
3080,CCS(=O)(=O)Nc1n[nH]c2c1CN([C@H]1CO[C@H](c3cc(F)ccc3F)[C@@H](N)C1)C2,12,2.4849066497880004,0.3722307025712114
3295,CCS(=O)(=O)c1ccc([C@@H](NC(C)=O)C(=O)Nc2cc(-c3cccnc3OCc3ccc(OC(F)(F)F)cc3)cs2)cc1,12,2.4849066497880004,0.3722307025712114
2141,COc1ccc2c(c1)CC(c1nc3c(F)cc(-c4ccnc(N)n4)cc3[nH]1)CO2,12,2.4849066497880004,0.3722307025712114
719,C[C@@H](NC(=O)C1(NC(=O)C(F)(F)F)CC1)c1ccc(-c2cccc(Cl)c2-c2nnn(C)n2)cc1F,12,2.4849066497880004,0.3722307025712114
2033,Cc1ncc(NC(=O)c2cc(NC(=O)c3cccc(Cl)c3)ccc2Cl)s1,12,2.4849066497880004,0.3722307025712114
781,CN1C[C@H](F)C[C@H]1c1nc(C(=O)NCc2ccc(F)cc2)c(O)c(=O)n1C,12,2.4849066497880004,0.3722307025712114
3150,Cc1noc(Cn2nc3ccc(-c4ccc(OC(F)(F)F)cc4)cn3c2=O)n1,11.98,2.4832385926873033,0.3721174124831019
2664,CC(C)NC(=O)[C@H]1CC[C@@H](n2/c(=N/C(=O)c3cc(F)cc(F)c3)[nH]c3ccc(CN4CCC(C(C)(C)O)CC4)cc32)CC1,11.95,2.4807312783775197,0.3719471222340723
2432,CC(C)=CCC/C(C)=C/CC/C(C)=C/CC[C@@](C)(O)CCC1=C(C)C(=O)C(C)=C(C)C1=O,11.93,2.4790562361098245,0.3718333577316371
3131,CCCSc1sc(-c2cc[nH]n2)c2c1C(=O)NC[C@@H]2C,11.9,2.4765384001174837,0.3716623528773679
631,CC(C)(C)N1CCC(c2cc(-c3ccc(F)cc3F)c3ccc(=O)n(-c4c(Cl)cccc4Cl)c3c2)CC1,11.9,2.4765384001174837,0.3716623528773679
2583,COc1cc(N2C(=O)N(c3ccc(-c4ccc(C(=O)O)cc4C)cc3)C(=O)C23CCN(Cc2ncccc2C)CC3)ncn1,11.9,2.4765384001174837,0.3716623528773679
2499,N#Cc1cc(Cl)cc(Oc2c(Cl)ccc3c2nnn3Cc2n[nH]c3nc(N)ccc23)c1,11.9,2.4765384001174837,0.3716623528773679
2825,Cc1cc2c(c(Oc3cc(NS(=O)(=O)c4ccc(Cl)cc4)ccc3F)n1)C(=O)N(C(C)C)C2=O,11.83,2.4706386779902956,0.3712616591365296
2307,Cc1cc(C=C2C(=O)Nc3ccc(F)cc32)c2ccccc(OCCN3CCC[C@H]3CO)c1-2,11.83,2.4706386779902956,0.3712616591365296
3186,Cc1nc(NC2CCCC2)sc1-c1ccnc(Nc2ccc(N3CCOCC3)cn2)n1,11.83,2.4706386779902956,0.3712616591365296
2681,C#Cc1cccc(C[C@H](NC(=O)COC)[C@H](O)CN[C@H]2CC3(CCC3)Oc3ncc(CC(C)(C)C)cc32)c1,11.83,2.4706386779902956,0.3712616591365296
3101,COc1ccc2c(c1)[C@@H]1C[C@]1(C(=O)N1C3CCC1CN(C)C3)Cn1c-2c(C2CCCCC2)c2ccc(C(=O)NS(=O)(=O)CC(C)C)cc21,11.8,2.468099531471619,0.3710892069268879
3046,CNC(=O)c1ccc(-c2cc(Cl)cc(Cl)c2Cl)c(N)n1,11.7,2.4595888418037104,0.3705111830798947
3114,COCCOc1cc2c(-n3nc(-c4ccccn4)nc3N)ncnc2cc1OC,11.7,2.4595888418037104,0.3705111830798947
2134,O=C1O[C@@H](Cn2ccnn2)CN1c1ccc(N2CCN(Cc3cccc([N+](=O)[O-])c3)CC2)c(F)c1,11.7,2.4595888418037104,0.3705111830798947
2460,Cc1nc(Oc2ccc(NS(C)(=O)=O)cc2)ccc1CN1CCC(N(C(=O)Nc2ccc(C(N)=O)nc2C)c2cccc(F)c2)CC1,11.7,2.4595888418037104,0.3705111830798947
3272,O[C@]1(Cc2cc(-c3cn[nH]c3)on2)CC[C@H](Cc2ccc(Cl)cc2)CC1,11.7,2.4595888418037104,0.3705111830798947
2804,NC(=O)C[C@H]1CC[C@H](c2ccc(N3CCOc4ncnc(N)c4C3=O)cc2)CC1,11.7,2.4595888418037104,0.3705111830798947
3115,COCCOc1cc2ncnc(-n3nc(-c4ccccn4)nc3N)c2cc1OCCOC,11.7,2.4595888418037104,0.3705111830798947
2632,N#Cc1c(-c2ccc3c(ccn3[C@H]3CC[C@H](O)CC3)c2)ccn2c(CC(F)(F)F)cnc12,11.67,2.4570214462984645,0.3703368122727565
2461,CC(C)N(/C(Cc1ccc([N+](=O)[O-])cc1)=N/P(=O)(Oc1ccccc1)Oc1ccccc1)C(C)C,11.67,2.4570214462984645,0.3703368122727565
2028,COc1cc2nccc(Oc3ccc4c(NC(=O)c5cccc(C(F)(F)F)c5)nn(C)c4c3)c2cc1OC,11.67,2.4570214462984645,0.3703368122727565
2675,COc1ncc(Nc2ncc(C(C)(C)N3CCN(S(C)(=O)=O)CC3)cc2-c2nc(C)nc(N)n2)cc1F,11.67,2.4570214462984645,0.3703368122727565
3126,COCCOc1cnc2ccn([C@H](C)c3nnc4ccc(-c5cnn(C)c5)cn34)c(=O)c2c1,11.67,2.4570214462984645,0.3703368122727565
2018,O=C(O)CN1C(=O)[C@@]2(CC(=O)N(Cc3cc(Cl)ccc3F)C2=O)c2cc(Cl)ccc21,11.67,2.4570214462984645,0.3703368122727565
2433,Fc1cccc(Cl)c1C1CC(c2ccc(Cl)cc2)Nc2ncnn21,11.67,2.4570214462984645,0.3703368122727565
2569,CC1CN(CC(=O)N[C@H]2C3CC4CC2C[C@](C(N)=O)(C4)C3)S(=O)(=O)N(c2c(Cl)cc(Cl)cc2Cl)C1,11.67,2.4570214462984645,0.3703368122727565
2716,O=C1CCCN1C1CCN(Cc2coc3cc(Oc4nc5ncccc5s4)ccc23)CC1,11.67,2.4570214462984645,0.3703368122727565
2026,CCC(c1ccc(-c2ccc(F)cc2)cc1)n1ccnc1,11.67,2.4570214462984645,0.3703368122727565
844,Cc1cc(COc2ccc(C(=O)N[C@@H]3C[C@@]4(CCCO4)C[C@@H]3C(=O)NO)cc2)c2ccccc2n1,11.67,2.4570214462984645,0.3703368122727565
841,Cc1cc(COc2ccc(C(=O)N[C@@H]3CCOC[C@@H]3C(=O)NO)cc2)c2ccccc2n1,11.67,2.4570214462984645,0.3703368122727565
2112,Cc1cccc(C)c1CN[C@]1(CCC(C)(C)C)C(=O)C(C2=NS(=O)(=O)c3cc(NS(C)(=O)=O)ccc3N2)=C(O)c2ccccc21,11.67,2.4570214462984645,0.3703368122727565
3369,CCOc1ccc(OC)cc1C1(N2CCN(c3ccncc3)CC2)C(=O)N(S(=O)(=O)c2ccc(OC)cc2OC)c2ccc(C#N)cc21,11.67,2.4570214462984645,0.3703368122727565
2336,CC(C)CN1CCN(c2nc3c(c(Nc4ccc(C(F)(F)F)cc4)n2)CCN(c2ncccc2C(F)(F)F)CC3)CC1,11.67,2.4570214462984645,0.3703368122727565
3294,Cn1cnc(S(=O)(=O)N2C[C@H](Nc3cc(C(F)(F)F)ncn3)[C@@H](c3ccc(F)cc3)C2)c1,11.67,2.4570214462984645,0.3703368122727565
703,O=C(c1ccc(Br)cc1NS(=O)(=O)c1cccc2nsnc12)N1CCCCC1,11.67,2.4570214462984645,0.3703368122727565
2133,CCCCC1(CCCC)C(=O)C(C2=NS(=O)(=O)c3cc(NS(C)(=O)=O)ccc3N2)=C(O)c2ccccc21,11.67,2.4570214462984645,0.3703368122727565
2266,O=C(O)CCCOc1cccc(CCCCCCOc2cc(-c3cccc(F)c3)cc(-c3ccc4c(c3)OCO4)c2)c1CCC(=O)O,11.6,2.451005098112319,0.369928197594146
2317,CSc1nn(-c2ccccc2)c2cc(NC(=O)C3CCNCC3)ccc12,11.6,2.451005098112319,0.369928197594146
519,C[C@@H](O)[C@H]1C(=O)N2C(C(=O)O)=C(S[C@@H]3CN[C@H](/C=C/c4ccns4)C3)[C@H](C)[C@H]12,11.6,2.451005098112319,0.8390849212262143
2612,O=c1ccn2nc(Oc3ccc(F)cc3F)ccc2c1-c1c(F)cccc1F,11.6,2.451005098112319,0.369928197594146
2533,Cc1nc(O[C@H]2C(C)(C)[C@H](NC(=O)c3cnc4ncccn34)C2(C)C)ccc1C#N,11.6,2.451005098112319,0.369928197594146
2982,COc1cccc(CNC(=O)c2nc3scc(COCc4ccc(C(=O)O)cc4)c3c(=O)[nH]2)c1,11.55,2.446685436967803,0.3696348174745681
3111,Cc1ccc(CN2CCN(C)CC2)cc1NC(=O)c1ccc(Nc2ncc(C(F)(F)F)c(-c3ccc(OC(F)(F)F)cc3)n2)cc1,11.55,2.446685436967803,0.3696348174745681
2435,CCC(CC)(c1ccc(OCC(O)C(C)(C)C)c(C)c1)c1ccc(OC[C@@H](O)CCC(=O)O)c(C)c1,11.52,2.444084655267745,0.3694581791641472
2948,CC(C)(C)[C@@H](CS(=O)(=O)N1CCc2cc(F)ccc21)N1C(=O)[C@@](C)(CC(=O)O)C[C@H](c2cccc(Cl)c2)[C@H]1c1ccc(Cl)cc1,11.5,2.4423470353692043,0.3693401645522228
2653,O=C(Nc1cccnc1)N1CCN(Cc2cccc(Oc3ccc(Cl)cc3)c2)CC1,11.5,2.4423470353692043,0.3693401645522228
2596,CC(C)(C)NS(=O)(=O)c1cncc(-c2ccc3nc(N)nn3c2)c1,11.5,2.4423470353692043,0.3693401645522228
2269,Cc1cc(C)cc(Nc2ccc(CCC(=O)O)c(C(=O)N[C@H](CC(C)C)c3cc(C)cc(C)c3)c2)c1,11.5,2.4423470353692043,0.3693401645522228
3296,Cc1cc(/N=N/c2ccc3c(c2)CCC(=O)N3)c(N)cc1O,11.5,2.4423470353692043,0.3693401645522228
3195,CC1(C)CCC2(CC1)N[C@@H](C(=O)Nc1ccc(C(=O)O)cc1)[C@H](c1cccc(Cl)c1F)[C@]21C(=O)Nc2cc(Cl)ccc21,11.5,2.4423470353692043,0.3693401645522228
2274,COc1ccc2c(O[C@@H]3C[C@H]4C(=O)N[C@]5(C(=O)NS(=O)(=O)C6CC6)C[C@H]5/C=C\CCCCN(C)C(=O)N4C3)nc(-c3ccccc3)nc2c1C,11.5,2.4423470353692043,0.3693401645522228
2594,CC(=O)NCCN[C@H](C)c1cnc2c(C)c(NC(=O)c3ccc(OCC4CC4)cc3)ccc2c1,11.5,2.4423470353692043,0.3693401645522228
867,CCOc1c(Cl)cc(Cl)cc1-c1ccc([C@@H](C)NC(=O)C2(NC(=O)C(F)(F)F)CC2)c(F)c1,11.5,2.4423470353692043,0.3693401645522228
3259,CCc1nc2c(C)cc(N3CCN(CC(=O)N4CC(O)C4)CC3)cn2c1N(C)c1nc(-c2ccc(F)cc2)c(C#N)s1,11.5,2.4423470353692043,0.3693401645522228
2510,CCn1c(=O)c(-c2cc(C(=O)NC3CC3)cc(F)c2C)cc2nnc(-c3c(F)cccc3Cl)n21,11.43,2.4362414778067194,0.3689254910054227
658,COc1ccc(NCCNC(=O)[C@H](CC2CCCCC2)Nc2nc3ccccc3o2)cc1,11.4,2.4336133554004498,0.3687469957855384
828,C[C@H](NS(=O)(=O)C(F)(F)F)c1ccc(S(=O)(=O)c2ccc(Cl)cc2S(=O)(=O)c2ccccc2F)cc1,11.4,2.4336133554004498,0.3687469957855384
3228,CNC(=O)c1ccc(Nc2nc(OC3CC3)c3c(-c4ccc5nc(C)oc5c4)c[nH]c3n2)c(OC)c1,11.4,2.4336133554004498,0.3687469957855384
2023,CC[C@H](NC(C)=O)c1cc(Cl)ccc1C1CCN(C(=O)[C@@H]2CN(C(C)(C)C)C[C@H]2c2ccc(Cl)cc2F)CC1,11.4,2.4336133554004498,0.3687469957855384
2129,O=C(O)c1ccc(-c2ccc3c(c2)C[C@@H](NC[C@H](O)c2ccc(Cl)cc2)CC3)cc1,11.4,2.4336133554004498,0.3687469957855384
2024,CC[C@H](NC(C)=O)c1cc(Cl)ccc1C1CCN(C(=O)[C@H]2CN(C(C)(C)C)C[C@@H]2c2ccc(Cl)cc2Cl)CC1,11.4,2.4336133554004498,0.3687469957855384
701,C#C[C@H]1CC[C@@H](C#N)N1C(=O)CNC1(C)CCN(c2cc(C(=O)O)ccn2)CC1,11.33,2.427454075039915,0.3683286735263998
2996,NC1=N[C@@]2(CO1)c1cc(-c3ncccc3F)ccc1Oc1c2cc(C2=CCCOC2)nc1F,11.33,2.427454075039915,0.3683286735263998
2768,Cc1cc(-c2cc(NC(=O)c3ccc(CN4CCN(C)CC4)cc3)[nH]n2)ccc1NC(=O)Nc1cc(C(C)(C)C)on1,11.3,2.424802725718295,0.368148600794999
2328,N#Cc1ccc(CNC(=O)N(c2cccc(F)c2)C2CCN(CCC3(c4cccc(F)c4)CCN(C(=O)c4ccc(F)cc4O)CC3)CC2)cc1,11.3,2.424802725718295,0.368148600794999
756,Cc1cc(CC(=O)N2C[C@@H](F)C[C@H]2COc2ccc(C(=O)O)cc2)ccc1NC(=O)Nc1ccccc1Br,11.3,2.424802725718295,0.368148600794999
3015,Cc1noc(-c2nnc3n2CCN(C(=O)c2ccc(-c4cccs4)cc2)[C@@H]3C)n1,11.3,2.424802725718295,0.368148600794999
2360,CCCCN1C(=O)[C@@H]([C@H](O)C2CCCCC2)NC(=O)C12CCN(Cc1ccc(Oc3ccc(C(=O)O)cc3)cc1)CC2.Cl,11.3,2.424802725718295,0.368148600794999
870,CCOc1c(Cl)cc(Cl)cc1-c1cnc([C@@H](C)NC(=O)C2(NC(=O)C(F)(F)F)CC2)c(F)c1,11.3,2.424802725718295,0.368148600794999
2545,CCc1c(C)cc(C(=O)NC2(C(=O)O)CCCCC2)c(=O)n1Cc1ccc(F)cc1,11.3,2.424802725718295,0.368148600794999
3288,COc1cnc(-n2ccc(C)n2)c2[nH]cc(C(=O)C(=O)N3CCN(C(=O)c4ccccc4)[C@H](C)C3)c12,11.2,2.4159137783010487,0.367544886668139
2719,C[C@@H]1CN(C(=O)C(=O)c2c[nH]c3c(-c4nccs4)ccnc23)CCN1C(=O)c1ccccc1,11.2,2.4159137783010487,0.367544886668139
2005,COc1cccc(CNC(=O)c2cc3c(=O)n(Cc4ccc(C(=O)O)cc4)cnc3cn2)c1,11.2,2.4159137783010487,0.367544886668139
3346,CC(CC(=O)Nc1ccc(C#N)c(Cl)c1)CC(=O)Nc1ccc2c(c1)c(=O)n(CC1CC1)c(=O)n2CC1CC1,11.2,2.4159137783010487,0.367544886668139
715,CS(=O)(=O)c1ccc(-c2noc([C@@H](CC3CC3)[C@H](N)C(=O)N3CC[C@H](F)C3)n2)cc1.O=C(O)C(F)(F)F,11.2,2.4159137783010487,0.367544886668139
2174,CC(C)(F)C(=O)NC[C@@H]1CCCN1C(=O)C[C@H](N)Cc1cc(F)c(F)cc1F,11.17,2.413231613081109,0.3673627210012898
2941,COC(=O)N[C@H](C(=O)N1CCC[C@H]1c1ncc(-c2ccc3c(c2)Oc2ccc(-c4cnc([C@@H]5CCCN5C(=O)[C@@H](NC(=O)OC)C(C)C)[nH]4)cc2O3)[nH]1)C(C)C,11.17,2.413231613081109,0.3673627210012898
2355,COc1cnccc1C(=O)c1cc(NS(C)(=O)=O)cc(-c2cccc3[nH]ccc23)c1,11.17,2.413231613081109,0.3673627210012898
2181,Cc1ccc2c(Nc3ccc(Cl)cc3)nccc2c1Nc1ncccc1-c1ccncn1,11.17,2.413231613081109,0.3673627210012898
3340,CC[C@H](CC(=O)O)c1cccc(OCc2ccc(-c3cc(OC)ccc3F)c([C@@H]3CCCC3(C)C)c2)c1,11.17,2.413231613081109,0.3673627210012898
2507,C=C[C@@H]1C[C@]1(NC(=O)[C@@H]1C[C@@H](Oc2cc(-c3nc(C(C)C)cs3)nc3c(Cl)c(OCCOC)ccc23)[C@H]2CC[C@H](C(C)C)C(=O)N21)C(=O)NS(=O)(=O)C1CC1,11.17,2.413231613081109,0.3673627210012898
2451,Cc1nn(-c2ccc(C(=O)N[C@@H]3CCCc4cc(CN5CCCCC5)ccc43)cc2)c(=O)c2c(Cl)cccc12,11.17,2.413231613081109,0.3673627210012898
3223,CC1(C)Oc2cc(C#Cc3cc(Cl)ccc3F)ccc2-c2[nH]c(-c3c(F)cccc3Cl)nc21,11.14,2.410542234499138,0.3671800654217033
2853,COC(=O)N[C@@H](C(=O)N1CCC[C@H]1c1ncc(-c2ccc(-c3ccc(-c4cnc([C@@H]5CCCN5C(=O)[C@H](NC(=O)OC)c5ccccc5)[nH]4)cc3)cc2)[nH]1)c1ccccc1,11.1,2.4069451083182885,0.3669357579925399
588,CCNC(=O)[C@@H]1CCCN1C(=O)[C@H](CCCN=C(N)N)NC(=O)[C@H](CC(C)C)NC(=O)[C@@H](Cc1c[nH]c2ccccc12)NC(=O)[C@H](Cc1ccc(O)cc1)N(C)C(=O)[C@H](CO)NC(=O)[C@H](Cc1c[nH]c2ccccc12)NC(=O)[C@H](Cc1c[nH]cn1)NC(=O)[C@@H]1CCC(=O)N1,11.1,2.4069451083182885,0.3669357579925399
3128,Cc1ccoc1C(=O)Nc1ccc(N2Cc3c(Cl)cccc3C2=O)c(Cl)c1,11.1,2.4069451083182885,0.3669357579925399
2527,O=c1cc(-c2ccc(OCCCN3CCCCC3)cc2)cnn1-c1ccccn1,11,2.3978952727983707,0.3663211167653308
737,COc1cccc(-n2c(=O)n(CC(=O)Nc3ccc4c(c3)C[C@]3(C4)C(=O)NC(=O)N3C)c3ccccc32)n1,11,2.3978952727983707,0.3663211167653308
526,C[C@]1(C(=O)N[C@@H](Cc2ccc(NC(=O)c3c(Cl)cncc3Cl)cc2)C(=O)O)CCCO1,11,2.3978952727983707,0.3663211167653308
2715,CCCN(c1cccnc1)P(=O)(c1ccccc1)c1ccccc1,11,2.3978952727983707,0.3663211167653308
2690,CSc1c(C(=O)NC2C3CC4CC(C3)CC2C4)cnn1-c1ccc(C(=O)O)cc1,11,2.3978952727983707,0.3663211167653308
3162,COC(=O)N[C@H](C(=O)N1CCC[C@H]1c1ncc(-c2ccc3c(c2)OC(c2cccc(OC)c2)n2c-3cc3cc(-c4cnc([C@@H]5CCCN5C(=O)[C@@H](NC(=O)OC)C(C)C)[nH]4)ccc32)[nH]1)C(C)C,11,2.3978952727983707,0.3663211167653308
3310,Cc1cc(CC(=O)Nc2ccn(Cc3ccc(C#N)cn3)n2)ccc1OC(F)(F)F,11,2.3978952727983707,0.3663211167653308
2284,O=C(O)c1c(O)c(Cc2ccc(Cl)cc2)nc2c3c(ccc12)CCCC3,11,2.3978952727983707,0.3663211167653308
2481,Cc1ccn(Cc2n[nH]c3ncccc23)c(=O)c1Oc1cc(Cl)cc(C#N)c1,11,2.3978952727983707,0.3663211167653308
3234,O=C(O)c1cc(F)c2nc(N3C4CCC3CC(OCc3c(-c5ccccc5OC(F)F)noc3C3CC3)C4)sc2c1,11,2.3978952727983707,0.3663211167653308
3192,CC(C)C(O/N=C(\C(=O)N[C@@H]1C(=O)N(OS(=O)(=O)O)C1(C)C)c1csc(N)n1)c1cc(=O)c(O)cn1O,11,2.3978952727983707,0.3663211167653308
2464,Cc1c(Sc2ccc(Cl)cc2)c2c(NS(C)(=O)=O)cccc2n1CC(=O)O,11,2.3978952727983707,0.3663211167653308
2440,O=C(Nc1ccccc1Cl)N1CCC(c2nc(-c3ccc4ccccc4n3)no2)CC1,11,2.3978952727983707,0.3663211167653308
563,CN(Cc1cnc2nc(N)nc(N)c2n1)c1ccc(C(=O)N[C@@H](CCC(=O)O)C(=O)O)cc1,11,2.3978952727983707,0.3663211167653308
736,CN1C(=O)NC(=O)[C@]12Cc1ccc(NC(=O)Cn3c(=O)n(-c4cnccn4)c4ccccc43)cc1C2,11,2.3978952727983707,0.3663211167653308
2626,COc1cnc(-c2ccccc2C(F)(F)CNC(=O)c2ccc(COCC(F)(F)F)nc2)cn1,11,2.3978952727983707,0.3663211167653308
2550,COCCCS(=O)(=O)NC(=O)CCc1ccc(OCCOC)cc1Oc1ncc(C(F)(F)F)cc1Cl,11,2.3978952727983707,0.8354778403973991
3353,C[C@@H](F)[C@H]1OC(N)=N[C@](C)(c2cc(NC(=O)c3cnc(OCF)cn3)ccc2F)[C@H]1F,11,2.3978952727983707,0.3663211167653308
2608,Cc1nc(N[C@H](C)c2ccc(OC(F)(F)F)cc2)nc(N[C@@H]2C[C@H](CO)[C@@H](O)[C@H]2O)c1-c1nc2c(C3CC3)nccc2s1.Cl,11,2.3978952727983707,0.3663211167653308
2217,COc1cnc(-c2ccc(Cn3c(CC(C)(C)C(=O)O)c(SC(C)(C)C)c4cc(OC[C@@H]5Cc6ccccc6N5C(C)=O)ccc43)cc2)nc1,11,2.3978952727983707,0.3663211167653308
2765,O=C(O)Cn1c2c(c3cc(F)ccc31)CN(C(=O)Cc1c[nH]c3ccccc13)CC2,11,2.3978952727983707,0.3663211167653308
2152,CC(C)N(C)c1nc2ccc(NC(=O)c3cnc(-c4ccc(F)cc4)cn3)cc2[nH]1,11,2.3978952727983707,0.3663211167653308
2739,CC(=O)N[C@H](C)c1ccc(Nc2ncc3cc(-c4ccncc4)ccc3n2)cc1,11,2.3978952727983707,0.3663211167653308
836,OC[C@H]1C[C@@H](n2nnc3c(N[C@@H]4C[C@H]4c4ccc(F)c(F)c4)nc(SCCC(F)(F)F)nc32)[C@H](O)[C@@H]1O,11,2.3978952727983707,0.3663211167653308
708,O=c1c2sc(-c3ccc(Cl)cc3)cc2ncn1-c1ccc2nc(CN3CCC(c4ccccc4)CC3)ccc2c1,11,2.3978952727983707,0.3663211167653308
3097,C[C@H]1Cn2c(nnc2-c2ncccn2)C(=O)N1Cc1cccc(C(F)(F)F)c1Cl,11,2.3978952727983707,0.3663211167653308
3305,CCc1nn2c(C)cc(C)nc2c1Cc1ccc(/C=C/CN2CCN(C[C@@H](O)CO)CC2)cc1,11,2.3978952727983707,0.3663211167653308
753,COC(=O)c1c(F)cccc1-c1ccc([C@@H](C)Nc2nccc(Cl)c2NC(=O)CC#N)cc1,11,2.3978952727983707,0.3663211167653308
2260,CN1C(=O)N(c2cc(Cl)cc(Cl)c2)C(=O)[C@]12CN(c1ccc(C(=O)O)cn1)C[C@H]2c1ccc(C#N)cc1,11,2.3978952727983707,0.3663211167653308
2190,O=C(O)CCCN1CCC[C@H]1COc1ccc(Oc2ccc(Cl)cc2)cc1,11,2.3978952727983707,0.3663211167653308
2442,O=C(CN1C(=O)CCc2ncccc21)Nc1scc(Br)c1-c1ncn[nH]1,11,2.3978952727983707,0.3663211167653308
2976,C[C@@H]1CN(c2nc(C(F)(F)F)no2)CCN1c1ncc(OCc2ccc(CS(C)(=O)=O)cc2F)cn1,11,2.3978952727983707,0.3663211167653308
2999,Cc1c(NC(=O)c2cc3c(s2)CCCC3)cccc1-c1cn(C)c(=O)c(Nc2ccc([C@H]3C(=O)N(C)CCN3C)cc2)n1,11,2.3978952727983707,0.3663211167653308
572,CC(C)Cc1ccc([C@H](C)Oc2ccc(C(=O)c3cn(CCCC(=O)O)c4ccccc34)cc2)cc1,11,2.3978952727983707,0.3663211167653308
2224,CCCCCOC(=O)N1CCN(C(=O)[C@H](CCC(=O)O)NC(=O)c2cc(N3CCC(C(=O)NCC)CC3)cc(-c3ccccc3)n2)CC1,11,2.3978952727983707,0.3663211167653308
2262,CN(C)CC(=O)NCc1c(CN(C)[C@H]2CCCc3cccnc32)ncc2ccccc12,11,2.3978952727983707,0.3663211167653308
2403,COC[C@H](O)Cn1c(=O)cnn(-c2ccc(Cl)c(C(=O)NCC3(O)CCCCCC3)c2)c1=O,11,2.3978952727983707,0.3663211167653308
3138,Cc1ccn2nc3c(c2n1)CN([C@H]1CO[C@H](c2cc(F)ccc2F)[C@@H](N)C1)C3.O=C(O)C(F)(F)F,11,2.3978952727983707,0.3663211167653308
780,CN1CC(F)(F)C[C@H]1c1nc(C(=O)NCc2ccc(F)cc2)c(O)c(=O)n1C,11,2.3978952727983707,0.3663211167653308
3321,COC(=O)N[C@H](C(=O)N1CCC[C@H]1c1ncc(-c2cc(F)c3c(c2)O[C@@H](c2ccc(C4CC4)s2)n2c-3cc3cc(-c4cnc([C@@H]5CCCN5C(=O)[C@@H](NC(=O)OC)C5CCO[C@@H](C)C5)[nH]4)ccc32)[nH]1)C(C)C,11,2.3978952727983707,0.3663211167653308
697,COCCN1CCC(Oc2cc3c(Nc4cccc(Cl)c4F)ncnc3cc2OC)CC1,11,2.3978952727983707,0.3663211167653308
3278,Cc1cc(CNC(=O)c2nc3n(c(=O)c2O)CCOC3(C)C)ccc1F,11,2.3978952727983707,0.3663211167653308
2469,C[C@@H]1CCCN1CCCOc1ccc(-c2ccc(=O)n(C)c2)cc1,11,2.3978952727983707,0.3663211167653308
3012,C[C@@H]1CCCN1CCCOc1ccc(C2=NNC(=O)C3CC23)cc1,11,2.3978952727983707,0.3663211167653308
2561,CS(=O)(=O)Cc1cc(N2CCOCC2)nc(-c2ccccc2)n1,11,2.3978952727983707,0.3663211167653308
2754,N#Cc1cnccc1COc1cnc(N2CC3CCC(C2)N3C(=O)OCC(F)(F)F)nc1,11,2.3978952727983707,0.3663211167653308
2420,CN([C@H]1CCOC1)S(=O)(=O)Nc1ccc2ccc3ncc(-c4cnn(C)c4)cc3c(=O)c2c1,11,2.3978952727983707,0.3663211167653308
3151,CC(C)(C)c1ccc(Cn2c(C(=O)O)cc3ncc(Cl)cc32)cc1,11,2.3978952727983707,0.3663211167653308
2258,CCC12CC(=O)Nc3cccc(c31)N(Cc1ccc3cc4c(cc3n1)C[C@@]1(C4)C(=O)Nc3ncccc31)C2,11,2.3978952727983707,0.3663211167653308
2103,Nc1ncc(NC(=O)c2cc(NC(=O)c3cccc(C(F)(F)F)c3)ccc2Cl)cc1Cl,11,2.3978952727983707,0.3663211167653308
2760,Cc1cc(Nc2nc(O[C@@H](C)c3ncc(F)cn3)c(F)c(N3CCOCC3)n2)n[nH]1,11,2.3978952727983707,0.3663211167653308
3252,O=C(Nc1ccc(F)cn1)c1cc(Oc2cncc(F)c2)cn2ncnc12,11,2.3978952727983707,0.3663211167653308
2089,Cc1nc2cccc(F)c2c(=O)n1-c1ccc(OC2CCN(C3CCC3)CC2)cc1,11,2.3978952727983707,0.3663211167653308
2289,CCCO[C@H]1CC[C@](C)(N2CCC(n3c(=O)oc4ccc(S(C)(=O)=O)cc43)CC2)CC1,11,2.3978952727983707,0.3663211167653308
541,O=C(Cn1cc(C(F)(F)F)ccc1=O)NCc1cc2cc(C(=O)N3CCC(N4C(=O)OCc5cccc(F)c54)CC3)ccc2o1,11,2.3978952727983707,0.3663211167653308
3323,COC(=O)N[C@H](C(=O)N1CCC[C@H]1c1ncc(-c2cc(F)c3c(c2)O[C@@H](c2ccc(C4CC4)s2)n2c-3cc3cc(-c4cnc([C@@H]5CCCN5C(=O)[C@@H](NC(=O)OC)C5C[C@@H](C)O[C@H](C)C5)[nH]4)ccc32)[nH]1)C(C)C,11,2.3978952727983707,0.3663211167653308
3360,CN1CC2(CNC(=O)c3c2[nH]c2c3CCc3cnc(-c4cccc(F)c4)c(F)c3-2)C1,11,2.3978952727983707,0.3663211167653308
2148,CC(C)COc1ccc(Cl)cc1-c1ccccc1-c1cccc(C(=O)[O-])n1.[Na+],11,2.3978952727983707,0.3663211167653308
2066,CONC(=O)c1cn(-c2ccc3c(c2)CCC3)c2nc(Nc3ccc(C4CCN(C)CC4)cc3)ncc2c1=O,11,2.3978952727983707,0.3663211167653308
619,CN1C(C)(C)CC(Nc2cc3c(ccc(=O)n3-c3c(Cl)cccc3Cl)c(-c3ccccc3Cl)n2)CC1(C)C,11,2.3978952727983707,0.3663211167653308
529,CC1=CCN(C(=O)[C@H](Cc2cccc(C(=N)N)c2)NS(=O)(=O)c2ccc3c(c2)CCN(C)CC3)[C@@H](C(=O)O)C1,11,2.3978952727983707,0.3663211167653308
2395,Cc1cccc(Nc2ccc(-c3ccc(N4CCNCC4)nc3)cc2)n1,11,2.3978952727983707,0.3663211167653308
2519,FC(F)(F)Oc1ccc(CN2CCC3(CC2)OC(c2cc(Cl)ccn2)c2ccccc23)cc1,11,2.3978952727983707,0.3663211167653308
2292,CC(C)(CN1CCN(C2=Cc3ccccc3Cn3cc(Cl)nc32)CC1)C(=O)O,11,2.3978952727983707,0.3663211167653308
2831,CCCCn1c(-c2ccc3nn(CCC)c(Cc4ccc(-c5ccccc5-c5nn[nH]n5)cc4)c3c2)nc2ccccc21,11,2.3978952727983707,0.3663211167653308
3164,N[C@H](C(=O)Nc1cncc(F)c1CC[C@@H]1CN[C@H](COC(=O)NCC(F)(F)F)CO1)[C@@H](c1ccc(Cl)cc1)c1cc(F)cc(F)c1,11,2.3978952727983707,0.3663211167653308
2444,Cc1cc(C(=O)O)n[nH]1,11,2.3978952727983707,0.3663211167653308
2334,Cc1ccc2c(N3CCN(CCc4cccc(N5CCNC5=O)c4)CC3)cccc2n1.Cl.Cl,11,2.3978952727983707,0.3663211167653308
2642,CCCSc1nc(N2CCOCC2)ncc1C(=O)N[C@H]1C2CC3CC1C[C@](O)(C3)C2,11,2.3978952727983707,0.3663211167653308
2511,Cc1cccnc1-n1nc(C)c(-c2ccc(OC3CCN(C4CCC4)CC3)cc2)cc1=O,11,2.3978952727983707,0.3663211167653308
2936,CC(C)(C)c1cc(NC(=O)[C@@H]2CCC(=O)N2c2ccc(C(F)(F)F)cc2)on1,11,2.3978952727983707,0.3663211167653308
3083,O=C(c1ccccn1)[C@]12Cc3cnn(-c4ccc(F)cc4)c3C=C1CCN(S(=O)(=O)c1ccc(C(F)(F)F)cc1)C2,11,2.3978952727983707,0.3663211167653308
2564,C[C@@H]1CCCN1CCCOc1ccc2c(c1)CCc1cc(=O)[nH]nc1-2,11,2.3978952727983707,0.3663211167653308
2654,NC(=O)c1cc2cc(Br)c(C(F)(F)F)nc2nc1N,11,2.3978952727983707,0.3663211167653308
3320,COC(=O)N[C@H](C(=O)N1CCC[C@H]1c1ncc(-c2cc(F)c3c(c2)O[C@@H](c2ccc(C4CC4)s2)n2c-3cc3cc(-c4cnc([C@@H]5CCCN5C(=O)[C@@H](NC(=O)OC)C5CCO[C@H](C)C5)[nH]4)ccc32)[nH]1)C(C)C,11,2.3978952727983707,0.3663211167653308
2618,O=C(Nc1ccc(/C=C/c2ccc(NC(=O)[C@@H]3C[C@@H](O)CN3C(=O)OCc3ccccc3)cc2)cc1)[C@@H]1C[C@@H](O)CN1C(=O)OCc1ccccc1,11,2.3978952727983707,0.3663211167653308
2891,O=C(Nc1ccc(Cl)cn1)[C@H](COCCO)Oc1ncnc2c1cnn2-c1ccccc1Cl,11,2.3978952727983707,0.3663211167653308
706,O=C(NCc1ccc(F)cc1)c1nc(-c2cccs2)nc(O)c1O,11,2.3978952727983707,0.3663211167653308
2862,CC(C)[C@@H](CS(=O)(=O)C(C)C)N1C(=O)[C@@](C)(CC(=O)O)C[C@H](c2cccc(Cl)c2)[C@H]1c1ccc(Cl)cc1,11,2.3978952727983707,0.3663211167653308
2255,CN1C(=O)NC(=O)[C@@]12Cc1cc3ccc(CN4CC5CC(=O)Nc6cccc4c65)nc3cc1C2,11,2.3978952727983707,0.3663211167653308
2645,O=C(N[C@H]1C2CC3CC1C[C@](O)(C3)C2)c1cnc(N2CCOCC2)nc1C1CCC1,11,2.3978952727983707,0.3663211167653308
2373,Nc1nc(CC(=O)Nc2ccc(C[C@@H]3CC[C@H]([C@H](O)c4ccccc4)N3)cc2)cs1,11,2.3978952727983707,0.3663211167653308
692,COc1ccc(N2CC=C(c3ccc(Cl)c(Cl)c3)C2=O)cc1OCCN1CCC(C)CC1,11,2.3978952727983707,0.3663211167653308
2541,Nc1ncc(-c2cc(N3CCOCC3)nc(N3CCOCC3)n2)c(C(F)(F)F)n1,11,2.3978952727983707,0.3663211167653308
3033,C=C[C@H]1[C@H](NC(=O)/C(=N\OC(C)(C)C(=O)O)c2csc(N)n2)C(=O)N1C(=O)NS(=O)(=O)n1nc(-c2cc(=O)c(O)c[nH]2)n(CCCS(C)(=O)=O)c1=O,11,2.3978952727983707,0.3663211167653308
2821,C[C@H](c1cc(F)cc(F)c1)N(CC(=O)Nc1ccc2c(c1)C[C@@]1(C2)C(=O)Nc2ncccc21)C(=O)C(C)(C)C,11,2.3978952727983707,0.3663211167653308
3241,CNC(=O)c1nc(-c2nc(-c3cnc4ccccn34)c(C)nc2N)n(C)n1,11,2.3978952727983707,0.3663211167653308
2368,Cc1noc(C)c1CCC1CCN(S(=O)(=O)C[C@](C)(C[C@H](C)c2ncc(F)cn2)N(O)C=O)CC1,11,2.3978952727983707,0.3663211167653308
2362,CCOc1c2c(c(OCC)c3ccccc13)C(=O)N(c1ccc(CC3(NC(=O)NS(=O)(=O)c4c(Cl)cccc4Cl)CC3)cc1C)C2,11,2.3978952727983707,0.3663211167653308
2829,O=C(CCSc1nc2ccccc2c(=O)[nH]1)N[C@H]1CC[C@H](Oc2ccncc2)CC1,11,2.3978952727983707,0.3663211167653308
2918,CC(C)(O)[C@@H](c1ccccc1)n1cc(NC(=O)c2n[nH]c3cc(-c4cn[nH]c4)ccc23)cn1,11,2.3978952727983707,0.3663211167653308
3309,Cc1cc(CC(=O)Nc2ccn(Cc3ccc(C#N)cn3)n2)ccc1OCC(F)(F)F,11,2.3978952727983707,0.3663211167653308
3330,CS(=O)(=O)N1CCN(C(=O)c2cnc3ccc(F)cc3c2-c2ccc(C3(C#N)CC3)cc2)CC1,11,2.3978952727983707,0.3663211167653308
2580,Cc1cccnc1CN1CCC2(NC(=O)N(c3ccc(-c4ccccc4)cc3)C2=O)C(C(=O)O)C1,11,2.3978952727983707,0.3663211167653308
720,C[C@@H](NC(=O)C1(NC(=O)C(F)(F)F)CC1)c1ccc(-c2cccc(F)c2-c2nnn(C)n2)cc1F,11,2.3978952727983707,0.3663211167653308
2347,CC(C)(C)NC(=O)Cn1c(-c2cccc(OC(F)(F)F)c2)cc2cc(C(C)(C)C(=O)NC(C)(C)C)ccc21,11,2.3978952727983707,0.3663211167653308
2700,CC1(C)CC(Oc2ccc(C(=O)Nc3ccc(NC(=O)Nc4cc(C(C)(C)C)on4)cc3)nc2)CC(C)(C)N1,11,2.3978952727983707,0.3663211167653308
2130,COc1cc2c(cc1CN[C@H]1CCCN[C@H]1c1ccccc1)[C@](C)(C(F)(F)F)OCC2,11,2.3978952727983707,0.3663211167653308
815,CCc1ccc(O[C@H](C)CCOc2ccc(CCC(=O)O)c(C)c2)c(C(=O)c2ccccc2)c1,11,2.3978952727983707,0.3663211167653308
866,CN(C)C(=O)C(=O)N(C)[C@H]1CCCn2c1nc(C(=O)NCc1ccc(F)cc1)c(O)c2=O,11,2.3978952727983707,0.3663211167653308
2909,COc1ccc(N2CCOCC2)c2sc(NC(=O)N3CCC(C)(O)CC3)nc12,11,2.3978952727983707,0.3663211167653308
3303,O=S(=O)(c1cc(F)c(O)c2ncccc12)N1CCCC1,11,2.3978952727983707,0.3663211167653308
549,CC(=O)c1ccccc1CC[C@H](SC[C@@H](C)C(=O)O)c1cccc(/C=C/c2ccc3ccc(Cl)cc3n2)c1,11,2.3978952727983707,0.3663211167653308
3003,CC(C)(Nc1cc(NCC2CCOCC2)c2ncc(-c3ccc(C(=O)NC4CC4)cc3)n2n1)C(F)(F)F,11,2.3978952727983707,0.3663211167653308
2888,CC(C)OC[C@H](Oc1ncnc2c1cnn2-c1ncccc1Cl)C(=O)Nc1ccc(Cl)cn1,11,2.3978952727983707,0.3663211167653308
2540,N#Cc1cc(N)ncc1-c1cc(N2CCOCC2)nc(N2CCOCC2)n1,11,2.3978952727983707,0.3663211167653308
2183,O=C1Nc2ccc(-c3ccn[nH]3)cc2[C@](CNC(=O)c2ccc(F)cc2)(C(F)(F)F)O1,11,2.3978952727983707,0.3663211167653308
3022,O=C(O)c1cc(/N=N/c2ccc(S(=O)(=O)Nc3ccccn3)cc2)ccc1O,10.9,2.388762789235098,0.365700862298557
646,O=C(O)CC(Cc1nc(CCCc2ccc3c(n2)NCCC3)no1)c1ccc2c(c1)OCO2,10.9,2.388762789235098,0.365700862298557
2702,CN1C(C)(C)CC(Oc2ccc(C(=O)Nc3ccc(NC(=O)Nc4cc(C(C)(C)C)on4)cc3)nc2)CC1(C)C,10.9,2.388762789235098,0.365700862298557
643,O=C(O)C[C@H](Cc1nc(CCCc2ccc3c(n2)NCCC3)no1)c1ccc2c(c1)OCO2,10.9,2.388762789235098,0.365700862298557
2864,COC(=O)N[C@H](C(=O)N1CCC[C@H]1C(=O)Nc1ccc([C@@H]2CC[C@@H](c3ccc(NC(=O)[C@@H]4CCCN4C(=O)[C@@H](NC(=O)OC)C(C)C)cc3)N2c2ccc(C(C)(C)C)cc2)cc1)C(C)C,10.83,2.382320061012899,0.3652632889998654
2179,CNc1ncc2cc(-c3c(C)ccc4c(Nc5ccc6c(c5)NC(=O)C6(C)C)nccc34)ccc2n1,10.83,2.382320061012899,0.3652632889998654
2926,COc1nc2cccnc2n1-c1ccc(Nc2nc3ccccc3s2)cc1,10.83,2.382320061012899,0.3652632889998654
3125,COc1cnc2ccn([C@H](C)c3nnc4ccc(-c5cnn(C)c5)cn34)c(=O)c2c1,10.83,2.382320061012899,0.3652632889998654
3300,CC(C)[C@@H]1OC(=O)C(C)(C)/C=C/c2ccc3ccc(nc3c2)[C@@H](C)NC(=O)[C@@H]2CCCN(N2)C(=O)[C@H](C)NC1=O,10.83,2.382320061012899,0.3652632889998654
2277,Cc1ccc(C(=O)Nc2ccc(CN3CCN(C)CC3)c(C(F)(F)F)c2)cc1C#Cc1cnc2cccnn12,10.83,2.382320061012899,0.3652632889998654
2576,N#Cc1ccc(N2CCN(Cc3cc(C(=O)O)c(=O)n4ccccc34)CC2)cc1,10.8,2.379546134130174,0.3650748911201875
3027,CC(C)n1nc(-c2cnc(N)nc2-c2ccccc2)ccc1=O,10.8,2.379546134130174,0.3650748911201875
3359,CCN1CCC(c2ccc(Nc3ncc(F)c(-c4cc(F)c5c(c4)C4(CCCC4)C(C)=N5)n3)nc2)CC1,10.8,2.379546134130174,0.3650748911201875
2631,c1ccc([C@@H]([C@H](c2ccccc2)N2CCCC2)N2CCCC2)cc1,10.8,2.379546134130174,0.3650748911201875
3052,NC(=O)c1cc(F)cc2c1C(=O)N(C1CCN(C3CCC(F)(F)CC3)CC1)C2,10.8,2.379546134130174,0.3650748911201875
799,CC(C)(C#Cc1ccc(NC(=O)CSc2nnnn2-c2ccc(C3CC3)cc2Cl)c(Cl)c1)C(=O)O,10.8,2.379546134130174,0.3650748911201875
2324,CC(C)(C)OC(=O)N[C@H]1CCCCC/C=C\[C@@H]2C[C@@]2(C(=O)NS(=O)(=O)C2CC2)NC(=O)[C@@H]2C[C@@H](OC(=O)N3Cc4cccc(F)c4C3)CN2C1=O,10.72,2.372111155642656,0.3645699267711909
2997,O=C(O)CC1NCCc2c1[nH]c1ccc(OCc3ccc(C4CCCC4)c(C(F)(F)F)c3)cc21,10.72,2.372111155642656,0.3645699267711909
717,CCn1c(-c2nonc2N)nc2cnc(Oc3cccc(NC(=O)c4ccc(CN5CCOCC5)cc4)c3)cc21,10.7,2.3702437414678603,0.3644430968705172
2419,COCCCN(C)S(=O)(=O)Nc1ccc2ccc3ncc(-c4cnn(C)c4)cc3c(=O)c2c1,10.7,2.3702437414678603,0.3644430968705172
596,CN[C@H](CC(C)C)C(=O)N[C@H]1C(=O)N[C@@H](CC(N)=O)C(=O)N[C@H]2C(=O)N[C@H]3C(=O)N[C@H](C(=O)N[C@H](C(=O)O)c4cc(O)cc(O)c4-c4cc3ccc4O)[C@H](O)c3ccc(c(Cl)c3)Oc3cc2cc(c3O[C@@H]2O[C@H](CO)[C@@H](O)[C@H](O)[C@H]2O[C@H]2C[C@](C)(N)[C@H](O)[C@H](C)O2)Oc2ccc(cc2Cl)[C@H]1O,10.7,2.3702437414678603,0.3644430968705172
2767,CC(C)(C)c1cc(NC(=O)NCc2ccc(-c3cc(NC(=O)c4ccc(OCCN5CCOCC5)cc4)[nH]n3)cc2)no1,10.7,2.3702437414678603,0.3644430968705172
3262,N#Cc1cc(C(F)(F)F)ccc1N1CCOc2cc(S(=O)(=O)Nc3ncns3)ccc21,10.67,2.367436065313662,0.3642524068283365
2906,C[C@H](NC(=O)N1CCc2ccccc2[C@H]1c1ccc(C(F)(F)F)c(F)c1)C(F)(F)F,10.67,2.367436065313662,0.3642524068283365
3220,COc1c(/C=C/c2ccc(NS(C)(=O)=O)cc2)cc(N2CCC(=O)NC2=O)cc1C(C)(C)C,10.67,2.367436065313662,0.3642524068283365
3155,COc1cc(N2CCC(O)CC2)ccc1Nc1ncc(Cl)c(Nc2ccccc2P(C)(C)=O)n1,10.67,2.367436065313662,0.3642524068283365
2729,CC(C)COc1ccc(-c2ccnc(N)n2)cc1C#N,10.66,2.3664984187376983,0.3641887243182101
3109,COc1cccc(CNC(=O)c2cc(-c3nnn(C[C@H]4CO[C@H](CO)CO4)n3)nc(C)n2)c1,10.6,2.3608540011180215,0.3638053701937067
662,NCC1(Cc2nnn[nH]2)CCCCCC1,10.6,2.3608540011180215,0.3638053701937067
3023,N[14c]1[14cH][14cH][14c](OS(=O)(=O)O)[14cH][14c]1Cl,10.52,2.3532782073095637,0.3632908420353478
548,CC(=O)NC[C@H]1CN(c2ccc(N3CCOCC3)c(F)c2)C(=O)O1,10.5,2.3513752571634776,0.3631615986241793
2340,C/C(=C\c1cc(F)c(OC[C@H](F)C2CC2)cc1F)C(=O)N[C@@H]1[C@H](O)[C@@H](O)[C@H]2OCO[C@H]2[C@@H]1O,10.5,2.3513752571634776,0.3631615986241793
661,N=C(N)c1ccc2[nH]c(-c3cc(CC(=O)O)cc(-c4cccc([N+](=O)[O-])c4)c3O)cc2c1,10.5,2.3513752571634776,0.3631615986241793
2387,Cc1nc(-c2cnc3ccc(-c4cncc(NS(=O)(=O)c5ccccc5)c4)cn23)no1,10.5,2.3513752571634776,0.3631615986241793
2396,Cc1nc(C(=O)C(C)Oc2ccc(OCCCCCc3ccccc3)cc2)sc1CCCC(=O)O,10.5,2.3513752571634776,0.3631615986241793
2135,O=C1O[C@@H](Cn2ccnn2)CN1c1ccc(N2CCN(Cc3ccoc3)CC2)c(F)c1,10.5,2.3513752571634776,0.3631615986241793
2268,Cn1cnc(-c2cc3nccc(Oc4ccc(NC(=O)c5cnn(-c6ccccc6)c5C(F)(F)F)cc4F)c3s2)c1,10.5,2.3513752571634776,0.3631615986241793
2814,Cc1cccc(CC(=O)N2CCc3cc(-c4cn(C)c5ncnc(N)c45)ccc32)n1,10.5,2.3513752571634776,0.3631615986241793
2173,Cc1ccc(C(=O)NC2CC2)cc1Oc1cc(=O)n(C)c2c1cnn2-c1c(F)cccc1F,10.5,2.3513752571634776,0.3631615986241793
2199,CCCOCCn1c(=O)c(NCC(=O)N2CCC(O)CC2)nc2cnc(-c3ccc(OC)nc3)cc21,10.5,2.3513752571634776,0.3631615986241793
852,Cc1cccc(C)c1S(=O)(=O)NCCc1c(CCCc2ccc(C(=O)O)cc2)c2cc(Cl)ccc2n1C(c1ccccc1)c1ccccc1,10.5,2.3513752571634776,0.3631615986241793
670,N#Cc1ccc(OC[C@H]2CC[C@@H](C(=O)N3CCC[C@H]3C#N)N2)c(Cl)c1,10.5,2.3513752571634776,0.3631615986241793
2159,CC1=C2C[C@H]3[C@@H](CC[C@@H]4CNC(=O)CC[C@@]43C)[C@@H]2CC[C@@]2(C1)O[C@@H]1C[C@H](C)CN[C@H]1[C@H]2C,10.5,2.3513752571634776,0.3631615986241793
559,COc1cccc(CNc2ccc(N3CCN(c4cccc(C(F)(F)F)c4)CC3)c(C(F)(F)F)c2)c1Oc1ccc([N+](=O)[O-])cc1C(=O)O,10.4,2.341805806147327,0.362511666467585
3334,Cc1cc(N(C)C(N)=O)cc(C)c1CCS(=O)(=O)N1CCC2(CC1)N=C([C@H]1CC[C@H](C)CC1)NC2=O,10.4,2.341805806147327,0.362511666467585
3037,COc1cc(Nc2ncc3c(n2)-c2ccc(Cl)cc2C(c2c(F)cccc2OC)=NC3)ccc1C(=O)O,10.4,2.341805806147327,0.362511666467585
2860,C[C@@H](CS(=O)(=O)C(C)(C)C)N1C(=O)[C@@](C)(CC(=O)O)C[C@H](c2cccc(Cl)c2)[C@H]1c1ccc(Cl)cc1,10.33,2.3350522831315472,0.3620529847970432
3211,COc1ccc2c(c1)O[C@@H](c1ccc(C(=O)O)cc1)C[C@H]2NC(=O)C1(c2ccc3c(c2)OC(F)(F)O3)CC1,10.33,2.3350522831315472,0.3620529847970432
2073,Cc1ccc([C@@]2(O)C[C@H](C(=O)Nc3ccc(-n4ccccc4=O)cn3)N(C(=O)Nc3ccc(Cl)cc3)C2)cc1,10.3,2.33214389523559,0.361855454676011
857,Cc1ccccc1S(=O)(=O)NCCc1c(CCCc2ccc(C(=O)O)cc2)c2cc(Cl)ccc2n1C(c1ccccc1)c1ccccc1,10.3,2.33214389523559,0.361855454676011
636,N#Cc1cc(F)ccc1-c1cc(-c2cnc3nc(C(F)(F)F)ccn23)ccc1F,10.3,2.33214389523559,0.361855454676011
2211,CCCn1cnc(C[C@H](CCCN)C(=O)O)c1,10.2,2.322387720290225,0.3611928407171066
863,CNCc1cc(C(=O)N2CCN(C3CC3)CC2)ccc1Oc1ccc(Cl)c(Cl)c1,10.2,2.322387720290225,0.3611928407171066
3182,COc1ccc(N2CCOCC2)c2sc(NC(=O)C(C)(C)Oc3ccc(F)c(F)c3)nc12,10.2,2.322387720290225,0.3611928407171066
522,CCCc1cc(Oc2ccc(F)cc2)ccc1OCCCOc1cccc(C2SC(=O)NC2=O)c1,10.2,2.322387720290225,0.3611928407171066
2088,Cc1cccc(-n2nc(C(C)(C)C)cc2/C(=N/O)C(=O)Nc2ccc(OCCN3CCOCC3)c3ccccc23)c1,10.17,2.3194422100604686,0.3609927893439751
2491,COc1cc(OC)cc(N2CCN(C(=O)Nc3nc4cc(F)ccc4nc3OC)CC2)c1,10.17,2.3194422100604686,0.3609927893439751
2902,CN(C)C1CCN(c2ccc(Nc3ncc4c5ccncc5n([C@H]5CC[C@H](C)CC5)c4n3)nn2)CC1,10.17,2.3194422100604686,0.3609927893439751
3200,COc1cc(-c2ccc(F)c(C)c2)c(F)cc1-n1c(=O)ccc2cc(S(=O)(=O)Nc3ccon3)ccc21,10.17,2.3194422100604686,0.3609927893439751
605,C[C@@H](O)[C@H]1C(=O)N2C(C(=O)O)=C(S[C@@H]3CN[C@H](CSc4cnns4)C3)[C@H](C)[C@H]12,10.15,2.3174737054877963,0.3608590936471139
659,C[C@@H](CN1CC(C)(C)c2cc(F)ccc21)NC(=O)[C@H](CC1CCCCC1)Nc1nc2cccc(Cl)c2o1,10.1,2.312535423847214,0.3605236984367599
3354,CCOc1cc(-c2nncn2C)ccc1Nc1ncc2cc(C)nc(NCC(C)(C)C)c2n1,10.1,2.312535423847214,0.3605236984367599
640,CC(C)CCn1c(=O)c(C2=NS(=O)(=O)c3ccccc3N2)c(O)c2ccccc21,10.1,2.312535423847214,0.3605236984367599
3161,COC(=O)N[C@H](C(=O)N1CCC[C@H]1c1ncc(-c2ccc3c(c2)OC(c2ccc(Cl)cc2)n2c-3cc3cc(-c4cnc([C@@H]5CCCN5C(=O)[C@@H](NC(=O)OC)C(C)C)[nH]4)ccc32)[nH]1)C(C)C,10,2.302585092994046,0.359847897914942
3168,C[C@]1(c2ccc(OC(F)(F)F)cc2)C[C@](O)(c2ccccn2)CO1,10,2.302585092994046,0.359847897914942
2335,CC(=O)Nc1cccc(CCN2CCN(c3cccc4nc(C)ccc34)CC2)c1.Cl.Cl,10,2.302585092994046,0.359847897914942
2520,CC#CCn1c(N2CCCNCC2)c(C#N)c2c1c(=O)n(Cc1nccc3ccccc13)c(=O)n2C,10,2.302585092994046,0.359847897914942
3174,Cc1ccc(-n2nccn2)c(C(=O)N2C[C@@H]3CN(c4nc5ccccc5o4)C[C@@H]3C2)c1,10,2.302585092994046,0.359847897914942
2293,CC(C)(CN1CCN(C2=Cc3ccccc3Cn3cc(F)nc32)CC1)C(=O)O,10,2.302585092994046,0.359847897914942
2382,c1ccc2ncc(Nc3ccnc(Nc4ccc(OCCCN5CCCCC5)cc4)n3)cc2c1,10,2.302585092994046,0.359847897914942
2530,CC(C)[C@H](C[C@H]1CC[C@@H](NCC2CC2)CC1)N1CCCc2ccc(Oc3ccc(F)cc3F)cc2C1=O,10,2.302585092994046,0.359847897914942
3123,CC(C)n1ncnc1-c1cn2c(n1)-c1ccc(O[C@@H](C)C(N)=O)cc1OCC2,10,2.302585092994046,0.359847897914942
2537,O=S(=O)(C1CC1)N1CCC(Oc2ccc3c(c2)CCC2(CCN(C4CCC4)CC2)O3)CC1,10,2.302585092994046,0.359847897914942
869,CCOc1c(Cl)cc(Cl)cc1-c1cnc([C@@H](C)NC(=O)C2(NC(=O)c3ccno3)CC2)c(F)c1,10,2.302585092994046,0.359847897914942
746,Cc1cc(SCC=C(c2ccc(Br)cc2)c2ccc(Br)cc2)ccc1OCC(=O)O,10,2.302585092994046,0.359847897914942
2811,COc1c(/C=C/c2ccc(NS(C)(=O)=O)cc2)cc(-c2ccc(C)[nH]c2=O)cc1C(C)(C)C,10,2.302585092994046,0.359847897914942
3264,N#Cc1cc(C(F)(F)F)ccc1N1CCOc2cc(S(=O)(=O)Nc3nccs3)c(F)cc21,10,2.302585092994046,0.359847897914942
2093,CNC(=O)c1c(NCC2CCC3(CCC3)CC2)nc(C#N)nc1OCC1CCN(C(C)C)CC1,10,2.302585092994046,0.359847897914942
2598,CC(=O)Nc1ccc2ccn(-c3cc(NC4CC4)n4ncc(C#N)c4n3)c2c1,10,2.302585092994046,0.359847897914942
2656,CCN(CCO)C(=O)c1nc2ccccn2c1-c1cccc(C(F)(F)F)c1,10,2.302585092994046,0.8290046215470103
777,Cc1cnc(C)n1CC(=O)c1ccc(-c2ccc(N3C[C@H](Cn4ccnn4)OC3=O)cc2F)cn1,10,2.302585092994046,0.359847897914942
2187,N#Cc1cc(Cl)cc(Oc2cc(OCc3n[nH]c4nc(N)ccc34)cc(F)c2Cl)c1,10,2.302585092994046,0.359847897914942
2870,O=c1[nH]ccc2c(Nc3c(Cl)cc(-c4ccn[nH]4)cc3Cl)nc3ccncc3c12,10,2.302585092994046,0.359847897914942
2552,CCCCCS(=O)(=O)NC(=O)/C=C/c1ccc(OCCOC)cc1Oc1ccc(C(F)(F)F)cc1Cl,10,2.302585092994046,0.8290046215470103
672,CN(C)C(=O)[C@@H](c1ccc(-c2ccn3ncnc3c2)cc1)[C@H](N)C(=O)N1CC[C@H](F)C1.O=C(O)C(F)(F)F,10,2.302585092994046,0.359847897914942
2143,Cc1c(CC#N)c(=O)oc2c3c(ccc12)OC(C)(C)[C@H](OC(=O)[C@@]12CC[C@](C)(C(=O)O1)C2(C)C)[C@@H]3OC(=O)[C@@]12CC[C@](C)(C(=O)O1)C2(C)C,10,2.302585092994046,0.359847897914942
2040,C[C@@H](NC(=O)C1(O)CCCC1)c1ncc(-c2cc(Cl)cc(F)c2-c2nnn(C)n2)cc1F,10,2.302585092994046,0.359847897914942
2251,CC(C)(C)C(=O)c1oc2nc(-c3ccccc3Cl)c(-c3ccc(Cl)cc3)cc2c1NC(=O)CO,10,2.302585092994046,0.359847897914942
2297,Cc1ccc2c(N3CCN(CCc4cccc5c4OCc4c(C(N)=O)ncn4-5)CC3)cccc2n1,10,2.302585092994046,0.359847897914942
2042,CC(=O)Nc1nc2c(Oc3cc(-c4ccc(C(F)(F)F)nc4)ncn3)cccc2s1,10,2.302585092994046,0.359847897914942
2672,CC(=O)Nc1cc(-c2c(Nc3ccn(C)n3)nc3ccc(-c4cccnc4C)cn23)nc(C)n1,10,2.302585092994046,0.359847897914942
3070,CC(C)(O)c1cncc(-c2ccc3c(c2)CCc2nnc(C(F)(F)F)n2-3)c1,10,2.302585092994046,0.359847897914942
2962,COc1cccc2oc(=O)nc(NCC(C)(C)c3ccccc3)c12,10,2.302585092994046,0.359847897914942
750,COc1ccc(CN2CCC(c3cn(Cc4cccs4)c4ccccc34)CC2)cc1C(=O)O,10,2.302585092994046,0.359847897914942
2785,Cc1nc(NC(=O)N2CCC[C@H]2C(N)=O)sc1-c1ccnc(C(C)(C)C(F)(F)F)c1,10,2.302585092994046,0.359847897914942
3084,CC(C)C1Cc2[nH]c(=O)c3cccnc3c2CO1,10,2.302585092994046,0.359847897914942
3051,CCn1c([C@@H](C)NS(=O)(=O)c2ccc(C#N)nc2)nc2cnc(C3CC3)cc21,10,2.302585092994046,0.359847897914942
2314,Cc1cn2c(-c3cn[nH]c3)cnc2c(Nc2cc([C@@H](C)N3C[C@@H](C)O[C@@H](C)C3)ns2)n1,10,2.302585092994046,0.359847897914942
872,C[C@H](CO)Nc1nc(SCc2ccccc2F)nc2[nH]c(=O)sc12,10,2.302585092994046,0.359847897914942
2065,CONC(=O)c1cn(-c2ccc3c(c2)CCC3)c2nc(Nc3ccc(CCN4CCNC(=O)C4)cc3)ncc2c1=O,10,2.302585092994046,0.359847897914942
2057,O=C(O)CCc1ccc(S(=O)(=O)CCc2c(CCNS(=O)(=O)Cc3ccc(Cl)c(Cl)c3)n(C(c3ccccc3)c3ccccc3)c3ccc(Cl)cc23)cc1,10,2.302585092994046,0.359847897914942
2315,O=C(NCc1cccnc1OCC(F)(F)F)c1cncc(-c2ccc(Cl)cc2)c1,10,2.302585092994046,0.359847897914942
2969,COc1ccc(CC(=O)NC(=N)N[C@H](CC(C)C)C(=O)NCc2ccc(-c3nnn[nH]3)cc2)cc1OC,10,2.302585092994046,0.8290046215470103
683,CCN(C(=O)Cc1ccc(S(C)(=O)=O)cc1)C1CCN(CCC(c2ccc(F)cc2)c2ccc(F)cc2)CC1,10,2.302585092994046,0.359847897914942
2534,CC(C)S(=O)(=O)NC[C@H]1CC[C@H](NC(=O)Cn2ccc3cc(Cl)ccc32)CC1,10,2.302585092994046,0.359847897914942
2282,CN(C)CCCOc1ccc(-c2cc3c(ncn3C)c(C#N)n2)cc1C(F)(F)F,10,2.302585092994046,0.359847897914942
2054,O=C(O)c1ccc(CCCc2c(CCNS(=O)(=O)Cc3c(F)cccc3F)n(C(c3ccccc3)c3ccccc3)c3ccc(Cl)cc23)cc1,10,2.302585092994046,0.359847897914942
3120,COc1ccc(CNC(=O)CN(C(=O)c2cc3ccccc3[nH]2)C(C(=O)NC(C)(C)C)c2ccc(Cl)cc2)cc1,10,2.302585092994046,0.359847897914942
2044,FC(F)(F)c1ccc(Nc2ncnc3sc(Nc4c(Cl)cccc4Cl)nc23)cc1,10,2.302585092994046,0.359847897914942
3035,CC(C)(O)c1cncc(-c2nc3ccc(F)cc3n2C2CC2)c1,10,2.302585092994046,0.359847897914942
2944,CCCc1cc(C(=O)N[C@H](Cc2ccc(-c3cccc(OC(F)(F)F)c3)nc2)C(=O)N[C@@H]2CCNC2)sc1C,10,2.302585092994046,0.359847897914942
3140,N[C@H]1C[C@@H](N2Cc3nn4nccnc4c3C2)CO[C@@H]1c1cc(F)ccc1F.O=C(O)C(F)(F)F,10,2.302585092994046,0.359847897914942
2374,CCOc1cc2nnc(C(N)=O)c(Nc3ccc(C)cc3F)c2cc1N1CCN(C)CC1,10,2.302585092994046,0.359847897914942
2441,Cc1ccc(C(=O)NC2CC2)cc1-c1cnc2c(c1)NC(=O)C21CCCC1.Cl,10,2.302585092994046,0.359847897914942
2763,CC(C)n1ncnc1-c1nc2c(s1)CCOc1cc(-c3cnn(C(C)(C)C(N)=O)c3)ccc1-2,10,2.302585092994046,0.359847897914942
539,O=C(Cn1ccc2ccccc2c1=O)NCc1cc2cc(C(=O)N3CCC(N4C(=O)OCc5ccccc54)CC3)ccc2o1,10,2.302585092994046,0.359847897914942
2673,CC(=O)Nc1cc(-c2c(Nc3ccn(C)n3)nc3ccccn23)nc(C)n1,10,2.302585092994046,0.359847897914942
743,Cc1cc(N2CCC[C@@H]2C(=O)NCCc2ccc3c(c2)OCO3)nc(-n2ccnc2)n1,10,2.302585092994046,0.359847897914942
3266,CN1CC2CCC(C1)N2C(=O)[C@]12C[C@H]1c1cc(F)ccc1-c1c(C3CCCCC3)c3ccc(C(=O)NS(=O)(=O)C4(C)CC4)cc3n1C2,10,2.302585092994046,0.359847897914942
2235,O=C(O)CCNCc1ccc(NC(=O)c2cc(N(CC3CC3)C3CCCCC3)ncn2)cc1,10,2.302585092994046,0.8290046215470103
2097,CCOc1cc2ncc(C(N)=O)c(Nc3ccc(C)cc3F)c2cc1N1CCN(C)CC1,10,2.302585092994046,0.359847897914942
837,CN(CCOc1cccc2ncnc(Nc3ccc(OCc4ccccn4)c(Cl)c3)c12)C(=O)CO,10,2.302585092994046,0.359847897914942
2476,O=C(Nc1nnn[nH]1)c1ccc(Cn2c(C(=O)c3ccc(OC(F)(F)F)cc3)cc3ccc(C(F)(F)F)cc32)cc1,10,2.302585092994046,0.359847897914942
664,CNC(=O)[C@@H](NC(=O)[C@H](c1ccc(OC)cc1)[C@H](CO)C(=O)NO)C(C)(C)C,10,2.302585092994046,0.359847897914942
2045,COc1cccc(Nc2c(C(N)=O)cnc3ccc(S(C)(=O)=O)cc23)c1,10,2.302585092994046,0.359847897914942
2128,CCS(=O)(=O)c1ccc(OC)c(Nc2nccc(N(C)c3ccc4c(C)n[nH]c4c3)n2)c1,10,2.302585092994046,0.359847897914942
3344,Cc1cc(-c2nc3cccnn3c2-c2ccnc(NC(=O)c3cc[n+]([O-])c(C)c3)c2)ccc1F,10,2.302585092994046,0.359847897914942
3108,CCC(CC)CC1(O)CCN(C(=O)Nc2cc(Oc3ccc(F)cc3)cc(Oc3ccc(C(=O)O)cc3)c2)CC1,10,2.302585092994046,0.359847897914942
3329,CC(C)Oc1cc(C(=O)Nc2ccc(C(=O)O)cc2)cc(Cl)c1OC(C)C,10,2.302585092994046,0.359847897914942
2762,CC(C)(O)Cn1cc(-c2ccc3c(c2)OCCc2sc(-c4ncnn4CC(F)(F)F)nc2-3)cn1,10,2.302585092994046,0.359847897914942
2189,Cc1ncn(-c2ccc(Nc3nccc(-c4cccc(N5CCOCC5)c4)n3)cc2)n1,10,2.302585092994046,0.359847897914942
2466,COc1ccc2nc(C)c3c(C)nc(-c4c(C)nn(C)c4C)n3c2n1,10,2.302585092994046,0.359847897914942
2655,CCN(CCO)C(=O)c1nc2cccnc2n1-c1cccc(C(F)(F)F)c1,10,2.302585092994046,0.8290046215470103
2975,Cc1ccc(CNC(=O)c2cccc(-n3cc(NC(=O)Nc4ccccc4Cl)cn3)c2)cn1,10,2.302585092994046,0.359847897914942
2893,NC(=O)c1ccccc1Nc1nc(Nc2ccc(N3CCCC3=O)cc2)ncc1Cl,10,2.302585092994046,0.359847897914942
3362,CN1CC2(CNC(=O)c3c4c(n(C)c32)-c2cc(-c3cccc(Cl)c3)ncc2CC4)C1,10,2.302585092994046,0.359847897914942
718,C[C@@H](NC(=O)C1(NC(=O)C(F)(F)F)CC1)c1ccc(-c2cccc(F)c2C(F)(F)F)cc1F,10,2.302585092994046,0.359847897914942
3345,Cc1cc(-c2nc3cccnn3c2-c2ccnc(NC(=O)c3cc[n+]([O-])c(C)c3)c2)ccc1F.O=S(=O)(O)O,10,2.302585092994046,0.359847897914942
2970,COc1ccc(CC(=O)NC(=N)N[C@H](CC(C)C)C(=O)NCc2ccc(-c3nnn[nH]3)c(F)c2)cc1OC,10,2.302585092994046,0.8290046215470103
616,Oc1ccc([C@H]2Sc3cc(O)ccc3O[C@H]2c2ccc(OCCN3CCCCC3)cc2)cc1,10,2.302585092994046,0.359847897914942
848,Cc1nnc(-c2ccc(C)c(-c3ccc(C(=O)NCC4CC4)cc3)c2)o1,10,2.302585092994046,0.359847897914942
3185,O=C(O)COC[C@H]1CC[C@H](COC(=O)N(c2ccccc2)c2ccc(F)c(F)c2)CC1,10,2.302585092994046,0.359847897914942
665,Cc1cc(COc2ccc(C(=O)NC3(CC(=O)NO)CCNCC3)cc2)c2ccccc2n1,10,2.302585092994046,0.359847897914942
3208,CCS(=O)(=O)Nc1ccc(Oc2ccc(F)cc2F)c(-c2cn(C)c(=O)c3[nH]ccc23)c1,10,2.302585092994046,0.359847897914942
2236,Cc1cc(CN2CC(C(=O)O)C2)ccc1NC(=O)c1cc(N(CC2CC2)C2CCCCC2)ncn1,10,2.302585092994046,0.8290046215470103
3145,O=C(Nc1cccnc1)N1CCN(Cc2cccc(Oc3ccc(F)cc3)c2)CC1,10,2.302585092994046,0.359847897914942
2331,CC(C)(C)C(=O)N1CCC(CCN2CCC(N(C(=O)NCc3ccc(C#N)cc3)c3cccc(F)c3)CC2)(c2cccc(F)c2)CC1,10,2.302585092994046,0.359847897914942
715,FC(F)(F)c1n[nH]c(-c2nc(Cc3cncnc3)c3ccccn23)n1,9.9,2.2925347571405443,0.3591653053143069
1263,CCn1nc2c(-c3ccc(Cl)cc3)c(-c3ccncc3)c(=O)n(Cc3ccc(C(F)(F)F)nc3C)n2c1=O,9.9,2.2925347571405443,0.3591653053143069
266,CN1CCN(c2cccc3nc(CN(CC4CC4)[C@H]4CCCc5cccnc54)cn23)CC1,9.9,2.2925347571405443,0.3591653053143069
1619,CC[C@H](C)[C@H](NC(=O)[C@H](Cc1ccccc1)NC(=O)[C@H](CC(=O)O)NC(=O)[C@H](CCCNC(=N)N)NC(=O)[C@H](C)NC(=O)[C@H](C)NC(=O)[C@H](CC(C)C)NC(=O)[C@H](CC(N)=O)NC(=O)[C@H](CC(=O)O)NC(=O)[C@H](CC(C)C)NC(=O)[C@@H](NC(=O)[C@@H](NC(=O)[C@H](CC(N)=O)NC(=O)[C@H](CCSC)NC(=O)[C@H](CCC(=O)O)NC(=O)[C@H](CC(=O)O)NC(=O)[C@H](CO)NC(=O)[C@H](Cc1ccccc1)NC(=O)[C@H](CO)NC(=O)CNC(=O)[C@H](CC(=O)O)NC(=O)CNC(=O)[C@@H](N)Cc1c[nH]cn1)[C@@H](C)O)[C@@H](C)CC)C(=O)N[C@@H](CC(N)=O)C(=O)N[C@@H](Cc1c[nH]c2ccccc12)C(=O)N[C@@H](CC(C)C)C(=O)N[C@H](C(=O)N[C@@H](CCC(N)=O)C(=O)N[C@H](C(=O)N[C@@H](CCCCN)C(=O)N[C@H](C(=O)N[C@H](C(=O)N[C@@H](CC(=O)O)C(=O)O)[C@@H](C)O)[C@@H](C)CC)[C@@H](C)O)[C@@H](C)CC,9.9,2.2925347571405443,0.3591653053143069
1771,CNS(=O)(=O)c1ccc(OC)c(Nc2cc(Nc3ccc(Cl)cn3)ncn2)c1,9.9,2.2925347571405443,0.3591653053143069
81,CN(C)Cc1ccc(-c2ccc(CCNS(=O)(=O)c3ccc(C#N)cc3)cc2)cc1,9.9,2.2925347571405443,0.3591653053143069
1583,COc1ncc(C)cc1CC[C@](O)(CC(=O)O)C(=O)O,9.9,2.2925347571405443,0.3591653053143069
707,O=S(=O)(Nc1cc(-c2ccc3ncc(NCCN4CCCCC4)nc3c2)cnc1Cl)c1ccc(F)cc1,9.833,2.285744075798019,0.3587040999471188
1232,COCCOCn1ccc(NC(=O)c2cc(Oc3ccc(S(C)(=O)=O)cc3)cc(-c3ncccc3C)c2)n1,9.833,2.285744075798019,0.3587040999471188
243,CCCc1cc(N[C@@H](CC(C)C)C(=O)NCCCOCC)nc(-n2cnc(-c3ccc(OC(F)(F)F)cc3)c2)n1,9.833,2.285744075798019,0.3587040999471188
675,CC(=O)Nc1cccc(Nc2ncnc(N3CCC(Oc4ccccc4)CC3)n2)c1,9.833,2.285744075798019,0.3587040999471188
825,COc1cc2ncnc(Oc3cccc(NC(=O)Nc4cc(C(C)(C)C)no4)c3)c2cc1OC,9.8,2.2823823856765264,0.358475782721107
1365,CCOC(=O)Cn1c(C)c(Cc2ccccc2S(=O)(=O)c2ccccc2)c2c1CCNC2=O,9.8,2.2823823856765264,0.358475782721107
517,COc1ncc(C#N)cc1-c1ccc([C@@H](C)NS(=O)(=O)c2cn(C)nc2C(F)(F)F)cc1,9.8,2.2823823856765264,0.358475782721107
418,N#Cc1ccc(N2N=C3c4ccc(C(=O)O)cc4CC[C@@H]3[C@@H]2C2CCCC2)cc1Cl,9.8,2.2823823856765264,0.358475782721107
269,Cc1cc(C2CCN(C(=O)N[C@@H]3CC[C@@H](c4cccc(F)c4F)CN(CC(F)(F)F)C3=O)CC2)c(=O)[nH]n1,9.8,2.2823823856765264,0.358475782721107
82,CC(C)C[C@H](NC(=O)[C@@H](CC(C)C)NC(=O)[C@H](Cc1ccc(O)cc1)NC(=O)[C@H](CO)NC(=O)[C@H](Cc1c[nH]c2ccccc12)NC(=O)[C@H](Cc1c[nH]cn1)NC(=O)[C@@H]1CCC(=O)N1)C(=O)N[C@@H](CCCN=C(N)N)C(=O)N1CCC[C@H]1C(=O)N(C)CC(N)=O,9.77,2.2793164660546914,0.3582675534560842
1093,N[C@H]1C[C@@H](N2Cc3cn[nH]c3C2)CO[C@@H]1c1cc(F)ccc1F,9.7,2.272125885509337,0.3577791879779476
912,Cn1cc(-c2cnc3nnn(Cc4ccc5ncccc5c4)c3n2)cn1,9.7,2.272125885509337,0.3577791879779476
368,CCCC1=C(C(=O)OCC)[C@H](c2ccnc3ccccc23)C(C#N)=C(C)N1,9.7,2.272125885509337,0.3577791879779476
4,CCCc1cc(Oc2ccc(Cl)cc2)ccc1OCCCOc1cccc(C2SC(=O)NC2=O)c1,9.7,2.272125885509337,0.3577791879779476
1540,CCCc1nc2c(C)cc(C(=O)NC[C@H](C)c3ccccc3)cc2n1Cc1ccc(-c2ccccc2-c2nnn[nH]2)cc1,9.7,2.272125885509337,0.3577791879779476
1620,CCCCC(NC(=O)[C@H](CCC(=O)O)NC(=O)[C@H](CC(=O)O)NC(=O)[C@H](CO)NC(=O)[C@H](Cc1ccccc1)NC(=O)[C@H](CO)NC(=O)CNC(=O)[C@H](CC(=O)O)NC(=O)CNC(=O)[C@@H](N)Cc1cnc[nH]1)C(=O)N[C@H](CCN)C(=O)N[C@H](C(=O)N[C@H](C(=O)N[C@@H](CC(C)C)C(=O)N[C@@H](CC(=O)O)C(=O)N[C@@H](CC(N)=O)C(=O)N[C@@H](CC(C)C)C(=O)N[C@@H](C)C(=O)N[C@@H](C)C(=O)N[C@@H](CCCNC(=N)N)C(=O)N[C@@H](CC(=O)O)C(=O)N[C@@H](Cc1ccccc1)C(=O)N[C@H](C(=O)N[C@@H](CC(N)=O)C(=O)N[C@@H](Cc1c[nH]c2ccccc12)C(=O)N[C@@H](CC(C)C)C(=O)N[C@H](C(=O)N[C@@H](CCC(N)=O)C(=O)N[C@H](C(=O)N[C@@H](CCCCN)C(N)=O)[C@@H](C)O)[C@@H](C)CC)[C@@H](C)CC)[C@@H](C)CC)[C@@H](C)O,9.7,2.272125885509337,0.3577791879779476
590,COCCCc1cc(CN(C(=O)[C@H]2CNCC[C@@H]2c2ccc(OCCOc3c(Cl)cc(C)cc3Cl)cc2)C2CC2)cc(OCCCC(C)(C)C(=O)O)c1,9.7,2.272125885509337,0.3577791879779476
341,Clc1ncn2c1Cn1ncnc1-c1cc(Br)ccc1-2,9.7,2.272125885509337,0.3577791879779476
470,N#Cc1ccc(CNC(=O)N(c2cccc(F)c2)C2CCN(CCC3(c4cccc(F)c4)CCN(C(=O)c4cc(S(N)(=O)=O)c(F)cc4Cl)CC3)CC2)cc1,9.7,2.272125885509337,0.3577791879779476
1733,C[C@@H]1N(c2ccc(C#N)c(Cl)c2)CC[C@]1(C)O,9.683,2.270371770629394,0.3576600530699041
1758,CC(c1cc2cc(-c3cnn(C)c3)cnc2cc1F)n1nnc2ncc(-c3cnn(CCO)c3)nc21,9.667,2.268718023482468,0.3575477348765356
965,C[C@@H]1C[C@H]([C@H](O)C(C)(C)O)O[C@H]2[C@H]1[C@@]1(C)CC[C@@]34C[C@@]35CC[C@H](O[C@H]3CN([C@H]6CCNC6=O)CCO3)C(C)(C)[C@@H]5CC[C@H]4[C@]1(C)[C@H]2O,9.667,2.268718023482468,0.3575477348765356
776,COc1c(Nc2ccc(S(C)(=O)=O)nc2C)ncnc1OC1CCN(C(=O)OC(C)C)CC1,9.667,2.268718023482468,0.3575477348765356
1101,Cc1cc(-c2ccc(NC(=O)[C@H](C)c3cc(C(F)(F)F)cc(C(F)(F)F)c3)cc2)ccn1,9.667,2.268718023482468,0.3575477348765356
1029,NC(=O)c1c(Nc2ccc(I)cc2F)cc(F)cc1OCC[C@@H](O)Cn1ccnc1,9.667,2.268718023482468,0.3575477348765356
333,Cc1ccc(C(=O)NC2CC2)cc1Nc1nncc2c1cnn2-c1c(F)cccc1F,9.667,2.268718023482468,0.3575477348765356
793,COc1cc(C(=O)N[C@H]2COc3ccc(Cl)cc32)ccc1-n1cnc(C)c1,9.63,2.2648832258100344,0.3572872854194934
500,O=C(Nc1cc(-c2ccsc2)cn(CC(F)(F)F)c1=O)N1CCC(n2c(=O)[nH]c3ncccc32)CC1,9.6,2.2617630984737906,0.3570753745078777
1472,CCN(CC)CC.O=C(NS(=O)(=O)NC[C@H]1O[C@@H](n2cnc3c(NC4CC4)ncnc32)[C@H](O)[C@@H]1O)c1ccccc1O,9.6,2.2617630984737906,0.3570753745078777
391,CCCC[C@H](NC(=O)O[C@H](Cn1ccc(-c2ccc(C(F)(F)F)cc2)n1)C(C)(C)C)C(=O)C(=O)Nc1ccn[nH]1,9.6,2.2617630984737906,0.3570753745078777
1778,COc1nsc(N2CCC3(CCN(C[C@H](O)c4ccc5c(c4C)COC5=O)CC3)C2=O)n1,9.6,2.2617630984737906,0.3570753745078777
1328,CO[C@H]1CN(c2nc(-c3cncc(OCCN(C)C)n3)c(C(=O)O)s2)CC[C@H]1NC(=O)c1[nH]c(C)c(Cl)c1Cl,9.6,2.2617630984737906,0.3570753745078777
1304,O=C(O)c1cccc(-c2ccc3c(c2)/C(=N/Nc2nc4ccccc4s2)CCC3)n1,9.6,2.2617630984737906,0.3570753745078777
768,C[C@@H]1CCCN1CCCOc1ccc(-c2cn[nH]c(=O)c2)cc1,9.6,2.2617630984737906,0.3570753745078777
1857,CC1(C)OCCn2c1nc(C(=O)NCc1ccc(F)cc1)c(O)c2=O,9.6,2.2617630984737906,0.3570753745078777
336,C[C@H](NC1=NC(=O)[C@](C)(C(F)(F)F)S1)c1ccccc1F,9.6,2.2617630984737906,0.3570753745078777
1431,C[C@@H]1CCCN1CCCOc1ccc(C2=NNC(=O)[C@@H]3C[C@H]23)cc1,9.6,2.2617630984737906,0.3570753745078777
908,Cl.NC1C[C@H]2CC[C@@H](C1)N2C(=O)[C@H](Cc1ccc(Br)cc1)NC(=O)C1(c2ccc(OC(F)(F)F)cc2)CC1,9.58,2.259677591982769,0.3569337323458547
21,CCc1cc(-c2cc(NC(=O)C3Cc4ccc5ccccc5c4C3)[nH]n2)ccn1,9.52,2.253394848803274,0.3565070248140343
1744,COc1ccc(-c2nnc(-c3ccc4nc(-c5c(C)cc(CC(C)(C)C(=O)O)cc5C)[nH]c4c3)o2)cc1,9.5,2.2512917986064953,0.356364191129269
148,Cc1ccc(NC(=O)c2cccc(C(C)(C)C#N)c2)cc1C(=O)Nc1cnc(N)c(Cl)c1,9.5,2.2512917986064953,0.356364191129269
366,CN(Cc1ncc2ccccc2c1CCCNS(C)(=O)=O)[C@H]1CCCc2cccnc21,9.5,2.2512917986064953,0.356364191129269
1099,Cc1cccc(CC(=O)N2CCc3c2ccc(-c2cn(C)c4ncnc(N)c24)c3F)n1,9.5,2.2512917986064953,0.356364191129269
1432,COCCOc1cnc2ccc([C@H](C)c3nnc4c(F)cc(-c5cc(C)no5)cn34)cc2c1,9.5,2.2512917986064953,0.356364191129269
439,Cc1ccccc1-n1nc(C)c(-c2cc(F)c3nccnc3c2)c1Nc1ccccc1C(=O)O,9.5,2.2512917986064953,0.356364191129269
336,Cc1cc(Cc2nc3n(n2)Cc2c(C)ncn2-c2ccc(Cl)cc2-3)on1,9.5,2.2512917986064953,0.356364191129269
8,CCCc1cc(Oc2ccccc2)ccc1OCCCOc1cccc(C2SC(=O)NC2=O)c1,9.5,2.2512917986064953,0.356364191129269
366,Cc1noc(-c2c(F)cccc2-c2ccc([C@@H](C)Nc3nccc(Cl)c3NC(=O)CC#N)cc2)n1,9.5,2.2512917986064953,0.356364191129269
1883,CCOC(=O)Nc1ccc2c(c1)CN1C(=S)N(c3ccc(C#N)c(C(F)(F)F)c3)C(=O)C1C2,9.5,2.2512917986064953,0.356364191129269
1145,NC[C@]1(c2cccc(Cl)c2)CC[C@H](N2CCc3c(nc(C(F)(F)F)nc3C3CC3)C2=O)CC1,9.5,2.2512917986064953,0.356364191129269
280,O=C(NC1(c2ccccc2)CCC1)[C@@H]1CCC[C@H]1c1cc(-c2cccc(C(F)(F)F)c2O)on1,9.5,2.2512917986064953,0.356364191129269
1180,CN1CCN([C@H]2CC[C@@H](C(=O)Nc3ccc(-c4cc(F)cc(F)c4)cn3)CC2)C1=O,9.5,2.2512917986064953,0.356364191129269
860,CCC(COC)n1c(=O)c(C)nc2c(-c3cc(Cl)c(OC)cc3C)ccnc21,9.5,2.2512917986064953,0.356364191129269
918,Cc1nn(C)c2ccc(N3CCN(C(=O)[C@@H]4CCCC[C@H]4C(=O)NC4(C#N)CC4)[C@H](C)C3)cc12,9.5,2.2512917986064953,0.356364191129269
892,CCCCc1nc(C)ncc1C(=O)N[C@H]1C2CC3CC1C[C@](O)(C3)C2,9.5,2.2512917986064953,0.356364191129269
469,N#Cc1ccc(CNC(=O)N(c2cccc(F)c2)C2CCN(CCC3(c4cccc(F)c4)CCN(C(=O)c4cc(S(=O)(=O)N5CCCC5)c(F)cc4Cl)CC3)CC2)cc1,9.5,2.2512917986064953,0.356364191129269
1457,C[C@H]1[C@H](NC(=O)/C(=N\OC(C)(C)C(=O)O)c2nsc(N)n2)C(=O)N1C(=O)NS(=O)(=O)n1nc(-c2cc(=O)c(O)c[nH]2)n(CCCS(C)(=O)=O)c1=O,9.5,2.2512917986064953,0.356364191129269
268,CN(C)[C@H]1CCN(c2cccc3nc(CN(C)[C@H]4CCCc5cccnc54)cn23)C1,9.5,2.2512917986064953,0.356364191129269
1323,COCCNC(=O)c1nc(N2CC[C@@H](NC(=O)c3[nH]c(C)c(Cl)c3Cl)[C@@H](OC)C2)sc1C(=O)O,9.5,2.2512917986064953,0.356364191129269
1312,CC(=O)N1CCC(c2nc3ccccc3nc2OC2CN(c3ccc4ccccc4n3)C2)CC1,9.5,2.2512917986064953,0.356364191129269
213,Nc1nc2nc(SCc3cccc(F)c3F)nc(O)c2s1,9.5,2.2512917986064953,0.356364191129269
1427,CNc1ncc2c(F)cc(Oc3c(C)ccc(C(=O)c4c(-c5ccccc5)n(C)n(-c5ccccc5)c4=O)c3N)cc2n1,9.5,2.2512917986064953,0.356364191129269
789,NC(=O)CN1CCN(Cc2nc(-c3cn(CC4CCOCC4)c4c(Cl)cccc34)no2)CC1,9.5,2.2512917986064953,0.356364191129269
114,O=C(Nc1ccc(-n2ccccc2=O)cn1)[C@H]1C[C@](O)(c2ccc(F)cc2)CN1C(=O)Nc1ccc(Cl)cc1,9.44,2.244955980157409,0.3559338788635543
1334,O=C1Nc2cc(NC(=O)c3c[nH]cc(-c4ccccc4F)c3=O)ccc2/C1=C/c1ccc[nH]1,9.408,2.241560391156271,0.3557032593140428
1821,O=C(O)CCn1c(=O)oc2cc(OC3CC3)c(Cl)cc21,9.4,2.2407096892759584,0.3556454818608997
1073,C[C@]1(CS(=O)(=O)N2CCN(c3ncc(OCc4cc(C(F)(F)F)no4)cn3)CC2)NC(=O)NC1=O,9.4,2.2407096892759584,0.3556454818608997
161,CC1(C)CC(Nc2cc3c(ccc(=O)n3-c3c(Cl)cccc3Cl)c(-c3ccccc3Cl)n2)CC(C)(C)N1,9.4,2.2407096892759584,0.3556454818608997
210,CCc1cc(-c2c[nH]c3ncc(-c4ccccc4)cc23)ccc1C(=O)O,9.4,2.2407096892759584,0.3556454818608997
1001,CS(=O)(=O)[C@H]1CCC[C@H](NC(=O)C2CCN(c3nc4cc(Cl)c(C(F)(F)F)cc4o3)CC2)C1,9.4,2.2407096892759584,0.3556454818608997
406,CCc1cccc2c(C(=O)O)c(O)c(C3(c4ccc(C(F)(F)F)cc4)CC3)nc12,9.4,2.2407096892759584,0.3556454818608997
951,CCCSc1c(C(=O)N[C@H]2C3CC4CC2C[C@](OC(F)F)(C4)C3)cnn1-c1ccc(C(=O)O)cc1,9.4,2.2407096892759584,0.3556454818608997
1509,COc1cccc2c1C(NC[C@]1(c3ccccc3)CC[C@H](NC(=O)OC(C)C)CC1)=NS2(=O)=O,9.4,2.2407096892759584,0.3556454818608997
1018,COc1cccc(CN(C)C(=O)Nc2ccc(-c3cn[nH]c3)cc2)c1,9.4,2.2407096892759584,0.3556454818608997
427,O=C(N[C@@H]1CC[C@@H](c2cccc(F)c2F)CN(CC(F)(F)F)C1=O)N1CCC(n2c(=O)[nH]c3ncccc32)CC1,9.4,2.2407096892759584,0.3556454818608997
654,Cc1cc(OCc2ccc(F)cc2F)c(Br)c(=O)n1-c1cccc(C(N)=O)c1,9.34,2.234306252240751,0.35521057711716
1759,CC(c1cc2cc(-c3cnn(C)c3)cnc2cc1F)n1nnc2ncc(-c3ccc(C(N)=O)c(F)c3)nc21,9.333,2.23355650658361,0.3551596563474084
1614,O=C(Nc1noc2ccccc12)N1CCN(Cc2cccc(Oc3ccc(Cl)cc3)c2)CC1,9.333,2.23355650658361,0.3551596563474084
390,COc1ccc2c(O[C@@H]3C[C@H]4C(=O)N[C@]5(C(=O)NS(=O)(=O)C6CC6)C[C@H]5/C=C\CCCCN(C)C(=O)N4C3)nc(-c3ccc(F)cc3)nc2c1C,9.333,2.23355650658361,0.3551596563474084
90,COc1cc2c(Oc3ccc(-c4cnc(Cc5ccccc5)n(C)c4=O)cc3F)ccnc2cc1OCCCN1CCOCC1,9.333,2.23355650658361,0.3551596563474084
91,COc1cc2c(Oc3ccc(-c4cnc(Nc5ccc(F)cc5)n(C)c4=O)nc3)ccnc2cc1OCCCN1CCOCC1,9.333,2.23355650658361,0.3551596563474084
92,COc1cc2c(Oc3ccc(-c4cnc(Nc5ccc(F)cc5)n(C)c4=O)cc3F)ccnc2cc1OCCCN1CCOCC1,9.333,2.23355650658361,0.3551596563474084
827,COCCOc1cnc2ccc([C@H](C)n3nnc4ccn(-c5cc(C)ns5)c(=O)c43)cc2c1,9.317,2.2318406884682878,0.3550431224557429
1003,CC(C)Nc1nc2c(C(=O)N(C)C)c(Cl)c(Cl)cc2n1C1CCN(c2ccc(C3CCCCC3)cc2)CC1,9.3,2.2300144001592104,0.3549190857166155
1984,CNC(=O)c1c(-c2ccc(F)cc2)oc2nc(NCC(F)(F)F)c(-c3cccc(C(=O)NC(C)(C)c4ncon4)c3)cc12,9.3,2.2300144001592104,0.3549190857166155
1219,COC[C@H](Oc1ncnc2c1cnn2-c1ncccc1Cl)C(=O)Nc1ccc(C)cn1,9.3,2.2300144001592104,0.3549190857166155
99,Cc1onc(NS(=O)(=O)c2ccccc2-c2ccc(-c3ncco3)cc2CN2CCC(C)(C)C2=O)c1C,9.3,2.2300144001592104,0.3549190857166155
1973,CC(F)(F)[C@H]1OC(N)=N[C@](C)(c2cc(NC(=O)c3cnc(OCF)cn3)ccc2F)[C@H]1F,9.3,2.2300144001592104,0.3549190857166155
1847,COC(=O)N[C@H](C(=O)N1CCC[C@H]1c1ncc(-c2ccc(-c3cc4cc(-c5cnc([C@@H]6CCCN6C(=O)[C@@H](NC(=O)OC)C(C)C)[nH]5)ccc4o3)cc2)[nH]1)C(C)C,9.3,2.2300144001592104,0.3549190857166155
1419,Cc1cc(C#Cc2cn(-c3ccc(F)cc3)c(C)n2)ccn1,9.3,2.2300144001592104,0.3549190857166155
145,CC(C)N1CCC(COc2ncc(C(=O)c3ccc(Cl)cc3)n2C)CC1,9.3,2.2300144001592104,0.3549190857166155
198,COC(=O)c1ccccc1-c1ccc(CNC(=O)C2(NC(=O)CC(F)(F)F)CC2)cc1,9.3,2.2300144001592104,0.3549190857166155
1564,COc1ccc2c(c1)C1CC1(C(=O)N1C3CCC1CN(C)C3)Cn1c-2c(C2CCCCC2)c2ccc(C(=O)NS(=O)(=O)CC(C)C)cc21,9.2,2.2192034840549946,0.3541848364888892
160,CCCCCCCCOc1c(Br)cc(CNCCCP(=O)(O)O)cc1OC,9.2,2.2192034840549946,0.3541848364888892
1803,Cc1cc(Oc2cncc(F)c2)cc(C(=O)Nc2ccc(F)cn2)n1,9.2,2.2192034840549946,0.3541848364888892
227,N=C(N)c1ccc2[nH]c(-c3cc(CC(=O)O)cc(-c4cccc([N+](=O)[O-])c4)c3O)nc2c1,9.2,2.2192034840549946,0.3541848364888892
320,Cc1sc(C)c(C(=O)NC2(c3ccc(C(=O)O)cc3)CC2)c1Cc1ccc(C(F)(F)F)cc1,9.2,2.2192034840549946,0.3541848364888892
1409,Cc1c(NC(=O)c2cc3c(s2)CCCC3)cccc1-c1cn(C)c(=O)c(Nc2cccnc2)n1,9.2,2.2192034840549946,0.3541848364888892
374,Cc1cccc(C)c1-c1cc(C)c2nc(Nc3ccc(OCCN4CCCC4)cc3)nnc2c1,9.2,2.2192034840549946,0.3541848364888892
740,CCCC(Cc1ccc(C(=O)NCCC(=O)O)cc1)C(=O)c1cc2cc(Cl)ccc2n1-c1ccc(Cl)c(C(F)(F)F)c1,9.2,2.2192034840549946,0.3541848364888892
646,Cc1c(F)cc(C(=O)NC2CC2)cc1-c1ccc(C(=O)NCC(C)(C)C)cn1,9.2,2.2192034840549946,0.3541848364888892
472,CS(=O)(=O)c1ccccc1-c1ccc(N2CCC(NS(=O)(=O)/C=C/c3ccc(Cl)cc3)C2=O)c(F)c1,9.2,2.2192034840549946,0.3541848364888892
1761,O=C(O)c1ccc([C@H]2C[C@@H](NC(=O)C3(c4ccc5c(c4)OC(F)(F)O5)CC3)c3ccc(OC(F)F)cc3O2)cc1,9.167,2.2156100789796387,0.3539407817875065
143,Nc1ccccc1NC(=O)c1ccc(CNc2nccc(-c3ccn[nH]3)n2)cc1,9.167,2.2156100789796387,0.3539407817875065
818,C[C@H]1c2c([nH]c3ccc(C(F)(F)F)cc23)C[C@H]2CCN(CCC3(C(=O)O)CCCCC3)C[C@@H]21,9.167,2.2156100789796387,0.3539407817875065
1240,COc1nc(Nc2ncc3c4ccncc4n([C@H]4CC[C@H](C)CC4)c3n2)ccc1N1CCC(N(C)C)CC1,9.167,2.2156100789796387,0.3539407817875065
38,CC[C@H](NC(C)=O)c1cc(Cl)ccc1C1CCN(C(=O)[C@H]2CN(C(C)(C)C)C[C@@H]2c2ccc(Br)cc2F)CC1,9.12,2.21046980408624,0.3535916677222048
660,CC(=O)N(C)C(C)(C)[C@@H]1CC2(CCN(C(=O)[C@@H]3CN(C(C)(C)C)C[C@H]3c3ccc(F)cc3F)CC2)c2cc(Cl)c(C)cc21,9.1,2.2082744135228043,0.3534425625205529
318,O=C(O)c1c(O)c(-c2ccc(Cl)cc2)nc2c(-c3ccccc3)cccc12,9.1,2.2082744135228043,0.3534425625205529
263,CCCOCCn1c(=O)c(NCC(=O)N2CCOCC2)nc2cnc(-c3ccc(OC)nc3)cc21,9.1,2.2082744135228043,0.3534425625205529
303,C[Si](C)(C)CC[C@H](CCC(F)(F)F)N1CC[C@@H](CC(=O)O)C(F)(F)[C@H]1c1ccc(C(F)(F)F)cc1,9.1,2.2082744135228043,0.3534425625205529
19,Cn1c(C#N)ccc1-c1ccc2c(c1)C(C)(C)C(=O)N2,9,2.1972245773362196,0.3526920864639181
1007,COCCC(=O)N(C)c1ccc(Nc2ncc3cc(-c4ccncc4)ccc3n2)cc1,9,2.1972245773362196,0.3526920864639181
508,Cc1ncoc1-c1nnc(SCCCN2CCc3ccc4oc(C(C)(F)F)nc4c3CC2)n1C,9,2.1972245773362196,0.3526920864639181
1452,C[C@@H]1CC[C@@]2(OC1)O[C@H]1C[C@H]3[C@@H]4CC=C5C[C@@H](O[C@@H]6O[C@H](CO)[C@@H](O[C@@H]7O[C@@H](C)[C@H](O)[C@@H](O)[C@H]7O)[C@H](O)[C@H]6O[C@@H]6O[C@@H](C)[C@H](O)[C@@H](O)[C@H]6O)CC[C@]5(C)[C@H]4CC[C@]3(C)[C@H]1[C@@H]2C,9,2.1972245773362196,0.3526920864639181
1243,C[C@H]1CC[C@H](n2c3cnccc3c3cnc(Nc4ccc(N5CCC6(CC5)CCS(=O)(=O)C6)nn4)nc32)CC1,9,2.1972245773362196,0.3526920864639181
569,C[C@H]1CN(Cc2cc(Cl)ccc2CC(=O)O)CCN1C(=O)Cc1ccc(Cl)cc1,9,2.1972245773362196,0.3526920864639181
468,CC(C)(C)NS(=O)(=O)c1ccc(Cl)c(C(=O)N2CCC(CCN3CCC(N(C(=O)NCc4ccc(C#N)cc4)c4cccc(F)c4)CC3)(c3cccc(F)c3)CC2)c1Cl,9,2.1972245773362196,0.3526920864639181
158,CCCN(c1ncc(C(F)(F)F)cn1)C1CCN(C[C@H]2CN([C@H](CC3CCC3)C(=O)O)C[C@@H]2c2cccc(F)c2)CC1,9,2.1972245773362196,0.3526920864639181
1396,COC(=O)N[C@H](C(=O)N1C[C@@H](C)C[C@H]1c1nc(-c2ccc(-c3ccc(-c4ccc5[nH]c([C@@H]6C[C@H](C)CN6C(=O)[C@@H](NC(=O)OC)C(C)C)nc5c4)cc3)cc2)c[nH]1)C(C)C,9,2.1972245773362196,0.3526920864639181
60,CC(C)(C(=O)Nc1ccc(Cl)c(C(F)(F)F)c1)S(=O)(=O)c1ccc(Cl)cc1,9,2.1972245773362196,0.3526920864639181
1466,CC(C)(O)c1ccc(-c2cnc3c(n2)N(CCC2CCOCC2)C(=O)CN3)cn1,9,2.1972245773362196,0.3526920864639181
321,COc1cc(-c2cccn(Cc3ccc([C@H](C)CC(=O)O)cc3)c2=O)ccc1NC(=O)Nc1ccccc1C,9,2.1972245773362196,0.3526920864639181
1332,CC(=O)N1CCC(c2nccnc2Oc2ccc(C(=O)c3nc4ccccc4[nH]3)cc2)CC1,9,2.1972245773362196,0.3526920864639181
1215,CCCSc1nc(N2CCCC(C(C)(C)C(=O)O)C2)ccc1C(=O)NC1CCCCC1,9,2.1972245773362196,0.3526920864639181
1424,C[C@H]1[C@H](NC(=O)/C(=N\OC(C)(C)C(=O)O)c2csc(N)n2)C(=O)N1C(=O)NS(=O)(=O)N1C[C@@H](NC(=O)NCc2cc(=O)c(O)cn2O)CC1=O,9,2.1972245773362196,0.3526920864639181
883,CCCOc1nc(N2CCC[C@@H](CC(=O)O)C2)ccc1C(=O)NC1CCCCC1,9,2.1972245773362196,0.3526920864639181
749,COc1cc(OC)cc(N2CCN(C(=O)Nc3nc4cccc(OC)c4nc3OC)CC2)c1,9,2.1972245773362196,0.3526920864639181
509,C[C@H](NC(=O)c1cccc2c1N(Cc1ccc(Cl)cc1)CC2)c1ccc(C(=O)O)cc1,9,2.1972245773362196,0.3526920864639181
71,O=C(N[C@@H](Cc1ccc2oc(-c3c(Cl)cccc3Cl)nc2c1)C(=O)O)c1c(Cl)cccc1Cl,9,2.1972245773362196,0.3526920864639181
1943,Nc1nc(/C(=N/OC2(C(=O)O)CC2)C(=O)N[C@@H]2C(=O)N(S(=O)(=O)O)[C@@H]2CN2CCOC2=O)cs1,9,2.1972245773362196,0.3526920864639181
1265,N#Cc1ccc(-c2ccc(C[C@@H](C#N)NC(=O)C3(N)CCOCC3)cc2)cc1,9,2.1972245773362196,0.3526920864639181
1931,COC(=O)N[C@H](C(=O)N1CCC[C@H]1c1ncc(-c2cc(F)c3c(c2)O[C@@H](c2cc4c(s2)CCC4)n2c-3cc3cc(-c4cnc([C@@H]5CCCN5C(=O)[C@@H](NC(=O)OC)[C@@H]5CCOC(C)(C)C5)[nH]4)ccc32)[nH]1)C(C)C,9,2.1972245773362196,0.3526920864639181
400,Cc1n[nH]c(C)c1CC(=O)NCc1ccc(Cl)cc1Cl,9,2.1972245773362196,0.3526920864639181
173,CCNC(=O)[C@H]1CCCN1C(=O)[C@H](CCCN=C(N)N)NC(=O)[C@H](CC(C)C)NC(=O)[C@@H](CC(C)C)NC(=O)[C@H](Cc1ccc(O)cc1)NC(=O)[C@H](CO)NC(=O)[C@H](Cc1c[nH]c2ccccc12)NC(=O)[C@H](Cc1c[nH]cn1)NC(=O)[C@@H]1CCC(=O)N1,9,2.1972245773362196,0.3526920864639181
1780,Cc1nnc2sc(C(=O)NCc3ccc(-c4ccncc4)cc3)c(N)c2c1C,9,2.1972245773362196,0.3526920864639181
1960,Cc1cccc(C)c1-c1ccc2[nH]c(=O)[nH]c2c1,9,2.1972245773362196,0.3526920864639181
464,O=C(O)C1CN(C2CC[C@]3(Cc4ccccc4Cc4ccccc43)C2)C1,9,2.1972245773362196,0.3526920864639181
216,O=C(NCc1ccccc1)[C@@H]1CCC[C@H]1C(O)CCc1ccc(OC(F)(F)F)cc1,9,2.1972245773362196,0.3526920864639181
414,CC(c1ccccc1)c1nc2c3c(ccc2c(C(=O)O)c1O)CCCC3,9,2.1972245773362196,0.3526920864639181
473,Cc1ccc2c(N3CCN(CCc4c(C)ccc5c4CCC(=O)N5C)CC3)cccc2n1,9,2.1972245773362196,0.3526920864639181
364,C[C@@H](Nc1nccc(Cl)c1NC(=O)CC#N)c1ccc(-c2cccc(F)c2-c2nnn(C)n2)cc1,9,2.1972245773362196,0.3526920864639181
1932,COC(=O)N[C@H](C(=O)N1CCC[C@H]1c1ncc(-c2cc(F)c3c(c2)O[C@@H](c2cnc(C4CC4)s2)n2c-3cc3cc(-c4cnc([C@@H]5CCCN5C(=O)[C@@H](NC(=O)OC)[C@@H]5CCOC(C)(C)C5)[nH]4)ccc32)[nH]1)C(C)C,9,2.1972245773362196,0.3526920864639181
1216,O=C(N[C@H]1C2CC3CC1C[C@](OC(F)F)(C3)C2)c1ccc(N2C[C@@H]3[C@H](C2)[C@H]3C(=O)O)nc1SC1CCCC1,9,2.1972245773362196,0.3526920864639181
1699,C[C@]1(C(=O)O)CCC[C@@](C)(c2nc(-c3ccc(C(=O)Nc4cc(C(F)(F)F)ccn4)cc3)c3c(N)nccn23)C1,9,2.1972245773362196,0.3526920864639181
663,CCN(CC)C(=O)CCC1(c2ccc(Cl)cc2)c2ccccc2-c2nccn21,9,2.1972245773362196,0.3526920864639181
738,C[C@@H]1CN[C@@H](C2CC2)C(=O)N(C)[C@H](C)C(=O)N[C@H](Cc2ccc(F)cc2)C(=O)NCCCc2ccc(F)cc2O1,9,2.1972245773362196,0.3526920864639181
85,CCNC(=O)[C@@H]1CCCN1C(=O)[C@H](CCCNC(=N)N)NC(=O)[C@H](CC(C)C)NC(=O)[C@@H](CC(C)C)NC(=O)[C@H](Cc1ccc(O)cc1)NC(=O)[C@H](CO)NC(=O)[C@H](Cc1c[nH]c2ccccc12)NC(=O)[C@H](Cc1c[nH]cn1)NC(=O)[C@@H]1CCC(=O)N1,9,2.1972245773362196,0.3526920864639181
839,Cc1ccc(NC(=O)Nc2cc(C(F)(F)F)ccc2F)cc1Nc1ccc2c(c1)NC(=O)/C2=C\c1ccc[nH]1,9,2.1972245773362196,0.3526920864639181
58,CCN(CC(O)(CNC(=O)c1cnn(-c2ccc(F)cc2)c1N)C(F)(F)F)C(=O)c1c(F)cccc1S(C)(=O)=O,9,2.1972245773362196,0.3526920864639181
1598,COc1ccc(-c2nnc(C(=O)N3CC(Oc4ccc(CN5CC6(COC6)C5)cc4)C3)o2)cc1,9,2.1972245773362196,0.3526920864639181
787,CS(=O)(=O)N1CCC(Oc2ccc3c(c2)CCC2(CCN(C4CCC4)CC2)O3)CC1,9,2.1972245773362196,0.3526920864639181
814,CCCCCS(=O)(=O)NC(=O)/C=C/c1ccc(OCCOC)cc1Oc1ncc(Cl)cc1Cl,9,2.1972245773362196,0.8218488100959864
271,CC(C)C[C@@H]1C(=O)N[C@H](C2Cc3ccccc3C2)C(=O)N1[C@@H](C(=O)NC(C)C)c1ccc2occc2c1,9,2.1972245773362196,0.3526920864639181
797,Nc1ncc(-c2cc(N3CCOCC3)nc(N3CCOCC3)n2)c(N)n1,9,2.1972245773362196,0.3526920864639181
370,COc1cc(N2CCN(C3CCN(c4ccc(F)c5c(OC)cc(C(F)(F)F)nc45)CC3)CC2)c2ncccc2c1,9,2.1972245773362196,0.3526920864639181
294,Cc1ccnc(NCc2cc(-c3ccc(C[C@H](NC(=O)c4c(C)cc(C)cc4C)C(=O)O)cc3)on2)c1,9,2.1972245773362196,0.3526920864639181
1497,CC(=O)N1CC(NC(=O)c2cnc(N)c3cc(-c4cccc(F)c4)ccc23)C1,9,2.1972245773362196,0.3526920864639181
1790,O=C(O)c1cc(F)c2nc(N3C4CCC3CC(OCc3c(-c5ccccc5OC(F)(F)F)noc3C3CC3)C4)sc2c1,9,2.1972245773362196,0.3526920864639181
1537,O=C(Nc1nc2cc(CN3CCCCC3)ccc2n1-c1ccccc1)c1cccc(C(F)(F)F)c1,9,2.1972245773362196,0.3526920864639181
1933,CCc1ccc([C@@H]2Oc3cc(-c4cnc([C@@H]5CCCN5C(=O)[C@@H](NC(=O)OC)[C@@H]5CCOC(C)(C)C5)[nH]4)cc(F)c3-c3cc4cc(-c5cnc([C@@H]6CCCN6C(=O)[C@@H](NC(=O)OC)C(C)C)[nH]5)ccc4n32)s1,9,2.1972245773362196,0.3526920864639181
1182,COc1ccc2c(c1)[C@@H]1C[C@]1(C(=O)N1C3CC1CN(C)C3)Cn1c-2c(C2CCCCC2)c2ccc(C(=O)NS(=O)(=O)N(C)C)cc21,9,2.1972245773362196,0.3526920864639181
1718,c1cc([C@H]2CC[C@]3(CC2)OOC2(O3)C3CC4CC(C3)CC2C4)ccc1OCCC1CCNCC1,9,2.1972245773362196,0.8218488100959864
300,CN1CCOCC1c1nc(C(=O)NCc2ccc(F)cc2)c(O)c(=O)n1C,9,2.1972245773362196,0.3526920864639181
978,Cn1cc(C(=O)NC[C@@H](O)CN2CCC(Oc3ccc(Cl)c(Cl)c3)CC2)c(C(F)(F)F)cc1=O,9,2.1972245773362196,0.3526920864639181
598,Cc1nc(C)n(-c2ccc(Nc3cc(-c4ccn(C)n4)c(Cl)cn3)cc2)n1,9,2.1972245773362196,0.3526920864639181
34,COc1cc(N2CCN(C)CC2)ccc1NC(=O)c1cccc(-c2cnn(C)c2)n1,9,2.1972245773362196,0.8218488100959864
1016,CC(C)c1nc(-c2cccc(NS(=O)(=O)c3c(F)cccc3F)c2F)c(-c2ccnc(Nc3ccc(N4CCOCC4)nc3)n2)s1,9,2.1972245773362196,0.3526920864639181
211,COc1ccc(C(CC(=O)O)Cc2csc(CCCc3ccc4c(n3)NCCC4)n2)cc1F,9,2.1972245773362196,0.3526920864639181
684,O=C(O)c1cc2sccc2[nH]1,9,2.1972245773362196,0.3526920864639181
315,CC(C)CC[C@H](c1ncc(C(F)(F)F)cn1)N1CC[C@@H](CC(=O)[O-])C[C@H]1c1ccc(C(F)(F)F)cc1.[Na+],9,2.1972245773362196,0.3526920864639181
309,CCCCCOC(=O)N1CCN(C(=O)[C@H](CCC(=O)O)NC(=O)c2cc(N3CCC(C(=O)N4CCC4)CC3)cc(-c3ccccc3)n2)CC1,9,2.1972245773362196,0.3526920864639181
328,CN1C(=O)NC(=O)[C@]12Cc1ccc(NC(=O)Cn3c(=O)n(C4CCOC4)c4ccccc43)cc1C2,9,2.1972245773362196,0.3526920864639181
207,O=C(NCCc1ccccc1Cl)c1cc(-n2ncc(=O)[nH]c2=O)ccc1Cl,9,2.1972245773362196,0.3526920864639181
938,O=C(N[C@H]1C2CC3CC1C[C@](O)(C3)C2)c1cnc(N[C@H]2CCOC2)nc1C1CCCC1,9,2.1972245773362196,0.3526920864639181
1423,C[C@H]1[C@H](NC(=O)/C(=N\OC(C)(C)C(=O)O)c2csc(N)n2)C(=O)N1C(=O)NS(=O)(=O)n1nc(-c2cc(=O)c(O)c[nH]2)n(C[C@@H](O)CO)c1=O,9,2.1972245773362196,0.3526920864639181
94,N#Cc1cc(Cl)cc(Oc2cc(OCc3n[nH]c4nc(N)ccc34)ccc2Cl)c1,9,2.1972245773362196,0.3526920864639181
1934,COC(=O)N[C@H](C(=O)N1CCC[C@H]1c1ncc(-c2ccc3c(c2)cc2n3[C@H](c3ccc(C4CC4)s3)Oc3cc(-c4cnc([C@@H]5CCCN5C(=O)[C@@H](NC(=O)OC)[C@@H]5CCOC(C)(C)C5)[nH]4)cc(F)c3-2)[nH]1)C(C)C,9,2.1972245773362196,0.3526920864639181
405,CC(C)c1cccc2c(C(=O)O)c(O)c(C3(c4ccccc4)CC3)nc12,9,2.1972245773362196,0.3526920864639181
503,C#C[C@@]1(O)[C@H](O)[C@@H](CO)O[C@H]1n1cc(C(N)=O)c2c(N)ncnc21,8.98,2.194999882314108,0.3525409909798568
147,O=C(NO)[C@@]1(NS(=O)(=O)c2ccc(Oc3ccc(Cl)cc3)cc2)C[C@H]2CC[C@@H](C1)O2,8.9,2.186051276738094,0.3519332250264374
1459,C[C@H]1[C@H](NC(=O)/C(=N\OC(C)(C)C(=O)O)c2csc(N)n2)C(=O)N1C(=O)NS(=O)(=O)n1nc(-c2cc(=O)c(O)c[nH]2)n(CCS(C)(=O)=O)c1=O,8.9,2.186051276738094,0.3519332250264374
1089,O=c1[nH]c(-c2ccc(C(F)(F)F)cc2)nc2c1COCC2,8.9,2.186051276738094,0.3519332250264374
861,CC(C)(O/N=C(\C(=O)N[C@@H]1C(=O)N(S(=O)(=O)O)[C@@H]1COC(=O)CNC(=O)c1cc(=O)c(O)cn1O)c1csc(N)n1)C(=O)O,8.9,2.186051276738094,0.3519332250264374
1098,Cn1cc(-c2ccc3c(c2F)CCN3C(=O)Cc2cccc(C(F)(F)F)n2)c2c(N)ncnc21,8.9,2.186051276738094,0.3519332250264374
530,Cc1cc(Nc2nc(N[C@@H](C)c3ncc(F)cn3)ncc2Cl)[nH]n1,8.9,2.186051276738094,0.3519332250264374
502,Cn1cc(-c2ccsc2)cc(NC(=O)N2CCC(n3c(=O)[nH]c4ncccc43)CC2)c1=O,8.9,2.186051276738094,0.3519332250264374
60,CCc1nc(C2CC2)c(C(N)=O)n1Cc1ccc2oc(-c3ccccc3NS(=O)(=O)C(F)(F)F)c(Br)c2c1,8.9,2.186051276738094,0.3519332250264374
265,CCCN(Cc1cn2c(N3CCN(C)CC3)cccc2n1)[C@H]1CCCc2cccnc21,8.9,2.186051276738094,0.3519332250264374
324,C[C@@H](O[C@H]1CN2C(=O)CC(N)[C@H]2[C@@H]1c1ccc(F)cc1)c1cc(C(F)(F)F)cc(C(F)(F)F)c1,8.9,2.186051276738094,0.3519332250264374
1444,C[C@@H]1c2nnc(-c3csc(-c4ccc(F)cc4F)n3)n2CCN1C(=O)c1ccc(-c2cccs2)cc1,8.9,2.186051276738094,0.3519332250264374
762,COc1cc2ncnc(Oc3ccc(CC(=O)Nc4cnn(C(C)C)c4)cc3)c2cc1OC,8.9,2.186051276738094,0.3519332250264374
24,COCCNC(=O)c1cccc2cc(Oc3ccnc4cc(OC)c(OC)cc34)ccc12,8.867,2.18233652039787,0.35168092846362
458,O=[N+]([O-])c1ccc(C2=NOC(c3ccc(N4CCN(Cc5ccccc5)CC4)cc3)C2)o1,8.833,2.178494707762995,0.3514200025686234
155,Cc1cc2c(N3CCCC3)nc(N3CCCC3)nc2n1C,8.833,2.178494707762995,0.3514200025686234
1357,O=C(NC[C@@H]1OC(=O)N2c3ccc(N4CCOCC4=O)cc3SC[C@@H]12)c1ccc(Cl)s1,8.817,2.17668167610489,0.3512968661866578
380,C/C(=C1/C(=O)Nc2ccc(NC(N)=O)cc21)c1cc(CNC(=O)C2CCNCC2)c[nH]1,8.8,2.174751721484161,0.3511657887019972
847,COc1cc(N2C(=O)N(c3ccc(-c4ccc(C(=O)O)cc4)cc3)C(=O)C23CCN(Cc2ncccc2C)CC3)ncn1,8.8,2.174751721484161,0.3511657887019972
850,N[C@@H]1CCCN(c2c(Cl)cccc2/C=C2\SC(=O)NC2=O)C1,8.8,2.174751721484161,0.8203225123340655
495,O=C(O)c1ccc(CCCc2c(CCNS(=O)(=O)c3ccccc3F)n(C(c3ccccc3)c3ccccc3)c3ccc(Cl)cc23)cc1,8.8,2.174751721484161,0.3511657887019972
183,CN1C(=O)C(C(=O)Nc2nncs2)c2cc3occc3cc21,8.8,2.174751721484161,0.3511657887019972
238,O=C(Cn1cc2c3c(cccc31)NC(=O)C2)Nc1ccc2c(c1)C[C@]1(C2)C(=O)Nc2ncccc21,8.8,2.174751721484161,0.3511657887019972
115,CC[C@H](C)[C@H](C(=O)O)N1C[C@H](CN2CCC(c3cc(Cc4ccc(OC(F)(F)F)cc4)nn3CC)CC2)[C@@H](c2cccc(F)c2)C1,8.8,2.174751721484161,0.3511657887019972
871,O=C(Nc1ccc(/C=C/c2ccc(NC(=O)[C@@H]3CCCN3C(=O)Cc3cccnc3)cc2)cc1)[C@@H]1CCCN1C(=O)Cc1cccnc1,8.8,2.174751721484161,0.3511657887019972
1863,COc1cc(-c2ccc3c(n2)[C@@H](C)N(c2cnn(CC(F)(F)F)c2)C3=O)cnc1OC,8.8,2.174751721484161,0.3511657887019972
1793,Cc1nnc2sc(C(=O)NC3CN(c4ccc(C(F)(F)F)nc4)C3)c(N)c2c1C,8.8,2.174751721484161,0.3511657887019972
68,CCOC(=O)Nc1ccccc1CCC(SCC(CC)C(=O)[O-])c1cccc(CCc2ccc3ccc(Cl)cc3n2)c1.[Na+],8.8,2.174751721484161,0.3511657887019972
1000,COc1cc2c(cc1F)C(c1ccccc1Cl)=Nc1c(n[nH]c1C)N2,8.783,2.17281803493498,0.3510344577544887
1520,Cc1ncn(-c2cc(Cl)c(C(=O)NC[C@@H](c3cccc(F)c3)c3nc4ccc(Cl)cc4[nH]3)c(Cl)c2)n1,8.77,2.1713368063840917,0.3509338565742472
766,Cc1c(F)cc(C(=O)NC2CC2)cc1-c1cc2nnc(-c3c(F)cccc3Cl)n2n(C)c1=O,8.767,2.1709946726064486,0.3509106197403294
1818,CC(=O)Oc1c(C)c(-c2ccc(N3CCC(F)(F)C3)cc2)nc2cc(F)cc(F)c12,8.733,2.1671089534315957,0.3506467118276424
1521,CS(=O)(=O)c1ccc(-c2cnc3ccc(-c4cccc(S(=O)(=O)C5CC5)c4)cn23)cc1,8.7,2.163323025660538,0.3503895814868527
407,CC(C)c1cccc2c(C(=O)O)c(O)c(C3(c4ccc(F)cc4)CC3)nc12,8.7,2.163323025660538,0.3503895814868527
1417,O=C(NC1CC1)c1ccc(-c2cnc3c(NCC4CCOCC4)cc(OC4CCCCC4)nn23)cc1,8.7,2.163323025660538,0.3503895814868527
1090,COc1ccc2ncc(F)c([C@@H](O)[C@H](O)[C@@H]3CC[C@@H](NCc4cc5c(cn4)OCCS5)CO3)c2n1,8.7,2.163323025660538,0.3503895814868527
225,N[C@H]1Cn2c(nc3cnccc32)C[C@@H]1c1cc(F)c(F)cc1F.O=C(O)C(F)(F)F.O=C(O)C(F)(F)F,8.7,2.163323025660538,0.3503895814868527
276,Cc1cc(CCC(=O)O)ccc1-c1noc(-c2ccc(OC(C)C)c(C(F)(F)F)c2)n1,8.7,2.163323025660538,0.3503895814868527
648,O=C(O)/C=C/c1ccc(OC(=O)C2(NC(=O)c3ccc4c(C5CCCCC5)c5n(c4c3)CCCCNc3ccccc3-5)CCCC2)cc1,8.7,2.163323025660538,0.3503895814868527
209,COCc1ncc(C(CC(=O)O)Cc2csc(CCCc3ccc4c(n3)NCCC4)n2)s1,8.7,2.163323025660538,0.3503895814868527
195,CSc1ccc(-c2ccccc2[C@@H]2CCC(F)(F)C[C@H]2C(=O)NCC#N)cc1,8.7,2.163323025660538,0.3503895814868527
349,O=C(NN1C(=O)[C@@H]2C3C=CC(C4CC43)[C@@H]2C1=O)c1ccc(C(F)(F)F)cc1,8.667,2.1595227101522076,0.3501314739684695
1832,O=C(Nc1cccc(C(F)(F)F)c1-c1cccnc1)c1cccc(-c2ncccc2Cl)c1,8.667,2.1595227101522076,0.3501314739684695
256,CCn1cnc(-c2cc3nccc(Oc4ccc(NC(=O)CC(=O)N(C)c5ccccc5)cc4F)c3s2)c1,8.667,2.1595227101522076,0.3501314739684695
960,COc1cnc(Nc2cnc(Cl)c(NS(=O)(=O)N(C)C)c2)c(-c2nc(C)nc(N)n2)c1,8.667,2.1595227101522076,0.3501314739684695
236,Cn1c(=O)cc(Nc2cc(C(=O)NC3CC3)ccc2Cl)c2cnn(-c3cc(F)ccc3F)c21,8.667,2.1595227101522076,0.3501314739684695
438,CNC(=O)c1cc(F)ccc1CNC(=O)c1nc(N2CCCCS2(=O)=O)c2cccnc2c1O,8.6,2.151762203259462,0.3496044005791439
79,N=C(N)c1ccc(CNC(=O)[C@@H]2CCCN2C(=O)[C@H](NS(N)(=O)=O)C(c2ccccc2)c2ccccc2)cc1,8.6,2.151762203259462,0.3496044005791439
421,C[C@@H](c1ccc(-c2ccc(F)cc2)cc1)[C@H](N)C(=O)N1CC[C@H](F)C1,8.6,2.151762203259462,0.3496044005791439
770,O=C(O)c1cncc(-c2ccc(N3CCC(Oc4cc(F)ccc4Br)CC3)nn2)c1,8.6,2.151762203259462,0.3496044005791439
895,Cc1ccc(C(=O)N[C@H]2C3CC4CC2C[C@](O)(C4)C3)c(C2CC2)n1,8.6,2.151762203259462,0.3496044005791439
312,CCn1c(-c2nonc2N)nc2cnc(Oc3cccc(NC(=O)c4ccc(N5CCOCC5)cc4)c3)cc21,8.6,2.151762203259462,0.3496044005791439
214,CC(C)(C)Sc1c(CC(C)(C)C(=O)O)n(Cc2ccc(-c3nccs3)cc2)c2ccc(OCc3ccccn3)cc12,8.6,2.151762203259462,0.3496044005791439
490,O=C(O)c1ccc(CCCc2c(CCNS(=O)(=O)c3c(Cl)cccc3Cl)n(C(c3ccccc3)c3ccccc3)c3ccc(Cl)cc23)cc1,8.5,2.1400661634962708,0.3488100360608372
1581,CC(C)(C)c1ccc(CCC(O)(CC(=O)O)C(=O)O)cc1,8.5,2.1400661634962708,0.3488100360608372
350,CC(C)N1CCC[C@H](Cn2c(CN(C)[C@H]3CCCc4cccnc43)nc3ccccc32)C1,8.5,2.1400661634962708,0.3488100360608372
120,CC(C)Cc1cc(-c2ccc(CCNC[C@H](O)c3ccc(N)nc3)cc2)ccc1C(=O)O,8.5,2.1400661634962708,0.3488100360608372
1687,COC(=O)N[C@H](C(=O)N1CCC[C@H]1c1ncc(-c2ccc3c(c2)OC(C)n2c-3cc3cc(-c4cnc([C@@H]5CCCN5C(=O)[C@@H](NC(=O)OC)C(C)C)[nH]4)ccc32)[nH]1)C(C)C,8.5,2.1400661634962708,0.3488100360608372
1723,COc1ccc(Cn2c(=O)n3ncnc3c3c4c(sc32)CN(CC2CCOCC2)CC4(F)F)cc1,8.5,2.1400661634962708,0.8179667596929056
26,COc1cc2nccc(Oc3ccc4c(C(=O)NC5CC5)cccc4c3)c2cc1C(N)=O,8.467,2.1361762546601404,0.3485458435972827
46,COc1ccc2c(O[C@@H]3C[C@H]4C(=O)N[C@]5(C(=O)NS(=O)(=O)C6CC6)C[C@H]5/C=C\CCCCN(C)C(=O)[C@@H]4C3)cc(-c3nc(C(C)C)cs3)nc2c1C,8.417,2.130253470229439,0.3481435835249344
935,CC(C)OC(=O)N1CCC(Oc2ncnc3c2CCN3c2ccc(S(C)(=O)=O)cc2F)CC1,8.4,2.128231705849268,0.3480062705608457
1471,CCN(CC)CC.Nc1ncnc2c1ncn2[C@@H]1O[C@H](CNS(=O)(=O)NC(=O)c2ccccc2O)[C@@H](O)[C@H]1O,8.4,2.128231705849268,0.3480062705608457
266,CC(C)Cc1ccc(-c2nc(-c3ccc([C@@H]4CC[C@@H](CC(=O)O)N4)cc3)no2)cc1,8.4,2.128231705849268,0.3480062705608457
320,CCOC(=O)c1c(Cl)cccc1-c1ccc([C@@H](C)NC(=O)C2(NC(=O)C(F)(F)F)CC2)c(F)c1,8.4,2.128231705849268,0.3480062705608457
1541,Cc1cc(Cl)c(OCCO)cc1NC(=O)C1=CNC(=O)C[C@H]1c1ccc(F)cc1,8.4,2.128231705849268,0.3480062705608457
1996,CC[C@@H](Oc1nc(Oc2cccc(-c3cccc(CN)c3)c2)c(F)cc1F)C(=O)O,8.4,2.128231705849268,0.3480062705608457
1083,N#CC[C@H]1CC[C@H](c2ccc(N3CCOc4ncnc(N)c4C3=O)cc2)CC1,8.4,2.128231705849268,0.3480062705608457
444,Cn1ncc2c(Oc3ccc(S(C)(=O)=O)cc3)cc(-c3cccc4[nH]ncc34)nc21,8.4,2.128231705849268,0.3480062705608457
1955,CS[C@@]1(C(=O)Nc2ccc3[nH]nc(-c4ccc(F)cc4)c3c2)CCN(CC(=O)N2CC=C(c3ccc(-c4ncccn4)cc3)CC2)C1,8.4,2.128231705849268,0.3480062705608457
1015,CC(C)c1cccc(-c2c(-c3ccc4nn(C)cc4c3)nsc2NC(=O)[C@@H]2C[C@H]2C)n1.Cl,8.4,2.128231705849268,0.3480062705608457
179,COc1ccc2c(c1)CC(c1nc3ccc(-c4ccnc(N)n4)cc3o1)CO2,8.4,2.128231705849268,0.3480062705608457
337,C[C@H](NC1=NC(=O)C(C)(C(F)(F)F)S1)c1ccccc1F,8.35,2.122261538862764,0.3476007923888776
1375,COc1cccc(CNC(=O)c2nc3scc(NC(=O)Cc4ccc(C(=O)O)cc4)c3c(=O)[nH]2)c1,8.35,2.122261538862764,0.3476007923888776
919,CC(=O)Nc1cc(-c2c(Nc3ccn(C)n3)nc3ccc(-c4cnn(C(C)C)c4)cn23)nc(C)n1,8.333,2.12022353540007,0.3474623765086542
1031,O=C(NOC[C@H](O)CO)c1ccc(F)c(F)c1Nc1ccc(I)cc1F,8.333,2.12022353540007,0.3474623765086542
186,CCOc1cc([C@@H](CS(C)(=O)=O)N2C(=O)c3cccc(NC(C)=O)c3C2=O)ccc1OC,8.333,2.12022353540007,0.3474623765086542
986,O=C1CCCN1C1CCN(CCOc2ccc(Oc3nc4ccccc4s3)cc2)CC1,8.333,2.12022353540007,0.3474623765086542
1345,Cc1cc2c(NC(=O)N[C@@H]3CC(CF)(CF)Oc4cc(Cl)ccc43)cccc2cn1,8.333,2.12022353540007,0.3474623765086542
1730,COc1cc(-c2cc(OC)c(-n3c(=O)ccc4cc(S(=O)(=O)Nc5ncccn5)ccc43)cc2F)ccc1Cl,8.333,2.12022353540007,0.3474623765086542
1612,O=C(Nc1cc[nH]n1)N1CCN(Cc2cccc(Oc3ccc(Cl)cc3)c2)CC1,8.333,2.12022353540007,0.3474623765086542
406,Cc1cc(Cc2ccc(C(=O)N[C@@H]3CCOC[C@@H]3C(=O)NO)cc2)c2ccccc2n1,8.333,2.12022353540007,0.3474623765086542
195,CCC#CCOc1cc(COc2ccc(C(F)(F)F)cc2)ccc1Sc1ccc(OCC(=O)O)c2c1CCCC2,8.333,2.12022353540007,0.3474623765086542
102,O=C(N[C@H]1c2ccccc2C[C@H]1O)[C@H](Cc1cccc(O)c1)[C@@H](C(=O)NO)C1CCNCC1,8.333,2.12022353540007,0.3474623765086542
416,CCN1c2ccc(NS(=O)(=O)c3cccc(C(F)(F)F)c3)cc2N=C(c2ccc(C(=O)O)cc2)c2cc3c(cc21)C(C)(C)CCC3(C)C,8.333,2.12022353540007,0.3474623765086542
350,O=C(O)c1ccc(OCCc2c(CCNS(=O)(=O)Cc3cc(Cl)cc(Cl)c3)n(C(c3ccccc3)c3ccccc3)c3ccc(Cl)cc23)cc1,8.3,2.1162555148025524,0.3471928788979759
27,COc1ccc(NS(=O)(=O)C(F)(F)F)cc1C[C@@H]1COc2ccc(OCc3nc4cc(F)c(F)cc4s3)cc2[C@@H]1O,8.3,2.1162555148025524,0.3471928788979759
363,C[C@@H](Nc1nccc(Cl)c1NC(=O)CC#N)c1ccc(-c2cccc(F)c2C#N)cc1,8.3,2.1162555148025524,0.3471928788979759
428,COC(=O)[C@H](CCCNC(=N)N)NC(=O)CCCc1cc(-c2cc(Cl)cc(Cl)c2)nn1-c1ccc2ccccc2c1,8.3,2.1162555148025524,0.3471928788979759
140,O=C(/C=C/c1ccc(Sc2cccc(N[C@H]3CC[C@@H](C(=O)O)CC3)c2)c(C(F)(F)F)c1C(F)(F)F)N1CCOCC1,8.3,2.1162555148025524,0.3471928788979759
73,CS(=O)(=O)Nc1ccc2[nH]c(Cc3ccc(Oc4ccccc4)cc3)nc2c1,8.3,2.1162555148025524,0.3471928788979759
957,Cn1c(-c2ccccn2)c(C2CCCC2)c2ccc(C(=O)NC3(C(=O)Nc4ccc(/C=C/C(=O)O)cc4)CCC3)cc21,8.3,2.1162555148025524,0.3471928788979759
388,COc1ccc(CCC2(C3CCCC3)CC(O)=C(Cc3nc4nc(C)cc(C)n4n3)C(=O)O2)cc1Cl,8.3,2.1162555148025524,0.3471928788979759
162,CCCCCCCCOc1c(Br)cc(CNCCCP(=O)(O)O)cc1Br,8.3,2.1162555148025524,0.3471928788979759
1358,O=C(NC[C@@H]1OC(=O)N2c3ccc(N4CCOCC4=O)cc3S(=O)(=O)C[C@@H]12)c1ccc(Cl)s1,8.217,2.106205178949051,0.3465102862973409
89,CCNC(=O)[C@@H]1CCCN1C(=O)[C@H](CCCN=C(N)N)NC(=O)[C@H](CC(C)C)NC(=O)[C@@H](CC(C)C)NC(=O)[C@H](Cc1ccc(O)cc1)N(C)C(=O)[C@H](CO)NC(=O)[C@H](Cc1c[nH]c2ccccc12)NC(=O)[C@H](Cc1c[nH]cn1)NC(=O)[C@@H]1CCC(=O)N1,8.2,2.1041341542702074,0.3463696277022334
1398,COC(=O)N[C@H](C(=O)N1CCC[C@H]1c1nc2sc(C#CC#Cc3cc4[nH]c([C@@H]5CCCN5C(=O)[C@@H](NC(=O)OC)C(C)C)nc4s3)cc2[nH]1)C(C)C,8.2,2.1041341542702074,0.3463696277022334
693,CCC(=O)N[C@H]1CC[C@@H](C(=O)N(C)c2ccc(-c3nc4ccccc4o3)cc2)C1,8.2,2.1041341542702074,0.3463696277022334
436,Cc1cccc(NC(=O)c2cccc3oc(=O)[nH]c23)n1,8.2,2.1041341542702074,0.3463696277022334
1446,CC(C)c1nc(-c2nnc3n2CCN(C(=O)c2ccc(-c4cccs4)cc2)[C@@H]3C)co1,8.2,2.1041341542702074,0.3463696277022334
369,O=C(O)C1CN(Cc2ccc(OCc3cc(-c4ccccc4)c(C(F)(F)F)s3)c(Cl)c2)C1,8.2,2.1041341542702074,0.3463696277022334
1801,CC(=O)N[C@H]1CSCc2cc3cc(c2)CSC[C@H](C(=O)N[C@@H](C)C(=O)N(C)CC(=O)N(C)CC(=O)N(C)CC(=O)N[C@H](CCCNC(=N)N)C(=O)N[C@H](CCCNC(=N)N)C(=O)O)NC(=O)[C@H](CC(C)C)NC(=O)[C@@H]2CCCN2C(=O)[C@H](C)NC(=O)[C@H](CC(=O)O)NC(=O)[C@H](Cc2c[nH]c4ccccc24)NC(=O)[C@@H]2CCCN2C(=O)[C@H](CSC3)NC(=O)[C@H](Cc2c[nH]c3ccccc23)NC(=O)[C@@H]2CCCN2C(=O)[C@H](CC(N)=O)NC(=O)[C@H](Cc2c[nH]c3ccccc23)NC(=O)[C@H]([C@@H](C)O)NC(=O)[C@H](CC(N)=O)NC1=O,8.2,2.1041341542702074,0.3463696277022334
911,OCCn1cc(-c2cnc3nnn(Cc4ccc5ncccc5c4)c3n2)cn1,8.2,2.1041341542702074,0.3463696277022334
874,Cc1cc(C#N)ccc1-c1ccnc(NCc2n[nH]c(-c3ccccn3)c2Cl)c1,8.2,2.1041341542702074,0.3463696277022334
1967,Cc1cccc(Cl)c1Nc1nc2cc(C(=O)Nc3cc(C(F)(F)F)ccc3F)c3c(c2[nH]1)CC(C)(C)O3,8.2,2.1041341542702074,0.3463696277022334
1114,COc1ncc2cc(C(=O)Nc3cc(C(=O)NC(CCN)c4ccccc4)ccc3Cl)c(=O)[nH]c2n1,8.2,2.1041341542702074,0.3463696277022334
203,Cc1ccc(NC(=O)c2cccc(C(F)(F)F)c2)cc1/C=C/n1cnc2c(Nc3cccnc3)ncnc21,8.167,2.1001016443761387,0.3460957501467168
761,C[C@H](c1nc2ncccc2c(=O)n1-c1ccc(Cl)cc1)N(CC1CCS(=O)(=O)CC1)C(=O)Cc1ccc(F)c(C(F)(F)F)c1,8.167,2.1001016443761387,0.3460957501467168
474,C[C@](O)(c1ccc(S(=O)(=O)c2ccc(-c3ccc(C#N)cc3)cc2Cl)cc1)C(F)(F)F,8.167,2.1001016443761387,0.3460957501467168
1954,COc1ccc(F)c(-c2ccc(COc3cccc([C@@H](CC(=O)O)C4CC4)c3F)cc2[C@@H]2CCCC2(C)C)c1,8.167,2.1001016443761387,0.3460957501467168
182,CN1Cc2c(c(O)c3ncc(Cc4ccc(F)cc4)cc3c2N(C)S(C)(=O)=O)C1=O,8.167,2.1001016443761387,0.3460957501467168
1776,CCOC(=O)C1=C(CN2CCO[C@H](CCC(=O)O)C2)NC(c2nccs2)=N[C@H]1c1ccc(F)cc1Br,8.11,2.0930978681273213,0.3456200719292291
471,N#Cc1ccc(CNC(=O)N(c2cccc(F)c2)C2CCN(CCC3(c4cccc(F)c4)CCN(C(=O)c4ccc(C#N)cc4)CC3)CC2)cc1,8.1,2.0918640616783932,0.3455362750128941
655,CNC(=O)c1cccc(-n2c(C)cc(OCc3ccc(F)cc3F)c(Br)c2=O)c1,8.1,2.0918640616783932,0.3455362750128941
692,O=C1CN(Cc2ccc(-c3ccc(F)c(CN4CCS(=O)(=O)CC4)n3)cc2)C(=O)N1C1CC1,8.1,2.0918640616783932,0.3455362750128941
1092,COc1ccc(NC(=O)/C=C/CN(C)C)cc1Nc1ncc(Cl)c(-c2cnn3ccccc23)n1,8.1,2.0918640616783932,0.3455362750128941
897,O=C(N[C@H]1C2CC3CC1C[C@](O)(C3)C2)c1cnc(N2CCOCC2)nc1C1CC1,8.1,2.0918640616783932,0.3455362750128941
953,CCCSc1c(C(=O)N(C)C2CCCCC2)cnn1-c1ccc(C(=O)O)cc1,8.1,2.0918640616783932,0.3455362750128941
1394,COC(=O)N[C@H](C(=O)N1C[C@@H](C)C[C@H]1c1ncc(-c2ccc(-c3cc4sc(-c5ccc6[nH]c([C@@H]7C[C@H](C)CN7C(=O)[C@@H](NC(=O)OC)C(C)C)nc6c5)cc4s3)cc2)[nH]1)C(C)C,8.1,2.0918640616783932,0.3455362750128941
234,N=C(N)c1ccc2[nH]c(-c3cc(CC(=O)O)cc(-c4cc(F)ccc4O)c3O)nc2c1,8.1,2.0918640616783932,0.3455362750128941
284,Cc1c(-c2ccc3c(c2)CN(C2CC2)C3=O)nnn1-c1cccnc1F,8.1,2.0918640616783932,0.3455362750128941
1769,O=C(O)c1c[nH]c2cc(F)c(-c3ccc(C4(O)CCC4)cc3)cc12,8.07,2.0881534822818573,0.3452842621371988
1767,O=C(O)c1c[nH]c2cc(Cl)c(-c3ccc(OCCO)cc3)cc12,8.04,2.0844290831908747,0.3450313106638975
1061,Cc1nc(NC(=O)N2CCC[C@H]2C(N)=O)sc1-c1ccnc(C2(C)CC2)n1,8,2.0794415416798357,0.3446925698516083
1246,C[C@H](NC(=O)N1CCc2cccnc2[C@H]1c1ccc(C(F)(F)F)cc1)C(F)(F)F,8,2.0794415416798357,0.3446925698516083
186,Cc1c(Nc2ccc(Br)cc2F)c(C(=O)NOCCO)cn(C)c1=O,8,2.0794415416798357,0.3446925698516083
1213,CCCSc1nc(N2CCCC(C3(C(=O)O)CC3)C2)ccc1C(=O)NC1CCCCC1,8,2.0794415416798357,0.3446925698516083
362,CN1CCN(Cc2ccc(-n3cc4cccc(C(N)=O)c4n3)cc2)CC1,8,2.0794415416798357,0.3446925698516083
757,CNC(=O)c1cccc(F)c1Nc1nc(Nc2ccc3c(c2)NC(=O)C(NC(=O)N2CCCC2)CC3(C)C)ncc1Cl,8,2.0794415416798357,0.3446925698516083
1489,C[C@@H]1CCN(C(=O)Nc2nc3c(s2)-c2nc(C(C)(C)C)ncc2CC3)[C@@H]1C(N)=O,8,2.0794415416798357,0.3446925698516083
673,CC(=O)Nc1cccc(Nc2ncnc(N3CCC(OCc4ccc(C(F)(F)F)cc4)CC3)n2)c1C,8,2.0794415416798357,0.3446925698516083
879,CCCSc1nc(N2CCC(C(=O)O)CC2)ccc1C(=O)NC1CCCCC1,8,2.0794415416798357,0.3446925698516083
690,Cc1nc(NC(C2CC2)C2CC2)c2nc(C)n(-c3ccc(OC(F)F)cc3Cl)c2n1,8,2.0794415416798357,0.3446925698516083
290,C[C@H](c1ccc(N2CC[C@H](NS(=O)(=O)c3ccc4cc(Cl)ccc4c3)C2=O)c(F)c1)N(C)C,8,2.0794415416798357,0.3446925698516083
1184,COCCOc1nc([C@H]2CCCO2)c(C(=O)NC2C3CC4CC2CC(O)(C4)C3)s1,8,2.0794415416798357,0.3446925698516083
1214,CCSc1nc(N2C[C@@H]3[C@H](C2)[C@H]3C(=O)O)ccc1C(=O)NC12CC3CC(CC(C3)C1)C2,8,2.0794415416798357,0.3446925698516083
277,CC(C)(c1cc(-c2cccc(CC(F)(c3ccc(S(C)(=O)=O)cc3)C(O)(C3CC3)C3CC3)c2)c2ncccc2c1)S(C)(=O)=O.CCl,8,2.0794415416798357,0.3446925698516083
101,CCc1ccc(-n2cc(C(=O)NOC)c(=O)c3cnc(Nc4ccc(C5CCN(C)CC5)cc4)nc32)cc1,8,2.0794415416798357,0.3446925698516083
151,COc1ccc(NS(=O)(=O)c2sc3ccc(Cl)cc3c2C)cc1N1CCNCC1,8,2.0794415416798357,0.3446925698516083
1002,C[C@@H]1CN(c2ccc(F)cc2C(F)(F)F)CCN1S(=O)(=O)c1ccc([C@@](O)(C(N)=O)C(F)(F)F)s1,8,2.0794415416798357,0.3446925698516083
1075,COc1cc2nnc(C(N)=O)c(Nc3ccc(C)cc3F)c2cc1C1CCN(CCO)CC1,8,2.0794415416798357,0.3446925698516083
343,C[C@@H](C(=O)N1CCOCC1)N1CC[C@H](NS(=O)(=O)/C=C/c2ccc(Cl)s2)C1=O,8,2.0794415416798357,0.3446925698516083
1844,CC(C)n1nc(-c2cnc(N)c(OC(F)(F)F)c2)cc1[C@H]1[C@@H]2CN(C3COC3)C[C@@H]21,8,2.0794415416798357,0.3446925698516083
1929,CCc1ccc([C@@H]2Oc3cc(-c4cnc([C@@H]5CCCN5C(=O)[C@@H](NC(=O)OC)C(C)C)[nH]4)cc(F)c3-c3cc4cc(-c5cnc([C@@H]6CCCN6C(=O)[C@@H](NC(=O)OC)[C@@H]6CCOC(C)(C)C6)[nH]5)ccc4n32)s1,8,2.0794415416798357,0.3446925698516083
1397,COC(=O)N[C@H](C(=O)N1C[C@@H](C)C[C@H]1c1nc2sc(-c3ccc(-c4ccc(-c5cc6[nH]c([C@@H]7C[C@H](C)CN7C(=O)[C@@H](NC(=O)OC)C(C)C)nc6s5)cc4)cc3)cc2[nH]1)C(C)C,8,2.0794415416798357,0.3446925698516083
378,O=S(=O)(Cc1ccccc1)Nc1ccc(-c2ccc3c(cnn3-c3ccc(F)cc3)c2)c(C(F)(F)F)c1,8,2.0794415416798357,0.3446925698516083
59,Nc1c(C(=O)NCC(O)(CN(CCO)C(=O)c2c(F)cccc2F)C(F)(F)F)cnn1-c1ccc(F)cc1,8,2.0794415416798357,0.3446925698516083
279,CC1=Nc2ccc(Cl)cc2S(=O)(=O)N1,8,2.0794415416798357,0.3446925698516083
396,Cc1ncoc1-c1nnc(SCCCN2CC3CC3(c3ccc(S(F)(F)(F)(F)F)cc3)C2)n1C,8,2.0794415416798357,0.3446925698516083
844,CCc1ccc2c(c1)c(-c1ccc[nH]c1=O)c(C(=O)O)n2Cc1cc([N+](=O)[O-])ccc1F,8,2.0794415416798357,0.3446925698516083
1411,C[C@H](CO)Nc1cc(NS(=O)(=O)N2CCC2)nc(SCc2cccc(F)c2F)n1,8,2.0794415416798357,0.3446925698516083
455,CCCC(CCC)n1cc2c3c(nc(C)cc31)N(c1ccc(C(F)(F)F)cc1C(F)(F)F)CC2,8,2.0794415416798357,0.3446925698516083
877,CCCSc1nc(NC[C@H]2CC[C@H](C(=O)O)CC2)ccc1C(=O)NC1CCCCC1,8,2.0794415416798357,0.3446925698516083
1220,COc1cc(N2CCOCC2)ccc1Nc1ncc(Cl)c(Nc2ccccc2C(N)=O)n1,8,2.0794415416798357,0.3446925698516083
316,Cn1nnc(-c2c(F)cc(Cl)cc2-c2cnc(CNC(=O)N(O)C(CF)CF)c(F)c2)n1,8,2.0794415416798357,0.3446925698516083
432,CNC(=O)c1ncn2c1COc1c(CCN3CCN(c4cccc5nc(C)ccc45)CC3)cccc1-2,8,2.0794415416798357,0.3446925698516083
1336,CCNC(=O)O[C@H]1CC[C@](CNc2nn(C)c3cccc(OC)c23)(c2ccccc2)CC1,8,2.0794415416798357,0.3446925698516083
1198,COc1cc(N2CCOCC2)ccc1-c1nc2c(N[C@H]3[C@@H](C(N)=O)[C@@H]4C=C[C@H]3C4)c(Cl)cnc2[nH]1,8,2.0794415416798357,0.3446925698516083
1400,COc1cc(OC)c(-c2cnc3[nH]c(-c4c(F)cccc4Cl)cc3c2)cn1,8,2.0794415416798357,0.3446925698516083
244,CN1CCCCC1(C)c1nc(C(=O)NCc2ccc(F)cc2)c(O)c(=O)[nH]1,8,2.0794415416798357,0.3446925698516083
1962,COCCOc1cc(F)c2c(Nc3ccc(NC(=O)Cn4cc(C(C)C)nn4)cc3)ncnc2c1,8,2.0794415416798357,0.3446925698516083
147,Cc1ccc(NC(=O)c2cccc(C(F)(F)F)c2)cc1C(=O)Nc1cnc(N)c(Cl)c1,8,2.0794415416798357,0.3446925698516083
261,CCCCCOC(=O)N1CCN(C(=O)[C@H](CCC(=O)O)NC(=O)c2cc(N3CCC(C(=O)NCC)CC3)nc(-c3ccccc3)n2)CC1,8,2.0794415416798357,0.3446925698516083
716,Fc1ncncc1Cn1nc(-c2nc(C(F)(F)F)n[nH]2)c2cccnc21,8,2.0794415416798357,0.3446925698516083
584,C=C[C@@H]1C[C@]1(NC(=O)[C@@H]1C[C@@H](Oc2ncc(OC)c3ccc(Cl)cc23)CN1C(=O)[C@@H](NC(=O)Nc1ccc2c(c1)B(O)OC2)C(C)(C)C)C(=O)NS(=O)(=O)C1CC1,7.933,2.071031274319866,0.3441213664258762
7,CCCc1cc(Oc2ccc(Cl)c(Cl)c2)ccc1OCCCOc1cccc(C2SC(=O)NC2=O)c1,7.9,2.066862759472976,0.3438382517686548
153,O=C(NO)[C@@]1(NS(=O)(=O)c2ccc(Oc3ccc(Cl)cc3)cc2)CCCOC1,7.9,2.066862759472976,0.3438382517686548
1698,Nc1nccn2c([C@@H]3CCC[C@H](C(=O)O)C3)nc(-c3ccc(C(=O)Nc4cc(C(F)(F)F)ccn4)cc3)c12,7.9,2.066862759472976,0.3438382517686548
1223,C[C@H](c1ccccc1)N1C(=O)O[C@](Cc2ccccc2)(c2nnc(C3(c4ccccc4)CC3)o2)C1=O,7.9,2.066862759472976,0.3438382517686548
1390,O=C(c1ccc(F)nc1)N1CCN2C(=O)c3cc[n+]([O-])cc3C12c1ccc(Cl)cc1,7.9,2.066862759472976,0.3438382517686548
996,N[C@](CCCCB(O)O)(CCN1CCCCC1)C(=O)O,7.89,2.065596134857783,0.3437522259280545
1087,NC(CCCCB(O)O)(C(=O)O)C1CCN(Cc2ccc(Cl)c(Cl)c2)CC1,7.87,2.063058062429312,0.3435798466678185
1006,COC(=O)N[C@H](C(=O)N[C@@H](Cc1ccc(-c2ccc(OC)nc2)cc1)[C@@H](O)C[C@@H](Cc1ccccc1F)C(=O)N[C@H]1c2cc(Cl)ccc2OC[C@H]1O)C(C)(C)C,7.833,2.0583455783851017,0.3432597870413467
459,Cc1c2c(=O)n(-c3ccccc3Cl)[nH]c2cc(=O)n1Cc1ccccn1,7.833,2.0583455783851017,0.3432597870413467
1313,Cn1cc(-c2cccc(-n3ccc4cc(C5CC5)cc(F)c4c3=O)c2CO)cc(Nc2ccc(N3CCN(C4COC4)CC3)cn2)c1=O,7.833,2.0583455783851017,0.3432597870413467
335,Cc1nnc(Nc2cc(C(=O)NC3CC3)ccc2Cl)c2cnn(-c3c(F)cccc3F)c12,7.833,2.0583455783851017,0.3432597870413467
1169,CC[C@@H](CS(=O)(=O)C(C)(C)C)N1C(=O)[C@@](C)(CC(=O)O)C[C@H](c2cccc(Cl)c2)[C@H]1c1ccc(Cl)cc1,7.833,2.0583455783851017,0.3432597870413467
1615,Cc1nc2cccc3c2nc1N[C@H](C)/C=C\C[C@H]1CNC(=O)c2cc-3[nH]c21,7.833,2.0583455783851017,0.3432597870413467
1573,Cc1ccc(CN2CCOCC2)cc1NC(=O)c1ccc(Nc2ncc(C(F)(F)F)c(-c3ccc(OC(F)(F)F)cc3)n2)cc1,7.817,2.0563008492381933,0.3431209143701915
1957,CNC(=O)c1nnc2ccc(-c3ccc(OCCCN(C)C)nc3)cc2c1N[C@@H](C)C1CCOCC1,7.8,2.0541237336955462,0.3429730503602917
95,CS(=O)(=O)c1ccc(-c2cn(CC(F)(F)F)nc2[C@@H]2CCC(Cl)(Cl)C[C@H]2C(=O)NC2(C#N)CC2)cc1,7.8,2.0541237336955462,0.3429730503602917
1596,CCCNC(=O)C1c2ccccc2C(=O)N1CC(C)c1ccc(Cl)cc1,7.8,2.0541237336955462,0.3429730503602917
1779,COc1nccc(N2CCC3(CCN(C[C@H](O)c4ccc5c(c4C)COC5=O)CC3)C2=O)n1,7.8,2.0541237336955462,0.3429730503602917
580,O=C1[C@@H](NS(=O)(=O)/C=C/c2ccc(Cl)s2)CCN1c1ccc2c(c1)CCCNC2,7.8,2.0541237336955462,0.3429730503602917
222,O=C(Nc1ccccc1F)NC1N=C(c2ccccc2)c2ccccc2NC1=O,7.8,2.0541237336955462,0.3429730503602917
503,COC(=O)c1c(Cl)cc(Cl)cc1-c1cnc([C@@H](C)NC(=O)[C@@](C)(O)C(F)(F)F)c(F)c1,7.8,2.0541237336955462,0.3429730503602917
658,COc1cncc(C(=O)NC2(C(=O)N[C@H](C)c3ccc(-n4nc(Cl)c5ccccc54)cc3F)CC2)c1,7.8,2.0541237336955462,0.3429730503602917
934,CO[C@H](C)C(=O)N[C@@H](Cc1ccc2c(c1)OCO2)[C@H](O)CN[C@H]1CC2(CCC2)Oc2ncc(CC(C)(C)C)cc21,7.75,2.0476928433652555,0.3425362810603461
1561,COc1ccc2c(c1)C1CC1(C(=O)N1C3CCC1CN(C)C3)Cn1c-2c(C2CCCCC2)c2ccc(C(=O)NS(=O)(=O)C3CCCC3)cc21,7.7,2.0412203288596382,0.3420966847549651
1570,COc1cccc(CNC(=O)c2cc(-c3nnn(C[C@H]4CO[C@H](CO)CO4)n3)cc(C)n2)c1,7.7,2.0412203288596382,0.3420966847549651
573,O=C1[C@@H](NS(=O)(=O)c2ccc3c(Cl)c[nH]c3c2)CCN1c1ccc2c(c1)CCNC2,7.7,2.0412203288596382,0.3420966847549651
215,C[C@@H](c1ccc(-c2ccc(=O)n(C)c2)cc1)[C@H](N)C(=O)N1CC[C@H](F)C1.O=C(O)C(F)(F)F,7.7,2.0412203288596382,0.3420966847549651
1890,CCC(CC)n1c(=O)[nH]c2ncc(Cl)nc21,7.7,2.0412203288596382,0.3420966847549651
1222,COc1cc(OC)cc(-c2nnc([C@@]3(Cc4ccccc4)OC(=O)N([C@H](C)c4ccccc4)C3=O)o2)c1,7.7,2.0412203288596382,0.3420966847549651
619,CC[C@H]1OC(=O)[C@H](C)[C@@H](O[C@H]2C[C@@](C)(OC)[C@@H](O)[C@H](C)O2)[C@H](C)[C@@H](O[C@@H]2O[C@H](C)C[C@H](N(C)C)[C@H]2O)[C@](C)(O)C[C@@H](C)CN(CCCN(CCC#N)C(=O)Nc2ccc(Cl)cc2Cl)[C@H](C)[C@@H](O)[C@]1(C)O,7.7,2.0412203288596382,0.3420966847549651
1617,COC(=O)N[C@H](C(=O)N1CCC[C@H]1c1ncc(-c2ccc3cc4cc(-c5cnc([C@@H]6CCCN6C(=O)[C@@H](NC(=O)OC)C(C)C)[nH]5)ccc4cc3c2)[nH]1)C(C)C,7.7,2.0412203288596382,0.3420966847549651
1858,COc1ccc(C(=O)C2=C(O)C(=O)N(c3ccc(-c4ccon4)cc3)C2C2CCCCC2)cc1,7.7,2.0412203288596382,0.3420966847549651
746,Cl.O=c1c2c3n(c(=O)cc2[nH]n1-c1ccccc1Cl)CCCN(Cc1ccccn1)C3,7.667,2.0369254045767575,0.3418049846985177
1589,COc1cnc2ccn([C@H](C)c3nnc4c(F)cc(-c5cc(C)no5)cn34)c(=O)c2c1,7.667,2.0369254045767575,0.3418049846985177
89,Cc1ccn(-c2ccc(-c3ncco3)cc2)c(=O)c1-c1ccc2nc(N)ncc2c1,7.667,2.0369254045767575,0.3418049846985177
399,C[C@@H]1CN(C(=O)c2ccccc2)CCN1c1nnc(-c2ccc(C(F)(F)F)cc2)c2ccncc12,7.667,2.0369254045767575,0.3418049846985177
959,COCCOc1cnc(Nc2cnc(Cl)c(NS(C)(=O)=O)c2)c(-c2nc(C)nc(N)n2)c1,7.667,2.0369254045767575,0.3418049846985177
1307,Cc1nc(-c2ccc(C(F)(F)F)cc2)sc1COc1ccc([C@H](CC(=O)O)c2ncnn2C)cc1,7.667,2.0369254045767575,0.3418049846985177
1675,COc1cc(N2CCC(N3CCN(C)CC3)CC2)ccc1Nc1ncc(Cl)c(Nc2ccccc2P(C)(C)=O)n1,7.667,2.0369254045767575,0.3418049846985177
458,CNCCC(c1ccccc1)c1ccc(O)c2ccc(OCCN3CCCC3)cc12,7.667,2.0369254045767575,0.3418049846985177
115,O=C(Nc1ccc(-n2ccccc2=O)cn1)[C@H]1C[C@](O)(c2ccc(F)cc2F)CN1C(=O)Nc1ccc(Cl)cc1,7.64,2.033397603178429,0.3415653856277891
983,Cc1ncn(-c2ncnc3c(C(=O)C(=O)N4CCN(C(=O)c5ccccc5)CC4)c[nH]c23)n1,7.6,2.028148247292285,0.3412088630659353
1111,CCNC(=O)Nc1nc2cc(-c3cnc(N4CCC(CC)(C(=O)O)CC4)nc3)cc(-c3ccccn3)c2s1,7.6,2.028148247292285,0.3412088630659353
555,CN(C)[C@@H]1CCc2cc(N3CC[C@H](NS(=O)(=O)c4ccc5cc(Cl)ccc5c4)C3=O)ccc21,7.6,2.028148247292285,0.3412088630659353
6,COc1ccc(CNC(=O)c2cc3c(=O)n(Cc4ccc(C(=O)O)cc4)cnc3cn2)cc1,7.6,2.028148247292285,0.3412088630659353
898,O=C(N[C@H]1C2CC3CC1C[C@](O)(C3)C2)c1cnc(N2CCOCC2)nc1C1CCCC1,7.6,2.028148247292285,0.3412088630659353
174,CCNC(=O)[C@H]1CCCN1C(=O)[C@H](CCCN=C(N)N)NC(=O)[C@H](CC(C)C)NC(=O)[C@@H](CC(C)C)NC(=O)[C@H](Cc1ccc(O)cc1)NC(=O)[C@H](CO)NC(=O)[C@H](Cc1ccc(Cl)cc1)NC(=O)[C@H](Cc1c[nH]cn1)NC(=O)[C@@H]1CCC(=O)N1,7.6,2.028148247292285,0.3412088630659353
314,CCn1c(-c2nonc2N)nc2cnc(Oc3cccc(NC(=O)c4ccc(OCCN5CCOCC5)cc4)c3)cc21,7.6,2.028148247292285,0.3412088630659353
400,N[C@H]1C[C@@H](N2CCn3c(C(F)(F)F)cnc3C2)CCC1c1cc(F)c(F)cc1F,7.6,2.028148247292285,0.3412088630659353
131,CCn1nc(Cc2ccc(F)cc2)cc1C1CCN(C[C@H]2CN([C@@H](C(=O)O)C(C)C)C[C@@H]2c2cccc(F)c2)CC1,7.6,2.028148247292285,0.3412088630659353
1981,CCOc1cc(-c2nncn2C)ccc1Nc1ncc2cc(C)nc(N3CC4(CCOCC4)C3)c2n1,7.59,2.0268315914075385,0.3411194392319848
372,O=C(O)CCCOc1cccc(CCCCCCOc2cc(-c3ccccc3)cc(-c3ccccc3)n2)c1CCC(=O)O,7.53,2.018895041811802,0.3405804094813784
1498,Nc1ncc(C(=O)NC2CN(C(=O)C3CC3)C2)c2ccc(-c3cccc(F)c3)nc12,7.5,2.0149030205422647,0.3403092818076486
1760,Cc1ccc(/C=C/C(=O)N2CCN(c3ccc(C(=O)Nc4ccccc4N)cc3)CC2)cc1,7.5,2.0149030205422647,0.3403092818076486
902,COc1ccc2cc(-c3cc(-c4cc(Cl)cc(Cl)c4)nn3[C@@H](C)c3ccc(C(=O)NCCC(=O)O)cc3)ccc2c1,7.5,2.0149030205422647,0.3403092818076486
592,O=c1n(CC(F)(F)F)c2cccnc2n1[C@H]1CCCN(c2nccc(-c3ccc(Cl)s3)n2)C1,7.5,2.0149030205422647,0.3403092818076486
612,C[C@H]1CN(Cc2nc3ncccc3n2C)CC[C@H]1c1ccc(C(F)(F)F)cc1F,7.5,2.0149030205422647,0.3403092818076486
674,CC(=O)Nc1cccc(Nc2ncnc(N3CCC(OCc4ccccc4)CC3)n2)c1,7.5,2.0149030205422647,0.3403092818076486
1950,O=C(O)C1CCc2c(c3cc(OCc4ccccc4)ccc3n2C(=O)c2ccc(Cl)cc2)C1,7.5,2.0149030205422647,0.3403092818076486
1382,CCC(CC)N1C(=O)[C@@](C)(CC(=O)O)C[C@H](c2cccc(Cl)c2)[C@H]1c1ccc(Cl)cc1,7.5,2.0149030205422647,0.3403092818076486
293,C[C@H](c1ccc(N2CC[C@H](NS(=O)(=O)/C=C/c3ccc(Cl)s3)C2=O)c(F)c1)N(C)C,7.5,2.0149030205422647,0.3403092818076486
1067,Cc1ccccc1[C@H]1[C@@H]2CN(C3=NC(=O)CO3)C[C@H]2CC[C@@H]1O[C@H](CO)c1cc(C(F)(F)F)cc(C(F)(F)F)c1,7.5,2.0149030205422647,0.3403092818076486
49,Cc1c(-c2cccc(OCCCCC(=O)O)c2)c(=O)n(C[C@H](N)c2ccccc2)c(=O)n1Cc1c(F)cccc1C(F)(F)F,7.5,2.0149030205422647,0.3403092818076486
1493,CCCCC(c1ccc(C(=O)NCCC(=O)O)cc1)n1nc(-c2cc(C(F)(F)F)ccc2OC)c2ccc(-c3ccc(OC(F)(F)F)cc3)cc21,7.5,2.0149030205422647,0.3403092818076486
1274,COc1cc(-c2ccc(COc3ccc4c(c3)[C@@](C)(CC(=O)O)CC4)cc2[C@@H]2CCCC2(C)C)c(F)cn1,7.5,2.0149030205422647,0.3403092818076486
1599,Cn1c(C2CC2)nc2ccc(-n3ccc(OCc4ccc(Cl)s4)cc3=O)cc21,7.5,2.0149030205422647,0.3403092818076486
398,C[C@@H]1CN(C(=O)c2ccccc2)CCN1c1nnc(-c2ccccc2)c2ccncc12,7.5,2.0149030205422647,0.3403092818076486
16,CC(C)Oc1cc(-c2ccc(CCNC[C@H](O)c3ccccc3)cc2)ccc1C(=O)O,7.5,2.0149030205422647,0.3403092818076486
511,CCNc1nc2sc(-c3cccc([C@H](C)NC(=O)C4(C)CC4)c3)nc2c2c1ncn2C,7.5,2.0149030205422647,0.3403092818076486
1059,COc1c(-c2ccc3c(c2)CCC3CNS(C)(=O)=O)cc(-n2ccc(=O)[nH]c2=O)cc1C(C)(C)C,7.5,2.0149030205422647,0.3403092818076486
1467,O=C(c1cccc(S(=O)(=O)Nc2ccc(C(F)(F)F)cc2)c1)N1CCN2CCC[C@@H]2C1,7.5,2.0149030205422647,0.3403092818076486
1610,O[C@H](CN1c2ccccc2N(Cc2cccc(OC(F)(F)F)c2)C[C@H]1c1cccc(OC(F)(F)C(F)F)c1)C(F)(F)F,7.47,2.010894999144726,0.340037067446952
1772,CNS(=O)(=O)c1ccc(OCC(F)(F)F)c(Nc2cc(Nc3ccc(Cl)cn3)ncn2)c1,7.4,2.0014800002101243,0.3393976252729368
1303,O=C(Nc1nc2ccccc2s1)c1cccc2c1CN(c1nc(C(=O)O)c(CCCOc3ccccc3)s1)CC2,7.4,2.0014800002101243,0.3393976252729368
415,CSC(=S)N1CC2(CCCCC2)CS/C1=N\c1ccc(OC(F)(F)F)cc1,7.4,2.0014800002101243,0.3393976252729368
694,NC(=O)c1cnc(N[C@H](C2CC2)C(F)(F)F)c2c1[nH]c1cc(-c3cnc(N)nc3)ccc12,7.4,2.0014800002101243,0.3393976252729368
566,CCNC(=O)Nc1ccc(Oc2ncnc(N)c2/C=N/OC)cc1Cl,7.4,2.0014800002101243,0.3393976252729368
1191,O=C(Nc1ccc(O[C@H]2CC[C@@H](C(=O)O)CC2)nc1)c1nnc(Nc2ccc(F)c(F)c2)o1,7.4,2.0014800002101243,0.3393976252729368
1752,O=S(=O)(Nc1ncc(F)s1)c1cc(Cl)c(NC[C@H]2NCCC=C2c2ccc(F)cc2)cc1F,7.4,2.0014800002101243,0.3393976252729368
97,Nc1ccc(-c2cccs2)cc1NC(=O)c1ccc(N2CCC3(CC2)COC(=O)N3)nc1,7.4,2.0014800002101243,0.3393976252729368
1445,Cc1nc(-c2nnc3n2CCN(C(=O)c2ccc(-c4cccs4)cc2)[C@@H]3C)cs1,7.4,2.0014800002101243,0.3393976252729368
990,C[C@@H]1CN(C(=O)C(=O)c2c[nH]c3c(-c4ncco4)ccnc23)CCN1C(=O)c1ccccc1,7.4,2.0014800002101243,0.3393976252729368
1124,O=C(N[C@@H]1CCCC[C@H]1O)c1cnc(OCC2CC2)c(-c2ccc(Cl)cc2)c1,7.4,2.0014800002101243,0.3393976252729368
96,COc1ccc(C(=O)c2c(C)n(Cc3cc(O[C@@H](C)C(=O)O)ccc3F)c3nc(OC)ccc23)cc1,7.4,2.0014800002101243,0.3393976252729368
502,CC(=O)N[C@H](C(=O)N[C@H](CO)C(=O)N[C@H]1CCNC(=O)[C@H]([C@@H](C)O)NC(=O)[C@H](CCN)NC(=O)[C@H](CCN)NC(=O)[C@H](CC(C)C)NC(=O)[C@@H](Cc2ccccc2)NC(=O)[C@H](CCN)NC1=O)[C@@H](C)O,7.39,2.0001277349601105,0.339305782943764
1980,CCOc1cc(-c2nncn2C)ccc1Nc1ncc2cc(C)nc(N3CC(C)(C)C3)c2n1,7.35,1.9947003132247452,0.3389371666138136
910,O=C(Nc1nnc(-c2ccncc2)s1)[C@H](Cc1ccccc1)NCc1cscn1,7.333,1.9923847091116624,0.3387798968213779
806,CC(C)[C@]1(C)SC(N[C@H]2C[C@H]3C[C@@H]2C[C@@H]3O)=NC1=O,7.333,1.9923847091116624,0.3387798968213779
52,CC(=O)Nc1nc2c(Oc3cc(-c4ccc(C(F)(F)F)cc4NC(=O)c4ccccn4)ncn3)cccc2s1,7.333,1.9923847091116624,0.3387798968213779
1458,C[C@H]1[C@H](NC(=O)/C(=N\OC(C)(C)C(=O)O)c2csc(N)n2)C(=O)N1C(=O)NS(=O)(=O)n1nc(-c2cc(=O)c(O)c[nH]2)n(CCCS(C)(=O)=O)c1=O,7.3,1.9878743481543455,0.3384735648678456
452,O=C(O)COc1ccc(Cl)cc1C1CCCCCC1,7.3,1.9878743481543455,0.3384735648678456
280,CC(C)(NC1=NS(=O)(=O)c2sc(Cl)cc2N1)c1ccccc1,7.3,1.9878743481543455,0.3384735648678456
1206,Nc1ncnc2c1C(=O)N(c1ccc(-c3ccccc3F)cc1)CCO2,7.3,1.9878743481543455,0.3384735648678456
833,O=c1[nH]nc(-c2ccc(OCc3ccc4ccccc4n3)cc2[C@@]2(c3ccccc3)C[C@H]3CC[C@H]2C3)o1,7.3,1.9878743481543455,0.3384735648678456
1894,CC1(OC(=O)N2C[C@H]3COC[C@@H](C2)[C@@H]3Oc2ncnc(Nc3ccc(C#N)cc3Cl)c2F)CC1,7.3,1.9878743481543455,0.3384735648678456
1447,Cc1nsc(-c2nnc3n2CCN(C(=O)c2ccc(-c4cccs4)cc2)[C@@H]3C)n1,7.3,1.9878743481543455,0.3384735648678456
426,COC(=O)N1C[C@H](C(=O)Nc2ccc(Cl)cn2)[C@@H](C(=O)Nc2ccc(-n3ccccc3=O)cc2F)C1,7.3,1.9878743481543455,0.3384735648678456
1947,C[C@H](NC(=O)C(C)(F)F)[C@H](Oc1ccc(C#N)cc1Cl)c1cnc(C2CC2)nc1,7.3,1.9878743481543455,0.3384735648678456
826,COc1cc2ncnc(Oc3cccc(NC(=O)Nc4cc(C(C)(C)C)on4)c3)c2cc1OC,7.3,1.9878743481543455,0.3384735648678456
946,CCc1c(C(=O)NC2C3CC4CC(C3)CC2C4)cnn1-c1ccc(C(=O)O)cc1,7.3,1.9878743481543455,0.3384735648678456
586,COc1ccccc1N1CCN(C(=O)c2cc(-c3ccc(Cl)cc3)n(C)n2)CC1,7.3,1.9878743481543455,0.3384735648678456
1693,O=C(NC1(c2ccccc2)CC1)c1c(CN2CCC(N3CCCCC3)CC2)c(-c2cccc(C(F)(F)F)c2)nc2cc(Br)ccc12,7.3,1.9878743481543455,0.3384735648678456
401,CCN(CC)CC(C1CCCCC1)N1CCN(C(=O)[C@@H]2CN(C(C)(C)C)C[C@H]2c2ccc(F)cc2F)CC1,7.3,1.9878743481543455,0.3384735648678456
37,CC[C@H](NC(C)=O)c1cc(Cl)ccc1C1CCN(C(=O)[C@@H]2CN(C(C)(C)C)C[C@H]2c2ccc(Br)cc2F)CC1,7.3,1.9878743481543455,0.3384735648678456
256,CN(C)C(=O)[C@@H](c1ccc(-c2ccc3ncnn3c2)cc1)[C@H](N)C(=O)N1CC(F)C1.O=C(O)C(F)(F)F,7.3,1.9878743481543455,0.3384735648678456
1851,O=C(O)CNC(=O)C1=C(O)CCN(Cc2ccc(Oc3ccc(Cl)cc3)nc2)C1=O,7.283,1.985542865235778,0.3383152166283521
73,C=C1C[C@@]23CC[C@H]4[C@@](C)(CCC[C@@]4(C)C(=O)O[C@@H]4O[C@H](CO)[C@@H](O)[C@H](O)[C@H]4O)[C@@H]2CC[C@]1(O[C@@H]1O[C@H](CO)[C@@H](O)[C@H](O)[C@H]1O[C@@H]1O[C@H](CO)[C@@H](O)[C@H](O)[C@H]1O)C3,7.21,1.9754689512968577,0.3376310226656454
19,O=C(O)C[C@H](Cc1ccc(OCCCNc2ccccn2)cc1)c1ccccc1,7.2,1.9740810260220096,0.3375367584005844
121,CC(C)Oc1cc(-c2ccc(C[C@@H](C)NC[C@H](O)c3ccccc3)cc2)ccc1C(=O)O,7.2,1.9740810260220096,0.3375367584005844
1084,CC(C)(O)C[C@H]1CC[C@H](c2ccc(N3CCOc4ncnc(N)c4C3=O)cc2)CC1,7.2,1.9740810260220096,0.3375367584005844
1917,C/C(=C\COc1ccccc1CN(C)C(=O)c1ccc(-c2ccco2)cc1)CCC(=O)O,7.2,1.9740810260220096,0.3375367584005844
790,O=C(O)/C=C/c1ccc(NC(=O)C2(NC(=O)c3ccc4c(C5CCCCC5)c5n(c4c3)CCCc3ncccc3-5)CCCC2)cc1,7.2,1.9740810260220096,0.3375367584005844
339,Cc1ncn2c1Cn1ncnc1-c1cc(Cl)ccc1-2,7.2,1.9740810260220096,0.3375367584005844
834,COc1cccc([C@]2(c3cc(OCc4ccc5ccccc5n4)ccc3-c3n[nH]c(=O)o3)C[C@H]3CC[C@H]2C3)c1,7.2,1.9740810260220096,0.3375367584005844
1171,COC(=O)N[C@H](C(=O)N1CCC[C@H]1C(=O)Nc1ccc([C@H]2CC[C@H](c3ccc(NC(=O)[C@@H]4CCCN4C(=O)[C@@H](NC(=O)OC)C(C)C)cc3)N2c2ccc(C(C)(C)C)cc2)cc1)C(C)C,7.167,1.9694871570117822,0.3372247547978814
1236,CC(C)(C)S(=O)(=O)C[C@H](CC(F)(F)F)N1C(=O)[C@@H](CC(=O)O)O[C@H](c2cccc(Cl)c2)[C@H]1c1ccc(Cl)cc1,7.167,1.9694871570117822,0.3372247547978814
803,OC[C@H]1O[C@@H](c2ccc(F)c(Cc3cc4ccccc4s3)c2)[C@H](O)[C@@H](O)[C@@H]1O,7.167,1.9694871570117822,0.3372247547978814
1157,COC(=O)N[C@H](C(=O)N1CC2(CC2)C[C@H]1c1nc(-c2ccc3c(c2)C(F)(F)c2cc(-c4ccc5[nH]c([C@@H]6[C@H]7CC[C@H](C7)N6C(=O)[C@@H](NC(=O)OC)C(C)C)nc5c4)ccc2-3)c[nH]1)C(C)C,7.167,1.9694871570117822,0.3372247547978814
92,CCNC(=O)[C@@H]1CCCN1C(=O)[C@H](CCCN=C(N)N)NC(=O)[C@H](CC(C)C)NC(=O)[C@H](CC(C)C)NC(=O)[C@H](Cc1ccc(O)cc1)NC(=O)[C@H](CO)NC(=O)[C@H](Cc1c[nH]c2ccccc12)NC(=O)[C@H](Cc1c[nH]cn1)N(C)C(=O)[C@@H]1CCC(=O)N1,7.16,1.9685099809725544,0.3371583875497001
1709,O=C(O)COC[C@H]1CC[C@H](COC(=O)N(c2ccccc2)c2ccc(Cl)cc2)CC1,7.117,1.9624862883171341,0.3367492740538902
252,CC(C)(C)c1cc(NC(=O)Nc2ccc(-c3cn4c(n3)sc3cc(OCCN5CCOCC5)ccc34)cc2)no1,7.11,1.9615022438151495,0.3366824403176309
384,CC(=O)c1c(Cl)c(C(=O)NOC[C@H](O)CO)c(Nc2ccc(I)cc2F)n1C,7.1,1.9600947840472698,0.3365868493207478
109,CN1CCN=C1c1ccc(C(=O)Nc2ccccc2C(=O)Nc2ccc(Cl)cn2)cc1,7.1,1.9600947840472698,0.3365868493207478
128,O=S(=O)(c1ccccc1)n1ccc2cc3c(cc21)CCNCC3,7.1,1.9600947840472698,0.8057435729528161
305,CCCn1c(=O)c2nc([C@]34CC[C@](CCCC(=O)O)(CC3)CC4)[nH]c2n(CCC)c1=O,7.1,1.9600947840472698,0.3365868493207478
1139,Cn1cc(-c2cc3cnc(Nc4ccc(-c5cncn5C)cc4Cl)cc3n2C(=O)OC(C)(C)C)cn1,7.04,1.951608170169951,0.3360104606386635
1248,Nc1nc(C2CCCC2)cc(N2CCNCC2)n1,7.033,1.9506133573258813,0.3359428955446928
85,O=C(O)c1ccc(CCCc2c(CCNS(=O)(=O)Cc3ccccc3Cl)n(C(c3ccccc3)c3ccccc3)c3ccc(Cl)cc23)cc1,7,1.9459101490553132,0.3356234659045762
354,O=C(O)Cc1ccc(OCC=C(c2ccc(Br)cc2)c2ccc(Br)cc2)c(Cl)c1,7,1.9459101490553132,0.3356234659045762
1926,COC(=O)N[C@H](C(=O)N1CCC[C@H]1c1ncc(-c2cc(F)c3c(c2)O[C@@H](c2ccc(C4CC4)s2)n2c-3cc3cc(-c4cnc([C@@H]5CCCN5C(=O)[C@@H](NC(=O)OC)[C@@H]5CCOC(C)(C)C5)[nH]4)ccc32)[nH]1)C(C)C,7,1.9459101490553132,0.3356234659045762
1261,Cn1nc2c(-c3ccc(Cl)cc3)c(-c3ccncc3)c(=O)n(Cc3ccc(C#N)cc3)n2c1=O,7,1.9459101490553132,0.3356234659045762
1233,CC#C[C@H]1CN(S(=O)(=O)c2ccc(N)nc2)CCN1c1ccc([S@](=N)(=O)C(F)(F)F)cc1,7,1.9459101490553132,0.3356234659045762
153,O=C(O)CCNC(=O)c1ccc(CN(c2ccc3c(c2)CCCC3)c2nc(-c3ccc(C(F)(F)F)cc3)cs2)cc1,7,1.9459101490553132,0.3356234659045762
355,Cc1cc(SCc2sc(-c3ccc(C(F)(F)F)cc3)nc2C)ccc1OCC(=O)O,7,1.9459101490553132,0.3356234659045762
14,O=C(c1ccc2oc(-c3cncc(Cn4cc(C(F)(F)F)ccc4=O)c3)cc2c1)N1CCC(N2C(=O)OCc3ccccc32)CC1,7,1.9459101490553132,0.3356234659045762
389,O=C(O)COc1c(C(=O)O)sc(-c2cccc(NC3CCN(S(=O)(=O)Cc4ccccc4)CC3)c2)c1Br,7,1.9459101490553132,0.3356234659045762
434,Cc1cc(CC(C)C(=O)O)ccc1-c1noc(-c2ccc(OC(C)C)c(C(F)(F)F)c2)n1,7,1.9459101490553132,0.3356234659045762
1905,CC(C)[C@@H]1OC(=O)C2(/C=C/c3ccc4ccc(nc4c3)[C@@H](C)NC(=O)[C@@H]3CCCN(N3)C(=O)[C@H](C)NC1=O)COCOC2,7,1.9459101490553132,0.3356234659045762
330,CCCN(CCC)c1cc(C(=O)Nc2ccc(O)cc2)ncn1,7,1.9459101490553132,0.8047801895366445
1555,Cc1ccc(C(=O)O)c(C)c1NC(=O)c1nc(-c2cccc(CO)c2)ccc1C(F)(F)F,7,1.9459101490553132,0.3356234659045762
235,CCn1c(=O)cc(Nc2cc(C(=O)NC3CC3)ccc2Cl)c2cnn(-c3ccc(F)cc3F)c21,7,1.9459101490553132,0.3356234659045762
720,O=C1[C@H](NS(=O)(=O)c2ccc(Oc3ccc(Cl)cc3)cc2)CC=CCN1O,7,1.9459101490553132,0.3356234659045762
784,Cc1cccnc1-n1nc(C)c(-c2ccc(OCCCN3CCC[C@H]3C)cc2)cc1=O,7,1.9459101490553132,0.3356234659045762
1928,COC(=O)N[C@H](C(=O)N1CCC[C@H]1c1ncc(-c2cc(F)c3c(c2)O[C@@H](c2ccc(C4CC4)s2)n2c-3cc3cc(-c4cnc([C@@H]5CCCN5C(=O)[C@@H](NC(=O)OC)C5CC(C)(C)OC(C)(C)C5)[nH]4)ccc32)[nH]1)C(C)C,7,1.9459101490553132,0.3356234659045762
1004,CC(C)[C@@](C)(O)[C@@H]1CN(c2nc(-c3n[nH]c4ncccc34)c(F)cc2Cl)CCN1,7,1.9459101490553132,0.3356234659045762
1158,COC(=O)N[C@H](C(=O)N1CCC[C@H]1c1ncc(-c2ccc3c(c2)C(F)(F)c2cc(-c4ccc5nc([C@@H]6CCCN6C(=O)[C@@H](NC(=O)OC)C(C)C)[nH]c5c4)ccc2-3)[nH]1)C(C)C,7,1.9459101490553132,0.3356234659045762
1460,CC(C)(O)c1cncc(-c2nc3cc(F)c(F)cc3n2C2CC2)c1,7,1.9459101490553132,0.3356234659045762
729,COc1cc(OC(F)F)cc2c1nc(C)c1c(C)nc(-c3cccnc3C)n12,7,1.9459101490553132,0.3356234659045762
144,CC(C)Oc1cc2ncc(C(N)=O)c(Nc3ccc(F)cc3F)c2cc1N1CCN(C)CC1,7,1.9459101490553132,0.3356234659045762
258,CN(C)C(=O)[C@@H](c1ccc(-c2ccc3ncnn3c2)cc1)[C@H](N)C(=O)N1CC[C@H](F)C1.O=C(O)C(F)(F)F,7,1.9459101490553132,0.3356234659045762
166,COc1ccc([C@@H](CC(=O)O)NC(=O)[C@]2(C)CCN2S(=O)(=O)c2cc(Cl)cc(Cl)c2)cc1,7,1.9459101490553132,0.3356234659045762
1717,CC1(C)CC(O)(COc2ccc([C@H]3CC[C@]4(CC3)OOC3(O4)C4CC5CC(C4)CC3C5)cc2)CC(C)(C)N1,7,1.9459101490553132,0.8047801895366445
251,CC(C)c1cc(C(=O)O)ccc1OC[C@H]1CC[C@@H](C(=O)N2CCC[C@H]2C#N)N1,7,1.9459101490553132,0.3356234659045762
486,Cc1ccc2c(N3CCN(CCc4cccc(NS(C)(=O)=O)c4)CC3)cccc2n1.Cl.Cl,7,1.9459101490553132,0.3356234659045762
1731,COc1cc(-c2cccc(C(F)(F)F)c2)ccc1-n1c(=O)ccc2cc(S(=O)(=O)Nc3ncccn3)ccc21,7,1.9459101490553132,0.3356234659045762
215,CC(C)(C)Sc1c(CC(C)(C)C(=O)O)n(Cc2ccc(-c3cccnc3)cc2)c2ccc(OCc3ccccn3)cc12,7,1.9459101490553132,0.3356234659045762
1053,CNc1nc(C)nc(N2CCC(C(=O)NCc3ccc(OC)cc3C(F)(F)F)CC2)n1,7,1.9459101490553132,0.3356234659045762
399,O=C(O)c1cccc(C2=C(c3cc(Cl)ccc3OCc3ccc(F)cc3F)CCC2)n1,7,1.9459101490553132,0.3356234659045762
1848,COC(=O)N[C@H](C(=O)N1C[Si](C)(C)C[C@H]1c1ncc(-c2ccc(-c3ccc4c(ccc5nc([C@@H]6CC(F)(F)CN6C(=O)[C@@H](NC(=O)OC)C(C)C)[nH]c54)c3)cc2)[nH]1)C(C)C,7,1.9459101490553132,0.3356234659045762
142,COc1cc2ncc(C(N)=O)c(Nc3ccc(F)cc3)c2cc1OC,7,1.9459101490553132,0.3356234659045762
1500,C[C@@H](Oc1cc(-c2cnn(C(F)F)c2)cc2nscc12)[C@H]1CNC(=O)O1,7,1.9459101490553132,0.3356234659045762
2,C[C@H](CO)Nc1nc(SCc2ccccc2)nc2[nH]c(=O)sc12,7,1.9459101490553132,0.3356234659045762
979,Cn1cc(-c2ccc3c(c2)N(C2=NC4CC(C)(C)NC(=O)C4S2)CCO3)cn1,7,1.9459101490553132,0.3356234659045762
403,Cc1ccc2c(C(=O)O)c(O)c(C3(c4ccc(Cl)cc4)CC3)nc2c1C,7,1.9459101490553132,0.3356234659045762
1535,CC(C)S(=O)(=O)n1cc2c(n1)CN([C@H]1CO[C@H](c3cc(F)ccc3F)[C@@H](N)C1)C2,7,1.9459101490553132,0.3356234659045762
1716,N[C@H]1CC[C@@H](Oc2ccc([C@H]3CC[C@]4(CC3)OOC3(O4)C4CC5CC(C4)CC3C5)cc2)CC1,7,1.9459101490553132,0.8047801895366445
511,CN(C)C(=O)C(=O)N(C)[C@H]1CCCCn2c1nc(C(=O)NCc1ccc(F)cc1)c(O)c2=O,7,1.9459101490553132,0.3356234659045762
1255,Cc1c(-c2ccc(=O)n(Cc3ccccc3)c2)c2cc(F)ccc2n1CC(=O)O,7,1.9459101490553132,0.3356234659045762
1827,CNC(=O)c1c(C(N)=O)nc2n1CCOc1ccc(C#C[C@@](C)(O)c3cc(C)on3)cc1-2,7,1.9459101490553132,0.3356234659045762
1202,CC(=O)NCc1ccc(-c2ccc(N3CCOc4ncnc(N)c4C3=O)cc2)c(Cl)c1,7,1.9459101490553132,0.3356234659045762
1677,COC(=O)N[C@H](C(=O)N1CCC[C@H]1c1ncc(-c2ccc3c(c2)OC(c2cccc(F)c2)n2c-3cc3cc(-c4cnc([C@@H]5CCCN5C(=O)[C@@H](NC(=O)OC)C(C)C)[nH]4)ccc32)[nH]1)C(C)C,7,1.9459101490553132,0.3356234659045762
16,O=C(c1ccc2oc(-c3cccc(Cn4cc(C(F)(F)F)ccc4=O)c3)cc2c1)N1CCC(N2C(=O)OCc3ccccc32)CC1,7,1.9459101490553132,0.3356234659045762
1715,NCCCOc1ccc([C@H]2CC[C@]3(CC2)OOC2(O3)C3CC4CC(C3)CC2C4)cc1,7,1.9459101490553132,0.8047801895366445
1076,COc1cc2nnc(C(N)=O)c(Nc3ccc(C)cc3F)c2cc1N1CCN(CCO)CC1,7,1.9459101490553132,0.3356234659045762
1572,Cc1cc(F)ccc1-n1nc(NC(=O)C(C)(C)NC(=O)C2(C(F)(F)F)CC2)nc1-c1ccc(F)cc1,7,1.9459101490553132,0.3356234659045762
1556,Cc1ccc(-c2cccc(CO)c2)nc1C(=O)Nc1c(C)cc(C(=O)O)cc1C,7,1.9459101490553132,0.3356234659045762
318,CCN(NC(=O)C(F)(F)F)C(=O)N[C@H](C)c1ncc(-c2cc(Cl)cc(Cl)c2OCC(F)F)cc1F,7,1.9459101490553132,0.3356234659045762
1106,NS(=O)(=O)c1ccc(-c2nc(NC(=O)N(CCC(c3ccccc3)c3ccccc3)CCN3CCOCC3)sc2Cl)cc1,7,1.9459101490553132,0.3356234659045762
672,CC(=O)Nc1cccc(Nc2ncnc(N3CCC(OCc4ccc(OC(F)(F)F)cc4)CC3)n2)c1C,7,1.9459101490553132,0.3356234659045762
442,CCCc1ccccc1Nc1c(Nc2ccc(Cl)c(S(=O)(=O)N3CCN(CC)CC3)c2O)c(=O)c1=O.O=C(O)C(F)(F)F,7,1.9459101490553132,0.3356234659045762
475,CC(C)[C@]1(C(=O)NCc2cc(C(F)(F)F)cc(C(F)(F)F)c2)CC[C@@H](N2CCC(c3cncnc3)CC2)C1,7,1.9459101490553132,0.3356234659045762
907,C[C@@H](CO)NS(=O)(=O)c1ccc(-c2ccnc3[nH]c(C(F)(F)F)cc23)cc1,7,1.9459101490553132,0.3356234659045762
841,CCc1cc(F)c2ccccc2c1CNC(=O)c1c(OC)cc(O)c2c1OC1=CC([O-])=C(C(C)=O)C(=O)[C@]12C.[K+],6.98,1.9430489167742813,0.3354291384699313
537,N#Cc1ccccc1Cn1c(N2CCC[C@@H](N)C2)nc2ccsc2c1=O,6.97,1.9416152247724325,0.3353317658481288
1462,Cc1nc(-c2nc[nH]n2)ccc1-c1cnc2c(n1)N(C(C)C)C(=O)CN2,6.97,1.9416152247724325,0.3353317658481288
1567,Cc1ccoc1C(=O)Nc1ccc(N2C(=O)c3cccc(C)c3C2=O)cc1F,6.94,1.937301774518713,0.3350388075560564
1143,Cc1ccc(CN2CCOCC2)cc1NC(=O)c1ccc(Nc2nc(-c3ccc(OC(F)(F)F)cc3)c3cccn3n2)cc1,6.901,1.9316663286384648,0.3346560627686972
1856,CC1(C)OCCn2c1nc(C(=O)NCc1ccc(F)cc1S(C)(=O)=O)c(O)c2=O,6.9,1.9315214116032138,0.3346462203815959
1742,Cc1cc(CCC(=O)O)cc(C)c1-c1nc2ccc(C(=O)Nc3ccc4ccccc4n3)cc2[nH]1,6.9,1.9315214116032138,0.3346462203815959
853,CC(C)COc1cccc(/C=C2\SC(=O)NC2=O)c1N1CCC[C@@H](N)C1,6.9,1.9315214116032138,0.8038029440136643
8,N[C@H]1CCCC[C@H]1NC(=O)P(=O)(O)O,6.9,1.9315214116032138,0.3346462203815959
160,CC(C)[C@@H](NS(=O)(=O)c1ccc(-c2ccc(COc3ccc(C(=O)C4CCCCC4)cc3)cc2)cc1)C(=O)O,6.9,1.9315214116032138,0.3346462203815959
1366,CCN(Cc1cc(C(F)(F)F)ccc1-c1cc(CC(=O)O)ccc1OC)C(=O)C1CC1,6.9,1.9315214116032138,0.3346462203815959
1959,O=c1[nH]c2ccc(-c3c(Cl)cccc3OC(F)(F)F)cc2[nH]1,6.9,1.9315214116032138,0.3346462203815959
416,N#Cc1ccc(N2N=C(c3ccc(C(=O)O)cc3)C[C@@H]2c2ccc(F)cc2)cc1Cl,6.9,1.9315214116032138,0.3346462203815959
71,CC1=NN(c2ccc(C)c(C)c2)C(=O)/C1=N\Nc1cccc(-c2cccc(C(=O)[O-])c2)c1O.[Na+],6.87,1.927164106234258,0.3343502835644675
64,NS(=O)(=O)NCCCC[C@H](NC(=O)OCc1ccccc1)c1nc2cc(-c3cccs3)ccc2[nH]1,6.833,1.9217638157986412,0.3339835099216396
1146,O=S(=O)(c1ccc(Cl)cc1)N1CCCc2cc(Cl)c(Oc3cc(-c4nc(C5CC5)no4)cc(Cl)n3)cc21,6.833,1.9217638157986412,0.3339835099216396
232,CCn1c(=O)cc(Nc2cc(C(=O)NC3CC3)ccc2Cl)c2cnn(-c3ccc(F)cc3)c21,6.833,1.9217638157986412,0.3339835099216396
376,C[C@@H]1CN(C(=O)c2ccccc2)CCN1c1nnc(-c2ccc(C(F)(F)F)cc2)c2ccccc12,6.833,1.9217638157986412,0.3339835099216396
1900,CCc1ccc([C@H]2C[C@@]3(C)[C@@H](CC[C@@]3(O)C#CC(C)(C)C)[C@@H]3CCC4=CC(=O)CCC4=C32)cc1,6.833,1.9217638157986412,0.3339835099216396
786,CN(C(=O)Cc1ccc(-n2cnnn2)cc1)C1CCN(Cc2ccc(C(F)(F)F)cc2)CC1,6.8,1.916922612182061,0.3336547079975036
773,COc1cc(/C=C2\CCCN3C2=NOC3(C)c2ccc(F)cc2)ccc1-n1cnc(C)c1,6.8,1.916922612182061,0.3336547079975036
741,CCCCC[C@@H](Cc1ccc(C(=O)NCCC(=O)O)cc1)C(=O)c1cc2cc(Cl)ccc2n1-c1cccc(C(F)(F)F)c1,6.8,1.916922612182061,0.3336547079975036
903,Cn1c(=O)c2c(-c3cc(F)ccc3Br)c(CN)c(N3CCOCC3)nc2n(C)c1=O,6.8,1.916922612182061,0.3336547079975036
956,Cn1c(-c2cnccn2)c(C2CCCC2)c2ccc(C(=O)NC3(C(=O)Nc4ccc(/C=C/C(=O)O)cc4)CCC3)cc21,6.8,1.916922612182061,0.3336547079975036
1040,CC(C)n1ncnc1-c1nc2c(s1)CCOc1cc(-c3cnn(CC(C)(C)O)c3)ccc1-2,6.8,1.916922612182061,0.3336547079975036
408,CCOC(=O)c1c(Cl)cccc1-c1cnc([C@@H](C)NC(=O)C2(NC(=O)C(F)(F)F)CC2)c(F)c1,6.8,1.916922612182061,0.3336547079975036
581,O=C1[C@@H](NS(=O)(=O)c2ccc3cc(Cl)ccc3c2)CCN1c1ccc2c(c1)CCCNC2,6.8,1.916922612182061,0.3336547079975036
936,Cc1cc(NC(=O)c2cnn3ccc(N)nc23)n(-c2cccc(Cl)c2)n1,6.8,1.916922612182061,0.3336547079975036
189,CC(C)(C)C(=O)N[C@H]1CCCCNC1=O,6.8,1.916922612182061,0.3336547079975036
360,O=C(O)c1cn(Cc2ccc(-n3cccn3)cc2)c2ccsc2c1=O,6.8,1.916922612182061,0.3336547079975036
122,CC(C)Oc1cc(-c2ccc(CCN[C@@H](C)[C@H](O)c3ccccc3)cc2)ccc1C(=O)O,6.8,1.916922612182061,0.3336547079975036
110,Cc1cccc([C@@]2(O)C[C@H](C(=O)Nc3ccc(-n4ccccc4=O)cn3)N(C(=O)Nc3ccc(Cl)cc3)C2)c1,6.78,1.9139771019523042,0.333454656624372
262,FC(F)(F)c1ccnc(N2CC[C@H]3CNC[C@H]32)n1,6.71,1.9035989509835904,0.3327497996760294
1974,C[C@]1(c2cc(NC(=O)c3cnc(OCF)cn3)ccc2F)N=C(N)O[C@H](C2(F)CC2)[C@@H]1F,6.7,1.9021075263969205,0.3326485060076281
664,Cn1c(CC(=O)NCc2ccc(F)cc2Cl)cnc1-c1ccc(F)cc1F,6.7,1.9021075263969205,0.8018052296396964
74,COc1ccc(NS(=O)(=O)C(F)(F)F)cc1C[C@H]1[C@@H](O)c2cc(OCc3ccc4ccc(Cl)cc4n3)ccc2OC1(C)C,6.7,1.9021075263969205,0.3326485060076281
1064,CN(C)CC(C)(C)COc1cccc(-c2sc(Nc3cccnc3Oc3ccccc3C(C)(C)C)nc2C(F)(F)F)c1,6.7,1.9021075263969205,0.3326485060076281
457,Cc1cc2c(cc1Cl)C1(CCN(C(=O)[C@@H]3CN(C(C)(C)C)C[C@H]3c3ccc(F)cc3F)CC1)C[C@@H]2C(C)(C)c1ncnn1C,6.7,1.9021075263969205,0.3326485060076281
449,O=C(NCc1ccccn1)c1ccc(C(=O)Nc2ccc(Cl)c(-c3ccccn3)c2)c(Cl)c1,6.7,1.9021075263969205,0.3326485060076281
241,CC(C)c1onc(-c2c(Cl)cccc2Cl)c1COc1ccc2c(ccn2Cc2cccc(C(=O)O)c2)c1,6.7,1.9021075263969205,0.3326485060076281
1516,CNC(=O)C1Cc2c(cc(F)c(F)c2F)N1C(=O)COc1ccc(Cl)cc1,6.7,1.9021075263969205,0.3326485060076281
737,CNC(=O)C[C@@H]1NC(=O)c2csc(n2)-c2ccc(-c3nc(NC(=O)[C@H]4CC[C@H](C(=O)O)CC4)cs3)nc2-c2csc(n2)-c2csc(n2)[C@H]([C@@H](O)c2ccccc2)NC(=O)CNC(=O)c2nc(sc2COC)[C@H](C(C)C)NC(=O)c2nc1sc2C,6.7,1.9021075263969205,0.3326485060076281
77,C/C(=C(\F)C(=O)Nc1ccc(-c2ccccc2S(N)(=O)=O)cc1Cl)c1ccc2ccnc(N)c2c1,6.7,1.9021075263969205,0.3326485060076281
779,Nc1ncnc2c1C(=O)N(c1ccc([C@H]3CC[C@H](CC(=O)O)CC3)cc1)CCO2,6.7,1.9021075263969205,0.3326485060076281
1584,CCOc1ncccc1CC[C@@](O)(CC(=O)O)C(=O)O,6.7,1.9021075263969205,0.3326485060076281
445,O=C(NC[C@H]1CN(c2ccc(N3CCOCC3=O)cc2)C(=O)O1)c1ccc(Cl)s1,6.667,1.897169983635923,0.3323131609800486
710,CCCS(=O)(=O)c1cccc(C#Cc2cc(Cl)ccc2OCC(=O)O)c1,6.667,1.897169983635923,0.3323131609800486
1335,CC(C)(N)COc1ccc(Nc2ccc(CCNC[C@H](O)c3ccc(O)c4[nH]c(=O)ccc34)cc2)cc1,6.667,1.897169983635923,0.3323131609800486
44,COc1cc2nccc(Oc3ccc4c(NC(=O)Nc5ccccc5)nn(C)c4c3)c2cc1OC,6.667,1.897169983635923,0.3323131609800486
417,CCCN1c2ccc(NS(=O)(=O)c3cccc(C(F)(F)F)c3)cc2N=C(c2ccc(C(=O)O)cc2)c2cc3c(cc21)C(C)(C)CCC3(C)C,6.667,1.897169983635923,0.3323131609800486
28,COc1cc2nccc(Oc3ccc4c(C(=O)Nc5ccccn5)cccc4c3)c2cc1OC,6.667,1.897169983635923,0.3323131609800486
1477,C[C@@H](OC(=O)N1CCC(O[C@H]2CC[C@H](Oc3cnc(S(C)(=O)=O)cn3)CC2)CC1)C(F)(F)F,6.667,1.897169983635923,0.3323131609800486
800,NS(=O)(=O)c1cc(Cl)cc(CNc2nc(NC3(C(F)(F)F)CC3)c3nc(-c4ccc(F)cc4)ccc3n2)c1,6.667,1.897169983635923,0.3323131609800486
591,CCn1c(=O)n(C2CCCN(c3nccc(-c4cc5ccccc5o4)n3)C2)c2ccccc21,6.667,1.897169983635923,0.3323131609800486
1518,NCCn1c(C2CCNCC2)nc2cc(C(N)=O)ccc21,6.667,1.897169983635923,0.3323131609800486
927,COc1ncc(Nc2ncc([C@@H](C)N3CCN(S(C)(=O)=O)CC3)cc2-c2nc(C)nc(N)n2)cc1F,6.667,1.897169983635923,0.3323131609800486
172,COc1ccc(C(=O)/C(Cc2cc(OC)c(OC)c(OC)c2)=C(\C(=O)[O-])c2ccc3nsnc3c2)cc1F.[Na+],6.667,1.897169983635923,0.3323131609800486
680,Cc1ccc(C(=O)NC2CC2)cc1-c1ccc2c(c1)NC(=O)C21CCOCC1,6.667,1.897169983635923,0.3323131609800486
585,COc1cc(Nc2nccc(Nc3cnc4ccccc4c3)n2)cc(OC)c1OC,6.667,1.897169983635923,0.3323131609800486
1267,CNS(=O)(=O)Nc1cccc(Cc2c(C)c3ccc(Oc4ncccn4)cc3oc2=O)c1F,6.6,1.8870696490323797,0.3316271725947038
1019,CC(=O)N1CCN(CCOc2ccc(C3CCN(C4=Nn5c(nnc5C(F)(F)F)CC4)CC3)cc2)CC1,6.6,1.8870696490323797,0.3316271725947038
1161,CNC(=O)c1c(-c2ccc(F)cc2)oc2cc(N(C[C@@H]3COB(O)C3)S(C)(=O)=O)c(C3CC3)cc12,6.6,1.8870696490323797,0.3316271725947038
742,COc1cccc([C@@H](C)NC(=O)c2cc3ccc(-c4cn[nH]c4)nc3[nH]2)c1,6.6,1.8870696490323797,0.3316271725947038
482,O=C(NCc1nc2cccnc2n1C1(c2ccccc2)CC1)[C@@H](Cc1c(F)ccc(F)c1F)NC(=O)C1(C(F)(F)F)CC1,6.6,1.8870696490323797,0.3316271725947038
1840,O=c1ccc(-c2cc(C[C@]3(O)CC[C@H](Cc4ccc(Cl)cc4)CC3)no2)c[nH]1,6.6,1.8870696490323797,0.3316271725947038
212,CC(C)(C(=O)O)c1ccc(-c2c[nH]c3ncc(-c4cccc(C#N)c4)cc23)cc1,6.56,1.8809906029559975,0.3312142996388998
222,CCN1CCOc2ccc(C(=O)Nc3nnc(-c4c(Cl)cccc4Cl)s3)cc21,6.5,1.8718021769015913,0.3305902457040222
484,CO/N=C(\C)c1ccc2c(c1)c1c3c(c4c(c1n2CC(C)C)CCc1nn(C)cc1-4)C(=O)NC3,6.5,1.8718021769015913,0.3305902457040222
1149,CC#C[C@H]1CN(S(=O)(=O)c2ccc(N)nc2)CCN1c1ccc([C@@](C)(O)C(F)(F)F)cc1,6.5,1.8718021769015913,0.3305902457040222
14,OC1CCc2c(Br)ccc(Nc3cc(-c4ccc(C(F)(F)F)cc4)ncn3)c2C1,6.5,1.8718021769015913,0.3305902457040222
843,CS(=O)(=O)c1ccc(-c2cnc(N)c(-c3ccc(C(F)(F)F)nc3)c2)cc1,6.5,1.8718021769015913,0.3305902457040222
1172,COC(=O)N[C@H](C(=O)N1CCC[C@H]1C(=O)Nc1ccc([C@@H]2CC[C@@H](c3ccc(NC(=O)[C@@H]4CCCN4C(=O)[C@@H](NC(=O)OC)C(C)(C)C)cc3)N2c2ccc(F)cc2)cc1)C(C)(C)C,6.5,1.8718021769015913,0.3305902457040222
999,Cc1nn2c(O)cc(N3CCOCC3)nc2c1Cc1cccc(C(F)(F)F)c1C,6.5,1.8718021769015913,0.3305902457040222
1496,CCS(=O)(=O)N[C@@H]1C[C@]2(C)O[C@]1(C)[C@@H]1C(=O)N(c3ccc(C#N)c(C(F)(F)F)c3)C(=O)[C@@H]12,6.5,1.8718021769015913,0.3305902457040222
671,COc1cc(N2CCN(C(C)=O)CC2)ccc1Nc1ncc(Cl)c(-c2cnc3ccccn23)n1,6.5,1.8718021769015913,0.3305902457040222
1244,C[C@H]1CC[C@H](n2c3cnccc3c3cnc(Nc4ccc5c(n4)CCN(C(=O)CO)C5)nc32)CC1,6.5,1.8718021769015913,0.3305902457040222
1342,COc1ccc2c(c1)NC1(CCN(C(=O)c3ccc(OC)c(N(C)C)c3)CC1)c1cccn1-2,6.5,1.8718021769015913,0.3305902457040222
962,Cc1nc(N)nc(-c2cc(Cl)cnc2Nc2cnc(Cl)c(NS(=O)(=O)N(C)C)c2)n1,6.5,1.8718021769015913,0.3305902457040222
886,COC(=O)c1c(Cc2ccc(C(=O)N[C@@H]3[C@@H]4C[C@@H]5C[C@H]3C[C@@](O)(C5)C4)cc2)c(=O)c2cccnc2n1-c1ccccc1,6.4,1.8562979903656263,0.3295372417882746
647,Cc1c(F)cc(C(=O)NC2CC2)cc1-c1ccc(C(=O)NCC(C)C)cn1,6.4,1.8562979903656263,0.3295372417882746
602,Cc1nc(C)n(-c2ccc(Nc3cc(-c4nn(C)cc4-c4ccc(F)cc4)ccn3)cc2)n1,6.4,1.8562979903656263,0.3295372417882746
70,CC1=NN(c2ccc(C)c(C)c2)C(=O)/C1=N\Nc1cccc(-c2cccc(C(=O)O)c2)c1O.NCCO,6.34,1.8468787684491346,0.3288975128003427
178,O=C(CCCC[C@@H]1SC[C@@H]2NC(=O)N[C@@H]21)NCCCCCC(=O)N[C@H]1O[C@H](CO)[C@@H](O)[C@H](O)[C@@H]1O[C@H]1O[C@H](CO)[C@@H](O)[C@H](O[C@H]2O[C@H](CO)[C@@H](O)[C@H](O[C@H]3O[C@H](CO)[C@@H](O)[C@H](O[C@H]4O[C@H](CO)[C@@H](O)[C@H](O)[C@@H]4O)[C@@H]3O)[C@@H]2O)[C@@H]1O,6.333,1.8457740575342934,0.3288224837160114
783,COc1cc2nncc(-c3cnc(N4CCC(O)(c5ccccn5)CC4)c(Cl)c3)c2cc1OC,6.333,1.8457740575342934,0.3288224837160114
1588,Cc1cc(-c2cc(F)c3nnc([C@@H](C)n4ccc5ncccc5c4=O)n3c2)on1,6.333,1.8457740575342934,0.3288224837160114
1887,CC[C@@]1(CC(=O)O)CCc2cc(-c3ccc(NC(=O)Nc4cccc(C(F)(F)F)c4)cc3)ccc2C1=O,6.3,1.840549633397487,0.3284676544535523
1327,COc1ccnc(-c2nc(N3CC[C@@H](NC(=O)c4[nH]c(C)c(Cl)c4Cl)[C@@H](OC)C3)sc2C(=O)O)n1,6.3,1.840549633397487,0.3284676544535523
750,Cc1nn(C2CCOCC2)c(NS(=O)(=O)c2ccc(C3CC3)cc2)c1C(=O)N[C@@H](C)C(C)(C)C,6.3,1.840549633397487,0.3284676544535523
136,Cc1ccc(F)cc1NC(=O)Nc1ccc(CC(=O)N2C[C@@H](F)C[C@H]2COc2ccc(C(=O)O)cc2)cc1Cl,6.3,1.840549633397487,0.3284676544535523
1578,O=C1CCCN1c1ccc(S(=O)(=O)NNc2ccc(Br)cc2)cc1,6.3,1.840549633397487,0.3284676544535523
301,COc1ccc(Cn2cc(C(=O)O)c(=O)c3ccccc32)cc1,6.3,1.840549633397487,0.3284676544535523
565,CS(=O)(=O)N1CCc2c(-c3cnc(N)nc3)nc(N3CCOCC3)nc21,6.3,1.840549633397487,0.3284676544535523
528,Cl.[2H]C([2H])(c1cc(Nc2nc(C)cn3c(-c4cn[nH]c4)cnc23)sn1)N1CCC(F)(F)C1,6.3,1.840549633397487,0.3284676544535523
1766,O=C(O)c1c[nH]c2cc(Cl)c(-c3ccc(OCCCN4CCOCC4)cc3)cc12,6.3,1.840549633397487,0.3284676544535523
1071,C[C@]1(CS(=O)(=O)N2CCN(c3ncc(OCc4ccc(C(F)(F)F)o4)cn3)CC2)NC(=O)NC1=O,6.3,1.840549633397487,0.3284676544535523
338,N#CCNC(=O)c1ccc(-c2ccnc(Nc3ccc(N4CCOCC4)cc3)n2)cc1,6.3,1.840549633397487,0.3284676544535523
1494,COc1ccc(C(F)(F)F)cc1-c1nn(C(C)c2ccc(C(=O)NCCC(=O)O)cc2)c2cc(-c3ccc(C)cc3)ccc12,6.3,1.840549633397487,0.3284676544535523
1326,COc1cc(OC)nc(-c2nc(N3CC[C@@H](NC(=O)c4[nH]c(C)c(Cl)c4Cl)[C@@H](OC)C3)sc2C(=O)O)n1,6.3,1.840549633397487,0.3284676544535523
1866,CC(=O)Nc1nc(C)c(-c2cc3c(c(S(C)(=O)=O)c2)C(=O)N([C@@H](C)C2CC2)C3)s1,6.3,1.840549633397487,0.3284676544535523
337,Cc1cc(OCc2ccc(F)cc2F)c(Br)c(=O)n1-c1cnc(CO)cn1,6.25,1.8325814637483102,0.3279264771513791
1802,CC(=O)N[C@H]1CSCc2cc3cc(c2)CSC[C@@H](NC(=O)[C@H](CCCCNC(=N)N)NC(=O)[C@H](Cc2ccc(O)cc2)NC(=O)C2CCN2C(=O)[C@H](Cc2ccccc2)NC(=O)[C@H](CO)NC1=O)C(=O)N[C@@H](C)CN[C@@H](Cc1cnc[nH]1)C(=O)N[C@@H](CCC(N)=O)C(=O)N[C@@H](CC(=O)O)C(=O)N[C@@H](CC(C)C)C(=O)N[C@H](C(=O)O)CSC3,6.2,1.824549292051046,0.3273809529970125
317,Cc1ccc2c(C(=O)O)c(O)c(-c3ccc(Cl)cc3)nc2c1C,6.2,1.824549292051046,0.3273809529970125
315,Cc1ccc2c(C(=O)O)c(O)c(-c3ccc(Br)cc3)nc2c1C,6.2,1.824549292051046,0.3273809529970125
1842,O[C@]1(Cc2cc(-c3cn[nH]c3)on2)CC[C@H](Cc2ccc(OC(F)(F)F)cc2)CC1,6.2,1.824549292051046,0.3273809529970125
1506,CC(C)CN1[C@H](c2ccc(/C=C/C(=O)O)cc2)c2[nH]c3ccccc3c2C[C@H]1C,6.2,1.824549292051046,0.3273809529970125
161,CO[C@@H](Cc1ccc(OCCc2nc(-c3ccccc3)oc2C)c2ccsc12)C(=O)O,6.2,1.824549292051046,0.3273809529970125
1352,CCOc1cc(NC(=O)C2(NC(=O)c3ccc4c(C5CCCC5)c(-c5ccc(F)cn5)n(C)c4c3)CCC2)ccc1/C=C/C(=O)O,6.2,1.824549292051046,0.3273809529970125
1804,Cc1cc(Oc2cnc(C)nc2)cc(C(=O)Nc2ccc(F)cn2)n1,6.2,1.824549292051046,0.3273809529970125
1230,NCCC[C@@]1(C(=O)O)CCc2c(ncn2C2CCCCC2)C1,6.2,1.824549292051046,0.3273809529970125
1859,COc1ccc(C(=O)C2=C(O)C(=O)N(c3ccc(-c4cc(C)no4)cc3)C2C2CCCCC2)cc1,6.2,1.824549292051046,0.3273809529970125
1689,COC(=O)N[C@H](C(=O)N1CCC[C@H]1c1ncc(-c2ccc3c(c2)OC(C2CC2)n2c-3cc3cc(-c4cnc([C@@H]5CCCN5C(=O)[C@@H](NC(=O)OC)C(C)C)[nH]4)ccc32)[nH]1)C(C)C,6.2,1.824549292051046,0.3273809529970125
1532,COc1cc(-c2cc(=O)n3ncc(-c4ncc(C)o4)c3[nH]2)ccc1Cl,6.19,1.8229350866965048,0.3272713203790606
767,Cc1ccc(C(=O)NC2CC2)cc1-c1ccn2c(-c3c(F)cccc3F)nnc2c1,6.167,1.8192124960093556,0.3270184917278315
234,Cn1c(=O)cc(Nc2cc(C(=O)NC3CC3)ccc2Cl)c2cnn(-c3ccc(F)cc3F)c21,6.167,1.8192124960093556,0.3270184917278315
393,CN1CCN(Cc2ccc(NC(=O)c3ccc(F)c(C#Cc4cnc5cccnn45)c3)cc2C(F)(F)F)CC1,6.167,1.8192124960093556,0.3270184917278315
1297,CCOC(CC(=O)O)c1ccc(OCc2ccccc2C)cc1,6.167,1.8192124960093556,0.3270184917278315
968,COc1cccc(C(=O)NC2CC3CCC(C2)N3c2ccc(C(N)=O)cn2)c1C,6.15,1.8164520818184267,0.3268310115949402
622,COC[C@H](C)Oc1cc(O[C@@H](C)Cc2ccccc2OC)cc(C(=O)Nc2ccc(C(=O)O)cn2)c1,6.1,1.8082887711792655,0.3262765808256405
3,CCCc1cc(Oc2ccc(C(C)C)cc2)ccc1OCCCOc1cccc(C2SC(=O)NC2=O)c1,6.1,1.8082887711792655,0.3262765808256405
32,CS(=O)(=O)c1cccc(Nc2nccc(Nc3c(Cl)ccc4c3OCO4)n2)c1,6.1,1.8082887711792655,0.3262765808256405
670,CCNCCNc1cc(-c2ccc(C(F)(F)F)cc2)c(C#N)c2nc3ccccc3n12.Cl.Cl,6.1,1.8082887711792655,0.7954333044577089
489,Cc1cccc(C)c1S(=O)(=O)NCCc1c(CCOc2ccc(C(=O)O)cc2)c2cc(Cl)ccc2n1C(c1ccccc1)c1ccccc1,6.1,1.8082887711792655,0.3262765808256405
365,CN(C)CCCc1c(CN(C)[C@H]2CCCc3cccnc32)ncc2ccccc12,6.1,1.8082887711792655,0.3262765808256405
1642,CCCCC(NC(=O)[C@H](CCC(=O)O)NC(=O)[C@H](CC(=O)O)NC(=O)[C@H](CO)NC(=O)[C@H](Cc1ccccc1)NC(=O)[C@H](CO)NC(=O)CNC(=O)[C@H](CC(=O)O)NC(=O)CNC(=O)[C@@H](N)Cc1cnc[nH]1)C(=O)N[C@@H](CC(N)=O)C(=O)N[C@H](C(=O)N[C@H](C(=O)N[C@@H](CC(C)C)C(=O)N[C@@H](CC(=O)O)C(=O)NC(Cc1cccs1)C(=O)N[C@@H](CC(C)C)C(=O)N[C@@H](C)C(=O)N[C@@H](C)C(=O)N[C@@H](CCCNC(=N)N)C(=O)N[C@@H](CC(=O)O)C(=O)N[C@@H](Cc1ccccc1)C(=O)N[C@H](C(=O)N[C@@H](CC(N)=O)C(=O)N[C@@H](Cc1c[nH]c2ccccc12)C(=O)N[C@@H](CC(C)C)C(=O)N[C@H](C(=O)N[C@@H](CCC(N)=O)C(=O)N[C@H](C(=O)N[C@@H](CCCCN)C(N)=O)[C@@H](C)O)[C@@H](C)CC)[C@@H](C)CC)[C@@H](C)CC)[C@@H](C)O,6.1,1.8082887711792655,0.3262765808256405
771,COc1cc(/C=C2\CCCN3C2=NO[C@]3(CO)c2ccc(F)cc2)ccc1-n1cnc(C)c1,6.1,1.8082887711792655,0.3262765808256405
1039,CC(C)n1ncnc1-c1nc2c(s1)CCOc1cc(-c3cnn(CS(C)(=O)=O)c3)ccc1-2,6.1,1.8082887711792655,0.3262765808256405
448,CN1C(=O)NC[C@H]1C(=O)NCc1ccc(Cl)cc1Cl,6,1.791759469228055,0.325153953744315
353,O=C(O)Cc1ccc(OCC=C(c2ccc(Br)cc2)c2ccc(Br)cc2)cc1,6,1.791759469228055,0.325153953744315
1550,O=C(Nc1cc(C2CC2)on1)n1ccc2cc(Oc3ncnc4c3CNC4)ccc21,6,1.791759469228055,0.325153953744315
508,COc1cc(/C=C/c2nc3cc(Cl)ccc3c(=O)[nH]2)ccc1-n1cnc(C)c1,6,1.791759469228055,0.325153953744315
79,O=C(c1ccc(Cl)cc1)N1CCN(Cc2ccc(-c3ccncc3)cc2)CC1,6,1.791759469228055,0.325153953744315
556,CN(C)[C@H]1CCc2cc(N3CC[C@H](NS(=O)(=O)c4ccc5cc(Cl)ccc5c4)C3=O)ccc21,6,1.791759469228055,0.325153953744315
1697,O=C(O)c1ccccc1CC[C@@H]1CCC[C@@H]1NC(=O)C1CCN(c2ccc(C(F)(F)F)cn2)CC1,6,1.791759469228055,0.325153953744315
812,CCCCCS(=O)(=O)NC(=O)/C=C/c1ccc(OCCOC)cc1Oc1ncc(C(F)(F)F)cc1Cl,6,1.791759469228055,0.7943106773763833
536,O=C(c1ccc(-n2nc(C(F)(F)F)c3c2CCOC3)cc1)N1CCCC1,6,1.791759469228055,0.325153953744315
308,C[C@H](c1nc(-c2ccc(S(C)(=O)=O)cc2Cl)no1)[C@H](N)C(=O)N1CCCC1,6,1.791759469228055,0.325153953744315
1915,CCc1nn2c(C)cc(C)nc2c1Cc1ccc(-c2nnc(C3CCNCC3)o2)cc1,6,1.791759469228055,0.325153953744315
1575,Cn1ccnc1[C@H]1c2n[nH]c(=O)c3cc(F)cc(c23)N[C@@H]1c1ccc(F)cc1,6,1.791759469228055,0.325153953744315
246,COc1cnn(CCO)c(=O)c1-c1ccc(C[C@H](NC(=O)OC(C)(C)C)C(=O)O)cc1,6,1.791759469228055,0.325153953744315
262,CCCCCOC(=O)N1CCN(C(=O)[C@H](CCC(=O)O)NC(=O)c2nc(-c3ccccc3)cc(N3CCC(COC)CC3)n2)CC1,6,1.791759469228055,0.325153953744315
1,Cc1nc(CSc2nc(N[C@H](C)CO)c3sc(=O)[nH]c3n2)cs1,6,1.791759469228055,0.325153953744315
876,CCCSc1nc(N[C@H]2CC[C@H](C(=O)O)CC2)ccc1C(=O)NC1CCCCC1,6,1.791759469228055,0.325153953744315
563,C[C@@H](NC(=O)Cc1ccc(C2CC2)cc1)c1ccc(OCC(F)(F)F)cn1,6,1.791759469228055,0.325153953744315
775,C[C@@](N)(CCc1ccc(-c2nc3ccc(C4(c5ccccc5)CC4)nc3s2)c(F)c1)C(=O)O,6,1.791759469228055,0.325153953744315
90,N=C(N)c1csc(CNC(=O)[C@@H]2CCCN2C(=O)[C@H](NCC(=O)O)C(c2ccccc2)c2ccccc2)n1,6,1.791759469228055,0.325153953744315
20,O=C(c1ccc2oc(CN3CCC(n4cc(C(F)(F)F)ccc4=O)CC3)cc2c1)N1CCC(N2C(=O)OCc3ccccc32)CC1,6,1.791759469228055,0.325153953744315
155,O=C(O)CCNC(=O)c1ccc(CN(c2ccc(Cl)cc2)c2nc(-c3ccc(OC(F)(F)F)cc3)cs2)cc1,6,1.791759469228055,0.325153953744315
970,COCCOc1nc(-c2ccc(Cl)nc2)nc2c1CN(C(=O)c1ncn3ccccc13)CC2,6,1.791759469228055,0.325153953744315
1547,CC(C)(O)c1ccnc(-c2cccc3cc([C@H](NS(=O)(=O)C4CC4)c4c(Cl)cnc(N)c4F)sc23)c1,6,1.791759469228055,0.325153953744315
260,CCCCCOC(=O)N1CCN(C(=O)[C@H](CCC(=O)O)NC(=O)c2cc(N3CCC(C(=O)N(CC)CC)CC3)nc(-c3ccccc3)n2)CC1,6,1.791759469228055,0.325153953744315
1116,Cc1ncn(-c2ccc(Nc3cc(-c4nocc4-c4cnn(C)c4)ccn3)cc2)n1,6,1.791759469228055,0.325153953744315
1410,Cc1c(NC(=O)c2cc3c(s2)CCCC3)cccc1-c1cn(C)c(=O)c(Nc2ccc(C(=O)N3CCOCC3)cc2)n1,6,1.791759469228055,0.325153953744315
245,COc1cc2ncnc(Nc3cccc(Cl)c3F)c2cc1CN(C)[C@H](C)C(N)=O,6,1.791759469228055,0.325153953744315
1806,Nc1[nH]ncc1-c1cc(Cl)ccc1Oc1cc(F)c(S(=O)(=O)Nc2cscn2)cc1Cl,6,1.791759469228055,0.325153953744315
1318,Cn1c(C2CCOC2)nc(C(=O)NCc2ccc(F)cc2N2CCCCS2(=O)=O)c(O)c1=O,6,1.791759469228055,0.325153953744315
1231,CCCn1cnc2c1CC[C@@](CCCN)(C(=O)O)C2,6,1.791759469228055,0.325153953744315
236,NCC1(CC(=O)O)CCCCC1,6,1.791759469228055,0.325153953744315
219,N#Cc1ccccc1/C=C/C=C/C(=O)N1CCN(c2ccccn2)CC1,6,1.791759469228055,0.325153953744315
1014,CCc1cc(/C(C)=N/OCc2ccc(C3CCCCC3)c(C(F)(F)F)c2)ccc1CN1CC(C(=O)O)C1,6,1.791759469228055,0.325153953744315
1211,CCCSc1nc(N2C[C@@H]3[C@H](C2)[C@H]3C(=O)O)ccc1C(=O)NC12CC3CC(CC(C3)C1)C2,6,1.791759469228055,0.325153953744315
866,O=C(NS(=O)(=O)CC12CC3CC(CC(C3)C1)C2)c1ccc(N2CCN(Cc3ccccc3-c3ccc(Cl)cc3)CC2)cc1,6,1.791759469228055,0.325153953744315
35,COC(=O)c1cccc(CC[C@H](SC[C@@H](C)C(=O)O)c2cccc(/C=C/c3ccc4ccc(Cl)cc4n3)c2)c1,6,1.791759469228055,0.325153953744315
1815,Cc1ncc(F)cc1NC(=O)C[C@H](C(=O)N[C@@H]1C(=O)N2CC3(CC3)CN2C(=O)c2ccccc21)C1CC1,6,1.791759469228055,0.325153953744315
1680,COC(=O)N[C@H](C(=O)N1CCC[C@H]1c1ncc(-c2ccc3c(c2)OC(c2ccc(OC(F)(F)F)cc2)n2c-3cc3cc(-c4cnc([C@@H]5CCCN5C(=O)[C@@H](NC(=O)OC)C(C)C)[nH]4)ccc32)[nH]1)C(C)C,6,1.791759469228055,0.325153953744315
84,Cc1ccccc1CS(=O)(=O)NCCc1c(CCCc2ccc(C(=O)O)cc2)c2cc(Cl)ccc2n1C(c1ccccc1)c1ccccc1,6,1.791759469228055,0.325153953744315
291,Cc1ccc2c(c1)c(-c1ccnc3cc(Cl)ccc13)c(C)n2CC(=O)O,6,1.791759469228055,0.325153953744315
1264,O=C(c1cc(-n2ccc3c([N+](=O)[O-])cccc32)c(O)cc1O)N1Cc2ccccc2C1,6,1.791759469228055,0.7943106773763833
30,C[C@H](c1nc(-c2ccc(S(C)(=O)=O)cc2Cl)no1)[C@H](N)C(=O)N1CCCC1.O=C(O)C(F)(F)F,6,1.791759469228055,0.325153953744315
167,Cc1ccc(C(=O)NC2CC2)cc1-c1ccc(C(=O)NCC2CC2)cc1,6,1.791759469228055,0.325153953744315
1982,CCOc1cc(-c2nncn2C)ccc1Nc1ncc2cc(C)nc(N[C@@H](C)C(C)(C)C)c2n1,6,1.791759469228055,0.325153953744315
1294,O=c1nc(Nc2ccc(-c3ccccc3)cc2)c2cccnc2n1O,5.9,1.7749523509116738,0.3240124580999916
1639,CCCCC(NC(=O)[C@H](CCC(=O)O)NC(=O)[C@H](CC(=O)O)NC(=O)[C@H](CO)NC(=O)[C@H](Cc1ccccc1)NC(=O)[C@H](CO)NC(=O)CNC(=O)[C@H](CC(=O)O)NC(=O)CNC(=O)[C@@H](N)Cc1cnc[nH]1)C(=O)N[C@@H](CC(N)=O)C(=O)N[C@H](C(=O)N[C@H](C(=O)N[C@@H](CC(C)C)C(=O)N[C@@H](CC(=O)O)C(=O)N[C@@H](Cc1ccccc1)C(=O)N[C@@H](CC(C)C)C(=O)N[C@@H](C)C(=O)N[C@@H](C)C(=O)N[C@@H](CCCNC(=N)N)C(=O)N[C@@H](CC(=O)O)C(=O)N[C@@H](Cc1ccccc1)C(=O)N[C@H](C(=O)N[C@@H](CC(N)=O)C(=O)N[C@@H](Cc1c[nH]c2ccccc12)C(=O)N[C@@H](CC(C)C)C(=O)N[C@H](C(=O)N[C@@H](CCC(N)=O)C(=O)N[C@H](C(=O)N[C@@H](CCCCN)C(N)=O)[C@@H](C)O)[C@@H](C)CC)[C@@H](C)CC)[C@@H](C)CC)[C@@H](C)O,5.9,1.7749523509116738,0.3240124580999916
653,O=c1c(Cl)c(OCc2ccc(F)cc2F)cc(CO)n1-c1c(F)cccc1F,5.9,1.7749523509116738,0.3240124580999916
1418,Cc1nc(C#Cc2ccnc(Cl)c2)c(C)n1-c1ccc(F)cc1,5.9,1.7749523509116738,0.3240124580999916
1300,C=C[C@]1(C)C[C@@H](OC(=O)CSc2nnc(NC(=O)CN3CCCCC3)s2)[C@]2(C)[C@H](C)CC[C@]3(CCC(=O)[C@H]32)[C@@H](C)[C@@H]1O,5.897,1.7744437470183672,0.3239779150499597
1721,CN1[C@@H](C(=O)NC23CCC(C(=O)O)(CC2)CC3)[C@H](c2cccc(Cl)c2F)[C@]2(C(=O)Nc3cc(Cl)ccc32)C12CCCCC2,5.867,1.7693434299437227,0.3236315148155007
1673,COc1cc(N2CCC(CN3CCC3)CC2)ccc1Nc1ncc(Cl)c(Nc2ccccc2P(C)(C)=O)n1,5.833,1.7635314477715005,0.3232367801435842
1238,CC(C)(C)S(=O)(=O)C[C@H](C1CC1)N1C(=O)[C@@H](CC(=O)O)O[C@H](c2cccc(Cl)c2)[C@H]1c1ccc(Cl)cc1,5.833,1.7635314477715005,0.3232367801435842
93,Cc1ccc(C(=O)NC2CC2)cc1-c1ccc2c(O[C@@H](C)C(F)(F)F)nncc2c1,5.833,1.7635314477715005,0.3232367801435842
1853,CC(C)COc1ncc(-c2cc(F)c(-c3nnc(S(=O)(=O)C4CCC4)[nH]3)cc2F)cc1Cl,5.833,1.7635314477715005,0.3232367801435842
985,CC(=O)N[C@H]1[C@H]([C@H](O)[C@H](O)CO)OC(C(=O)NCc2cccc(F)c2)=C[C@@H]1NC(=N)N,5.833,1.7635314477715005,0.3232367801435842
525,COc1nc2c(cc1NCc1c(F)cc(F)cc1F)c(=O)c(C(=O)O)cn2[C@H](CO)C(C)(C)C,5.833,1.7635314477715005,0.3232367801435842
1363,O=C(O)[C@H]1CC[C@H](OC2CCN(c3ccc(-c4nc5cc(C(F)(F)F)ccc5[nH]4)cn3)CC2)CC1,5.82,1.7613002617433464,0.3230852438073207
1707,O=C(O)CSc1nnc(Br)n1-c1ccc(C2CC2)c2ccccc12,5.8,1.7578579175523736,0.3228514487672496
1719,COc1nc(C2=NOC[C@H](c3cc4ccccc4o3)N2)ccc1-n1cnc(C)c1,5.8,1.7578579175523736,0.3228514487672496
899,O=C(N[C@H]1C2CC3CC1C[C@](O)(C3)C2)c1cnc(N2CCOCC2)nc1C1CCCCC1,5.8,1.7578579175523736,0.3228514487672496
109,C[C@]1(C(=O)O)CCc2ccc(OCCCOc3ccc(Oc4ccccc4)cc3Cl)cc2O1,5.8,1.7578579175523736,0.7920081723993179
141,CCc1cc(Nc2nccc(-c3c(-c4ccc(OC)c(C(=O)Nc5c(F)cccc5F)c4)nc4ccccn34)n2)c(OC)cc1N1CCC(N2CCN(S(C)(=O)=O)CC2)CC1,5.8,1.7578579175523736,0.3228514487672496
514,C[C@@H](NC(=O)C1(NC(=O)C(F)(F)F)CC1)c1ccc(-c2cc(Cl)cc(Cl)c2OCC(F)F)cc1F,5.8,1.7578579175523736,0.3228514487672496
1250,CS(=O)(=O)c1ccc(-c2cnc3ccc(-c4cccc(S(C)(=O)=O)c4)nn23)cc1,5.77,1.7526720805200082,0.322499240240292
772,Cn1c2c(c3cc(S(=O)(=O)c4cccc(C(F)(F)F)c4)ccc31)C1CCC(C2)N1,5.7,1.7404661748405046,0.321670246958642
163,CCCc1c(OCCCSc2ccc(CC(=O)O)cc2Cl)ccc(/C(CC)=N/O)c1O,5.7,1.7404661748405046,0.321670246958642
794,O=C(N1CC[C@](c2cc(F)ccc2F)(S(=O)(=O)c2ccc(Cl)cc2)[C@H](O)C1)C1(C(F)(F)F)CC1,5.7,1.7404661748405046,0.321670246958642
496,Cc1cc(-c2cccc(C3=Nc4cc(C)c(C(F)(F)F)cc4NC(=O)C3)c2)cc(C)n1,5.7,1.7404661748405046,0.321670246958642
1113,Cc1ncc2cc(C(=O)Nc3cc(C(=O)NC(CCN)c4ccccc4)ccc3Cl)c(=O)[nH]c2n1,5.7,1.7404661748405046,0.321670246958642
1985,CNC(=O)c1c(-c2ccc(F)cc2)oc2nc(CCC(F)(F)F)c(-c3cccc(C(=O)NC(C)(C)c4ncon4)c3)cc12,5.7,1.7404661748405046,0.321670246958642
267,CN(C)C1CCN(c2cccc3nc(CN(C)[C@H]4CCCc5cccnc54)cn23)CC1,5.7,1.7404661748405046,0.321670246958642
807,COc1ccc2c(Oc3ccc(CC(=O)Nc4cn(C)nc4C)c(OC)c3)ccnc2c1.O=S(=O)(O)O,5.7,1.7404661748405046,0.321670246958642
64,COc1ccc2c(c1)c(CC(C)CC(=O)O)c(C)n2Cc1ccc(Br)cc1,5.7,1.7404661748405046,0.321670246958642
187,Cn1cc(C(N)=O)c(Nc2ccc(Br)cc2F)c(F)c1=O,5.7,1.7404661748405046,0.321670246958642
181,CCOc1cc(O[C@H]2CCOC2)cc(C(Nc2ccc(C(=N)N)cc2)C(=O)O)c1,5.7,1.7404661748405046,0.321670246958642
102,CC(C)OC(=O)C1=CN(C(=O)c2ccc(F)c(F)c2)CC(C)(C)c2c1[nH]c1ccccc21,5.683,1.7374792623149844,0.3214673836495563
332,CNc1nccc(-c2cccnc2Oc2ccc(F)c(C(=O)Nc3cc(C(F)(F)F)ccc3N3CCCCC3)c2)n1,5.667,1.7346598771874822,0.3212758983644448
1020,O=C1c2ccccc2-n2c1nc1c(c2=O)CCCC1,5.667,1.7346598771874822,0.3212758983644448
187,CC(C)(C)CC[C@@]1(C)C(=O)C(C2=NS(=O)(=O)c3cc(NS(C)(=O)=O)ccc3N2)=C([O-])c2ccccc21.[Na+],5.667,1.7346598771874822,0.3212758983644448
1789,CCCc1ccc(COc2ccc3c(c2)CCC(CN2CC(C(=O)O)C2)=C3C)c(OC)c1,5.633,1.728642159912577,0.3208671907008962
1849,COC(=O)N[C@H](C(=O)N1CC(F)(F)C[C@H]1c1ncc(-c2ccc(-c3ccc4c(ccc5nc([C@@H]6C[Si](C)(C)CN6C(=O)[C@@H](NC(=O)OC)C(C)C)[nH]c54)c3)cc2)[nH]1)C(C)C.Cl.Cl,5.6,1.7227665977411035,0.3204681378412426
36,CC[C@H](NC(C)=O)c1cc(Cl)ccc1C1CCN(C(=O)[C@H]2CN(C(C)(C)C)C[C@@H]2c2ccc(C(F)(F)F)cc2)CC1,5.6,1.7227665977411035,0.3204681378412426
1871,COc1cnc(-c2cncc(=O)[nH]2)c2[nH]cc(C(=O)C(=O)N3CCN(C(=O)c4ccccc4)CC3)c12,5.6,1.7227665977411035,0.3204681378412426
1999,Cc1nc(N2C[C@H]3C(=O)N(C)C(=N)N[C@@]3(c3cc(-c4cccc(C#N)c4)cs3)C2)nc(C)c1F,5.6,1.7227665977411035,0.3204681378412426
1197,COC[C@H](C)Oc1cc(Oc2ccc(S(C)(=O)=O)cc2)cc(C(=O)Nc2nc(C)ns2)c1,5.6,1.7227665977411035,0.3204681378412426
1876,COc1cnc(-n2cccn2)c2[nH]cc(C(=O)C(=O)N3CCN(C(=O)c4ccccc4)CC3)c12,5.6,1.7227665977411035,0.3204681378412426
263,CN(C)C(=O)C(=O)N(C)c1nc(C(=O)NCc2ccc(F)cc2)c(O)c2ncccc12,5.6,1.7227665977411035,0.3204681378412426
207,O=C(O)CC(Cc1nc(CCCc2ccc3c(n2)NCCC3)no1)c1cnc(C2CC2)s1,5.56,1.715598108262491,0.3199812727307472
1809,O=C(Nc1ccc(-c2ccc(C(=O)N3CCC[C@H]3C(=O)O)nc2)cc1)Nc1cccc(C(F)(F)F)c1,5.5,1.7047480922384253,0.3192443679384343
417,CCOc1cc(C2=NN(c3ccc(C#N)c(Cl)c3)[C@@H](C3CCCC3)C2)ccc1C(=O)O,5.5,1.7047480922384253,0.3192443679384343
1902,CCS(=O)(=O)c1ccc(CC(=O)Nc2cc(-c3cc(C#N)cc(F)c3OC)cs2)cc1,5.5,1.7047480922384253,0.3192443679384343
1953,CC[C@H](CC(=O)O)c1cccc(OCc2ccc(-c3cc(OC)ccc3F)c([C@@H]3CCCC3(C)C)c2)c1F,5.5,1.7047480922384253,0.3192443679384343
1249,CN[C@@H]1CCN(c2cc(Cc3ccccc3)nc(N)n2)C1,5.5,1.7047480922384253,0.3192443679384343
248,CNc1cc(-c2cccnc2Nc2c(C)ccc3c(Nc4ccc5sc(C)nc5c4)nccc23)ncn1,5.5,1.7047480922384253,0.3192443679384343
1057,CC(C)c1ccc2c(Nc3cc(C(=O)N[C@@H](C)c4ccccc4)ccc3Sc3ccc(N)cc3)ncnc2n1,5.5,1.7047480922384253,0.3192443679384343
255,N#Cc1cc(Cl)cc(Oc2cc(OCc3n[nH]c4ncccc34)cc(Cl)c2Cl)c1,5.5,1.7047480922384253,0.3192443679384343
751,CO[C@H]1CC[C@@H](n2nc(C)c(C(=O)N[C@@H](C)C(C)(C)C)c2NS(=O)(=O)c2ccc(C)cc2)CC1,5.5,1.7047480922384253,0.3192443679384343
1754,O=S(=O)(Nc1nccs1)c1cc(Cl)c(NC[C@H]2NCCC=C2c2ccc(F)cc2)cc1F,5.5,1.7047480922384253,0.3192443679384343
719,CCCOCCn1c(=O)c(NC2CCC(O)CC2)nc2cnc(-c3ccc(OC)nc3)cc21,5.5,1.7047480922384253,0.3192443679384343
1368,CC1(C#Cc2cnc3c(c2)[C@]2(COC(N)=N2)c2cc(-c4cccnc4F)ccc2O3)COC1,5.5,1.7047480922384253,0.3192443679384343
1743,Cc1cc(CC(C)(C)C(=O)O)cc(C)c1-c1nc2ccc(C(=O)Nc3ccc4ccccc4n3)cc2[nH]1,5.5,1.7047480922384253,0.3192443679384343
802,CC[C@@H]1C[C@H](N(Cc2cc(C(F)(F)F)cc(C(F)(F)F)c2)c2nnn(C)n2)c2nc(C(F)(F)F)ccc2N1C(=O)OC(C)C,5.5,1.7047480922384253,0.3192443679384343
282,CCCN1Cc2cc(-c3nnn(-c4cccnc4F)c3C)ccc2C1=O,5.5,1.7047480922384253,0.3192443679384343
257,CCn1cnc(C(=O)c2cc3nccc(Oc4ccc(NC(=O)CC(=O)Nc5ccccc5)cc4F)c3s2)c1,5.5,1.7047480922384253,0.3192443679384343
33,Cn1cnc(-c2cc3nccc(Oc4ccc(NC(=S)NC(=O)Cc5ccccc5)cc4F)c3s2)c1,5.5,1.7047480922384253,0.3192443679384343
451,CS(=O)(=O)Cc1ccc(C(=O)Nc2ccc(Cl)c(-c3ccccn3)c2)c(Cl)c1,5.5,1.7047480922384253,0.3192443679384343
259,COc1nc(NCCCN2CCOCC2)nc(OC)c1NC(=O)c1ccc(Oc2cc3c(cc2C)CCC3(C)C)o1,5.5,1.7047480922384253,0.3192443679384343
1032,CC1(c2ccc(Nc3nc(N4CCc5ccccc5C4)nc(N4CCc5ccccc5C4)n3)cc2)NC(=O)c2ccccc2N1,5.5,1.7047480922384253,0.3192443679384343
1830,N#Cc1cc(C(F)(F)F)ccc1N1CCOc2cc(S(=O)(=O)Nc3nccs3)ccc21,5.5,1.7047480922384253,0.3192443679384343
1860,COc1ccc(C(=O)C2=C(O)C(=O)N(c3ccc(-c4nnc(C)o4)cc3)C2C2CCCCC2)cc1,5.5,1.7047480922384253,0.3192443679384343
546,O=C(O)C1CN(Cc2ccc(-c3nc4cc(Cc5ccccc5F)ccc4s3)c(F)c2)C1,5.5,1.7047480922384253,0.3192443679384343
171,CCc1nc2c(C)cc(C)nc2n1Cc1ccc2oc(-c3ccccc3NS(=O)(=O)C(F)(F)F)c(Br)c2c1,5.49,1.7029282555214393,0.3191207693746167
371,O=C(O)CCCOc1cccc(CCCCCCOc2cc(-c3ccsc3)cc(-c3ccc4c(c3)OCO4)c2)c1CCC(=O)O,5.47,1.6992786164338898,0.3188728954057799
1299,C=C[C@]1(C)C[C@@H](OC(=O)CSc2nnc(N)s2)[C@]2(C)[C@H](C)CC[C@]3(CCC(=O)[C@H]32)[C@@H](C)[C@@H]1O,5.409,1.6880642328892899,0.3181112437217161
112,CC(O)(CCC1CCN(C[C@H]2CN([C@H](CC3CC3)C(=O)O)C[C@@H]2c2cccc(F)c2)CC1)c1ccc(F)cc1,5.4,1.6863989535702288,0.3179981422932911
217,COc1ccc(-c2ccc(Cn3c(CC(C)(C)C(=O)O)c(SC(C)(C)C)c4cc(OCc5ccccn5)ccc43)cc2)nc1,5.4,1.6863989535702288,0.3179981422932911
359,CN1CCN(c2cccc3nc(CN4CCC[C@H]5CCc6cccnc6[C@H]54)[nH]c23)CC1,5.4,1.6863989535702288,0.3179981422932911
216,COc1ccc(-c2ccc(Cn3c(CC(C)(C)C(=O)O)c(SC(C)(C)C)c4cc(OCc5ccccn5)ccc43)cc2)cn1,5.4,1.6863989535702288,0.3179981422932911
438,CCCNC(=O)c1cn2ncnc(Nc3cc(C(=O)NC4CC4)ccc3C)c2c1C,5.4,1.6863989535702288,0.3179981422932911
1938,Cc1cc(NC(=O)c2cc(Cl)c(OC(C)C)c(OC(C)C)c2)ccc1C(=O)O,5.4,1.6863989535702288,0.3179981422932911
1147,Cn1c(Cn2ccc(C(F)(F)F)c(Oc3cc(Cl)cc(C#N)c3)c2=O)n[nH]c1=O,5.4,1.6863989535702288,0.3179981422932911
1041,CC(C)n1ncnc1-c1nc2c(s1)CCOc1cc(-c3cnn(CCO)c3)ccc1-2,5.4,1.6863989535702288,0.3179981422932911
539,O=C(N[C@@H]1CCC[C@H](O)C1)c1noc(-c2ccc(C(F)(F)F)cc2)c1Cl,5.4,1.6863989535702288,0.3179981422932911
415,CC(C)S(=O)(=O)N[C@H]1Cc2ccc(-c3ccc(F)nc3)cc2C1,5.4,1.6863989535702288,0.3179981422932911
76,CN1CCN(c2ccc(CN3CCN(S(=O)(=O)c4ccc(Cl)cc4)CC3)cc2)CC1,5.4,1.6863989535702288,0.3179981422932911
96,Cc1onc(NS(=O)(=O)c2ccccc2-c2ccc(-c3ncco3)cc2N(C)C(=O)CC(C)(C)C)c1C,5.4,1.6863989535702288,0.3179981422932911
611,Cn1c(CN2CCC(c3ccc(C(F)(F)F)cc3)CC2)nc2ncccc21,5.4,1.6863989535702288,0.3179981422932911
179,Cn1c(-c2ccccc2C(F)(F)F)nnc1C12CCC(c3nc(-c4ccc(F)cc4)no3)(CC1)CC2,5.39,1.6845453849209058,0.3178722527445994
1755,O=C(C1CCN(c2cc(Oc3ccc(F)cc3F)ncn2)CC1)N1Cc2ccccc2C1,5.37,1.6808279085207734,0.3176197714424068
1271,CCO[C@@H](c1cc(COc2cccc([C@@H](CC(=O)O)C3CC3)c2)ccc1-c1cc(OC)ccc1F)C(C)(C)C,5.333,1.6739139316184652,0.3171501921623439
214,Nc1c(C(=O)c2cccc(OC[C@@H](O)CO)c2)cnn1-c1ccc(F)cc1,5.333,1.6739139316184652,0.3171501921623439
1979,O=C(O)c1ccc(C(=O)N[C@@H](c2ccc(OC(F)(F)F)c(F)c2)c2ncccc2F)nc1,5.333,1.6739139316184652,0.3171501921623439
250,CC(C)(C)c1cc(C(=O)O)ccc1OC[C@H]1CC[C@@H](C(=O)N2CCC[C@H]2C#N)N1,5.333,1.6739139316184652,0.3171501921623439
333,Nc1ncc(C#Cc2ccc(F)c(C(=O)Nc3cc(C(F)(F)F)ccc3N3CCC[C@H](N)C3)c2)cn1,5.333,1.6739139316184652,0.3171501921623439
308,CC(C)(C)[C@H](C(=O)Nc1ncc(-c2ccccc2)s1)c1ccc(Cl)cc1,5.333,1.6739139316184652,0.3171501921623439
1936,CC#C[C@@H](Cc1nnn[nH]1)c1ccc(OCc2ccc3sc(C(F)(F)F)c(-c4ccccc4C)c3c2)cc1,5.3,1.667706820558076,0.3167286213668102
7,COc1ccc(CC#Cc2ccc3ncn(Cc4ccc(C(=O)O)cc4)c(=O)c3c2)cc1,5.3,1.667706820558076,0.3167286213668102
1971,C[C@]1(c2cc(NC(=O)c3ccc(C#N)cn3)ccc2F)N=C(N)O[C@H](CF)[C@@H]1F,5.3,1.667706820558076,0.3167286213668102
141,CCn1nc(Cc2ccc(-c3ccccc3)cc2)cc1C1CCN(C[C@H]2CN([C@@H](C(=O)O)C3CCCCC3)C[C@@H]2c2cccc(F)c2)CC1,5.3,1.667706820558076,0.3167286213668102
657,COc1cc(C(=O)NC2(C(=O)N[C@H](C)c3ccc(-n4nc(Cl)c5ccccc54)cc3F)CC2)on1,5.3,1.667706820558076,0.3167286213668102
1154,COC(=O)N[C@H](C(=O)N1C[C@@H](C)C[C@H]1c1ncc(-c2ccc(-c3ccc(-c4cc5[nH]c([C@@H]6C[C@H](C)CN6C(=O)[C@@H](NC(=O)OC)C(C)C)nc5s4)cc3)cc2)[nH]1)C(C)C,5.3,1.667706820558076,0.3167286213668102
422,CN(C)C(=O)[C@@H]([C@H]1CC[C@H](c2ccc3ncnn3c2)CC1)[C@H](N)C(=O)N1CCC(F)(F)C1,5.3,1.667706820558076,0.3167286213668102
48,COCc1nc(Nc2ccc(C(F)(F)F)cc2)c2ccc(-c3ncccc3C(F)(F)F)cc2n1,5.3,1.667706820558076,0.3167286213668102
1513,CNC(=O)C1Cc2cc(F)ccc2N1C(=O)COc1ccc(Cl)cc1,5.3,1.667706820558076,0.3167286213668102
1085,Cc1noc(C[C@H]2CC[C@H](c3ccc(N4CCOc5ncnc(N)c5C4=O)cc3)CC2)n1,5.3,1.667706820558076,0.3167286213668102
191,Cc1nc2cc(C(C)C)c(-c3ccc(Cl)c(OCC4CC4)c3)cc2c(=O)[nH]1,5.25,1.6582280766035324,0.3160848497972829
499,CC(C)CCCCC(=O)N[C@@H](CCN)C(=O)N[C@@H](CN[C@@H](CCN)C(=O)N[C@H]1CCNC(=O)[C@H]([C@@H](C)O)NC(=O)[C@H](CCN)NC(=O)[C@H](CCN)NC(=O)[C@H](CC(C)C)NC(=O)[C@@H](CC(C)C)NC(=O)[C@H](CCN)NC1=O)[C@@H](C)O.CCC(C)CCCCC(=O)N[C@@H](CCN)C(=O)N[C@@H](CN[C@@H](CCN)C(=O)N[C@H]1CCNC(=O)[C@H]([C@@H](C)O)NC(=O)[C@H](CCN)NC(=O)[C@H](CCN)NC(=O)[C@H](CC(C)C)NC(=O)[C@@H](CC(C)C)NC(=O)[C@H](CCN)NC1=O)[C@@H](C)O,5.22,1.6524974018945473,0.3156956373162257
355,Cc1ccc(C(N)=O)cc1-c1cc2cnn(-c3c(F)cccc3F)c2n(C)c1=O,5.2,1.6486586255873816,0.3154349176406886
1545,COc1cnc(-n2cnc(C)n2)c2[nH]cc(C(=O)C(=O)N3CCc4c(ncnc4-c4ccccn4)C3)c12,5.2,1.6486586255873816,0.3154349176406886
1563,COc1ccc2c(c1)C1CC1(C(=O)N1C3CCC1CN(C)C3)Cn1c-2c(C2CCCCC2)c2ccc(C(=O)NS(=O)(=O)C3CCC3)cc21,5.2,1.6486586255873816,0.3154349176406886
95,CCCCCCCCc1ccc(CC[C@@H](N)C[C@@H](O)P(=O)(O)O)cc1,5.2,1.6486586255873816,0.3154349176406886
65,COc1ccc(OC)c2c(C(=O)C(=O)N3CCN(C(=O)c4ccccc4)CC3)c[nH]c12,5.2,1.6486586255873816,0.3154349176406886
1889,COc1cnc(O[C@@H]2C[C@@H](C(=O)N[C@]3(C(=O)NS(=O)(=O)C4CC4)C[C@H]3C3CC3)N(C(=O)[C@@H](NC(=O)OC(C)(C)C)C(C)(C)C)C2)c2cc(Cl)ccc12,5.2,1.6486586255873816,0.3154349176406886
50,CC(NC(=O)C1(O)CCC(F)(F)C1)c1ncc(-c2cc(Cl)cc(F)c2-c2nnn(C)n2)cc1F,5.2,1.6486586255873816,0.3154349176406886
1200,COc1ccc(-c2cc3c(C)nc(N)nc3n([C@H]3CC[C@H](OCCO)CC3)c2=O)cn1,5.2,1.6486586255873816,0.3154349176406886
402,C[C@@H]1CN(Cc2ccc(F)cc2)[C@@H](C)CN1C(=O)COc1ccc(Cl)cc1CC(=O)O,5.2,1.6486586255873816,0.3154349176406886
491,O=C(O)c1ccc(CCCc2c(CCNS(=O)(=O)c3ccccc3OC(F)(F)F)n(C(c3ccccc3)c3ccccc3)c3ccc(Cl)cc23)cc1,5.2,1.6486586255873816,0.3154349176406886
732,CCOc1ccc(-c2ccc(Cn3c(CC(C)(C)C(=O)[O-])c(SC(C)(C)C)c4cc(OCc5ccc(C)cn5)ccc43)cc2)cn1.[Na+],5.2,1.6486586255873816,0.3154349176406886
184,CC1(C)Oc2ncnc(N)c2N=C1c1ccc([C@H]2CC[C@H](CC(=O)O)CC2)cc1,5.2,1.6486586255873816,0.3154349176406886
1688,CCC1Oc2cc(-c3cnc([C@@H]4CCCN4C(=O)[C@@H](NC(=O)OC)C(C)C)[nH]3)ccc2-c2cc3cc(-c4cnc([C@@H]5CCCN5C(=O)[C@@H](NC(=O)OC)C(C)C)[nH]4)ccc3n21,5.2,1.6486586255873816,0.3154349176406886
181,C[C@H](NC1=NC(=O)[C@](C)(C(C)(C)O)S1)c1ccc(F)cc1,5.167,1.6422922493050476,0.3150025299666323
838,Cn1cc(C(=O)Nc2ccc(-c3ccccc3)c(C(F)(F)F)c2)c(=O)c2cnc(CO)cc21,5.167,1.6422922493050476,0.3150025299666323
905,N#Cc1cc(F)cc(-c2nc(-c3ccc(F)cn3)no2)c1,5.167,1.6422922493050476,0.3150025299666323
1305,Cc1cc(Cl)ccc1-c1cccc(COc2ccc([C@H](CC(=O)O)c3nccn3C)cc2)c1,5.167,1.6422922493050476,0.3150025299666323
446,CN(Cc1ccc2occc2c1)c1nc(O)nc(Nc2c(F)cccc2-c2ccccc2)n1,5.167,1.6422922493050476,0.3150025299666323
111,Cc1ccccc1[C@@]1(O)C[C@H](C(=O)Nc2ccc(-n3ccccc3=O)cn2)N(C(=O)Nc2ccc(Cl)cc2)C1,5.12,1.6331544390514163,0.314381913724941
323,C[C@@H](O[C@H]1CN2C(=O)C(O)C[C@H]2[C@@H]1c1ccc(F)cc1)c1cc(C(F)(F)F)cc(C(F)(F)F)c1,5.1,1.62924053973028,0.3141160918902103
603,CC(C)C1(c2ccc(-c3ccc4ccccc4c3)[nH]c2=O)OC(=O)NC1=O,5.1,1.62924053973028,0.3141160918902103
665,Cc1nc(-c2ccccc2)n(C)c1CC(=O)NCc1ccc(F)cc1Cl,5.1,1.62924053973028,0.7832728155222787
651,COc1cc(-c2cc(C)c(N[C@@H](C)c3ccc(F)cc3)nn2)ccc1-n1cnc(C)c1.Cl,5.1,1.62924053973028,0.3141160918902103
1155,COC(=O)N[C@H](C(=O)N1C[C@@H](C)C[C@H]1c1ncc(-c2cc3sc(-c4ccc(-c5cc6[nH]c([C@@H]7C[C@H](C)CN7C(=O)[C@@H](NC(=O)OC)C(C)C)nc6s5)cc4)cc3s2)[nH]1)C(C)C,5.1,1.62924053973028,0.3141160918902103
515,Cc1cc(C(=O)NC2(C(=O)N[C@H](C)c3ncc(-c4cc(Cl)cc(Cl)c4OCC(F)F)cc3F)CC2)no1,5.1,1.62924053973028,0.3141160918902103
52,CN1CC(=O)N2[C@H](c3ccc4c(c3)OCO4)c3[nH]c4ccccc4c3C[C@@H]2C1=O,5.1,1.62924053973028,0.3141160918902103
43,O[C@]12C=C(c3[nH]ccc4c5ccccc5nc3-4)[C@@H]3CCN(CCCC/C=C\CC1)C[C@@]31C[C@@H]3/C=C\CCCCN3[C@H]12,5.1,1.62924053973028,0.3141160918902103
748,O=C(c1cc2ccc(F)cc2[nH]1)N1C[C@]2(CCN(C3CCNC3)C2)c2ccccc21,5,1.6094379124341003,0.3127711490880455
331,Cc1nc(-c2ccc(C(F)(F)F)cc2)sc1C(=O)NCc1ccc(OC(C)(C)C(=O)O)cc1,5,1.6094379124341003,0.3127711490880455
378,Fc1ccc(Cl)c(OC2CCN(c3ccc(-n4ccnc4)nn3)CC2)c1,5,1.6094379124341003,0.3127711490880455
1927,COC(=O)N[C@H](C(=O)N1CCC[C@H]1c1ncc(-c2cc(F)c3c(c2)O[C@@H](c2ccc(C4CC4)s2)n2c-3cc3cc(-c4cnc([C@@H]5CCCN5C(=O)[C@@H](NC(=O)OC)C5CCOC6(CC6)C5)[nH]4)ccc32)[nH]1)C(C)C,5,1.6094379124341003,0.3127711490880455
405,CC#CCN1C[C@H](C(=O)NO)[C@H](NC(=O)c2ccc(Cc3cc(C)nc4ccccc34)cc2)C1,5,1.6094379124341003,0.3127711490880455
397,Cc1cc(-c2ccc(N3C[C@H](Cn4ccnn4)OC3=O)cc2F)on1,5,1.6094379124341003,0.3127711490880455
338,CCOC[C@H]1C[C@@](CC(C)C)(C(=O)O)N(C(=O)c2ccc(C(C)(C)C)c(OC)c2)[C@H]1c1nccs1,5,1.6094379124341003,0.3127711490880455
1690,NC1(Cc2nc(-c3ccc(OC(F)(F)F)cc3)c[nH]2)COC1,5,1.6094379124341003,0.3127711490880455
1696,O=C(O)c1ccccc1CC[C@@H]1CCC[C@@H]1NC(=O)C1CCN(c2ccc(C(F)(F)F)cc2)CC1,5,1.6094379124341003,0.3127711490880455
253,Cn1cc(C(=O)Nc2ccc(CC(=O)N3C[C@@H](F)C[C@H]3CO[C@H]3CC[C@H](C(=O)O)CC3)cc2Cl)c2ccccc21,5,1.6094379124341003,0.3127711490880455
54,Cc1ccc2c(N3CCN(CCc4ccc5c(c4)NC(=O)CO5)CC3)cccc2n1,5,1.6094379124341003,0.3127711490880455
426,CC(C)C1SC(Nc2ccccc2F)=NC1=O,5,1.6094379124341003,0.3127711490880455
317,CCN(NC(=O)c1cc(OC)no1)C(=O)NCc1ccc(-c2cc(Cl)cc(F)c2-c2nnn(C)n2)cc1F,5,1.6094379124341003,0.3127711490880455
339,COC[C@H]1C[C@@](CC(C)C)(C(=O)O)N(C(=O)c2ccc(C(C)(C)C)c(OC)c2)[C@H]1c1nccs1,5,1.6094379124341003,0.3127711490880455
801,COc1cccc2c1c(NS(=O)(=O)c1ccc(Cl)s1)nn2Cc1cccc(CNC(C)=O)c1,5,1.6094379124341003,0.3127711490880455
299,O=C(NCc1ccccc1)c1nc(-c2cccs2)nc(O)c1O,5,1.6094379124341003,0.3127711490880455
1773,Cc1ccc(Oc2nc3cc(-c4ccc(-c5ccccc5)cc4)c(Cl)cc3[nH]2)cc1C(=O)O,5,1.6094379124341003,0.3127711490880455
488,O=C(O)c1ccc(CCCc2c(CCNS(=O)(=O)Cc3ccc(Cl)c(Cl)c3)n(C(c3ccccc3)c3ccccc3)c3ccc(Cl)cc23)cc1,5,1.6094379124341003,0.3127711490880455
158,O=C(O)CCNC(=O)c1ccc(CN(c2ccc3c(c2)CCCC3)c2nc(-c3ccc(Cl)c(Cl)c3)cs2)cc1,5,1.6094379124341003,0.3127711490880455
540,CC(C)(C)CC(=O)Nc1c(F)cc(C(=O)Nc2nccs2)cc1F,5,1.6094379124341003,0.3127711490880455
1487,N#Cc1ccc(-c2cc(-c3cc(Cl)cc(C#N)c3)ncn2)nc1,5,1.6094379124341003,0.3127711490880455
384,COc1c(NC(=O)c2cc3cccc(NC(=O)c4ccc(NC5CC5)nc4)c3n2C)cc(C(C)(C)C)cc1NS(C)(=O)=O,5,1.6094379124341003,0.3127711490880455
544,Nc1ccc(-c2cc(Nc3cnc4ccccc4c3)nc(N3CCOCC3)n2)cn1,5,1.6094379124341003,0.3127711490880455
311,CCCCOC(=O)N1CCN(C(=O)[C@H](CCC(=O)O)NC(=O)c2cc(N3CCC(C(=O)N4CCCC4)CC3)cc(-c3ccccc3)n2)CC1,5,1.6094379124341003,0.3127711490880455
1748,COC(=O)Nc1c(N)nc(-n2nc(Cc3ccccc3F)c3ncc(F)cc32)nc1N,5,1.6094379124341003,0.3127711490880455
804,Nc1ncc(-c2cnn(CCO)c2)c2scc(-c3ccc(NC(=O)Nc4cccc(F)c4)cc3)c12,5,1.6094379124341003,0.3127711490880455
1747,COC(=O)Nc1c(N)nc(-c2nn(Cc3ccccc3F)c3ncc(F)cc23)nc1N,5,1.6094379124341003,0.3127711490880455
1930,COC(=O)N[C@H](C(=O)N1CCC[C@H]1c1ncc(-c2cc(F)c3c(c2)O[C@@H](c2ccc(C(C)C)s2)n2c-3cc3cc(-c4cnc([C@@H]5CCCN5C(=O)[C@@H](NC(=O)OC)[C@@H]5CCOC(C)(C)C5)[nH]4)ccc32)[nH]1)C(C)C,5,1.6094379124341003,0.3127711490880455
1499,C[C@@H](Oc1cc(-c2cnn(C(F)F)c2)cc2ncsc12)[C@H]1CNC(=O)O1,5,1.6094379124341003,0.3127711490880455
10,CCc1nn2ccccc2c1Cc1ccc(C(=O)N[C@@H]2CCOC[C@@H]2C(=O)NO)cc1,5,1.6094379124341003,0.3127711490880455
507,CCc1nc2c3c(ccc2o1)CCN(CCCSc1nnc(-c2ocnc2C)n1C)CC3,5,1.6094379124341003,0.3127711490880455
1201,CS(=O)(=O)Cc1ccc(-c2ccc(N3CCOc4ncnc(N)c4C3=O)cc2)c(Cl)c1,5,1.6094379124341003,0.3127711490880455
152,O=C(O)CCNC(=O)c1ccc(CN(c2ccc3c(c2)Cc2ccccc2-3)c2nc(-c3ccc(OC(F)(F)F)cc3)cs2)cc1,5,1.6094379124341003,0.3127711490880455
466,O=C(O)[C@]12C[C@H]1CN(C1CC[C@]3(Cc4ccccc4Cc4ccccc43)C1)C2,5,1.6094379124341003,0.3127711490880455
864,COc1cc(C(F)(F)F)cc2c1nnc1c(C)nc(-c3ccncc3C)n12,5,1.6094379124341003,0.3127711490880455
798,NS(=O)(=O)c1ccc(CNc2nc(NCC(F)(F)F)c3nc(-c4ccc(F)cc4)ccc3n2)cc1,5,1.6094379124341003,0.3127711490880455
169,C[C@@]1(C(=O)N[C@@H](Cc2ccc(-c3ccccc3C#N)cc2)C(=O)O)CCCN1S(=O)(=O)c1cc(Cl)cc(Cl)c1,5,1.6094379124341003,0.3127711490880455
359,O=C(O)c1ccccc1OCCN1CCC(c2cn(CCC3OCCO3)c3ccccc23)CC1,5,1.6094379124341003,0.3127711490880455
1762,CCOc1ccc(F)c(N2CC[C@@H](Oc3ccc(N4N=C(C(F)(F)F)[C@@H](C)[C@@H]4CC(=O)O)cc3)[C@H](F)C2)c1,5,1.6094379124341003,0.3127711490880455
1203,CN(Cc1ccc(-c2ccc(N3CCOc4ncnc(N)c4C3=O)cc2)c(Cl)c1)S(C)(=O)=O,5,1.6094379124341003,0.3127711490880455
1183,O=C(N[C@H]1C2CC3CC1C[C@](O)(C3)C2)c1sc(OCCO)nc1C1CC1,5,1.6094379124341003,0.3127711490880455
159,Oc1ccc([C@@H]2Sc3cc(O)ccc3O[C@@H]2c2ccc(OCCN3CCCCC3)cc2)cc1,5,1.6094379124341003,0.3127711490880455
398,Cc1cn(C[C@H]2CN(c3ccc(-c4cc(C)no4)c(F)c3)C(=O)O2)nn1,5,1.6094379124341003,0.3127711490880455
154,O=C(O)CCNC(=O)c1ccc(CN(c2ccc(Cl)cc2)c2nc(-c3ccc(C(F)(F)F)cc3)cs2)cc1,5,1.6094379124341003,0.3127711490880455
1296,CC1=C(/C=C/C(C)=C/C=C/C(C)=C/C(=O)Nc2ccc(O)cc2)C(C)(C)CCC1,5,1.6094379124341003,0.3127711490880455
357,COc1ccc(CN2CCC(c3cn(Cc4cccs4)c4cc(F)ccc34)CC2)cc1C(=O)O,5,1.6094379124341003,0.3127711490880455
1862,COc1ccc(C(=O)C2=C(O)C(=O)N(c3ccc(-c4noc(C)n4)cc3)C2C2CCCCC2)cc1,5,1.6094379124341003,0.3127711490880455
1448,CC1(C)Cc2c(-c3ccc(Cl)cc3)n[nH]c2C(C(N)=O)C1,5,1.6094379124341003,0.3127711490880455
349,O=C(CO)N1CCC(c2n[nH]c(-c3ccc(Cl)cc3)c2-c2ccncn2)CC1,4.96,1.601405740736836,0.3122256249336789
1893,Nc1ncnc2c1ncn2[C@@H]1O[C@H](COS(=O)(=O)NC(=O)c2ccccc2O)[C@@H](O)[C@H]1O,4.9,1.589235205116581,0.3113990338942106
504,Cc1nc(-c2c(F)cc(Cl)cc2-c2cnc([C@@H](C)NC(=O)[C@@](C)(O)C(F)(F)F)c(F)c2)no1,4.9,1.589235205116581,0.3113990338942106
1512,CNC(=O)[C@H]1Cc2ccccc2N1C(=O)COc1ccc(F)cc1,4.9,1.589235205116581,0.3113990338942106
1421,CCOc1nc(NC(=O)C2(NC(=O)c3ccc4c(C5CCCC5)c(-c5ccc(F)cn5)n(C)c4c3)CCC2)ccc1/C=C/C(=O)O,4.9,1.589235205116581,0.3113990338942106
868,COc1ccc(-c2nnc(C)o2)cc1-c1c(=O)ccn2nc(Oc3ccc(F)cc3F)ccc12,4.9,1.589235205116581,0.3113990338942106
1464,CO[C@H]1CC[C@H](N2C(=O)CNc3ncc(-c4ccc(C(C)(C)O)nc4)nc32)CC1,4.9,1.589235205116581,0.3113990338942106
365,Cc1nc(-c2c(F)cccc2-c2ccc([C@@H](C)Nc3nccc(Cl)c3NC(=O)CC#N)cc2)no1,4.9,1.589235205116581,0.3113990338942106
17,CNc1cccc(CCOc2ccc(C[C@@H](CC(=O)O)c3ccccc3)cc2)n1,4.9,1.589235205116581,0.3113990338942106
1470,CCN(CC)CC.Nc1ncnc2c1ncn2[C@@H]1O[C@H](COS(=O)(=O)NC(=O)c2ccccc2O)[C@@H](O)[C@H]1O,4.9,1.589235205116581,0.3113990338942106
46,CC(C)[C@@H]1CC[C@@H](C)C[C@H]1OCC(=O)Nc1cc(Oc2ccc(C(=O)O)cc2)ccc1[N+](=O)[O-],4.84,1.5769147207285403,0.3105622587254896
21,COc1cc(OC)cc(C(=O)Nc2ccc(C)c(C(=O)Nc3cnc(Nc4ccc(N5CCN(C)CC5)cc4)nc3)c2)c1,4.833,1.575467392862947,0.3104639599913829
1425,Cn1cc(-c2ccc3c(c2)CCN3CC(=O)c2cc(F)cc(C(F)(F)F)c2)c2c(N)ncnc21,4.833,1.575467392862947,0.3104639599913829
107,CN(c1c2c(c(O)c3ncccc13)C(=O)N(Cc1cc(Cl)c(F)cc1F)C2)S(C)(=O)=O,4.833,1.575467392862947,0.3104639599913829
1380,C=C1C[C@@H](C(=O)Nc2ncc(C)s2)N(C(=O)[C@H](CCCC)CN(O)C=O)C1,4.833,1.575467392862947,0.3104639599913829
596,C[C@@H]1CN(S(=O)(=O)N[C@@]2(C(=O)O)[C@H](C)[C@]2(C)c2ccccc2)CCN1c1ccc(C#N)s1,4.833,1.575467392862947,0.3104639599913829
249,N#C[C@@H]1CCCN1C(=O)[C@@H]1CC[C@H](COc2cc(C(=O)O)ccc2Cl)N1,4.833,1.575467392862947,0.3104639599913829
1591,COCCOc1cnc2ccn([C@H](C)c3nnc4ccc(-c5cc(C)no5)cn34)c(=O)c2c1,4.833,1.575467392862947,0.3104639599913829
1173,COC(=O)N[C@H](C(=O)N1CCC[C@H]1C(=O)Nc1ccc([C@H]2CC[C@H](c3ccc(NC(=O)[C@@H]4CCCN4C(=O)[C@@H](NC(=O)OC)C(C)C)cc3)N2c2ccc(C(F)(F)F)cc2)cc1)C(C)C,4.833,1.575467392862947,0.3104639599913829
250,CNc1cc(-c2cccnc2Nc2c(C)ccc3c(Nc4ccc(Cl)cc4)nccc23)ncn1,4.833,1.575467392862947,0.3104639599913829
124,CCCCOc1ccc(Cc2cc(C3CCN(C[C@H]4CN([C@@H](C(=O)O)[C@@H](C)CC)C[C@@H]4c4cccc(F)c4)CC3)n(CC)n2)cc1,4.8,1.5686159179138452,0.3099986256809813
932,Cc1ccccc1-n1nc(-c2c(-c3ccc(F)cc3)nn3c2NC[C@@H](O)C3)ccc1=O,4.8,1.5686159179138452,0.3099986256809813
982,Cc1ccn(-c2ncnc3c(C(=O)C(=O)N4CCN(C(=O)c5ccccc5)CC4)c[nH]c23)n1,4.8,1.5686159179138452,0.3099986256809813
1074,C[C@]1(CS(=O)(=O)N2CCN(c3ncc(OCc4ccc(F)cc4)cn3)CC2)NC(=O)NC1=O,4.8,1.5686159179138452,0.3099986256809813
890,FC(F)(F)c1cc(-c2nnc(CCCCc3ccc4cccnc4n3)o2)ccc1Cl,4.8,1.5686159179138452,0.3099986256809813
851,N[C@@H]1CCCN(c2c(Br)cccc2/C=C2\SC(=O)NC2=O)C1,4.8,1.5686159179138452,0.7791553493130496
170,CCc1nc2c(C)cc(CO)nc2n1Cc1ccc2oc(-c3ccccc3NS(=O)(=O)C(F)(F)F)c(Br)c2c1,4.8,1.5686159179138452,0.3099986256809813
1379,Cn1ccnc1[C@]1(CNC(=O)c2cc3cc(C(F)(F)F)ccc3o2)NC(=O)NC1=O,4.8,1.5686159179138452,0.3099986256809813
615,Cc1cc(Nc2nc(N[C@@H](C)c3ccc(F)cn3)c(C#N)cc2F)n[nH]1,4.8,1.5686159179138452,0.3099986256809813
449,CN(C)C(=O)[C@@H](c1ccc(-c2ccc(F)cc2)cc1)[C@H](N)C(=O)N1CC[C@H](F)C1.O=C(O)C(F)(F)F,4.8,1.5686159179138452,0.3099986256809813
1013,Cc1c(-c2ccc(C[C@H](NC(=O)c3c(F)cccc3F)C(=O)O)cc2)c(=O)n(C)c(=O)n1C,4.8,1.5686159179138452,0.3099986256809813
478,Cc1cccc(C(C)(C)C(=O)Nc2ccc(N3CCC(NCC4CC4)CC3)c(Cl)c2)c1,4.8,1.5686159179138452,0.7791553493130496
9,CCOc1ccc(Cc2cc([C@@H]3O[C@H](CO)[C@@H](O)[C@H](O)[C@H]3O)ccc2Cl)cc1,4.8,1.5686159179138452,0.3099986256809813
26,CCOC(=O)c1ccccc1CC[C@H](SC[C@@H](C)C(=O)O)c1cccc(/C=C/c2ccc3ccc(Cl)cc3n2)c1,4.8,1.5686159179138452,0.3099986256809813
129,CC[C@@H](C(N)=O)N1C[C@H](CI)CC1=O,4.8,1.5686159179138452,0.3099986256809813
641,COCC[C@H](NC1(C(=O)N[C@@H](Cc2ncc(-c3ccccc3)o2)C(=O)O)CCCC1)C(=O)O,4.8,1.5686159179138452,0.3099986256809813
1692,Cn1c2c(c(=O)n(C)c1=O)C(C(F)(F)F)(C(F)(F)F)NC(c1ccc(Cl)cc1)=N2,4.79,1.5665304114228238,0.3098569835189583
1852,Cc1cc(N2CCOc3ncnc(N)c3C2=O)cc(C)c1C#CC(C)(C)CC(=O)O,4.76,1.5602476682433286,0.3094302759871379
1600,Cn1c(C2CC2)nc2ccc(-n3ccc(OCc4ccc(C(F)(F)F)s4)cc3=O)cc21,4.75,1.55814461804655,0.3092874423023726
278,CCC[C@H](CC1(C(=O)Nc2nnc(CC)s2)CCCC1)C(=O)O,4.7,1.547562508716013,0.3085687330340033
888,O=C(CCCc1ccc2cccnc2n1)NCc1cc(-c2ccc(F)c(C(F)(F)F)c2)no1,4.7,1.547562508716013,0.3085687330340033
127,Cc1cnc2c(c1)CN(CCn1ncc3c1nc(N)n1nc(-c4ccco4)nc31)CC2,4.7,1.547562508716013,0.3085687330340033
1820,Cc1cc2oc(=O)n(CCC(=O)O)c2cc1Cl,4.7,1.547562508716013,0.3085687330340033
760,N#Cc1cc(Cl)cc(Oc2c(Cl)ccc3c2cnn3Cc2n[nH]c3nc(N)ccc23)c1,4.7,1.547562508716013,0.3085687330340033
230,Cc1cc(C)c(S(=O)(=O)N[C@H](CNC(=O)c2coc(C)n2)C(=O)O)c(C)c1,4.7,1.547562508716013,0.3085687330340033
1367,CC(C)C[C@@H]1NC(=O)[C@H](CC(C)C)NC(=O)[C@H](CC(C)C)NC(=O)[C@H](CC(C)C)NC(=O)[C@H](CC(C)C)NC(=O)[C@H](CC(C)C)NC1=O,4.7,1.547562508716013,0.3085687330340033
1395,COC(=O)N[C@H](C(=O)N1C[C@@H](C)C[C@H]1c1cc2ccc(-c3cc4sc(-c5ccc6[nH]c([C@@H]7C[C@H](C)CN7C(=O)[C@@H](NC(=O)OC)C(C)C)nc6c5)cc4s3)cc2[nH]1)C(C)C,4.7,1.547562508716013,0.3085687330340033
1732,Cc1cc2oc(=O)[nH]c2cc1Cl.NC(CO)(CO)CO,4.7,1.547562508716013,0.3085687330340033
1595,CC(C)(CN1C(=O)c2ccccc2C1C(=O)NCCCF)c1ccc(Cl)cc1,4.7,1.547562508716013,0.3085687330340033
560,COc1ccc2c(c1)C[C@@H](c1nc3ccc(-c4cn[nH]c4)cc3c(=O)[nH]1)CO2,4.7,1.547562508716013,0.3085687330340033
117,CCC[C@@H]1CC(=O)N([C@@H](CC)C(N)=O)C1,4.67,1.541159071680806,0.3081338282902637
63,Cn1cnc(S(=O)(=O)Nc2cccc([C@@H](c3c(O)c4c(oc3=O)CCCCCC4)C3CC3)c2)c1,4.667,1.5405164669676785,0.3080901842540137
1270,COc1ccc(F)c(-c2ccc(COc3cccc([C@@H](CC(=O)O)C4CC4)c3)cc2[C@H](OC)C(C)(C)C)c1,4.667,1.5405164669676785,0.3080901842540137
476,Cc1cc(C)c(N(C)c2c3c(c(O)c4ncccc24)C(=O)N(Cc2ccc(F)cc2)C3)c(C)c1,4.667,1.5405164669676785,0.3080901842540137
997,Fc1ccccc1Cn1nc(-c2nn[nH]n2)c2cccnc21,4.667,1.5405164669676785,0.3080901842540137
1901,CC(C)(C)C#C[C@]1(O)CC[C@H]2[C@@H]3CCC4=CC(=O)CCC4=C3[C@@H](c3ccc(N4CCCC4)cc3)C[C@@]21C,4.667,1.5405164669676785,0.3080901842540137
379,Cc1nnc(-c2ccc(N3CCC(Oc4cc(F)ccc4Cl)CC3)nn2)o1,4.667,1.5405164669676785,0.3080901842540137
41,Cc1cc(OCP(=O)(O)O)cc(C)c1Cc1ccc(O)c(C(C)C)c1,4.667,1.5405164669676785,0.3080901842540137
397,C[C@@H]1CN(C(=O)c2ccccc2)CCN1c1nnc(-c2ccccc2)c2ccccc12,4.667,1.5405164669676785,0.3080901842540137
1592,C[C@H](c1nnc2c(F)cc(-c3cnn(C)c3)cn12)n1ccc2ncccc2c1=O,4.667,1.5405164669676785,0.3080901842540137
1546,CC(C)(O)c1ccnc(-c2cccc3cc([C@H](NS(=O)(=O)C4CC4)c4nc(N)ncc4Cl)sc23)c1,4.667,1.5405164669676785,0.3080901842540137
105,CN(c1c2c(c(O)c3ncccc13)C(=O)N(Cc1ccc(F)cc1)C2)S(C)(=O)=O,4.667,1.5405164669676785,0.3080901842540137
1141,OC[C@H]1O[C@@H](n2cc(Cc3ccc(C4CC4)cc3)c3c(F)cccc32)[C@H](O)[C@@H](O)[C@@H]1O,4.633,1.5332046064345113,0.3075935817553941
422,CCCCCCc1cccc(NC(=O)[C@H](N)CCP(=O)(O)O)c1,4.63,1.5325568680981427,0.3075495890568418
420,COc1ccc2c(c1)C[C@H](C(=O)Nc1cc(F)c(-c3cn[nH]c3)cc1OCCN(C)C)NC2,4.6,1.5260563034950492,0.3071080876619929
1808,O=C(Nc1ccc(Cl)cc1)Nc1cccc(-c2ccc(F)cc2)c1,4.6,1.5260563034950492,0.7762648112940612
419,Cc1cc(N2N=C3c4ccc(C(=O)O)cc4CO[C@@H]3[C@@H]2C2CCCC2)ccc1C#N,4.6,1.5260563034950492,0.3071080876619929
1047,O=C(O)Cn1c2c(c3ccccc31)CN(C(=O)c1ccccc1)CC2,4.6,1.5260563034950492,0.3071080876619929
313,O[C@@H](CN1c2cccc(-c3cccc(OC(F)(F)F)c3)c2OC[C@@H]1c1cccc(OC(F)(F)C(F)F)c1)C(F)(F)F,4.6,1.5260563034950492,0.3071080876619929
1091,CS(=O)(=O)CCCOc1cccc2c1ccn2-c1ccnc(N[C@H]2CC[C@H](C(=O)N3CCC(O)CC3)CC2)n1,4.6,1.5260563034950492,0.3071080876619929
450,CCN1C(=O)CC(C)(C)c2cc(C)c(-c3cc(CCC(=O)O)ccc3OC(F)(F)F)cc21,4.6,1.5260563034950492,0.3071080876619929
1052,N#Cc1ccc(-c2ccc(C3(C(F)(F)F)CC3)cc2)nc1,4.6,1.5260563034950492,0.3071080876619929
2000,O=C(O)c1ccc(N2CC3(CCN(Cc4cc(Cl)c(-c5ccc(F)cc5F)c(C5CC5)c4)CC3)OC2=O)cc1,4.6,1.5260563034950492,0.3071080876619929
165,CCCCCCc1ccc(-c2ccc(CNCCCP(=O)(O)O)cc2)cc1,4.6,1.5260563034950492,0.3071080876619929
929,Cc1ccccc1-n1nc(-c2c(-c3ccc(F)cc3)nn3c2NC[C@H](CO)C3)ccc1=O,4.56,1.5173226235262947,0.3065149188953084
456,Cc1nc(C(F)(F)F)ccc1C(=O)Nc1ccc(Cl)c(-c2ccccn2)c1,4.5,1.5040773967762742,0.3056153376370216
447,Cc1cccc(-c2ccccc2)c1Nc1nc(O)nc(N(C)Cc2ccc3c(c2)CCO3)n1,4.5,1.5040773967762742,0.3056153376370216
1416,Cc1[nH]c2ncnc(-c3ccc(NC(=O)N(CCO)c4ccc(Cl)cc4)c(F)c3)c2c1C,4.5,1.5040773967762742,0.3056153376370216
1597,C/C(=C\c1nc(Cn2cnc3ncccc3c2=O)no1)c1ccc(Cl)cc1,4.5,1.5040773967762742,0.3056153376370216
1770,CNS(=O)(=O)c1ccc(SC)c(Nc2cc(Nc3ccc(Cl)cc3)ncn2)c1,4.5,1.5040773967762742,0.3056153376370216
1063,N#Cc1c(-c2ccc(NS(=O)(=O)C3CC3)cc2)n(CC2CC2)c2cc(OC(F)F)ccc12,4.5,1.5040773967762742,0.3056153376370216
260,C[C@@H]1CN(c2ncc(C(O)CO)cc2Cl)CCN1c1nc2c(-c3cc(F)c(F)c(F)c3)cc(C(F)(F)F)cc2[nH]1,4.5,1.5040773967762742,0.3056153376370216
435,CN1CCN(c2cccc3nc(CN(C)[C@H]4CCCc5cccnc54)c(CO)n23)CC1,4.5,1.5040773967762742,0.3056153376370216
233,CCn1c(=O)cc(Oc2cc(C(=O)NC3CC3)ccc2C)c2cnn(-c3ccc(F)cc3)c21,4.5,1.5040773967762742,0.3056153376370216
305,NC[C@]1(CC(=O)O)C[C@H]2CCC[C@H]21,4.5,1.5040773967762742,0.3056153376370216
497,O=C(O)c1ccc(OCCc2c(CCNS(=O)(=O)c3ccccc3-c3ccccc3)n(C(c3ccccc3)c3ccccc3)c3ccc(Cl)cc23)cc1,4.5,1.5040773967762742,0.3056153376370216
1225,CC(C)(O)COCc1cccc(Nc2sc(-c3c(F)cc(C(C)(C)O)cc3F)cc2C(N)=O)n1,4.5,1.5040773967762742,0.3056153376370216
613,C[C@H]1CN(Cc2nc3ncccc3n2C)CC[C@H]1c1ccc(OC(F)(F)F)cc1F,4.5,1.5040773967762742,0.3056153376370216
401,COS(=O)(=O)NC(=O)Cc1cc(Cl)ccc1OCC(=O)N1C[C@H](C)N(Cc2ccc(F)cc2)C[C@H]1C,4.5,1.5040773967762742,0.3056153376370216
1292,c1cn2cc(-c3ccc4cn[nH]c4c3)nc(Nc3ccc(N4CCOCC4)cc3)c2n1,4.5,1.5040773967762742,0.3056153376370216
1060,COc1c(-c2ccc3c(CNS(C)(=O)=O)csc3c2)cc(-n2ccc(=O)[nH]c2=O)cc1C(C)(C)C,4.5,1.5040773967762742,0.3056153376370216
1751,O=S(=O)(Nc1cscn1)c1cc(Cl)c(OCC2NCCC=C2c2ccc(F)cc2)cc1F,4.5,1.5040773967762742,0.3056153376370216
456,CS(=O)(=O)c1ccc(-c2ccc3c(Nc4ccc(F)cc4)c(C(N)=O)cnc3c2)cc1,4.5,1.5040773967762742,0.3056153376370216
129,O=S(=O)(c1ccccc1Cl)n1ccc2cc3c(cc21)CCNCC3,4.5,1.5040773967762742,0.7747720612690899
731,CNc1nc2[nH]c(-c3cccc(CNC(=O)COC)n3)cc2c2c1ncn2C,4.5,1.5040773967762742,0.3056153376370216
1948,CC(C)[C@H](NC(=O)C(C)(F)F)[C@H](Oc1ccc2c(cnn2-c2ccc(=O)n(C)c2)c1)c1ccccc1,4.5,1.5040773967762742,0.3056153376370216
1594,COCCOc1cnc2ccn([C@H](C)c3nnc4c(F)cc(-c5cnn(C)c5)cn34)c(=O)c2c1,4.5,1.5040773967762742,0.3056153376370216
837,CC(C)C1(c2ccc(-c3ccc4c(ccn4C)c3)[nH]c2=O)OC(=O)NC1=O,4.5,1.5040773967762742,0.3056153376370216
1757,Nc1cc(C(F)(F)F)c(-c2nc(N3CCOCC3)nc(N3CCOCC3)n2)cn1,4.433,1.4890765557629164,0.3045965196364816
1082,OC[C@H]1O[C@@H](c2ccc(Cl)c(Cc3ccc(-c4ccc(F)nc4)s3)c2)[C@H](O)[C@@H](O)[C@@H]1O,4.4,1.4816045409242156,0.3040890398751008
1407,Cc1c(NC(=O)c2cc3c(s2)CCCC3)cccc1-c1cn(C)c(=O)c(Nc2ccc([C@@H]3C(=O)N(C)CCN3C)cc2)n1,4.4,1.4816045409242156,0.3040890398751008
1792,Cc1nnc2sc(C(=O)NC3CN(c4ccc(F)c(F)c4)C3)c(N)c2c1C,4.4,1.4816045409242156,0.3040890398751008
418,COc1ccc(-c2cc(N3C[C@H](c4cc(F)c(F)cc4F)[C@@H](N)C3)ncn2)cn1,4.4,1.4816045409242156,0.3040890398751008
887,O=C(CCCc1ccc2cccnc2n1)NCc1ccc(-c2cccc(Cl)c2)cc1,4.4,1.4816045409242156,0.3040890398751008
1160,COC(=O)N[C@@H](C(=O)N1CCC[C@H]1c1ncc(-c2ccc(-c3ccc(-c4cnc([C@@H]5CCCN5C(=O)[C@H]5CCCO5)[nH]4)cc3)cc2)[nH]1)c1ccccc1,4.4,1.4816045409242156,0.3040890398751008
80,C/C(=C(\F)C(=O)Nc1ccc(-c2ccccc2S(N)(=O)=O)cc1Br)c1ccc2ccnc(N)c2c1,4.4,1.4816045409242156,0.3040890398751008
242,CC(C)c1onc(-c2c(Cl)cccc2Cl)c1COc1ccc2c(c1)ncn2Cc1cccc(C(=O)O)c1,4.4,1.4816045409242156,0.3040890398751008
1935,CC#C[C@@H](Cc1nnn[nH]1)c1ccc(OCc2ccc3sc(Cl)c(-c4ccccc4C)c3c2)cc1,4.4,1.4816045409242156,0.3040890398751008
1990,O=C(NCc1ccc(OC(F)(F)F)c(Cl)c1)c1ccc(S(=O)(=O)Nc2ncns2)c(F)c1,4.4,1.4816045409242156,0.3040890398751008
1703,CCS(=O)(=O)c1ccc(Cn2c(C)c(CC(=O)O)c3cccnc32)c(Cl)c1,4.4,1.4816045409242156,0.3040890398751008
893,Cc1ncc(C(=O)N[C@H]2C3CC4CC2C[C@](O)(C4)C3)c(C(C)(C)C)n1,4.4,1.4816045409242156,0.3040890398751008
1510,CNC(=O)C1Cc2ccccc2N1C(=O)COc1ccc(Cl)cc1,4.4,1.4816045409242156,0.3040890398751008
1865,CNS(=O)(=O)c1cc(-c2sc(NC(C)=O)nc2C)cc2c1C(=O)N([C@@H](C)C1CC1)C2,4.4,1.4816045409242156,0.3040890398751008
1816,C[C@H]1[C@H](F)C[C@@H](C(=O)NCc2cc(-c3cnc(C(F)(F)F)nc3)ncc2F)N1S(=O)(=O)c1ccc(F)cc1,4.4,1.4816045409242156,0.3040890398751008
231,Cn1c(=O)cc(Nc2cc(C(=O)NC3CC3)ccc2Cl)c2cnn(-c3ccc(F)cc3)c21,4.333,1.4662601427577724,0.3030468883686949
1275,COc1cc(-c2ccc(COc3cc4c(cn3)CC[C@]43C[C@H]3C(=O)O)cc2[C@@H]2CCCC2(C)C)c(F)cn1,4.333,1.4662601427577724,0.3030468883686949
1435,COc1cnc2ccc([C@H](C)c3nnc4c(F)cc(-c5cn(C)cn5)cn34)cc2c1,4.333,1.4662601427577724,0.3030468883686949
1795,O=C(NC[C@@H]1CCOC1)c1ccc(NC(=O)N2Cc3ccccc3C2)cc1,4.333,1.4662601427577724,0.3030468883686949
526,CCc1cc(F)c(N)c2nc(-c3ccc(P(=O)(O)O)o3)n(CC(C)C)c12,4.333,1.4662601427577724,0.3030468883686949
211,CC(C)(C(=O)O)c1ccc(-c2c[nH]c3ncc(-c4ccc5ccccc5c4)cc23)cc1,4.32,1.463255402256019,0.3028428142299574
94,CC(C)C[C@H](NC(=O)[C@@H](Cc1c[nH]c2ccccc12)NC(=O)[C@H](Cc1ccc(O)cc1)NC(=O)[C@H](CO)NC(=O)[C@H](Cc1c[nH]c2ccccc12)NC(=O)[C@H](Cc1c[nH]cn1)NC(=O)[C@@H]1CCC(=O)N1)C(=O)N[C@@H](CCCN=C(N)N)C(=O)N1CCC[C@H]1C(=O)N(C)CC(N)=O,4.32,1.463255402256019,0.3028428142299574
394,C[C@H](Oc1ccc(S(C)(=O)=O)cc1C(=O)N1CCN(c2ncc(C(F)(F)F)cc2F)CC1)C(C)(C)C,4.32,1.463255402256019,0.3028428142299574
356,COC(=O)N(CC(=O)O)Cc1cccc(OCc2nc(-c3ccc(Cl)cc3)oc2C)c1,4.3,1.4586150226995167,0.3025276517522475
292,C[C@@H](c1ccc(N2CC[C@H](NS(=O)(=O)/C=C/c3ccc(Cl)s3)C2=O)c(F)c1)N(C)C,4.3,1.4586150226995167,0.3025276517522475
1388,O=C(c1ccc(F)nc1)N1CCN2C(=O)c3ccncc3[C@]12c1ccc(Cl)cc1,4.3,1.4586150226995167,0.3025276517522475
386,Cc1ncccc1Oc1ncc(Cl)cc1NS(=O)(=O)c1ccc(Cl)c(Cl)c1,4.3,1.4586150226995167,0.3025276517522475
1882,COc1cnc(-n2cc(C)nn2)c2[nH]cc(C(=O)C(=O)N3CCN(C(=O)c4ccccc4)[C@H](C)C3)c12,4.3,1.4586150226995167,0.3025276517522475
788,CC(C)Cn1c2ccc(Nc3ncccn3)cc2c2c3c(c4c(c21)CCc1nn(C)cc1-4)C(=O)NC3,4.3,1.4586150226995167,0.3025276517522475
104,CCCCCCCCc1ccc(CC[C@@H](N)C[C@H](O)P(=O)(O)O)cc1,4.3,1.4586150226995167,0.3025276517522475
1819,O=C(O)CCn1c(=O)oc2cc(Cl)c(Cl)cc21,4.3,1.4586150226995167,0.3025276517522475
1722,CCN1[C@@H](C(=O)NC23CCC(C(=O)O)(CC2)CC3)[C@H](c2cccc(Cl)c2F)[C@]2(C(=O)Nc3cc(Cl)ccc32)C12CCCCC2,4.283,1.454653698633234,0.3022586089525066
1199,O=C(O)[C@@H]1CCS(=O)(=O)N1Cc1cccc(COc2ccc(-c3cc(F)c(F)cc3F)cc2)c1,4.26,1.449269160281279,0.3018929051501208
1356,NS(=O)(=O)c1ccccc1-c1ccc2c(c1)OC[C@H]1[C@H](CNC(=O)c3ccc(Cl)s3)OC(=O)N21,4.217,1.4391239747644227,0.3012038706077117
1586,C[C@@H]1Cc2cc(O)ccc2[C@@H](c2ccc(/C=C/C(=O)O)cc2)N1c1ccc(OC(F)(F)F)cc1,4.2,1.4350845252893227,0.3009295217339493
1422,CCOc1nc(NC(=O)C2(NC(=O)c3ccc4c(c3)c(C)c(-c3ccc(F)cn3)n4C3CCCCC3)CCC2)ccc1/C=C/C(=O)O,4.2,1.4350845252893227,0.3009295217339493
627,COC[C@H](C)Oc1cc(OCC(F)(F)c2ccccc2)cc(C(=O)Nc2ccc(C(=O)O)cn2)c1,4.2,1.4350845252893227,0.3009295217339493
200,COC(=O)c1ccccc1-c1ccc(CNC(=O)C(C)(C)NC(=O)CC(F)(F)F)cc1,4.2,1.4350845252893227,0.3009295217339493
47,FC(F)(F)c1ccc(Nc2ncnc3cc(-c4ncccc4C(F)(F)F)ccc23)nc1,4.2,1.4350845252893227,0.3009295217339493
600,Cc1ccc(-c2ncn(-c3ccc(Nc4cc(-c5ccn(C)n5)c(F)cn4)cc3)n2)cn1,4.2,1.4350845252893227,0.3009295217339493
99,CN(Cc1ccc(Cl)cc1)C(=O)[C@H]1CCCN1C(=O)Nc1ccc(C(F)(F)F)cc1,4.2,1.4350845252893227,0.3009295217339493
479,O=C(NCc1nc2cccnc2n1C1(c2ccccc2)CC1)[C@@H](Cc1c(F)cccc1F)NC(=O)C1(C(F)(F)F)CC1,4.2,1.4350845252893227,0.3009295217339493
1839,C[C@H]1CO[C@@H](c2nc(-c3ccc(C(=O)Nc4cc(C(F)(F)F)ccn4)cc3F)c3c(N)nccn23)CN1C(=O)C1CC1,4.2,1.4350845252893227,0.3009295217339493
39,OC12CC3CC(C1)CC(Nc1nc(N[C@H]4CC[C@H](O)CC4)ncc1C(F)(F)F)(C3)C2,4.2,1.4350845252893227,0.3009295217339493
1080,O=C(O)[C@H]1CC[C@H](Oc2ccc(-c3ccc(-c4nc5cc(F)ccc5[nH]4)cn3)cn2)CC1,4.2,1.4350845252893227,0.3009295217339493
1017,O=C(NCc1ccc(Cl)s1)c1ccc2[nH]c(-c3ccc(C(=O)c4ccccc4C(F)(F)F)cc3)nc2c1,4.167,1.4271963524403164,0.300393777605818
792,COc1ccncc1C(=O)NC(=O)Nc1ccc(-c2ccccc2)c(C(F)(F)F)c1,4.167,1.4271963524403164,0.300393777605818
1167,CC1Cc2c(Br)cccc2N1C(=O)Cc1nc(N2CCOCC2)sc1C(=O)O,4.167,1.4271963524403164,0.300393777605818
1277,COc1cc(-c2ccc(COc3ccc4c(c3)[C@@](C)(CC(=O)O)CC4)cc2[C@H](OC)C(C)(C)C)c(F)cn1,4.167,1.4271963524403164,0.300393777605818
1051,COc1ccc(F)c(-c2ccc(COc3ccc4c(c3)[C@]3(CC4)C[C@H]3C(=O)O)cc2[C@@H]2CCCC2(C)C)c1,4.167,1.4271963524403164,0.300393777605818
1437,COc1cnc2ccc([C@@](C)(F)c3nnc4c(F)cc(-c5cc(C)no5)cn34)cc2c1,4.167,1.4271963524403164,0.300393777605818
113,O=C(Nc1ccc(-n2ccccc2=O)cn1)[C@H]1C[C@](O)(c2ccccc2Cl)CN1C(=O)Nc1ccc(Cl)cc1,4.16,1.425515074273172,0.3002795895773549
352,Cc1ccc(C(=O)NC2CC2)cc1-c1cc2cnn(-c3cc(F)ccc3F)c2n(C)c1=O,4.117,1.4151247427877676,0.2995739053600846
1333,N#CC1(c2ccccn2)CCN(Cc2cc3c(c4ccccc24)CN([C@H]2CCCC[C@@H]2O)C3=O)CC1,4.1,1.410986973710262,0.299292878875337
271,O=C(N[C@@H](Cc1ccc(F)c(Br)c1)C(=O)O)c1ccc(Cl)cc1NS(=O)(=O)c1cccc2nccnc12,4.1,1.410986973710262,0.299292878875337
1822,O=C(O)CCn1c(=O)oc2cc(OCC3CC3)c(Cl)cc21,4.1,1.410986973710262,0.299292878875337
1186,CCC1(C)NC(=O)c2cc(S(=O)(=O)Nc3ccc(F)cc3F)cc(Cl)c2NC1=O,4.1,1.410986973710262,0.299292878875337
287,CC(C)Cc1ccc(-c2nc(-c3ccc(CN4CC(C(=O)O)C4)cc3)no2)cc1,4.1,1.410986973710262,0.299292878875337
608,CCOc1ccc(Cc2cc([C@]34OC[C@](CO)(O3)[C@@H](O)[C@H](O)[C@H]4O)ccc2Cl)cc1,4.04,1.3962446919730587,0.29829162154653
652,O=c1c(Br)c(OCc2ccc(F)cc2F)cc(CO)n1-c1c(F)cccc1F,4,1.3862943611198906,0.2976158210247119
159,CC(C)(C)c1nc2nc(-c3ccccc3Cl)c(-c3ccc(C#N)cc3)cc2c2n[nH]c(=O)n12,4,1.3862943611198906,0.2976158210247119
863,COc1cc(OC)c2nnc3c(C)nc(-c4cccnc4C)n3c2c1,4,1.3862943611198906,0.2976158210247119
385,COc1c(NC(=O)c2cc3cccc(NC(=O)c4ccc(NC5CC5)nc4)c3s2)cc(C(C)(C)C)cc1NS(C)(=O)=O,4,1.3862943611198906,0.2976158210247119
440,CN1CCCN(S(=O)(=O)c2c(Cl)ccc(Nc3c(Nc4ccccc4Cl)c(=O)c3=O)c2O)CC1.Cl,4,1.3862943611198906,0.2976158210247119
1058,CC(C)c1ccc2c(Nc3cc(C(=O)N[C@H](c4ccccc4)C(F)(F)F)ccc3Sc3ccc(N)cc3)ncnc2n1,4,1.3862943611198906,0.2976158210247119
3,C[C@H](CO)Nc1nc(SCc2cccc(Cl)c2F)nc2[nH]c(=O)sc12,4,1.3862943611198906,0.2976158210247119
473,CCS(=O)(=O)CCN(C(=O)Cc1ccc(F)c(C(F)(F)F)c1)[C@H](C)c1nc2ccccn2c(=O)c1-c1ccc(C#N)cc1,4,1.3862943611198906,0.2976158210247119
1841,O[C@]1(Cc2cc(-c3cn[nH]c3)on2)CC[C@H](Cc2ccc(C(F)(F)F)cc2)CC1,4,1.3862943611198906,0.2976158210247119
151,CCCC[C@H](NC(=O)c1cc2ccccc2cc1NC(=O)Nc1c(C)cc(C)cc1C)C(=O)O,4,1.3862943611198906,0.2976158210247119
734,Cc1ccc(COc2ccc3c(c2)c(SC(C)(C)C)c(CC(C)(C)C(=O)[O-])n3Cc2ccc(-c3ccc(F)cn3)cc2)nc1.[Na+],4,1.3862943611198906,0.2976158210247119
20,Cn1c(C#N)ccc1-c1cc(F)c2c(c1)C(C)(C)C(=O)N2,4,1.3862943611198906,0.2976158210247119
683,O=C(O)c1cc2occc2[nH]1,4,1.3862943611198906,0.2976158210247119
568,C[C@]1(O)C[C@@H](c2nc(-c3ccc4ccc(-c5ccccc5)nc4c3F)c3c(N)ncnn32)C1,4,1.3862943611198906,0.2976158210247119
55,Cc1ncc2c(N3CCN(CCc4ccc5c(c4)NC(=O)CO5)CC3)cccc2n1,4,1.3862943611198906,0.2976158210247119
884,CCCNc1nc(N2CCC[C@@H](CC(=O)O)C2)ccc1C(=O)NC1CCCCC1,4,1.3862943611198906,0.2976158210247119
900,COc1cc(C2CCN(CC(N)=O)CC2)ccc1Nc1ncc2c(Cl)cc(-c3ccccc3N(C)S(C)(=O)=O)n2n1,4,1.3862943611198906,0.2976158210247119
100,CONC(=O)c1cn(-c2ccc3c(c2)CCC3)c2nc(Nc3ccc(CCN4CCN(C)CC4)cc3)ncc2c1=O,4,1.3862943611198906,0.2976158210247119
1788,CN(C)C1CCN(c2cccc3c2CCN(C(=O)/C=C/c2c(-n4cnnn4)ccc(Cl)c2F)[C@@H]3C(=O)Nc2ccc(C(=O)O)cc2)CC1,4,1.3862943611198906,0.2976158210247119
593,CCn1c(=O)n([C@H]2CCCN(c3cc(-c4ccc(F)cc4)nc(N)n3)C2)c2ncccc21,4,1.3862943611198906,0.2976158210247119
878,CCCSc1nc(N2CCCC(C(=O)O)C2)ccc1C(=O)NC1CCCCC1,4,1.3862943611198906,0.2976158210247119
1159,CCN(CC)[C@@H](C(=O)N1CCC[C@H]1c1ncc(-c2ccc(-c3ccc(-c4cnc([C@@H]5CCCN5C(=O)[C@@H](c5ccccc5)N(CC)CC)[nH]4)cc3)cc2)[nH]1)c1ccccc1,4,1.3862943611198906,0.2976158210247119
688,COc1ccc(-n2c(C)nc3c(NC(C4CC4)C4CC4)nc(C)nc32)cc1,4,1.3862943611198906,0.2976158210247119
1916,CCc1nn2c(C)cc(C)nc2c1Cc1ccc(/C=C/CN2CCNC(=O)C2)cc1,4,1.3862943611198906,0.2976158210247119
882,CCCSc1nc(N2CCC(CC(=O)O)CC2)ccc1C(=O)NC1CCCCC1,4,1.3862943611198906,0.2976158210247119
444,Cc1ccccc1Nc1c(Nc2ccc(C)c(S(=O)(=O)N(C)C)c2O)c(=O)c1=O,4,1.3862943611198906,0.2976158210247119
527,CC(C)Cc1sc(N)nc1-c1ccc(P(=O)(O)O)o1,4,1.3862943611198906,0.2976158210247119
1386,Cn1cc(C(=O)N2CCN3C(=O)c4ccncc4C32c2ccc(Cl)cc2)c(C(F)(F)F)n1,4,1.3862943611198906,0.2976158210247119
154,COc1ccc(S(=O)(=O)Nc2cc(Cl)cc(Cl)c2)cc1N1CCNCC1,4,1.3862943611198906,0.2976158210247119
904,N#Cc1ccc(-c2noc(-c3cc(F)cc(C#N)c3)n2)nc1,4,1.3862943611198906,0.2976158210247119
1279,CC(C)(C)CN1CCC2(CC1)CN(c1ccccc1Nc1nnc(-c3ccc(C(F)(F)F)cc3)s1)c1c(O)ccc(C(F)(F)F)c12,4,1.3862943611198906,0.2976158210247119
314,CC(C)CC[C@H](c1ccc(C(F)(F)F)nc1)N1CC[C@@H](CC(=O)[O-])C[C@H]1c1ccc(C(F)(F)F)cc1.[Na+],4,1.3862943611198906,0.2976158210247119
1505,O=C(O)CCN1CCc2c([nH]c3ccccc23)C1c1ccc(Cl)cc1,4,1.3862943611198906,0.2976158210247119
572,O=C1[C@@H](NS(=O)(=O)c2ccc3cc(Cl)ccc3c2)CCN1c1ccc2c(c1)CCNC2,4,1.3862943611198906,0.2976158210247119
346,O=C(O)CCC1(c2ccccc2)CCCN(C(=O)Nc2ccc(Cl)cc2)C1,4,1.3862943611198906,0.2976158210247119
901,COc1cc(C2CCN(CC(N)=O)CC2)ccc1Nc1ncc2c(C)cc(-c3ccccc3N(C)S(C)(=O)=O)n2n1,4,1.3862943611198906,0.2976158210247119
617,CC[C@H]1OC(=O)[C@H](C)[C@@H](O[C@H]2C[C@@](C)(OC)[C@@H](O)[C@H](C)O2)[C@H](C)[C@@H](O[C@@H]2O[C@H](C)C[C@H](N(C)C)[C@H]2O)[C@](C)(O)C[C@@H](C)CN(CCCNC(=S)NCc2ccccc2)[C@H](C)[C@@H](O)[C@]1(C)O,4,1.3862943611198906,0.2976158210247119
383,C[C@@H](O)C(=O)NC1CC(C)(C)Oc2nc(-c3ccc(Cl)cc3Cl)c(-c3ccc(Cl)cc3)cc21,4,1.3862943611198906,0.2976158210247119
724,CC(=O)Nc1cccc2c1c(S(=O)(=O)c1ccc(Cl)cc1)c(C)n2CC(=O)O,4,1.3862943611198906,0.2976158210247119
601,Cn1ccc(-c2cc(Nc3ccc(-n4cnc(-c5ccccn5)n4)cc3)ncc2F)n1,4,1.3862943611198906,0.2976158210247119
752,Cc1ccc(S(=O)(=O)Nc2c(C(=O)N[C@@H](C)C(C)(C)C)c(C)nn2C(C)C)cc1,4,1.3862943611198906,0.2976158210247119
1218,COC[C@H](Oc1ncnc2c1cnn2-c1ncccc1Cl)C(=O)Nc1cnc(C)cn1,4,1.3862943611198906,0.2976158210247119
239,Cc1c(CC(=O)O)c2cccnc2n1S(=O)(=O)c1ccc(Cl)c(Cl)c1,4,1.3862943611198906,0.2976158210247119
377,N=C(N)NCCC[C@H](NC(=O)c1ccc(C(c2ccccc2)c2ccccc2)o1)C(=O)O,4,1.3862943611198906,0.7667725446567802
1314,CC(C)(CO)NC(=O)c1nn(-c2ccc(F)cc2F)c2c1C[C@H]1C[C@@H]21,4,1.3862943611198906,0.2976158210247119
870,CC(=O)N1CCC[C@H]1C(=O)Nc1ccc(/C=C/c2ccc(NC(=O)[C@@H]3CCCN3C(=O)Cc3ccccc3)cc2)cc1,4,1.3862943611198906,0.2976158210247119
824,COc1cc2ncnc(Oc3cccc(NC(=O)Nc4cc(C(C)(C)F)no4)c3)c2cc1OC,4,1.3862943611198906,0.2976158210247119
831,CS(=O)(=O)Cc1cc(N2CCOCC2)nc(-c2ccc3[nH]ccc3c2)n1,4,1.3862943611198906,0.2976158210247119
454,O=C(Nc1ccc(Cl)c(-c2ccccn2)c1)c1ccc(-n2cncn2)nc1,4,1.3862943611198906,0.2976158210247119
830,CS(=O)(=O)Cc1cc(N2CCOCC2)nc(-c2cnc3[nH]ccc3c2)n1,4,1.3862943611198906,0.2976158210247119
389,CN1CC(c2ccc(NC(=O)c3nc(C#N)c[nH]3)c(C3=CCCCC3)c2)CN(C)S1(=O)=O,4,1.3862943611198906,0.2976158210247119
1728,COc1cc(C(F)(F)F)ccc1N1CCOc2cc(S(=O)(=O)Nc3nccs3)ccc21,4,1.3862943611198906,0.2976158210247119
1077,COc1cc2nnc(C(N)=O)c(Nc3ccc(C)cc3F)c2cc1N1C[C@@H](C)N[C@@H](C)C1,4,1.3862943611198906,0.2976158210247119
1123,CCc1cc(-c2noc(-c3sc(C)c4c3C[C@@H]3[C@H]4C3(C)C)n2)cc(C)c1CCC(=O)O,4,1.3862943611198906,0.2976158210247119
88,Cc1cc(-c2ccc3nnc(Cc4ccc(O)cc4)n3n2)sn1,4,1.3862943611198906,0.2976158210247119
1525,Cc1ccc2c(c1)c(C(=O)O)c1n2C[C@@](NC(=O)c2c(Cl)cc(-n3cnc(C)n3)cc2Cl)(c2ccccc2)CC1,3.95,1.3737155789130306,0.2967615029417584
433,Cc1cccc(O[C@@H]2O[C@H](CO)[C@@H](O)[C@H](O)[C@H]2O)c1Cc1ccc(-c2ccc(F)cc2)s1,3.933,1.3694024934496725,0.296468569425296
852,COc1cccc(/C=C2\SC(=O)NC2=O)c1N1CCC[C@@H](N)C1,3.9,1.3609765531356006,0.7650530251654636
989,O=C(C(=O)N1CCN(C(=O)c2ccccc2)CC1)c1c[nH]c2c(-c3ncon3)ccc(F)c12,3.9,1.3609765531356006,0.2958963015333953
413,O=C(O)c1c(O)c(C2(c3ccccc3)CC2)nc2c3c(ccc12)CCCC3,3.9,1.3609765531356006,0.2958963015333953
138,CCn1nc(Cc2ccc(OC(F)(F)F)cc2)cc1C1CCN(C[C@H]2CN([C@@H](C(=O)O)C(C)(C)C)C[C@@H]2c2cccc(F)c2)CC1,3.9,1.3609765531356006,0.2958963015333953
122,CCn1nc(Cc2cccc(F)c2)cc1C1CCN(C[C@H]2CN([C@@H](C(=O)O)C(C)C)C[C@@H]2c2cccc(F)c2)CC1,3.9,1.3609765531356006,0.2958963015333953
504,CN([C@@H]1CCc2c(CC(=O)O)c3ccccc3n2C1)S(=O)(=O)c1ccc(F)cc1,3.9,1.3609765531356006,0.2958963015333953
1989,O=C(NCc1ccc(OC(F)(F)F)c(Cl)c1)c1ccc(S(=O)(=O)Nc2nccs2)c(F)c1,3.9,1.3609765531356006,0.2958963015333953
457,O=C1NC(=O)C2(CCCN2c2ccc(Oc3ccc(-c4nc(-c5ccc(F)cc5)co4)cc3)nc2)C(=O)N1,3.9,1.3609765531356006,0.2958963015333953
228,N[C@H]1Cn2c(nc3ncccc32)C[C@@H]1c1cc(F)c(F)cc1F.O=C(O)C(F)(F)F.O=C(O)C(F)(F)F,3.9,1.3609765531356006,0.2958963015333953
1805,Cc1c(Oc2cnc(C(=O)N3CC(C)(O)C3)cn2)ccc2c1B(O)OC2,3.883,1.3566080507495302,0.2955996042440654
78,CC(C)C[C@H](NC(=O)[C@@H](Cc1ccc2ccccc2c1)NC(=O)[C@H](Cc1ccc(O)cc1)NC(=O)[C@H](CO)NC(=O)[C@H](Cc1c[nH]c2ccccc12)NC(=O)[C@H](Cc1c[nH]cn1)NC(=O)[C@@H]1CCC(=O)N1)C(=O)N(C)[C@@H](CCCN=C(N)N)C(=O)N1CCC[C@H]1C(=O)NCC(N)=O,3.87,1.3532545070416904,0.2953718403012237
1813,C[C@]12CC[C@@H]3c4ccc(O)cc4CC[C@H]3[C@@H]1CC[C@@H]2OC(=O)[C@@H]1CCCN1C(=O)c1ccc(S(N)(=O)=O)cc1,3.86,1.3506671834767394,0.2951961160322413
500,CCCCCCCC(=O)N[C@H](C(=O)N[C@@H](CC)C(=O)N[C@H]1CCNC(=O)[C@H]([C@@H](C)O)NC(=O)[C@H](CCN)NC(=O)[C@H](CCN)NC(=O)[C@H](CC(C)C)NC(=O)[C@H](Cc2ccccc2)NC(=O)[C@H](CCN)NC1=O)[C@@H](C)O,3.84,1.3454723665996355,0.2948432976176477
522,COc1cc2c(cc1Cc1cccc(Cl)c1F)c(=O)c(C(=O)O)cn2[C@H](CO)C(C)C,3.833,1.343647786398418,0.2947193768887516
248,N#C[C@@H]1CCCN1C(=O)[C@@H]1CC[C@H](COc2cc([N+](=O)[O-])c(Cl)cc2Cl)N1,3.833,1.343647786398418,0.2947193768887516
679,O=C(Nc1ccc(-c2nc(-c3ccccc3)c(C(F)(F)F)o2)cc1)c1ccccc1Cl,3.833,1.343647786398418,0.2947193768887516
1252,CC(C)(C)S(=O)(=O)C[C@H](C1CC1)N1C(=O)[C@@](C)(Cc2ncc(CC(=O)O)s2)C[C@H](c2cccc(Cl)c2)[C@H]1c1ccc(Cl)c(F)c1,3.833,1.343647786398418,0.2947193768887516
909,CNc1cc(-c2nnc(NC(=O)[C@H](Cc3ccccc3)NCc3cscn3)s2)ccn1,3.833,1.343647786398418,0.2947193768887516
436,Cc1ccc(C(=O)NC2CC2)cc1-c1cc2cnnc(-c3ccc(F)cc3F)c2n(C)c1=O,3.833,1.343647786398418,0.2947193768887516
1579,CN(C)Cc1cc(C(=O)N[C@@H]2CCc3ccc(Oc4ccnc5c4CCC(=O)N5)cc3C2)cc(C(F)(F)F)c1.Cl.Cl,3.833,1.343647786398418,0.2947193768887516
1727,COc1cc(-c2cccc(C(F)(F)F)c2)c(F)cc1-c1nccc2cc(S(=O)(=O)Nc3ccon3)ccc12,3.833,1.343647786398418,0.2947193768887516
106,CN(c1c2c(c(O)c3ncccc13)C(=O)N(Cc1ccc(F)c(Cl)c1)C2)S(C)(=O)=O,3.833,1.343647786398418,0.2947193768887516
1235,CC[C@@H](CS(=O)(=O)C(C)(C)C)N1C(=O)[C@@H](CC(=O)O)O[C@H](c2cccc(Cl)c2)[C@H]1c1ccc(Cl)cc1,3.833,1.343647786398418,0.2947193768887516
711,CC(=O)NC[C@@H]1OC(=O)N2c3ccc(-c4ccc(C#N)nc4)cc3OC[C@@H]12,3.817,1.3394647737630927,0.2944352775795489
1714,CCC(c1ccc(C(F)(F)F)cc1)(C(O)C(F)F)n1ncc2c(NS(C)(=O)=O)cccc21,3.8,1.33500106673234,0.2941321142390389
342,FC(F)c1ncn2c1Cn1ncnc1-c1cc(Cl)ccc1-2,3.8,1.33500106673234,0.2941321142390389
942,O=C(O)c1ccc(-n2ncc(C(=O)NC3C4CC5CC(C4)CC3C5)c2C(F)(F)F)cc1,3.8,1.33500106673234,0.2941321142390389
6,CN1CCN(C(=O)c2ccc3[nH]c(-c4cc5ccccc5nc4O)cc3c2)CC1,3.8,1.33500106673234,0.2941321142390389
1217,COC[C@H](Oc1ncnc2c1cnn2-c1ccccc1Cl)C(=O)Nc1ccc(C)cn1,3.8,1.33500106673234,0.2941321142390389
237,CC(C)Oc1cc(OCCc2ccsc2)cc(C(=O)Nc2ccc(C(=O)O)cn2)c1,3.8,1.33500106673234,0.2941321142390389
485,CN(C)S(=O)(=O)NC(=O)CCCc1c(-c2ccc(F)cc2)[nH]c2ccc(C#N)cc12,3.8,1.33500106673234,0.2941321142390389
48,CCn1nc(-c2ccccc2)cc1C1CCN(C[C@H]2CN([C@@H](C(=O)O)C3CCCCC3)C[C@@H]2c2ccccc2)CC1,3.8,1.33500106673234,0.2941321142390389
1325,CO[C@H]1CN(c2nc(-c3ccncn3)c(C(=O)O)s2)CC[C@H]1NC(=O)c1[nH]c(C)c(Cl)c1Cl,3.8,1.33500106673234,0.2941321142390389
928,Cc1ccccc1-n1nc(-c2c(-c3ccc(F)cc3)nn3c2N[C@H](CO)CC3)ccc1=O,3.8,1.33500106673234,0.2941321142390389
302,CC(C)(C)CCC(CCC(F)(F)F)N1CCC(F)(F)[C@H](CC(=O)O)[C@H]1c1ccc(C(F)(F)F)cc1,3.8,1.33500106673234,0.2941321142390389
62,O=C(Nc1nc(C(F)(F)F)co1)C1c2cccc(F)c2Oc2c(F)cccc21,3.79,1.332366019094335,0.2939531486754755
25,COc1cc2nccc(Oc3ccc4c(C(N)=O)cccc4c3)c2cc1OC,3.733,1.3172121999324469,0.292923940798043
1354,COCCOc1cc(NC(=O)C2(NC(=O)c3ccc4c(C5CCCC5)c(-c5ncc(Cl)cn5)n(C)c4c3)CCC2)ccc1/C=C/C(=O)O,3.7,1.308332819650179,0.2923208764460404
988,O=C(C(=O)N1CCN(C(=O)c2ccccc2)CC1)c1c[nH]c2c(-c3nnc[nH]3)ccc(F)c12,3.7,1.308332819650179,0.2923208764460404
380,O=C(O)c1ccc(C2(NC(=O)c3cccc4ccn(Cc5ccc(C(F)(F)F)cc5)c34)CC2)cc1,3.7,1.308332819650179,0.2923208764460404
424,Cc1ccc(N2CCN(C(=O)[C@H](C)Cc3ccc(Cl)cc3C)CC2)c([C@@H](NC(=O)CCN(C)C)C(C)C)c1,3.7,1.308332819650179,0.2923208764460404
306,O=c1c2sc(-c3ccc(Cl)cc3)cc2ncn1-c1ccc2nc(CN3CCC(c4ccc(C(F)(F)F)cc4)CC3)ccc2c1,3.7,1.308332819650179,0.2923208764460404
411,CC(C)(c1ccccc1)c1nc2c(C(F)(F)F)cccc2c(C(=O)O)c1O,3.7,1.308332819650179,0.2923208764460404
387,Cc1cc(C)n2nc(CC3=C(O)CC(CCc4ccc(C(C)(C)C#N)c(F)c4)(C4CCCC4)OC3=O)nc2n1,3.7,1.308332819650179,0.2923208764460404
329,CN1C(=O)NC(=O)[C@]12Cc1ccc(NC(=O)Cn3c(=O)n(-c4nccs4)c4ccccc43)cc1C2,3.7,1.308332819650179,0.2923208764460404
242,CC(C)Oc1cc(OCc2ccccc2)cc(C(=O)Nc2ccc(C(=O)O)cn2)c1,3.7,1.308332819650179,0.2923208764460404
118,O=C([C@@H]1C[C@H]1c1ccc(C(F)(F)F)cc1)N1CCN(S(=O)(=O)c2cc(C3CC3)cc(C(F)(F)F)c2)CC1,3.7,1.308332819650179,0.2923208764460404
509,Cn1c(SCC(=O)N2CCC[C@H]2C(=O)Nc2ccccc2-c2ccccc2)nc2ccccc21,3.7,1.308332819650179,0.2923208764460404
1877,COc1cnc(-n2ccc(C)n2)c2[nH]cc(C(=O)C(=O)N3CCN(C(=O)c4ccccc4)CC3)c12,3.7,1.308332819650179,0.2923208764460404
334,O=C(NC1CC1)c1ccc(Cl)c(Nc2nncc3c2cnn3-c2c(F)cccc2F)c1,3.667,1.2993738890891888,0.2917124092465682
353,Cc1ccc(C(=O)NC2CC2)cc1-c1cc2cnn(-c3c(F)cccc3F)c2n(C)c1=O,3.667,1.2993738890891888,0.2917124092465682
183,CN1Cc2c(c(O)c3ncc(Cc4ccc(F)c(Cl)c4)cc3c2N(C)S(C)(=O)=O)C1=O,3.667,1.2993738890891888,0.2917124092465682
1119,Cc1cc2c(c(Oc3cc(NS(=O)(=O)c4ccc(Cl)cc4)ccc3Cl)n1)C(=O)N(C(C)C)C2=O,3.667,1.2993738890891888,0.2917124092465682
1691,Cn1c2c(c(=O)n(C)c1=O)C(C(F)(F)F)(C(F)(F)F)N=C(c1cccc([N+](=O)[O-])c1)N2,3.64,1.2919836816486494,0.2912104856303229
15,CS(=O)(=O)c1ccc(-c2cc(Br)sc2-c2ccc(F)cc2)cc1,3.633,1.2900587532390648,0.2910797495128153
1777,CC1(C)Oc2cc(-c3cccc(OC(F)(F)F)c3)ccc2-c2[nH]c(-c3c(F)cccc3Cl)nc21,3.63,1.2892326482767593,0.2910236426181963
780,Cc1cc(Nc2ccc(S(F)(F)(F)(F)F)cc2)n2nc(C(C)(F)F)nc2n1,3.6,1.2809338454620642,0.290460009573688
131,O=S(=O)(c1ccccn1)n1ccc2cc3c(cc21)CCNCC3,3.6,1.2809338454620642,0.7596167332057563
1298,Nc1ccc(-c2cccs2)cc1NC(=O)c1ccc(N2CCC3(CC2)CNC(=O)O3)nc1,3.6,1.2809338454620642,0.290460009573688
1316,CSC1COCC1c1nc(C(=O)NCc2ccc(F)cc2)c(O)c(=O)n1C,3.6,1.2809338454620642,0.290460009573688
948,O=C(O)c1ccc(-n2ncc(C(=O)NC3C4CC5CC(C4)CC3C5)c2SC2CCCCC2)cc1,3.6,1.2809338454620642,0.290460009573688
1338,COCCNC(=O)c1c(O)c2ncc(Cc3ccc(F)cc3)cc2n(CC(=O)N(C)C)c1=O,3.6,1.2809338454620642,0.290460009573688
1781,Cc1nnc2sc(C(=O)NCc3ccc(-c4ccnc(F)c4)cc3)c(N)c2c1C,3.6,1.2809338454620642,0.290460009573688
42,CCCc1cc(Oc2ccc(F)cc2)ccc1OCCCOc1ccc(C2SC(=O)NC2=O)cc1,3.6,1.2809338454620642,0.290460009573688
1188,O=C(Nc1ccc(O[C@H]2CC[C@@H](C(=O)O)CC2)nc1F)c1nnc(Nc2ccc(F)c(F)c2)o1,3.6,1.2809338454620642,0.290460009573688
1372,COc1cccc(CNC(=O)c2nc3scc(CNC(=O)c4ccccc4)c3c(=O)[nH]2)c1,3.567,1.2717249063767546,0.2898345624472478
40,CO/N=C/c1c(N)ncnc1Nc1ccc(OCc2ccccc2)c(Cl)c1,3.56,1.269760544863939,0.2897011481362074
83,CC(C)C[C@H](NC(=O)[C@@H](Cc1ccc2ccccc2c1)NC(=O)[C@H](Cc1ccc(O)cc1)NC(=O)[C@H](CO)NC(=O)[C@H](Cc1c[nH]c2ccccc12)NC(=O)[C@H](Cc1c[nH]cn1)NC(=O)[C@@H]1CCC(=O)N1)C(=O)N[C@@H](CCCN=C(N)N)C(=O)N1CCC[C@H]1C(=O)N(C)CC(N)=O,3.55,1.2669476034873244,0.2895101004938514
1406,Cc1cccnc1-c1c(-c2ccccn2)c([C@H](C)Nc2ncnc(N)c2C#N)nc2ccc(F)cc12,3.5,1.252762968495368,0.2885467170776798
1227,Cc1nc(N)c2c(n1)OC(C)(C)C(c1ccc([C@H]3CC[C@H](CC(=O)O)CC3)cc1)=N2,3.5,1.252762968495368,0.2885467170776798
1455,C/C=C/C[C@@H](C)[C@@H](O)[C@H]1C(=O)N[C@@H](CC)C(=O)N(C)CC(=O)N(C)[C@@H](CC(C)C)C(=O)N[C@@H](C(C)C)C(=O)N(C)[C@@H](CC(C)C)C(=O)N[C@@H](C)C(=O)N[C@H](C)C(=O)N(C)[C@@H](CC(C)C)C(=O)N(C)[C@@H](CC(C)C)C(=O)N(C)[C@@H](C(C)C)C(=O)N1C,3.5,1.252762968495368,0.2885467170776798
404,O=C(/C=C1\CC(C(=O)[O-])Nc2cc(Cl)ccc21)Nc1ccccc1.[Na+],3.5,1.252762968495368,0.2885467170776798
1179,COc1ccc2c(c1)[C@@H]1C[C@]1(C(=O)N1C3CCC1CN(C)C3)Cn1c-2c(C2CCCCC2)c2ccc(C(=O)NS(=O)(=O)N(C)C)cc21,3.5,1.252762968495368,0.2885467170776798
1963,Cc1cc(C(=O)N[C@H]2CCCCC/C=C\[C@@H]3C[C@@]3(C(=O)NS(=O)(=O)C3CC3)NC(=O)[C@@H]3C[C@@H](Oc4nc5ccccc5nc4C(F)(F)F)CN3C2=O)no1,3.5,1.252762968495368,0.2885467170776798
200,CC1=C2C[C@H]3[C@@H](CC[C@@H]4C[C@H](NS(C)(=O)=O)CC[C@@]43C)[C@@H]2CC[C@@]2(C1)O[C@@H]1C[C@H](C)CN[C@H]1[C@H]2C,3.5,1.252762968495368,0.2885467170776798
286,O=C(O)C[C@@H]1CN[C@@H](c2ccc(-c3noc(-c4ccc(C5CCC(F)(F)CC5)cc4)n3)cc2)C1,3.5,1.252762968495368,0.2885467170776798
370,COCC[C@H](CC1(C(=O)NCCCc2ccc(Cl)cc2)CCCC1)C(=O)O,3.5,1.252762968495368,0.2885467170776798
1142,O=C(O)Cc1ccc(OC2CCN(C(=O)N[C@H]3C[C@@H]3c3ccccc3)CC2)c(Cl)c1,3.5,1.252762968495368,0.2885467170776798
445,N#Cc1cc(-c2ccc(Cl)cc2)c(-c2ccc(Cl)cc2Cl)nc1Oc1ccc(F)c(F)c1,3.5,1.252762968495368,0.2885467170776798
1226,CC1(C)Oc2nc(C(F)(F)F)nc(N)c2N=C1c1ccc2c(c1)CC[C@]21CC[C@@H](CC(=O)O)CC1,3.5,1.252762968495368,0.2885467170776798
1922,COc1cc2ccc3cc2cc1CCCC(C)(C)CCOC(=O)N[C@@H](C(C)(C)C)C(=O)N1C[C@@]3(OC)C[C@H]1C(=O)N[C@]1(C(=O)NS(=O)(=O)C2CC2)C[C@H]1C1CC1,3.5,1.252762968495368,0.2885467170776798
1309,COc1nc2cccnc2n1[C@H]1C[C@H](Nc2nc3ccccc3s2)C1,3.5,1.252762968495368,0.2885467170776798
588,Cc1ccc(C(=O)c2nc3ccccc3n2/C=C/c2cccc(OC(C)(C)C(=O)[O-])c2)cc1.[Na+],3.48,1.247032293786383,0.2881575045966227
434,C[C@H]1Cc2c([nH]c3cc(Cl)c(F)cc23)[C@@]2(N1)C(=O)Nc1ccc(Cl)cc12,3.48,1.247032293786383,0.2881575045966227
1601,Cc1c2cc(-n3ccc(OCc4ccc(Cl)cc4)cc3=O)ccc2nn1C1CC1,3.45,1.2383742310432684,0.2875694715546995
1843,O=C1CC(c2c[nH]c3ccc(F)cc23)C(=O)N1,3.44,1.235471471385307,0.2873723236889139
1260,Cc1ccccc1N1CCN(c2ccc(C(=O)N[C@@H]3CCC[C@@H](O)[C@H]3O)cc2NC(=O)c2coc(C3CC3)n2)CC1,3.41,1.2267122912954254,0.2867774230205049
1966,O=C(NOC(CO)CO)c1cc2ccoc2c(F)c1Nc1ccc(I)cc1F,3.4,1.2237754316221157,0.2865779591706072
667,Cc1nc(-c2ccc(F)cc2F)n(C)c1CC(=O)NCc1ccc(F)cc1Cl,3.4,1.2237754316221157,0.7557346828026755
547,C=C[C@@H]1C[C@]1(NC(=O)[C@@H]1C[C@@H]2CN1C(=O)[C@H](C1CCCCC1)NC(=O)OCC(C)(C)CCCc1cc3c(nccc3cc1OC)O2)C(=O)NS(=O)(=O)C1CC1,3.4,1.2237754316221157,0.2865779591706072
2001,O=C(O)c1ccc(N2CC3(CCN(Cc4cc(C(F)(F)F)ccc4C4CC4)CC3)OC2=O)cc1,3.4,1.2237754316221157,0.2865779591706072
1763,COc1cc(N2CC[C@@H](Oc3ccc(N4N=C(C(F)(F)F)[C@@H](C)[C@@H]4CC(=O)O)cc3)[C@H](C)C2)c(Cl)cn1,3.4,1.2237754316221157,0.2865779591706072
1861,COc1ccc(C(=O)C2=C(O)C(=O)N(c3ccc(-c4nc(C)no4)cc3)C2C2CCCCC2)cc1,3.4,1.2237754316221157,0.2865779591706072
822,COc1cc2ncnc(Oc3cccc(NC(=O)Nc4cc(C(C)(C)C(F)(F)F)on4)c3)c2cc1OC,3.4,1.2237754316221157,0.2865779591706072
110,CC[C@]1(C(=O)O)CCc2ccc(OCCCOc3ccc(Oc4ccc(F)cc4)cc3Cl)cc2O1,3.4,1.2237754316221157,0.7557346828026755
330,CN1C(=O)NC(=O)[C@]12Cc1ccc(NC(=O)Cn3c(=O)n(-c4ccccn4)c4ccccc43)cc1C2,3.4,1.2237754316221157,0.2865779591706072
284,CC(C)Cc1ccc(-c2nc(-c3ccc([C@H]4C[C@@H](CC(=O)O)CN4)cc3)no2)cc1,3.4,1.2237754316221157,0.2865779591706072
570,CN(C)CC(C)(C)CNc1nc(Cl)c2c(c1O)C(=O)C1=C(O)[C@]3(O)C(=O)C(C(N)=O)=C(O)[C@@H](N(C)C)[C@@H]3C[C@@H]1C2.Cl,3.367,1.2140221401789375,0.2859155410516514
1456,CNc1cc2nc(C)c(-c3cc(NC(=O)NCCC(C)(C)C)c(F)cc3C)cc2cn1,3.36,1.2119409739751128,0.2857741936706157
1590,COCCOc1cnc2ccn([C@H](C)c3nnc4c(F)cc(-c5cc(C)no5)cn34)c(=O)c2c1,3.333,1.2038727993256026,0.2852262242896255
342,CC(=O)NC(C)c1cc(-c2cnc(Oc3ccc(OC(C)C)cc3)s2)no1,3.333,1.2038727993256026,0.2852262242896255
125,COc1ccc2c(Oc3ccc(NC(=O)c4c(C)n(C[C@H](C)O)n(-c5ccccc5)c4=O)cc3F)ccnc2c1,3.333,1.2038727993256026,0.2852262242896255
1613,O=C(Nc1nn[nH]n1)N1CCN(Cc2cccc(Oc3ccc(Cl)cc3)c2)CC1,3.333,1.2038727993256026,0.2852262242896255
1242,CS(=O)(=O)CC1CCN(c2ccc(Nc3ncc4c5ccncc5n([C@H]5CC[C@H](C)CC5)c4n3)nn2)CC1,3.333,1.2038727993256026,0.2852262242896255
358,COCCn1cc(C2CCN(Cc3ccc(OC)c(C(=O)O)c3)CC2)c2ccccc21,3.333,1.2038727993256026,0.2852262242896255
124,COc1ccc2c(Oc3ccc(NC(=O)c4c(C)n(C[C@@H](C)O)n(-c5ccccc5)c4=O)cc3F)ccnc2c1,3.333,1.2038727993256026,0.2852262242896255
736,C[C@H]1c2c([nH]c3ccc(C(F)(F)F)cc23)C[C@H]2CCN(CCCC3CCOCC3)C[C@@H]21,3.333,1.2038727993256026,0.2852262242896255
340,CC(=O)N[C@H](C)c1cc(-c2cnc(Oc3ccc(OC(C)C)cc3)s2)no1,3.333,1.2038727993256026,0.2852262242896255
799,NS(=O)(=O)c1ccc(CNc2nc(NCC(F)(F)F)c3nc(-c4ccc(F)nc4)ccc3n2)cc1,3.333,1.2038727993256026,0.2852262242896255
273,COC(=O)NC(C)C#Cc1cnc(Oc2ccc(OC(C)C)cc2)s1,3.333,1.2038727993256026,0.2852262242896255
1543,O=C(NC[C@H]1CN(c2ccc(-n3cc(-c4ccccn4)cn3)c(F)c2)C(=O)O1)C(F)F,3.333,1.2038727993256026,0.2852262242896255
176,OC[C@H]1O[C@H](O[C@@H]2[C@H](O)[C@@H](O[C@@H]3[C@H](O)[C@@H](O[C@@H]4[C@H](O)[C@@H](O[C@@H]5[C@@H](OCc6ccccc6)O[C@H](CO)[C@@H](O)[C@@H]5O)O[C@H](CO)[C@H]4O)O[C@H](CO)[C@H]3O)O[C@H](CO)[C@H]2O)[C@@H](O)[C@@H](O)[C@@H]1O,3.317,1.1990607599649155,0.2848994031256914
1066,CCC(C#N)(CC)Nc1nc(NC)nc(-n2cncn2)n1,3.3,1.1939224684724346,0.2845504237678074
212,O=C(O)CC(Cc1csc(CCCc2ccc3c(n2)NCCC3)n1)c1ccc2c(c1)OCO2,3.3,1.1939224684724346,0.2845504237678074
72,O=C(O)c1cccc(C[C@@H]2COc3ccc(OCc4nc5cc(F)ccc5s4)cc3[C@@H]2O)c1,3.3,1.1939224684724346,0.2845504237678074
1606,Cn1c(C(=O)NCCCN2CCOCC2)cc2c(-c3ccc(NC(=O)C(C)(C)C)cc3)ncnc21,3.3,1.1939224684724346,0.2845504237678074
1739,NS(=O)(=O)c1cncc(-c2nc(NCc3ccccn3)c3c(-c4ccccc4)cccc3n2)c1,3.3,1.1939224684724346,0.2845504237678074
1623,CCCCC(NC(=O)[C@H](CCC(=O)O)NC(=O)[C@H](CC(=O)O)NC(=O)[C@H](CO)NC(=O)[C@H](Cc1ccccc1)NC(=O)[C@H](CO)NC(=O)CNC(=O)[C@H](CC(=O)O)NC(=O)CNC(=O)[C@@H](N)Cc1cnc[nH]1)C(=O)N[C@H](CC(C)C)C(=O)N[C@H](C(=O)N[C@H](C(=O)N[C@@H](CC(C)C)C(=O)N[C@@H](CC(=O)O)C(=O)N[C@@H](CC(N)=O)C(=O)N[C@@H](CC(C)C)C(=O)N[C@@H](C)C(=O)N[C@@H](C)C(=O)N[C@@H](CCCNC(=N)N)C(=O)N[C@@H](CC(=O)O)C(=O)N[C@@H](Cc1ccccc1)C(=O)N[C@H](C(=O)N[C@@H](CC(N)=O)C(=O)N[C@@H](Cc1c[nH]c2ccccc12)C(=O)N[C@@H](CC(C)C)C(=O)N[C@H](C(=O)N[C@@H](CCC(N)=O)C(=O)N[C@H](C(=O)N[C@@H](CCCCN)C(N)=O)[C@@H](C)O)[C@@H](C)CC)[C@@H](C)CC)[C@@H](C)CC)[C@@H](C)O,3.3,1.1939224684724346,0.2845504237678074
949,O=C(O)c1ccc(-n2ncc(C(=O)NC3C4CC5CC(C4)CC3C5)c2SC2CCCC2)cc1,3.3,1.1939224684724346,0.2845504237678074
114,CC[C@H](C)[C@H](C(=O)O)N1C[C@H](CN2CCC(c3cc(Cc4ccc(C(C)C)cc4)nn3CC)CC2)[C@@H](c2cccc(F)c2)C1,3.3,1.1939224684724346,0.2845504237678074
392,O=C(O)[C@H]1C2CCC(C2)[C@@H]1NC(=O)[C@@H]1CCCN1S(=O)(=O)c1cc(Cl)cc(Cl)c1,3.3,1.1939224684724346,0.2845504237678074
61,O=C(Nc1nc(C(F)(F)F)co1)C1c2ccccc2Oc2c(F)cccc21,3.3,1.1939224684724346,0.2845504237678074
676,Cc1ccc(CC(=O)O)cc1NC(=O)c1ccc(OC[C@@H]2CN(C)c3ccccc3O2)cc1C,3.3,1.1939224684724346,0.2845504237678074
352,Cc1ccc(F)c(NC(=O)Nc2ccc(-c3cccc4[nH]nc(N)c34)cc2)c1,3.3,1.1939224684724346,0.2845504237678074
369,O=C(NCC1(O)CCC(F)(F)CC1)c1cc(-c2ncc(F)cn2)ccc1Cl,3.3,1.1939224684724346,0.2845504237678074
1377,O=C(NOCCO)c1cc(F)c2cncn2c1Nc1ccc(I)cc1F,3.3,1.1939224684724346,0.2845504237678074
1178,Cn1cc(-c2ccc(N3CCC(N4CCc5ccc(F)cc54)CC3)nn2)cn1,3.3,1.1939224684724346,0.2845504237678074
440,C[C@@H](O[C@H]1CN2C(=O)[C@H]3C[C@@](C)(O)C[C@H]3[C@H]2[C@@H]1c1ccc(F)cc1)c1cc(C(F)(F)F)cc(C(F)(F)F)c1,3.24,1.1755733298042381,0.2833041981226642
1611,FC(F)(F)Oc1ccc(-c2ccc3nnc(C(F)(F)F)n3c2)cc1,3.217,1.1684492482568893,0.2828203490830476
981,Cn1c(=O)c(C(=O)NCCO)c(O)c2ncc(Cc3ccc(F)cc3)cc21,3.2,1.1631508098056809,0.2824604929613782
1944,O=C(O)CCc1cc(F)c(OCc2c(C(F)(F)F)ccn2-c2ccc(Cl)cc2)c(F)c1,3.2,1.1631508098056809,0.2824604929613782
185,Cc1c(CCOc2ccc(C(=O)O)cc2)c2cc(Cl)ccc2n1C(c1ccccc1)c1ccccc1,3.2,1.1631508098056809,0.2824604929613782
976,Cc1ccc(-n2nc(C(C)(C)C)cc2NC(=O)Nc2cccc3cc(C(=O)N(C)CCc4ccccn4)[nH]c23)cc1,3.2,1.1631508098056809,0.2824604929613782
12,CCn1nc(Cc2ccccc2)cc1C1CCN(C[C@H]2CN([C@@H](C(=O)O)C(C)C)C[C@@H]2c2cccc(F)c2)CC1,3.2,1.1631508098056809,0.2824604929613782
650,Cc1ccc(C(=O)NCCO)cc1-n1cnc(OCc2ccc(F)cc2F)c(Cl)c1=O,3.19,1.1600209167967532,0.282247918790742
18,COc1cc2nccc(Oc3ccc4c(c3)OCCN4C(=O)Nc3ccc(Cl)cc3)c2cc1C(N)=O,3.167,1.1527847675565026,0.2817564584056879
1055,N#Cc1c(C(F)(F)F)cc(C2CC2)nc1Oc1cccc(NS(=O)(=O)c2ccc(Cl)cc2)c1,3.167,1.1527847675565026,0.2817564584056879
4,CC(C)C[C@H](NC(=O)[C@@H](NC(=O)c1cccc(-c2ccccc2)n1)[C@@H](C)O)B(O)O,3.167,1.1527847675565026,0.2817564584056879
1587,COc1cnc2c(NCc3nnc4ccc(-c5cc(C)ns5)nn34)ccnc2c1,3.167,1.1527847675565026,0.2817564584056879
1253,CC(C)(C)S(=O)(=O)C[C@H](C1CC1)N1C(=O)[C@@](C)(Cc2ncc(C(=O)O)s2)C[C@H](c2cccc(Cl)c2)[C@H]1c1ccc(Cl)cc1,3.167,1.1527847675565026,0.2817564584056879
777,CC(C)(C)NC(=O)c1ccc(Oc2cc(F)c(CC(=O)O)cc2Cl)c(NS(=O)(=O)c2ccc(C3CC3)cc2Cl)c1,3.167,1.1527847675565026,0.2817564584056879
381,CC(=O)Nc1nc2c(Oc3cc(-c4ccc(C(F)(F)F)cc4)ncn3)cccc2s1,3.167,1.1527847675565026,0.2817564584056879
1170,CC(C)(C)[C@@H](CS(=O)(=O)C(C)(C)C)N1C(=O)[C@@](C)(CC(=O)O)C[C@H](c2cccc(Cl)c2)[C@H]1c1ccc(Cl)cc1,3.167,1.1527847675565026,0.2817564584056879
1729,COc1cc(-c2cccc(F)c2)c(F)cc1-n1c(=O)ccc2cc(S(=O)(=O)Nc3ccon3)ccc21,3.167,1.1527847675565026,0.2817564584056879
1768,O=C(O)c1c[nH]c2cc(F)c(-c3ccc(C4(O)CCC4)cc3)c(F)c12,3.16,1.1505720275988207,0.2816061748784248
335,C[C@H](NC1=NC(=O)[C@@](C)(C(F)(F)F)S1)c1ccccc1F,3.133,1.1419910119700547,0.281023374675575
367,O=c1ccn2c(-c3ccc(F)cc3F)cccc2c1-c1cc(-c2nnco2)ccc1F,3.1,1.1314021114911006,0.2803042041701161
272,O=C(N[C@@H](Cc1ccc(F)c(Br)c1)C(=O)O)c1ccc(I)cc1NS(=O)(=O)c1cccc2nsnc12,3.1,1.1314021114911006,0.2803042041701161
1045,N#Cc1cc(Cl)c(C(=O)Nc2ccnc(NC(=O)C3CC3)c2)c(Cl)c1,3.1,1.1314021114911006,0.2803042041701161
987,O=C(C(=O)N1CCN(C(=O)c2ccccc2)CC1)c1c[nH]c2c(-c3nn[nH]n3)ccc(F)c12,3.1,1.1314021114911006,0.2803042041701161
493,O=C(O)c1ccc(OCCc2c(CCNS(=O)(=O)c3ccccc3Br)n(C(c3ccccc3)c3ccccc3)c3ccc(Cl)cc23)cc1,3.1,1.1314021114911006,0.2803042041701161
1794,Cc1nnc2sc(C(=O)NC3CN(C(=O)c4ccncc4)C3)c(N)c2c1C,3.1,1.1314021114911006,0.2803042041701161
326,CN1C(=O)NC(=O)[C@]12Cc1ccc(NC(=O)Cn3c(=O)n(-c4cc(F)cc(F)c4)c4ccccc43)cc1C2,3.1,1.1314021114911006,0.2803042041701161
288,CN[C@@H](C)c1ccc(N2CC[C@H](NS(=O)(=O)c3ccc4cc(Cl)ccc4c3)C2=O)c(F)c1,3.1,1.1314021114911006,0.2803042041701161
735,COc1cnc(-c2ccc(Cn3c(CC(C)(C)C(=O)[O-])c(SC(C)(C)C)c4cc(OCc5ccc(C)cn5)ccc43)cc2)nc1.[Na+],3.1,1.1314021114911006,0.2803042041701161
270,O=C(N[C@@H](Cc1ccc(F)c(Br)c1)C(=O)O)c1ccc(Cl)cc1NS(=O)(=O)c1cccc2nsnc12,3.1,1.1314021114911006,0.2803042041701161
821,COc1cc2ncnc(Oc3cccc(NC(=O)Nc4cc(C(C)(C)C)nn4-c4ccccc4)c3)c2cc1OC,3.1,1.1314021114911006,0.2803042041701161
1710,CC(C)CCCCC(=O)N[C@@H](CCN)C(=O)N[C@H](C(=O)N[C@@H](CCN)C(=O)N[C@H]1CCNC(=O)[C@H]([C@@H](C)O)NC(=O)[C@H](CCN)NC(=O)[C@H](CCN)NC(=O)[C@H](CC(C)C)NC(=O)[C@@H](CC(C)C)NC(=O)[C@H](CCN)NC1=O)[C@@H](C)O,3.05,1.1151415906193203,0.2791998319987442
1568,CC(C)CC1(O)CCN(C(=O)Nc2cc(Oc3ccc(F)cc3)cc(Oc3ccc(C(C)(C)C(=O)O)cc3)c2)C1,3.04,1.1118575154181303,0.2789767861757053
47,COc1ccc(CCc2c(-c3ccccc3)[nH]c3ccc(CC(=O)O)cc23)cc1,3,1.0986122886681098,0.2780772049174186
244,COc1cc2ncnc(Nc3cccc(Cl)c3F)c2cc1CN1CCC[C@H]1C(N)=O,3,1.0986122886681098,0.2780772049174186
347,C[C@@H](C(=O)N1CCOCC1)N1CC[C@H](NS(=O)(=O)c2ccc(-c3ccc(Cl)s3)s2)C1=O,3,1.0986122886681098,0.2780772049174186
346,C[C@@H](C(=O)N1CCOCC1)N1CC[C@H](NS(=O)(=O)/C=C/c2ccc(Cl)cc2)C1=O,3,1.0986122886681098,0.2780772049174186
279,CC(C)(c1cc(-c2cccc(CC(F)(c3ccc(S(C)(=O)=O)cc3)S(=O)(=O)C3CC3)c2)c2ncccc2c1)S(C)(=O)=O,3,1.0986122886681098,0.2780772049174186
1152,C[C@H](NS(=O)(=O)c1ccc(-c2c(C#N)c3cc(F)c(OC(F)F)cc3n2C2CCC2)nc1)C(F)(F)F,3,1.0986122886681098,0.2780772049174186
940,Cc1c(CN2CCN(C(=O)[C@H](C)O)CC2)sc2c(N3CCOCC3)nc(-c3cnc(N)nc3)nc12,3,1.0986122886681098,0.2780772049174186
1608,CCOC(=O)c1cc(C#N)c(N2CC(C(=O)NS(=O)(=O)c3ccc(Cl)s3)C2)nc1C,3,1.0986122886681098,0.2780772049174186
1210,CCCSc1nc(N2CCC(C(=O)O)C2)ccc1C(=O)NC1CCCCC1,3,1.0986122886681098,0.2780772049174186
87,COC(=O)N[C@@H](C(=O)N1CCC[C@H]1C(=O)NCc1ccc(C(=N)N)cc1)C(c1ccccc1)c1ccccc1,3,1.0986122886681098,0.2780772049174186
289,CC(C)(C)c1nnc2ccc(-c3ocnc3-c3cc(F)c(F)cc3F)cn12,3,1.0986122886681098,0.2780772049174186
431,CC(C)(CN1CCN(C2=Cc3ccccc3Cn3c(Cl)cnc32)CC1)C(=O)O,3,1.0986122886681098,0.2780772049174186
290,Cc1ccc2c(c1)c(-c1ccnc3c(C)cccc13)c(C)n2CC(=O)O,3,1.0986122886681098,0.2780772049174186
950,CCSc1c(C(=O)NC2C3CC4CC(C3)CC2C4)cnn1-c1ccc(C(=O)O)cc1,3,1.0986122886681098,0.2780772049174186
1081,O=C(O)[C@H]1CC[C@@H](Oc2ccc(-c3ccc(-c4nc5cc(Cl)ccc5[nH]4)cn3)cn2)CC1,3,1.0986122886681098,0.2780772049174186
243,CCCCCOC(=O)N1CCN(C(=O)[C@H](CCC(=O)O)NC(=O)c2cc(N3CCC(COC)CC3)cc(-c3ccccc3)n2)CC1,3,1.0986122886681098,0.2780772049174186
510,CCNc1nc2sc(-c3cccc([C@H](C)NC(=O)C4CCNCC4)c3)nc2c2c1ncn2C,3,1.0986122886681098,0.2780772049174186
362,CNC(=O)N1CCN(Cc2ccnc(Nc3ncc(C#N)s3)c2C)CC1,3,1.0986122886681098,0.2780772049174186
344,C[C@@H](C(=O)N1CCOCC1)N1CC[C@H](NS(=O)(=O)c2cc3ccc(Cl)cc3s2)C1=O,3,1.0986122886681098,0.2780772049174186
240,CC(C)N1CCC(Oc2ccc3cc(C(=O)N4CCOCC4)ccc3c2)CC1,3,1.0986122886681098,0.7472339285494869
1054,CNc1nc(-c2ccccc2)nc(N2CCC(C(=O)NCc3ccccc3C(F)(F)F)CC2)n1,3,1.0986122886681098,0.2780772049174186
345,C[C@@H](C(=O)N1CCOCC1)N1CC[C@H](NS(=O)(=O)c2cc3cc(Cl)ccc3s2)C1=O,3,1.0986122886681098,0.2780772049174186
733,Cc1ccc(COc2ccc3c(c2)c(SC(C)(C)C)c(CC(C)(C)C(=O)[O-])n3Cc2ccc(-c3ccc(C)cn3)cc2)nc1.[Na+],3,1.0986122886681098,0.2780772049174186
386,COc1c(NC(=O)c2cc3cccc(NC(=O)c4cccnc4)c3n2C)cc(C(C)(C)C)cc1NS(C)(=O)=O,3,1.0986122886681098,0.2780772049174186
743,COc1ccc(Oc2cc(Nc3ccccc3C(N)=O)c(C(F)(F)F)cn2)cc1,3,1.0986122886681098,0.2780772049174186
796,Nc1cc(C(F)(F)F)c(-c2cc(N3CCOCC3)nc(N3CCOCC3)n2)cn1,3,1.0986122886681098,0.2780772049174186
1151,Fc1cccc(-c2nc3cnn(Cc4cc(-c5ccc(C(F)(F)F)cc5C(F)(F)F)no4)cc-3n2)c1F,3,1.0986122886681098,0.2780772049174186
377,NC(=O)c1ccccc1S(=O)(=O)c1ccc(/C=C/c2ccc(F)cc2F)cc1,3,1.0986122886681098,0.2780772049174186
571,O=C1[C@@H](NS(=O)(=O)/C=C/c2ccc(Cl)s2)CCN1c1ccc2c(c1)CCNC2,3,1.0986122886681098,0.2780772049174186
1204,CS(=O)(=O)NCc1ccc(-c2ccc(N3CCOc4ncnc(N)c4C3=O)cc2)c(Cl)c1,3,1.0986122886681098,0.2780772049174186
57,Cc1nnc(-c2ccc(-c3cc(C(=O)NC4CC4)ccc3C)c(C)c2)o1,3,1.0986122886681098,0.2780772049174186
1488,CC(C)(C)c1ncc2c(n1)-c1sc(NC(=O)N3CC[C@@H]4C[C@@]43C(N)=O)nc1CC2,3,1.0986122886681098,0.2780772049174186
689,Cc1nc(NC(C2CC2)C2CC2)c2nc(C)n(-c3ccc(OC(F)F)cc3)c2n1,3,1.0986122886681098,0.2780772049174186
535,O=C(O)C1CN(Cc2ccc(-c3nc4ccc(C5(c6ccccc6)CC5)nc4s3)c(F)c2)C1,3,1.0986122886681098,0.2780772049174186
481,CC(C)(C)OC(=O)N[C@H](Cc1ccccc1C(F)(F)F)C(=O)NCc1nc2cccnc2n1C1(c2ccccc2)CC1,3,1.0986122886681098,0.2780772049174186
382,CC1(C)CC(NC(=O)CCO)c2cc(-c3ccc(Cl)cc3)c(-c3ccc(Cl)cc3Cl)nc2O1,3,1.0986122886681098,0.2780772049174186
1569,CC(C)(C(=O)O)c1ccc(Oc2cc(NC(=O)N3CCC(O)(C4CCCC4)C3)cc(Oc3ccc(F)cc3)c2)cc1,2.98,1.091923300517313,0.2776229062866043
105,CN[C@H](CC(C)C)C(=O)N[C@H]1C(=O)N[C@@H](CC(N)=O)C(=O)N[C@H]2C(=O)N[C@H]3C(=O)N[C@H](C(=O)N[C@H](C(=O)O)c4cc(O)cc(O)c4-c4cc3ccc4O)[C@H](O)c3ccc(c(Cl)c3)Oc3cc2cc(c3OC2OC(CO)C(O)C(O)C2OC2CC(C)(NC(=O)OCc3cc(C)c(OC(=O)C(C)NC(=O)COCCO)c(C)c3)C(O)C(C)O2)Oc2ccc(cc2Cl)[C@H]1O,2.972,1.0892351268555127,0.2774403325420536
302,O=c1c2sc(-c3ccc(Cl)cc3)cc2ncn1-c1ccc2sc(CN3CCC(c4ccccc4)CC3)cc2c1,2.9,1.0647107369924282,0.2757746999403532
971,O=S(=O)(Nc1cc(Cl)c(Cl)cc1Cn1ccnn1)c1ccc(Cl)s1,2.9,1.0647107369924282,0.2757746999403532
1923,Cc1cc(OC(F)F)cnc1C(=O)Nc1csc([C@]23CO[C@@H](C)C[C@H]2CSC(N)=N3)n1,2.9,1.0647107369924282,0.2757746999403532
823,COc1cc2ncnc(Oc3cccc(NC(=O)Nc4cc(C(C)(C)F)on4)c3)c2cc1OC,2.9,1.0647107369924282,0.2757746999403532
70,O=C([O-])CCSC(CCc1ccccc1)c1cccc(OCc2ccc3ccc(Cl)cc3n2)c1.[Na+],2.9,1.0647107369924282,0.2757746999403532
180,CC(C)C[C@H](CN)CC(=O)O,2.9,1.0647107369924282,0.2757746999403532
307,O=c1c2sc(-c3ccc(Cl)cc3)cc2ncn1-c1ccc2nc(CN3CCC(c4ccc(F)cc4)CC3)ccc2c1,2.9,1.0647107369924282,0.2757746999403532
626,COC[C@H](C)Oc1cc(OC[C@H](C)c2ccccc2)cc(C(=O)Nc2ccc(C(=O)O)cn2)c1,2.9,1.0647107369924282,0.2757746999403532
1828,C[C@@H]1c2nnn(-c3ncc(F)cn3)c2CCN1C(=O)c1cccc(C(F)(F)F)c1Cl,2.9,1.0647107369924282,0.2757746999403532
343,FC(F)c1ncn2c1Cn1ncnc1-c1cc(Br)ccc1-2,2.9,1.0647107369924282,0.2757746999403532
269,O=C(NO)C(CCN1C(=O)c2ccccc2C1=O)S(=O)(=O)c1ccc(-c2ccc(Cl)cc2)cc1,2.9,1.0647107369924282,0.2757746999403532
589,CCS(=O)(=O)CCC12CCC(c3nnc(-c4ccccc4C(F)(F)F)n3C)(CC1)CC2,2.9,1.0647107369924282,0.2757746999403532
37,CCCc1cc(Oc2ccc(Cl)cc2)ccc1OCCCOc1ccc(C2SC(=O)NC2=O)cc1,2.9,1.0647107369924282,0.2757746999403532
36,CCCc1cc(Oc2ccccc2)ccc1OCCCOc1ccc(C2SC(=O)NC2=O)cc1F,2.9,1.0647107369924282,0.2757746999403532
98,N#Cc1cc(Cl)cc(Oc2c(Cl)ccc(Cc3n[nH]c4nnccc34)c2F)c1,2.9,1.0647107369924282,0.2757746999403532
433,Cc1cc(C(C)CC(=O)O)ccc1-c1noc(-c2ccc(OC(C)C)c(C(F)(F)F)c2)n1,2.9,1.0647107369924282,0.2757746999403532
661,Cn1cc(-c2cnc3ccc4ccc(NS(=O)(=O)N5CC(F)C5)cc4c(=O)c3c2)cn1,2.9,1.0647107369924282,0.2757746999403532
1704,CCS(=O)(=O)c1ccc(Cn2c(C)c(CC(=O)O)c3cccnc32)c(C(F)(F)F)c1,2.9,1.0647107369924282,0.2757746999403532
1221,CC1(C)C(=O)N(c2cccc(S(C)(=O)=O)c2)C1c1ccc(F)cc1,2.9,1.0647107369924282,0.2757746999403532
112,O=C(Nc1ccc(-n2ccccc2=O)cn1)[C@H]1C[C@](O)(c2ccccc2C(F)(F)F)CN1C(=O)Nc1ccc(Cl)cc1,2.89,1.0612565021243408,0.2755400973165026
197,O=C1/C(=C/c2ccc(Cl)c(Cl)c2)SC(=S)N1NS(=O)(=O)c1cccs1,2.833,1.0413362208483796,0.2741871637628639
1050,COc1cc(-c2ccc(COc3ccc4c(c3F)[C@]3(CCC4)C[C@H]3C(=O)O)cc2[C@@H]2CCCC2(C)C)c(F)cn1,2.833,1.0413362208483796,0.2741871637628639
1174,COC(=O)N[C@H](C(=O)N1CCC[C@H]1C(=O)Nc1ccc([C@H]2CC[C@H](c3ccc(NC(=O)[C@@H]4CCCN4C(=O)[C@@H](NC(=O)OC)C(C)(C)C)cc3)N2c2ccc(C(C)(C)C)cc2)cc1)C(C)(C)C,2.833,1.0413362208483796,0.2741871637628639
678,O=C(Nc1ccc(-c2cc(-c3ccccc3)ccn2)cc1)c1ccccc1Cl,2.833,1.0413362208483796,0.2741871637628639
564,CCN(CC)c1ncc(-c2c(C)noc2C)c(N[C@@H](Cc2ccc(OC(=O)N(C)C)cc2)C(=O)O)n1,2.833,1.0413362208483796,0.2741871637628639
1175,COC(=O)N[C@H](C(=O)N1CCC[C@H]1C(=O)Nc1ccc([C@@H]2CC[C@@H](c3ccc(NC(=O)[C@@H]4CCCN4C(=O)[C@@H](NC(=O)OC)C(C)(C)C)cc3)N2c2ccc(C(C)(C)C)cc2)cc1)C(C)(C)C,2.833,1.0413362208483796,0.2741871637628639
1245,N#Cc1ccc(NC(=O)N2CCc3cccnc3[C@H]2c2ccc(C(F)(F)F)cc2)cc1,2.833,1.0413362208483796,0.2741871637628639
62,O=c1c2c(oc(O)c1[C@H](c1cccc(NS(=O)(=O)c3cccc4cccnc34)c1)C1CC1)CCCCCC2,2.833,1.0413362208483796,0.2741871637628639
1306,Cc1nc(-c2ccc(C(F)(F)F)cc2)sc1COc1ccc([C@H](CC(=O)O)c2nccn2C)cc1,2.833,1.0413362208483796,0.2741871637628639
51,CCC[C@@]1(CCc2ccccc2)CC(O)=C([C@H](CC)c2cccc(NS(=O)(=O)c3ccc(C(F)(F)F)cn3)c2)C(=O)O1,2.833,1.0413362208483796,0.2741871637628639
1269,COc1cc(-c2ccc(COc3cccc([C@@H](CC(=O)O)C4CC4)c3F)cc2[C@@H]2CCCC2(C)C)c(F)cn1,2.833,1.0413362208483796,0.2741871637628639
1112,CCNC(=O)Nc1nc2cc(-c3cnc(N4CCC(C)(C(=O)O)CC4)nc3)cc(-c3ccccn3)c2s1,2.8,1.0296194171811581,0.2733913890143462
254,CN(C)C(=O)[C@@H](c1ccc(-c2ccc3ncnn3c2)cc1)[C@H](N)C(=O)N1CCC(F)(F)C1.O=C(O)C(F)(F)F,2.8,1.0296194171811581,0.2733913890143462
237,CC(Cc1ccc(Oc2cc(N3CCN(Cc4ccccc4)CC3)nc(N)n2)cc1)(Oc1ccccc1)C(=O)O,2.8,1.0296194171811581,0.2733913890143462
437,O=C(NCc1ccc(F)cc1)c1nc(N2CCCCS2(=O)=O)c2cccnc2c1O,2.8,1.0296194171811581,0.2733913890143462
1622,CCCCC(NC(=O)[C@H](CCC(=O)O)NC(=O)[C@H](CC(=O)O)NC(=O)[C@H](CO)NC(=O)[C@H](Cc1ccccc1)NC(=O)[C@H](CO)NC(=O)CNC(=O)[C@H](CC(=O)O)NC(=O)CNC(=O)[C@@H](N)Cc1cnc[nH]1)C(=O)N[C@@H](CC(C)C)C(=O)N[C@H](C(=O)N[C@H](C(=O)N[C@@H](CC(C)C)C(=O)N[C@@H](CC(=O)O)C(=O)N[C@@H](CC(N)=O)C(=O)N[C@@H](CC(C)C)C(=O)N[C@@H](C)C(=O)N[C@@H](C)C(=O)N[C@@H](CCCNC(=N)N)C(=O)N[C@@H](CC(=O)O)C(=O)N[C@@H](Cc1ccccc1)C(=O)N[C@H](C(=O)N[C@@H](CC(N)=O)C(=O)N[C@@H](Cc1c[nH]c2ccccc12)C(=O)N[C@@H](CC(C)C)C(=O)N[C@H](C(=O)N[C@@H](CCC(N)=O)C(=O)N[C@H](C(=O)N[C@@H](CCCCN)C(N)=O)[C@@H](C)O)[C@@H](C)CC)[C@@H](C)CC)[C@@H](C)CC)[C@@H](C)O,2.8,1.0296194171811581,0.2733913890143462
649,COc1ccc2c(c1)c(C[C@@H](C)CC(=O)O)c(C)n2Cc1ccc(Br)cc1,2.8,1.0296194171811581,0.2733913890143462
218,COc1ccc(-c2ccc(Cn3c(CC(C)(C)C(=O)O)c(SC(C)(C)C)c4cc(OCc5ccccn5)ccc43)cc2)nn1,2.8,1.0296194171811581,0.2733913890143462
631,COC[C@H](C)Oc1cc(Oc2cccc(OC)c2)cc(C(=O)Nc2ccc(C(=O)O)cn2)c1,2.8,1.0296194171811581,0.2733913890143462
835,CC(C)C1(c2ccc(-c3ccc4cccc(F)c4c3)[nH]c2=O)OC(=O)NC1=O,2.8,1.0296194171811581,0.2733913890143462
1515,CNC(=O)C1Cc2cc(F)c(F)cc2N1C(=O)COc1ccc(F)cc1,2.8,1.0296194171811581,0.2733913890143462
512,CCNc1nc2sc(-c3cccc([C@H](C)NC(=O)c4cc(C)on4)c3)nc2c2c1ncn2C,2.8,1.0296194171811581,0.2733913890143462
552,O=C1[C@@H](NS(=O)(=O)/C=C/c2ccc(Cl)s2)CCN1c1ccc(C2CCCN2)cc1F,2.8,1.0296194171811581,0.2733913890143462
421,Cc1nnc([C@H]2CCCN2C(=O)Nc2ccc(C(F)(F)F)cc2)n1Cc1ccc(Cl)cc1,2.8,1.0296194171811581,0.2733913890143462
1097,Cc1cc(C)n(CC(=O)N2CCc3cc(-c4cn(C)c5ncnc(N)c45)ccc32)n1,2.8,1.0296194171811581,0.2733913890143462
828,CNC(=O)CCCN(C)C(=O)c1ccc2c(c1)c1c(n2C)CC[C@@H](C2CCOCC2)C1,2.8,1.0296194171811581,0.2733913890143462
1037,CCC[C@H](Oc1cc(C)c(-n2cc(C(F)(F)F)cn2)c(C)c1)c1ccc(C(=O)NCCC(=O)O)cc1,2.8,1.0296194171811581,0.2733913890143462
915,O=C(Nc1nc(-c2ccc(F)c(C(F)(F)F)c2)c(F)s1)c1cnc(N2CCC(C(=O)O)CC2)c(Cl)c1,2.79,1.0260415958332743,0.2731483927190922
287,O=C([O-])CCc1ccc(Cn2cccn2)cc1OCCc1ccc2ccccc2c1.[Na+],2.77,1.0188473201992472,0.2726597762801694
1711,CC[C@@H](C)CCCCC(=O)N[C@@H](CCN)C(=O)N[C@H](C(=O)N[C@@H](CCN)C(=O)N[C@H]1CCNC(=O)[C@H]([C@@H](C)O)NC(=O)[C@H](CCN)NC(=O)[C@H](CCN)NC(=O)[C@H](CC(C)C)NC(=O)[C@@H](CC(C)C)NC(=O)[C@H](CCN)NC1=O)[C@@H](C)O,2.75,1.0116009116784799,0.272167619111538
1451,C[C@H]1O[C@@H](O[C@H]2[C@H](O)[C@@H](O)[C@@H](O[C@H]3[C@H](O)CN[C@@H]3CO)O[C@@H]2CO)[C@H](O)[C@@H](O)[C@@H]1O,2.73,1.0043016091968684,0.2716718695230296
730,Cc1ccccc1-c1c2nccc(-c3ccc(F)cc3F)c2cc[n+]1[O-],2.7,0.9932517730102834,0.2709213934663947
1384,O=C(c1ccc(F)cc1)N1CCN2C(=O)c3ccncc3C12c1ccc(Cl)cc1,2.7,0.9932517730102834,0.2709213934663947
5,CN(CCOc1ccc(CC2SC(=O)NC2=O)cc1)c1ccccn1,2.7,0.9932517730102834,0.2709213934663947
551,O=C1[C@@H](NS(=O)(=O)c2ccc3cc(Cl)ccc3c2)CCN1c1ccc(C2CCCN2)cc1F,2.7,0.9932517730102834,0.2709213934663947
475,COc1cccnc1C(=O)N1CCN(c2ccc(NC(=O)C(C)(C)c3ccccc3)cc2Cl)CC1,2.7,0.9932517730102834,0.740078117098463
639,CN(C(=O)C1(c2ccc(F)cc2)CCCC1)[C@@H]1CCc2c(CC(=O)O)c3ccccc3n2C1,2.7,0.9932517730102834,0.2709213934663947
413,C[C@@H](NC(=O)C1(NC(=O)C(F)(F)F)CC1)c1ccc(-c2cc(Cl)ccc2-c2nnn(C)n2)cc1F,2.7,0.9932517730102834,0.2709213934663947
1420,Cc1nc(C#Cc2ccnc(Cl)c2)c(C)n1-c1ccc(OC(F)(F)F)cc1,2.7,0.9932517730102834,0.2709213934663947
130,COc1cccc(S(=O)(=O)n2ccc3cc4c(cc32)CCNCC4)c1,2.7,0.9932517730102834,0.740078117098463
1284,COc1ccc(Oc2cc(C)c(-c3csc(NC(=O)c4ccncc4)n3)c(C)c2)cc1,2.7,0.9932517730102834,0.2709213934663947
1412,Cc1nc(-c2ccc3c(c2)c(C#N)cn3C(C)C)sc1C(=O)O,2.691,0.9899128717447687,0.2706946240000492
1430,Nc1ccn([C@@H]2O[C@@](CO)(CF)[C@@H](O)[C@H]2F)c(=O)n1,2.69,0.9895411936137477,0.2706693805906994
765,Cn1cc(C(=O)Nc2ccc(-c3ccccc3)c(C(F)(F)F)c2)c(=O)c2cnccc21,2.667,0.9809542451998772,0.2700861774485577
514,C[C@](O)(c1ccc(C(=O)N(C2CC2)[C@H]2CC[C@](COC(N)=O)(c3ccccc3)CC2)cc1)C(F)(F)F,2.667,0.9809542451998772,0.2700861774485577
332,O=C(NC1CC1)c1ccc(Cl)c(Nc2nncc3c2cnn3-c2ccc(F)cc2F)c1,2.667,0.9809542451998772,0.2700861774485577
523,COc1nc2c(cc1Cc1cccc(Cl)c1F)c(=O)c(C(=O)O)cn2[C@H](CO)C(C)(C)C,2.667,0.9809542451998772,0.2700861774485577
1951,CNC(=O)c1cc(Oc2ccc(-c3noc(C(C)C)n3)c(C)c2)ccn1,2.633,0.9681238805141723,0.2692147725397496
501,CCCCCCCC(=O)N[C@H](C(=O)N[C@H](CO)C(=O)N[C@H]1CCNC(=O)[C@H]([C@@H](C)O)NC(=O)[C@H](CCN)NC(=O)[C@H](CCN)NC(=O)[C@H](CC(C)C)NC(=O)[C@H](Cc2ccccc2)NC(=O)[C@H](CCN)NC1=O)[C@@H](C)O,2.63,0.9669838461896731,0.269137344381555
1317,Cn1c(C2CCOCC2)nc(C(=O)NCc2ccc(F)cc2)c(O)c1=O,2.6,0.9555114450274363,0.2683581688137922
1340,CN1CCN(CCCS(=O)(=O)c2ccc3nc(NC(=O)NC(=O)c4cc(N5CCOCC5)ccc4Cl)sc3c2)CC1,2.6,0.9555114450274363,0.2683581688137922
1952,C[C@H](Nc1nccc(N2C(=O)OC[C@@H]2CF)n1)c1cn(-c2ccc(C(F)(F)F)cc2)cn1,2.6,0.9555114450274363,0.2683581688137922
164,CCCc1c(OCCCSc2ccc(CC(=O)O)cc2Cl)ccc2c(C(F)(F)F)noc12,2.6,0.9555114450274363,0.2683581688137922
549,O=C1[C@@H](NS(=O)(=O)c2ccc3cc(Cl)ccc3c2)CCN1c1ccc([C@H]2CCCN2)cc1F,2.6,0.9555114450274363,0.2683581688137922
254,Cn1cc(C(=O)Nc2cc(F)c(CC(=O)N3C[C@@H](F)C[C@H]3CO[C@H]3CC[C@H](C(=O)O)CC3)cc2Cl)c2ccccc21,2.6,0.9555114450274363,0.2683581688137922
972,CCS(=O)(=O)Nc1cc(F)c(-c2ccc(C#N)n2C)c(F)c1,2.6,0.9555114450274363,0.2683581688137922
872,O=C(Nc1ccc(/C=C/c2ccc(NC(=O)[C@@H]3CCCN3C(=O)CC3CC3)cc2)cc1)[C@@H]1CCCN1C(=O)CC1CC1,2.6,0.9555114450274363,0.2683581688137922
228,N=C(N)c1ccc2[nH]c(-c3cc(CC(CC(=O)O)C(=O)O)cc(-c4cc(F)ccc4O)c3O)nc2c1,2.6,0.9555114450274363,0.2683581688137922
180,CCOc1cc(OCC)cc(C(Nc2ccc(C(=N)N)cc2)C(=O)O)c1,2.6,0.9555114450274363,0.2683581688137922
199,COC(=O)c1ccccc1-c1ccc(CNC(=O)C2(NC(=O)CC(F)(F)F)CCCCC2)cc1,2.6,0.9555114450274363,0.2683581688137922
1946,O=C(O)CS(=O)(=O)c1ccc(OCc2cccc(-c3ccccc3Cl)c2)cc1,2.567,0.9427379018890034,0.2674906230762884
1373,COc1cccc(CNC(=O)c2nc3scc(C(=O)NCc4ccccc4)c3c(=O)[nH]2)c1,2.55,0.9360933591703348,0.2670393430633139
1283,Cc1cc(OC(C)C)cc(C)c1-c1csc(NC(=O)c2ccncc2)n1,2.55,0.9360933591703348,0.2670393430633139
1473,CCN(CC)CC.Nc1ncnc2c1ncn2[C@@H]1O[C@H](CNS(=O)(=O)NC(=O)c2ccccc2O)[C@@H](O)[C@H]1F,2.5,0.9162907318741551,0.2656944002611491
72,O=C(Nc1nc(-c2cccc(C(F)(F)F)c2F)cs1)c1ccc(N2CCC(C(=O)O)C2)nc1,2.5,0.9162907318741551,0.2656944002611491
515,C[C@](O)(c1ccc(C(=O)N(C2CC2)[C@H]2CC[C@](COC(N)=O)(c3ccccc3F)CC2)cc1)C(F)(F)F,2.5,0.9162907318741551,0.2656944002611491
376,Cc1cc(Nc2ncnc3cnc(N4CCOCC4)cc23)ccc1OC1CCN(C(=O)C2CCCC2)CC1,2.5,0.9162907318741551,0.2656944002611491
644,CCCc1cnc(N)c(CNC(=S)Nc2ccc(NC(=O)OC(C)(C)C)cc2)n1,2.5,0.9162907318741551,0.2656944002611491
764,Cn1cc(C(=O)Nc2ccc(-c3ccccc3)c(C(F)(F)F)n2)c(=O)c2cnccc21,2.5,0.9162907318741551,0.2656944002611491
1807,CCc1nc2ccc(C(=O)NCCO)cn2c1N(C)c1nc(-c2ccc(Cl)cc2)cs1,2.5,0.9162907318741551,0.2656944002611491
395,O=C(NC1Cc2ccccc2N(CC(CO)CO)C1=O)c1cc2cc(Cl)sc2[nH]1,2.5,0.9162907318741551,0.2656944002611491
78,CN(C)Cc1ccc(CN2CCN(S(=O)(=O)c3ccc(Cl)cc3)CC2)cc1,2.5,0.9162907318741551,0.2656944002611491
744,CC(C)(C)CC(c1ccc(CC(=O)O)cc1-c1ccc(C(F)(F)F)cc1)N1CCC(C(F)(F)F)CC1,2.5,0.9162907318741551,0.2656944002611491
323,Cc1oc(-c2ccccc2)nc1CCOc1ccc(C[C@]2(C(=O)O)CCCO2)cn1,2.5,0.9162907318741551,0.2656944002611491
334,CN[C@H]1CCCN(c2ccc(C(F)(F)F)cc2NC(=O)c2cc(C#Cc3cnc(N)nc3)ccc2F)C1,2.5,0.9162907318741551,0.2656944002611491
453,CCCC/C(C)=C\C=C\[C@H]1CCC(=O)N1CCc1ccc(C(=O)O)cc1,2.5,0.9162907318741551,0.2656944002611491
645,Cc1c(F)cc(C(=O)NC2CC2)cc1-c1ccc(C(=O)NCC2CC2)cn1,2.5,0.9162907318741551,0.2656944002611491
1273,CC[C@H](CC(=O)O)c1ccnc(OCc2ccc(-c3cc(OC)ncc3F)c([C@@H]3CCCC3(C)C)c2)c1,2.5,0.9162907318741551,0.2656944002611491
1904,CCS(=O)(=O)c1ccc(C(NC(C)=O)C(=O)Nc2cc(-c3cc(C#N)cc(F)c3OC)cs2)cc1,2.5,0.9162907318741551,0.2656944002611491
447,CS(=O)(=O)c1cccc(-c2ncnc(N3CC(N)C(c4cc(F)c(F)cc4F)C3)n2)c1,2.5,0.9162907318741551,0.2656944002611491
32,C[C@H](CS[C@@H](CCc1cccc(CO)c1)c1cccc(/C=C/c2ccc3ccc(Cl)cc3n2)c1)C(=O)O,2.5,0.9162907318741551,0.2656944002611491
875,CCCSc1ncccc1C(=O)N[C@H]1CC[C@@H](C(=O)O)CC1,2.5,0.9162907318741551,0.2656944002611491
955,CCCSc1c(C(=O)NC2CCCCC2)cnn1[C@H]1CC[C@H](C(=O)O)CC1,2.5,0.9162907318741551,0.2656944002611491
1046,Cc1nn(-c2cccc(NC(=O)[C@H]3C[C@@H]3c3ccccc3)c2)c(C)c1CC(=O)O,2.5,0.9162907318741551,0.2656944002611491
171,COc1ccc(Oc2ccc3c(c2)C[C@@H](NC[C@H](O)c2ccc(Cl)nc2)CC3)cc1C(=O)O,2.5,0.9162907318741551,0.2656944002611491
545,CC(C)n1cc(-c2ccc(C#N)c(F)c2)c2ccc(NS(C)(=O)=O)cc21,2.5,0.9162907318741551,0.2656944002611491
139,CN1CC(c2nc(C(=O)NCc3ccc(F)cc3)c([O-])c3ncccc23)CC1=O.[Na+],2.5,0.9162907318741551,0.2656944002611491
553,CNC1CCc2cc(N3CC[C@H](NS(=O)(=O)c4ccc5cc(Cl)ccc5c4)C3=O)ccc21,2.5,0.9162907318741551,0.2656944002611491
1402,CCO[C@@H]([C@H]1C[C@@H](C)[C@H]2[C@H](O1)[C@H](O)[C@@]1(C)[C@@H]3CC[C@H]4C(C)(C)[C@@H](O[C@H]5CN(CC6CN(CC(C)(C)O)C6)CCO5)CC[C@@]45C[C@@]35CC[C@]21C)C(C)(C)O,2.5,0.9162907318741551,0.2656944002611491
842,O=C(O)CN1C(=O)[C@@]2(NC(=O)N(Cc3cc(Cl)ccc3F)C2=O)c2cc(Cl)ccc21,2.5,0.9162907318741551,0.2656944002611491
1094,Cn1nc(-c2ccncc2)cc1NC(=O)[C@H](Cc1ccccc1)NCC(=O)O,2.5,0.9162907318741551,0.2656944002611491
1162,COc1ncc(-c2ccc3nc(N)n(-c4ccccc4C(F)(F)F)c(=O)c3c2)cc1S(=O)(=O)Nc1ccc(F)cc1F,2.5,0.9162907318741551,0.2656944002611491
1551,O=C(O)C1(Sc2ccnc3ccccc23)CCC1,2.5,0.9162907318741551,0.2656944002611491
659,C[C@@H](NC(=O)C1(NC(=O)c2cncc(Br)c2)CC1)c1ccc(-n2nc(Cl)c3ccccc32)cc1F,2.5,0.9162907318741551,0.2656944002611491
246,CCS(=O)(=O)N1CC2(CCN(C(=O)Nc3cn(-c4ccccc4)cn3)CC2)c2ccccc21,2.5,0.9162907318741551,0.2656944002611491
1359,O=C(NC[C@@H]1OC(=O)N2c3ccc(N4CCOCC4=O)cc3CC[C@@H]12)c1ccc(Cl)s1,2.483,0.9094675065260296,0.2652309845899731
1884,CCOC(=O)Nc1cc2c(cc1F)CC1C(=O)N(c3ccc(C#N)c(C(F)(F)F)c3)C(=S)N1C2,2.433,0.8891250638013855,0.2638493789317058
450,CS(=O)(=O)Nc1ccc(C(=O)Nc2ccc(Cl)c(-c3ccccn3)c2)c(Cl)c1,2.4,0.8754687373538999,0.2629218768540849
1163,CN(C)CCOC(=O)c1c(-c2ccc[nH]c2=O)c2c3occc3c(F)cc2n1Cc1cc2c(=O)[nH]cnc2cc1F.Cl,2.4,0.8754687373538999,0.2629218768540849
969,CC(C)Oc1nc(-c2ccc(Cl)nc2)nc2c1CN(C(=O)c1cn(C)cn1)CC2.Cl,2.4,0.8754687373538999,0.2629218768540849
403,C[C@@H]1CN(Cc2ccc(F)cc2)[C@@H](C)CN1C(=O)COc1ccc(Cl)cc1C(=O)O,2.4,0.8754687373538999,0.2629218768540849
718,CCCOCCn1c(=O)nc(NC2CCC(O)CC2)c2nnc(-c3ccc(OC)nc3)cc21,2.4,0.8754687373538999,0.2629218768540849
1875,COc1cnc(-n2cncn2)c2[nH]cc(C(=O)C(=O)N3CCN(C(=O)c4ccccc4)CC3)c12,2.4,0.8754687373538999,0.2629218768540849
431,Cc1cc([C@@H]2C[C@H]2C(=O)O)ccc1-c1noc(-c2ccc(OC(C)C)c(C(F)(F)F)c2)n1,2.4,0.8754687373538999,0.2629218768540849
385,O=S(=O)(Nc1cc(Cl)cnc1Oc1cncc(Cl)c1)c1ccc(Cl)c(Cl)c1,2.4,0.8754687373538999,0.2629218768540849
123,CCn1nc(Cc2ccc(C#N)cc2)cc1C1CCN(C[C@H]2CN([C@@H](C(=O)O)C(C)(C)C)C[C@@H]2c2cccc(F)c2)CC1,2.4,0.8754687373538999,0.2629218768540849
410,O=C(O)c1c(O)c(C2(c3ccccc3Cl)CC2)nc2c(C(F)(F)F)cccc12,2.4,0.8754687373538999,0.2629218768540849
165,CS(=O)(=O)c1cc(F)cc2c3c(n(Cc4ccc(Cl)cc4)c12)C(CC(=O)O)CC3,2.4,0.8754687373538999,0.2629218768540849
1756,Cc1cc2c(cc1Cc1ccc(-c3cocn3)cc1)C(=O)N([C@H]1CCOC[C@@H]1O)C2,2.4,0.8754687373538999,0.2629218768540849
516,COc1cc(C(=O)NC2(C(=O)N[C@H](C)c3ncc(-c4cc(Cl)cc(Cl)c4OCC(F)F)cc3F)CC2)on1,2.4,0.8754687373538999,0.2629218768540849
505,C[C@@H](NC(=O)[C@@](C)(O)C(F)(F)F)c1ncc(-c2cc(Cl)cc(F)c2-c2nnn(C)n2)cc1Cl,2.4,0.8754687373538999,0.2629218768540849
1874,COc1cnc(-n2ccnn2)c2[nH]cc(C(=O)C(=O)N3CCN(C(=O)c4ccccc4)CC3)c12,2.4,0.8754687373538999,0.2629218768540849
1385,O=C(c1ccc(F)cc1)N1CCN2C(=O)c3cc[n+]([O-])cc3C12c1ccc(Cl)cc1,2.4,0.8754687373538999,0.2629218768540849
1193,Cc1nc(C)c(-c2ccc(-c3ccc([C@H](C)C(=O)O)cc3Cl)c(F)c2)nc1C(N)=O,2.4,0.8754687373538999,0.2629218768540849
394,O=C(NC1Cc2ccccc2N(C[C@@H](O)CO)C1=O)c1cc2cc(Cl)sc2[nH]1,2.4,0.8754687373538999,0.2629218768540849
31,CC(C)Cn1c2ccc(C(=O)c3cccs3)cc2c2c3c(c4c(c21)CCc1nn(C)cc1-4)C(=O)NC3,2.36,0.8586616190375187,0.2617803812097616
1278,CC(C)c1cc(Oc2c(Cl)cc(-n3nc(C#N)c(=O)[nH]c3=O)cc2Cl)n[nH]c1=O,2.35,0.8544153281560676,0.2614919842071069
920,O=C(O)c1ccc(-c2cc3cccnc3c(-c3ccc4nonc4c3)n2)cc1,2.34,0.85015092936961,0.2612023573627683
143,CCCCCOc1ccc(-c2ccc(-c3ccc(C(=O)N[C@H]4CCCNC(=O)C5C[C@H](N=C(N)N)CN5C(=O)[C@H]([C@@H](C)O)NC(=O)[C@H](CCc5ccc(O)c(NC(=O)CN)c5)NC(=O)[C@@H]5C[C@@H](O)CN5C(=O)[C@H]([C@@H](C)O)NC4=O)cc3)cc2)cc1,2.333,0.847154993039293,0.2609988811803942
40,CCCc1cc(Oc2ccccc2)ccc1OCCCOc1ccc(C2SC(=O)NC2=O)cc1,2.3,0.8329091229351039,0.2600313388350964
487,COC(=O)Nc1cccc(CCN2CCN(c3cccc4nc(C)ccc34)CC2)c1,2.3,0.8329091229351039,0.7291880624671648
534,O=C(O)C1CN(Cc2ccc(-c3cc4cc(Cc5ccccc5)ccc4o3)c(F)c2)C1,2.3,0.8329091229351039,0.2600313388350964
869,Cc1c(F)cc(C(=O)NC2CC2)cc1-c1c(F)cn2c(C(C)(C)C)nnc2c1F,2.3,0.8329091229351039,0.2600313388350964
616,Cc1cc(Nc2nc(N[C@@H](C)c3ccc(F)cn3)c(C#N)cc2Cl)n[nH]1,2.3,0.8329091229351039,0.2600313388350964
1351,C[C@@H]1CN2c3c(cc4c(C(F)(F)F)noc4c3F)CC3(C(=O)NC(=O)NC3=O)[C@H]2[C@H](C)O1,2.3,0.8329091229351039,0.2600313388350964
313,CCn1c(-c2nonc2N)nc2cnc(Oc3cccc(NC(=O)c4ccc(CN)cc4)c3)cc21,2.3,0.8329091229351039,0.2600313388350964
1746,CC(=O)N1CCN(c2cc(-c3cc(C(F)(F)F)c4c(N)ncnn34)ccc2C#N)C(=O)C1(C)C,2.3,0.8329091229351039,0.2600313388350964
501,O=C(Nc1cc(-c2ccccc2)cn(CC(F)(F)F)c1=O)N1CCC(n2c(=O)[nH]c3ncccc32)CC1,2.3,0.8329091229351039,0.2600313388350964
274,Cc1cc(CCC(=O)O)ccc1-c1noc(-c2ccc(OC(C)C)c(C#N)c2)n1,2.3,0.8329091229351039,0.2600313388350964
1870,COc1nc(F)cnc1NS(=O)(=O)c1cccc(Cl)c1Cl,2.3,0.8329091229351039,0.2600313388350964
379,NC(Cc1nc(-c2ccc(F)cn2)no1)C(=O)NC1=C(C(=O)O)CC(c2cc(F)cc(F)c2)CC1,2.3,0.8329091229351039,0.2600313388350964
219,CC1(C)C=C(C(F)(F)F)c2cc(Cl)c(OCCCOc3ccc(CC(C)(C)C(=O)O)cc3)cc2O1,2.3,0.8329091229351039,0.2600313388350964
643,Cc1cc(Nc2cc(F)c(C(F)(F)F)c(F)c2)n2ncnc2n1,2.3,0.8329091229351039,0.2600313388350964
1504,CC(C)n1c(C(=O)N(C)C)c2c(c(O)c1=O)C(=O)N(Cc1ccc(F)c(Cl)c1)CC2,2.3,0.8329091229351039,0.2600313388350964
74,O=C(c1ccc(Cl)cc1)N1CCC(=Cc2ccc(C3=NCCO3)cc2)CC1,2.3,0.8329091229351039,0.2600313388350964
1986,CS(=O)(=O)Nc1nnc2cc(OCC34CC5CC(CC(C5)C3)C4)c(C3CC3)cn12,2.3,0.8329091229351039,0.2600313388350964
240,COC[C@H](C)Oc1cc(OC(C)C)cc(C(=O)Nc2ccc(C(=O)O)cn2)c1,2.3,0.8329091229351039,0.2600313388350964
496,O=C(O)c1ccc(CCCc2c(CCNS(=O)(=O)c3ccccc3-c3ccccc3)n(C(c3ccccc3)c3ccccc3)c3ccc(Cl)cc23)cc1,2.3,0.8329091229351039,0.2600313388350964
59,Nc1cnc(-c2cccc(Cl)c2)n(CC(=O)NC(Cc2ccccc2)C(=O)C(F)(F)C(=O)NCc2ccccc2)c1=O,2.283,0.8254903675476585,0.2595274763167481
1361,O=C(NC[C@@H]1OC(=O)N2c3ccc(N4CCCCC4=O)cc3OC[C@@H]12)c1ccc(Cl)s1,2.283,0.8254903675476585,0.2595274763167481
303,CCCn1c(=O)c2nc([C@]34CC[C@](C(=O)O)(CC3)CC4)[nH]c2n(CCC)c1=O,2.26,0.8153648132841944,0.2588397750778726
194,C[C@@H]1CN(c2ccc(C#N)c(C(F)(F)F)c2)[C@@H](C)CN1C(=O)Nc1ccc(C(F)(F)F)nc1,2.217,0.7961549306341744,0.2575350899462406
103,Cn1c(=O)c2[nH]cnc2n(C)c1=O,2.2,0.7884573603642703,0.2570122910482044
224,CS(=O)(=O)c1ccc2c(c1)nc1n2C[C@H](N)[C@@H](c2cc(F)c(F)cc2F)C1.O=C(O)C(F)(F)F,2.2,0.7884573603642703,0.2570122910482044
51,C[C@@H](NC(=O)C1(O)CCC(F)(F)CC1)c1ncc(-c2cc(Cl)cc(F)c2-c2nnn(C)n2)cc1F,2.2,0.7884573603642703,0.2570122910482044
66,CC(CSC(CCc1ccccc1C(C)C)c1cccc(OCc2ccc3ccc(Cl)cc3n2)c1)C(=O)[O-].[Na+],2.2,0.7884573603642703,0.2570122910482044
554,CNC1CCc2cc(N3CC[C@H](NS(=O)(=O)/C=C/c4ccc(Cl)s4)C3=O)ccc21,2.2,0.7884573603642703,0.2570122910482044
1554,Cc1ccc(-c2cccc(CO)c2)nc1C(=O)Nc1c(C)ccc(C(=O)O)c1C,2.2,0.7884573603642703,0.2570122910482044
1011,O=C(C(=O)N1CCN(C(=O)c2ccccc2)CC1)c1c[nH]c2c(-c3cc[nH]n3)ncc(F)c12,2.2,0.7884573603642703,0.2570122910482044
382,Cc1cc(SCc2nc(-c3ccc(OC(F)(F)F)cc3)ns2)ccc1OC(C)(C)C(=O)O,2.2,0.7884573603642703,0.2570122910482044
945,CC(C)c1c(C(=O)NC2C3CC4CC(C3)CC2C4)cnn1-c1ccc(C(=O)O)cc1,2.2,0.7884573603642703,0.2570122910482044
324,CO[C@@](C)(Cc1ccc(OCCc2nc(-c3ccccc3)oc2C)nc1)C(=O)O,2.2,0.7884573603642703,0.2570122910482044
367,O=C(O)C1CN(Cc2ccc(-c3noc(-c4cc(-c5ccccc5)c(C(F)(F)F)s4)n3)cc2)C1,2.2,0.7884573603642703,0.2570122910482044
1490,CCCC(c1ccc(C(=O)NCCC(=O)O)cc1)n1nc(-c2cc(C(F)(F)F)ccc2OC)c2ccc(-c3ccc(OC(F)(F)F)cc3)cc21,2.2,0.7884573603642703,0.2570122910482044
357,c1ccc(CNCc2ccc(CN(Cc3nc4ccccc4[nH]3)[C@H]3CCCc4cccnc43)cc2)nc1,2.2,0.7884573603642703,0.2570122910482044
371,O=C(O)CC1C(c2ccc(OCCc3ccc4c(n3)NCCC4)cc2)C1(Cl)Cl,2.2,0.7884573603642703,0.2570122910482044
97,CN[C@H](CC(C)C)C(=O)N[C@H]1C(=O)N[C@@H](CC(N)=O)C(=O)N[C@H]2C(=O)N[C@H]3C(=O)N[C@H](C(=O)N[C@H](C(=O)O)c4cc(O)cc(O)c4-c4cc3ccc4O)[C@H](O)c3ccc(c(Cl)c3)Oc3cc2cc(c3OC2OC(CO)C(O)C(O)C2OC2CC(C)(NC(=O)OCc3cc(C)c(OC(=O)CNC(=O)COCCO)c(C)c3)C(O)C(C)O2)Oc2ccc(cc2Cl)[C@H]1O,2.185,0.7816158285475535,0.2565476320494235
23,COc1cc2nccc(Oc3ccc4c(C(=O)NC5CC5)cccc4c3)c2cc1OC,2.183,0.7807000775678068,0.2564854366310901
1850,C[C@@H]1CC(=O)Nc2ncnc(N3CCC(c4nc(C(F)(F)F)cn4CCN4CCCC4)CC3)c21,2.18,0.7793248768009977,0.2563920365814306
930,Cc1ccccc1-n1nc(-c2c(-c3ccc(F)cc3)nn3c2NC[C@@H](CO)C3)ccc1=O,2.17,0.7747271675523681,0.2560797721597504
745,Cl.O=c1c2c3n(c(=O)cc2[nH]n1-c1ccccc1Cl)CCCN(Cc1ccccc1)C3,2.167,0.7733437225542219,0.2559858121833989
974,O=C(Nc1ccc(-c2ccnc(Nc3ccc(N4CCOCC4)cc3)n2)cc1)[C@H]1CCCN1,2.154,0.7673265787341967,0.2555771434674102
285,O=C(O)C[C@@H]1CN[C@@H](c2ccc(-c3noc(-c4ccc([C@@H]5CCC(F)(F)C5)cc4)n3)cc2)C1,2.1,0.7419373447293773,0.2538527729070529
424,O=C(Nc1ccc(Cl)cn1)[C@H]1CN(CC(F)F)C[C@@H]1C(=O)Nc1ccc(-n2ccccc2=O)cc1F,2.1,0.7419373447293773,0.2538527729070529
574,O=C1[C@@H](NS(=O)(=O)c2ccc3cc(Cl)ccc3c2)CCN1c1ccc2c(c1F)CCNC2,2.1,0.7419373447293773,0.2538527729070529
1383,O=C(c1ccc(F)cc1)N1CCN2C(=O)c3ccccc3C12c1ccc(Cl)cc1,2.1,0.7419373447293773,0.2538527729070529
119,CCn1nc(Cc2ccc(OC)c(OC)c2)cc1C1CCN(C[C@H]2CN([C@@H](C(=O)O)C(C)(C)C)C[C@@H]2c2cccc(F)c2)CC1,2.1,0.7419373447293773,0.2538527729070529
272,CC(C)c1c(NC(=O)Nc2ccc(Cl)cc2)c(=O)n(-c2ccccc2)n1C,2.1,0.7419373447293773,0.2538527729070529
1920,COc1cc2ccc3cc2cc1CCCCCCOC(=O)N[C@@H](C(C)(C)C)C(=O)N1C[C@@]3(OC)C[C@H]1C(=O)N[C@]1(C(=O)NS(=O)(=O)C2CC2)C[C@H]1C1CC1,2,0.6931471805599453,0.2505390721978155
1942,O=C(O)c1ccc(NC(=O)c2cc(Cl)c(OC3CCCC3)c(Cl)c2)cc1,2,0.6931471805599453,0.2505390721978155
478,CC(C)(F)C[C@H](N[C@@H](c1ccc(-c2ccc(S(C)(=O)=O)cc2)cc1)C(F)(F)F)C(=O)NC1(C#N)CC1,2,0.6931471805599453,0.2505390721978155
977,Cc1ccc(-n2nc(C(C)(C)C)cc2NC(=O)Nc2cc(-c3ccc4ncccc4c3)[nH]n2)cc1,2,0.6931471805599453,0.2505390721978155
1593,COc1cnc2ccn([C@H](C)c3nnc4c(F)cc(-c5cnn(C)c5)cn34)c(=O)c2c1,2,0.6931471805599453,0.2505390721978155
952,CCCSc1c(C(=O)NC2C3CC4CC(C3)CC2C4)cnn1-c1ccc(C(=O)O)cc1,2,0.6931471805599453,0.2505390721978155
170,COc1ccc(Oc2ccc3c(c2)C[C@@H](NC[C@H](O)c2ccc(Cl)cc2)CC3)cc1C(=O)O,2,0.6931471805599453,0.2505390721978155
465,O=C(O)C1=CCCN(C2CC[C@]3(Cc4ccccc4Cc4ccccc43)C2)C1,2,0.6931471805599453,0.2505390721978155
192,O=C(O)Cc1ccc(C(=O)c2ccc(Oc3ccc(Br)cc3)cc2)cc1,2,0.6931471805599453,0.2505390721978155
1449,O=C(O)c1cccc(-c2cccc(CCS)c2C(=O)O)c1,2,0.6931471805599453,0.2505390721978155
1577,Cn1ncnc1[C@H]1c2n[nH]c(=O)c3cc(F)cc(c23)N[C@@H]1c1ccc(F)cc1,2,0.6931471805599453,0.2505390721978155
45,Cc1ncc(NC(=O)c2cc(NC(=O)c3cc(F)cc(C(F)(F)F)c3)ccc2Cl)s1,2,0.6931471805599453,0.2505390721978155
443,Cn1ncc2c(Oc3ccc(S(C)(=O)=O)cc3)nc(-c3cccc4[nH]ncc34)nc21,2,0.6931471805599453,0.2505390721978155
698,Nc1ncnc2c1O[C@@H](c1ccc([C@H]3CC[C@H](CC(=O)O)CC3)cc1)CO2,2,0.6931471805599453,0.2505390721978155
157,O=C(O)CCNC(=O)c1ccc(CN(c2ccc(OC(F)(F)F)cc2)c2nc(-c3ccc(C(F)(F)F)cc3)cs2)cc1,2,0.6931471805599453,0.2505390721978155
1991,O=S(=O)(Nc1ncns1)c1ccc(OCc2ccc(OC(F)(F)F)c(Cl)c2)cc1,2,0.6931471805599453,0.2505390721978155
1700,C[C@]1(C(=O)O)CC[C@@](C)(c2nc(-c3ccc(C(=O)Nc4cc(C(F)(F)F)ccn4)cc3)c3c(N)nccn23)C1,2,0.6931471805599453,0.2505390721978155
1810,COc1nn(C)c2ncnc(NS(=O)(=O)c3cccc(Cl)c3Cl)c12,2,0.6931471805599453,0.7196957958298839
28,CC(=O)c1cccc(CC[C@H](SC[C@@H](C)C(=O)O)c2cccc(/C=C/c3ccc4ccc(Cl)cc4n3)c2)c1,2,0.6931471805599453,0.2505390721978155
454,CCNCc1cncc(-c2cnc3[nH]nc(-c4nc5cc(F)ccc5[nH]4)c3c2)c1,2,0.6931471805599453,0.2505390721978155
1797,Cn1cc(-c2cccc(N3CCc4c(sc5c4CCCC5)C3=O)c2CO)cc(Nc2ccncn2)c1=O,2,0.6931471805599453,0.2505390721978155
1539,CC(C)(C)C1Cc2[nH]c(=O)c3ccccc3c2CO1,2,0.6931471805599453,0.2505390721978155
488,Cc1ccc2c(N3CCN(CCc4cccc(NC(=O)Nc5ccccc5)c4)CC3)cccc2n1,2,0.6931471805599453,0.7196957958298839
273,O=C(N[C@@H](Cc1ccc(F)c(Br)c1)C(=O)O)c1cc(Cl)c(Cl)cc1NS(=O)(=O)c1cccc2nccnc12,2,0.6931471805599453,0.2505390721978155
1140,N#Cc1ccc(O[C@H]2CC[C@H](NC(=O)CCSc3nc4ccccc4c(=O)[nH]3)CC2)cc1,2,0.6931471805599453,0.2505390721978155
668,Cc1nc(-c2ccccc2)n(C)c1CC(=O)NCc1ccc(F)c(F)c1F,2,0.6931471805599453,0.7196957958298839
1209,CCCSc1nc(N2C[C@@H]3[C@H](C2)[C@H]3C(=O)O)ccc1C(=O)NC1CCCCC1,2,0.6931471805599453,0.2505390721978155
1576,Cn1ncnc1[C@H]1c2n[nH]c(=O)c3cccc(c23)N[C@@H]1c1ccc(F)cc1,2,0.6931471805599453,0.2505390721978155
1088,CC(=O)Nc1cn2cc(-c3cnc(N)c(C(F)(F)F)c3)ccc2n1,2,0.6931471805599453,0.2505390721978155
1103,COc1ccc(/C=C/C(=O)Nc2ccccc2C(=O)O)cc1OC,2,0.6931471805599453,0.2505390721978155
1925,COC(=O)N[C@H](C(=O)N1CCC[C@H]1c1ncc(-c2cc(F)c3c(c2)O[C@@H](c2ccc4c(c2)OCCN4C)n2c-3cc3cc(-c4cnc([C@@H]5CCCN5C(=O)[C@@H](N[C@H](O)OC)C5CCOCC5)[nH]4)ccc32)[nH]1)C(C)C,2,0.6931471805599453,0.2505390721978155
889,FC(F)(F)Oc1ccc(-c2nnc(CCCCc3ccc4cccnc4n3)o2)cc1Cl,2,0.6931471805599453,0.2505390721978155
319,CCN(NC(=O)C(F)(F)F)C(=O)N[C@H](C)c1ncc(-c2cc(Cl)cc(F)c2OCC(F)F)cc1F,2,0.6931471805599453,0.2505390721978155
1869,COc1nccnc1NS(=O)(=O)c1cccc(Cl)c1Cl,2,0.6931471805599453,0.2505390721978155
148,COc1ccc(S(=O)(=O)Nc2cc(Cl)cc(Cl)c2Cl)cc1N1CCNCC1,2,0.6931471805599453,0.2505390721978155
1552,O=C(O)C1(Sc2ccnc3ccc(C(F)(F)F)cc23)CCC1,2,0.6931471805599453,0.2505390721978155
157,c1ccc2c(c1)c1c(N3CCCC3)nc(N3CCCC3)nc1n2CCN1CCOCC1,2,0.6931471805599453,0.2505390721978155
1374,COc1cccc(CNC(=O)c2nc3scc(NC(=O)Cc4ccccc4)c3c(=O)[nH]2)c1,2,0.6931471805599453,0.2505390721978155
867,Cc1nnc(-c2ccc(F)c(-c3c(=O)ccn4nc(Oc5ccc(F)cc5F)ccc34)c2)o1,2,0.6931471805599453,0.2505390721978155
259,CCCCCOC(=O)N1CCN(C(=O)[C@H](CCC(=O)O)NC(=O)c2cc(N3CCC(C(=O)N4CCCC4)CC3)nc(-c3ccccc3)n2)CC1,2,0.6931471805599453,0.2505390721978155
1443,CC(C)Cn1cc(C#N)c2cc(Oc3ccc(NC(=O)[C@@H]4CCCN4)cc3)ccc21,2,0.6931471805599453,0.2505390721978155
1720,O=C(NC12CCC(C(=O)O)(CC1)CC2)[C@@H]1NC2(CCCCC2)[C@@]2(C(=O)Nc3cc(Cl)ccc32)[C@H]1c1cccc(Cl)c1F,1.983,0.6846108495376589,0.2499593068569037
1712,CC(C)CCCCC(=O)N[C@@H](CCN)C(=O)N[C@H](C(=O)N[C@@H](CCN)C(=O)N[C@H]1CCNC(=O)[C@H]([C@@H](C)O)NC(=O)[C@H](CCN)NC(=O)[C@H](CCN)NC(=O)[C@H](CC(C)C)NC(=O)[C@@H](Cc2ccccc2)NC(=O)[C@H](CCN)NC1=O)[C@@H](C)O,1.96,0.6729444732424258,0.2491669570039806
832,O=c1[nH]c([C@@H]2CCCN2)nc2c1oc1ccc(Cl)cc12,1.95,0.6678293725756554,0.2488195527064989
54,O=c1c2c(oc(O)c1[C@H](c1cccc(NS(=O)(=O)c3ccc(F)cc3)c1)C1CC1)CCCCCC2,1.917,0.6507614640635074,0.2476603448722006
119,O=C(c1ccc(C(F)(F)F)cc1)N1CCN(S(=O)(=O)c2cc(C3CC3)cc(C(F)(F)F)c2)CC1,1.9,0.6418538861723947,0.2470553654121425
132,CC[C@H](C)[C@H](C(=O)O)N1C[C@H](CN2CCC(c3cc(Cc4ccc(OC5CC5)cc4)nn3CC)CC2)[C@@H](c2cccc(F)c2)C1,1.9,0.6418538861723947,0.2470553654121425
188,CCONC(=O)c1cn(C)c(=O)c(C)c1Nc1ccc(Br)cc1F,1.9,0.6418538861723947,0.2470553654121425
238,COC[C@H](C)Oc1cc(O[C@@H](C)Cc2ccccc2)cc(C(=O)Nc2ccc(C(=O)O)cn2)c1,1.9,0.6418538861723947,0.2470553654121425
1643,CCCCC(NC(=O)[C@H](CCC(=O)O)NC(=O)[C@H](CC(=O)O)NC(=O)[C@H](CO)NC(=O)[C@H](Cc1ccccc1)NC(=O)[C@H](CO)NC(=O)CNC(=O)[C@H](CC(=O)O)NC(=O)CNC(=O)[C@H](N)Cc1cnc[nH]1)C(=O)N[C@@H](CC(N)=O)C(=O)N[C@H](C(=O)N[C@H](C(=O)N[C@@H](CC(C)C)C(=O)N[C@@H](CC(=O)O)C(=O)NC(Cc1ccc(N)cc1)C(=O)N[C@H](CC(C)C)C(=O)N[C@H](C)C(=O)N[C@H](C)C(=O)N[C@H](CCCNC(=N)N)C(=O)N[C@H](CC(=O)O)C(=O)N[C@H](Cc1ccccc1)C(=O)N[C@@H](C(=O)N[C@H](CC(N)=O)C(=O)N[C@@H](Cc1c[nH]c2ccccc12)C(=O)N[C@@H](CC(C)C)C(=O)N[C@H](C(=O)N[C@@H](CCC(N)=O)C(=O)N[C@H](C(=O)N[C@H](CCCCN)C(N)=O)[C@@H](C)O)[C@H](C)CC)[C@@H](C)CC)[C@H](C)CC)[C@@H](C)O,1.9,0.6418538861723947,0.2470553654121425
1038,Cc1nc(-c2nc3c(s2)CCOc2cc(-c4cnn(CCO)c4)ccc2-3)n(C(C)C)n1,1.9,0.6418538861723947,0.2470553654121425
412,COC(=O)c1c(Cl)cc(Cl)cc1-c1ccc([C@@H](C)NC(=O)C2(NC(=O)C(F)(F)F)CC2)c(F)c1,1.9,0.6418538861723947,0.2470553654121425
435,CCc1ccc(O[C@H](C)CCOc2ccc(CCC(=O)O)c(CC)c2)c(-c2ccccn2)c1,1.9,0.6418538861723947,0.2470553654121425
166,CC(=O)c1cc(F)cc2c3c(n(Cc4ccc(Cl)cc4)c12)C(CC(=O)O)CC3,1.9,0.6418538861723947,0.2470553654121425
507,O=S(=O)(N[C@@H]1Cc2ccc(Cn3cc(CO)c(C(F)(F)F)n3)cc2C1)C(F)(F)F,1.9,0.6418538861723947,0.2470553654121425
587,CC[C@H](NC(=O)c1c(O)c(-c2ccccc2)nc2ccccc12)c1ccccc1,1.9,0.6418538861723947,0.2470553654121425
1341,CN1CCC(S(=O)(=O)c2ccc3nc(NC(=O)NC(=O)c4cc(N5CCOCC5)ccc4Cl)sc3c2)CC1,1.9,0.6418538861723947,0.2470553654121425
1736,Cc1ccc(Sc2ccc(Sc3nnc[nH]3)nc2C(=O)Nc2ncns2)cn1,1.9,0.6418538861723947,0.2470553654121425
1544,Cc1ccc(C(=O)O)c(C)c1NC(=O)c1cc(-c2cccc(Cl)c2)cc2ccccc12,1.9,0.6418538861723947,0.2470553654121425
23,CC(=O)NC[C@H]1CN(c2ccc3c(c2)C[C@@H](C)N3C=O)C(=O)O1,1.84,0.6097655716208943,0.2448760107717628
1311,Cc1cc(OCCCS(C)(=O)=O)cc(C)c1-c1cccc(COc2ccc(OCC(=O)O)c(F)c2)c1,1.833,0.6059539688575679,0.2446171366524566
1237,CC(C)[C@@H](CS(=O)(=O)C(C)(C)C)N1C(=O)[C@@H](CC(=O)O)O[C@H](c2cccc(Cl)c2)[C@H]1c1ccc(Cl)cc1,1.833,0.6059539688575679,0.2446171366524566
30,COc1cc(C(=O)NS(=O)(=O)c2ccccc2C)ccc1Cc1cn(C)c2ccc(C(=O)NCC(C)CC(F)(F)F)cc12,1.833,0.6059539688575679,0.2446171366524566
249,CNc1cc(-c2cccnc2Nc2c(C)ccc3c(Nc4ccc(C#N)cc4)nccc23)ncn1,1.833,0.6059539688575679,0.2446171366524566
53,CC(=O)Nc1nc2c(Oc3cc(-c4ccc(C(F)(F)F)cc4NC(C)c4ccccn4)ncn3)cccc2s1,1.833,0.6059539688575679,0.2446171366524566
1796,CC(C)(O)CC(=O)N1CCC(c2ccc(NC(=O)N3Cc4ccccc4C3)cc2)CC1,1.833,0.6059539688575679,0.2446171366524566
1626,CCCCC(NC(=O)[C@H](CCC(=O)O)NC(=O)[C@H](CC(=O)O)NC(=O)[C@H](CO)NC(=O)[C@H](Cc1ccccc1)NC(=O)[C@H](CO)NC(=O)CNC(=O)[C@H](CC(=O)O)NC(=O)CNC(=O)[C@@H](N)Cc1cnc[nH]1)C(=O)N[C@@H](Cc1ccccc1)C(=O)N[C@H](C(=O)N[C@H](C(=O)N[C@@H](CC(C)C)C(=O)N[C@@H](CC(=O)O)C(=O)N[C@@H](CC(N)=O)C(=O)N[C@@H](CC(C)C)C(=O)N[C@@H](C)C(=O)N[C@@H](C)C(=O)N[C@@H](CCCNC(=N)N)C(=O)N[C@@H](CC(=O)O)C(=O)N[C@@H](Cc1ccccc1)C(=O)N[C@H](C(=O)N[C@@H](CC(N)=O)C(=O)N[C@@H](Cc1c[nH]c2ccccc12)C(=O)N[C@@H](CC(C)C)C(=O)N[C@H](C(=O)N[C@@H](CCC(N)=O)C(=O)N[C@H](C(=O)N[C@@H](CCCCN)C(N)=O)[C@@H](C)O)[C@@H](C)CC)[C@@H](C)CC)[C@@H](C)CC)[C@@H](C)O,1.8,0.5877866649021191,0.2433832607467916
206,CNc1nc2[nH]c(-c3cccc(CNC(=O)CCOC)c3)cc2c2c1ncn2C,1.8,0.5877866649021191,0.2433832607467916
1194,Cc1nc(C)c(-c2ccc(-c3ccc([C@H](C)C(=O)O)cc3Cl)cc2)nc1C(N)=O,1.8,0.5877866649021191,0.2433832607467916
489,Cc1ccc2c(N3CCN(CCc4cccc(NC(=O)c5csc(C)n5)c4)CC3)cccc2n1,1.8,0.5877866649021191,0.71253998437886
519,CN([C@@H]1CCc2c(CC(=O)O)c3ccc(F)cc3n2C1)S(=O)(=O)c1ccc(F)cc1,1.8,0.5877866649021191,0.2433832607467916
230,N=C(N)c1ccc2[nH]c(-c3cc(C(CC(=O)O)CC(=O)O)cc(-c4cccc([N+](=O)[O-])c4)c3O)cc2c1,1.8,0.5877866649021191,0.2433832607467916
1229,CC(C)(C)CC[C@H](c1ccc(C(=O)NCc2nn[nH]n2)cc1)N1C(=O)C(c2cc(Cl)cc(Cl)c2)=N[C@]12CC[C@@H](C(C)(C)C)CC2,1.8,0.5877866649021191,0.2433832607467916
162,O[C@@H](CN1c2cccc(-c3cccc(OC(F)(F)F)c3)c2CC[C@@H]1c1cccc(OC(F)(F)F)c1)C(F)(F)F,1.8,0.5877866649021191,0.2433832607467916
253,CN(C)C(=O)[C@@H](c1ccc(-c2ccn3ncnc3c2)cc1)[C@H](N)C(=O)N1CCC(F)(F)C1.O=C(O)C(F)(F)F,1.8,0.5877866649021191,0.2433832607467916
1168,CC(C)COc1ccc(-c2nc(N)[nH]c(=O)c2C#N)cc1C#N,1.8,0.5877866649021191,0.2433832607467916
1280,CC(C)(C)CN1CCC2(CC1)CN(c1ccccc1Nc1nnc(-c3ccc(C(C)(C)C)cc3)s1)c1c(O)ccc(C(F)(F)F)c12,1.8,0.5877866649021191,0.2433832607467916
1187,O=C(Nc1ccc(O[C@H]2CC[C@@H](C(=O)O)CC2)nc1F)c1nnc(Nc2cc(F)c(F)cc2F)o1,1.8,0.5877866649021191,0.2433832607467916
188,O[C@@H](CN1c2cccc(-c3cccc(OC(F)(F)F)c3)c2CC[C@@H]1c1cccc(OC(F)(F)C(F)F)c1)C(F)(F)F,1.8,0.5877866649021191,0.2433832607467916
130,CC[C@@H](C)[C@H](C(=O)O)N1C[C@H](CN2CCC(c3cc(Cc4ccc(OC)c(OC)c4)nn3CC)CC2)[C@@H](c2cccc(F)c2)C1,1.8,0.5877866649021191,0.2433832607467916
1042,Cc1nc(-c2cn3c(n2)-c2ccc(-c4cnn(C(C)(C)C(N)=O)c4)cc2OCC3)n(C(C)C)n1,1.8,0.5877866649021191,0.2433832607467916
1880,CCc1ncn(-c2ncc(OC)c3c(C(=O)C(=O)N4CCN(C(=O)c5ccccc5)[C@H](C)C4)c[nH]c23)n1,1.8,0.5877866649021191,0.2433832607467916
168,Cc1ccc2nc(CNC(=O)c3ccc4c(c3)CN(C)C(=O)[C@H](CC(=O)O)N4)nc-2[nH]1,1.8,0.5877866649021191,0.2433832607467916
1129,CN(CC1CC1)c1ncc(C(=O)N[C@@H]2CCCC[C@H]2O)cc1-c1ccc(Cl)cc1,1.73,0.5481214085096876,0.2406892999766815
1362,CS(=O)(=O)c1ccccc1-c1ccc2c(c1)OC[C@H]1[C@H](CNC(=O)c3ccc(Cl)s3)OC(=O)N21,1.717,0.5405785819153385,0.2401770108655289
383,Cc1ccc(-n2nc(C(C)(C)C)cc2NC(=O)Nc2ccc(OCCN3CCOCC3)c3ccccc23)cc1,1.7,0.5306282510621704,0.2395012103437108
1465,CO[C@H]1CC[C@H](N2CC(=O)Nc3ncc(-c4ccc(C(C)(C)O)nc4)nc32)CC1,1.7,0.5306282510621704,0.2395012103437108
213,Nc1c(C(=O)c2ccc(F)cc2F)cc[n+]([O-])c1-c1ccccc1Cl,1.7,0.5306282510621704,0.2395012103437108
497,C[C@H](Oc1ccc(S(C)(=O)=O)cc1C(=O)N1Cc2cc(C(F)(F)F)cnc2C1)C(F)(F)F,1.7,0.5306282510621704,0.2395012103437108
498,C[C@H](Oc1ccc(S(C)(=O)=O)cc1C(=O)N1Cc2ccc(C(F)(F)F)cc2C1)C(F)(F)F,1.7,0.5306282510621704,0.2395012103437108
113,CCOc1ccc(Cc2cc(C3CCN(C[C@H]4CN([C@@H](C(=O)O)C(C)(C)C)C[C@@H]4c4cccc(F)c4)CC3)n(CC)n2)cc1,1.7,0.5306282510621704,0.2395012103437108
1605,O=C(O)C1CN(Cc2ccc(-c3noc(-c4onc(-c5ccccc5)c4C(F)(F)F)n3)cc2)C1,1.7,0.5306282510621704,0.2395012103437108
1741,CNC(=O)c1c(-c2ccc(F)cc2)oc2ccc(-c3cc(C(=O)NC4(c5ncccn5)CC4)ccc3C)c(F)c12,1.7,0.5306282510621704,0.2395012103437108
132,O=S(=O)(c1ccccc1)n1cc(Cl)c2cc3c(cc21)CCNCC3,1.7,0.5306282510621704,0.7086579339757791
1491,CCCCC(c1ccc(C(=O)NCCC(=O)O)cc1)n1nc(-c2cc(C(F)(F)F)ccc2OC)c2ccc(-c3ccc(OC)cc3)cc21,1.7,0.5306282510621704,0.2395012103437108
1782,Cc1nnc2sc(C(=O)NCc3ccc(-c4ccc(F)nc4)cc3)c(N)c2c1C,1.7,0.5306282510621704,0.2395012103437108
575,O=C1[C@@H](NS(=O)(=O)c2ccc3cc(Cl)ccc3c2)CCN1c1cc2c(cc1F)CNCC2,1.7,0.5306282510621704,0.2395012103437108
201,O=c1c(C2=NS(=O)(=O)c3ccccc3N2)c(O)c2ccccc2n1CCC1CC1,1.7,0.5306282510621704,0.2395012103437108
344,O=C(Nc1cccnc1)N1CC(/C=C\Cc2cccc(Oc3ccc(C(F)(F)F)cn3)c2)C1,1.7,0.5306282510621704,0.2395012103437108
86,COC(=O)N[C@@H](C(=O)N1CCC[C@H]1C(=O)NCc1csc(C(=N)N)c1)C(c1ccccc1)c1ccccc1,1.7,0.5306282510621704,0.2395012103437108
980,COc1cc(C)ccc1S(=O)(=O)NC(=O)[C@@H](c1ccc2c(c1)OCO2)c1cn(C)c2cc(CO)ccc12,1.7,0.5306282510621704,0.2395012103437108
33,COc1cc(C(=O)NS(=O)(=O)c2ccccc2C)ccc1Cc1cn(C)c2ccc(C(=O)NC[C@@H](C)CC(F)(F)F)cc12,1.667,0.511025603768657,0.238169849661794
152,Cn1c2c(c3c(N4CCCC4)nc(N4CCCC4)nc31)CCCC2,1.667,0.511025603768657,0.238169849661794
1786,CC[C@@H]1C[C@H](N(Cc2cc(C(F)(F)F)cc(C(F)(F)F)c2)c2ncc(N3CCOCC3)cn2)C[C@H](Cc2ccccc2)N1C(=O)OC(C)(C)C,1.667,0.511025603768657,0.238169849661794
1177,COC(=O)N[C@H](C(=O)N1CCC[C@H]1C(=O)Nc1ccc([C@H]2CC[C@H](c3ccc(NC(=O)[C@@H]4CCCN4C(=O)[C@@H](NC(=O)OC)C(C)(C)C)cc3)N2c2ccc(F)cc2)cc1)C(C)(C)C,1.667,0.511025603768657,0.238169849661794
1855,C[C@@H](N[C@H]1CCN(c2ccc(CC(=O)O)cc2)C1)c1cccc2ccccc12.Cl.Cl,1.667,0.511025603768657,0.238169849661794
1268,COc1cc(-c2ccc(COc3cccc([C@@H](CC(=O)O)C4CC4)c3)cc2[C@@H]2CCCC2(C)C)c(F)cn1,1.667,0.511025603768657,0.238169849661794
1429,Cc1nc(N)c2c(-c3ccc4c(c3)CCN4CC(=O)c3cc(F)cc(C(F)(F)F)c3)cn(C)c2n1,1.667,0.511025603768657,0.238169849661794
538,O=C(O)c1ccc2c(c1)nc(Nc1cccc(Cl)c1)c1ccncc12,1.667,0.511025603768657,0.238169849661794
29,COc1cc2nccc(Oc3ccc4c(C(=O)Nc5ccc(Cl)cc5)cccc4c3F)c2cc1OC,1.667,0.511025603768657,0.238169849661794
361,COCCn1cc(C2CCN(CCOc3ccccc3C(=O)O)CC2)c2ccc(F)cc21,1.667,0.511025603768657,0.238169849661794
1293,O=C(O)c1ccccc1NC(=O)N1CCN(c2ncccc2C(F)(F)F)CC1,1.667,0.511025603768657,0.238169849661794
202,Cc1ccc2c(c1)c(O)c(C1=NS(=O)(=O)c3ccccc3N1)c(=O)n2CCC(C)C,1.65,0.5007752879124892,0.237473674940911
820,Cc1c(-c2ccc(-c3ccc(OC(F)(F)F)cc3)nc2)nc2ccccc2c1OC(=O)N1CCOCC1,1.633,0.49041881398832804,0.2367702902409023
98,CN[C@H](CC(C)C)C(=O)N[C@H]1C(=O)N[C@@H](CC(N)=O)C(=O)N[C@H]2C(=O)N[C@H]3C(=O)N[C@H](C(=O)N[C@H](C(=O)O)c4cc(O)cc(O)c4-c4cc3ccc4O)[C@H](O)c3ccc(c(Cl)c3)Oc3cc2cc(c3OC2OC(CO)C(O)C(O)C2OC2CC(C)(NC(=O)OCc3cc(C)c(OC(=O)CNC(=O)CC(NC(=O)COCCO)C(=O)NCC(=O)Oc4c(C)cc(COC(=O)NC5(C)CC(OC6C(Oc7c8cc9cc7Oc7ccc(cc7Cl)[C@@H](O)[C@@H](NC(=O)[C@@H](CC(C)C)NC)C(=O)N[C@@H](CC(N)=O)C(=O)N[C@H]9C(=O)N[C@H]7C(=O)N[C@H](C(=O)N[C@H](C(=O)O)c9cc(O)cc(O)c9-c9cc7ccc9O)[C@H](O)c7ccc(c(Cl)c7)O8)OC(CO)C(O)C6O)OC(C)C5O)cc4C)c(C)c3)C(O)C(C)O2)Oc2ccc(cc2Cl)[C@H]1O,1.63,0.4885800148186709,0.2366454037967519
1559,CC(C)CN1CCC(NC(=O)c2ccc(OC3CCN(C(C)C)CC3)cc2)C1,1.617,0.48057258059496977,0.2361015597470761
1885,O[C@H]1CNCCC[C@@H]1n1c2ccc(C(F)(F)F)cc2c2cc(C(F)(F)F)ccc21,1.605,0.4731237565819792,0.2355956550460975
1534,CCS(=O)(=O)n1cc2c(n1)CN([C@H]1CO[C@H](c3cc(F)ccc3F)[C@@H](N)C1)C2,1.6,0.47000362924573563,0.2353837441344819
1115,NS(=O)(=O)NC[C@H]1COc2cc(Cl)ccc2O1,1.6,0.47000362924573563,0.2353837441344819
289,CN[C@H](C)c1ccc(N2CC[C@H](NS(=O)(=O)c3ccc4cc(Cl)ccc4c3)C2=O)c(F)c1,1.6,0.47000362924573563,0.2353837441344819
513,C[C@@H](NC(=O)C1(NC(=O)C(F)(F)F)CC1)c1ccc(-c2cc(Cl)cc(Cl)c2OC(CF)CF)cc1F,1.6,0.47000362924573563,0.2353837441344819
301,CCCn1c(=O)c2nc(C34CCC(CCC(=O)O)(CC3)CC4)[nH]c2n(CCC)c1=O.Cl,1.6,0.47000362924573563,0.2353837441344819
135,CC[C@H](C)[C@H](C(=O)O)N1C[C@H](CN2CCC(c3cc(Cc4ccc(C(C)(C)C)cc4)nn3CC)CC2)[C@@H](c2cccc(F)c2)C1,1.6,0.47000362924573563,0.2353837441344819
1702,Cc1c(CC(=O)O)c2cccnc2n1Cc1ccc(S(C)(=O)=O)cc1C(F)(F)F,1.6,0.47000362924573563,0.2353837441344819
1941,CCOc1c(Cl)cc(C(=O)Nc2ccc(C(=O)O)c(C)c2)cc1Cl,1.6,0.47000362924573563,0.2353837441344819
713,Cc1cc(OC[C@@H]2CN(C)c3ccccc3O2)cc(C)c1C(=O)Nc1cc(CC(=O)O)ccc1Cl,1.6,0.47000362924573563,0.2353837441344819
1331,Cn1cc(-c2ccc(Oc3nccnc3-c3ccncc3)cc2)c2ncccc21,1.6,0.47000362924573563,0.2353837441344819
624,COC[C@H](C)Oc1cc(O[C@@H](C)Cc2ccc(Cl)o2)cc(C(=O)Nc2ccc(C(=O)O)cn2)c1,1.6,0.47000362924573563,0.2353837441344819
117,CC(C)c1nccc2c1c(Sc1ccc(Cl)c(Cl)c1)c1n2CC[C@@H]1CC(=O)O,1.6,0.47000362924573563,0.2353837441344819
628,CC(C)Oc1cc(OC2Cc3ccccc3C2)cc(C(=O)Nc2ccc(C(=O)O)cn2)c1,1.6,0.47000362924573563,0.2353837441344819
518,O=C(O)CCNC(=O)c1ccc(Cn2nc(-c3cc(Cl)cc(Cl)c3)cc2-c2ccc(OC(F)(F)F)cc2)cc1,1.6,0.47000362924573563,0.2353837441344819
1799,[2H]C([2H])([2H])Oc1ncc(-c2cc3c(C(=O)NC)c(-c4ccc(F)cc4)oc3nc2CCC(F)(F)F)cc1C(=O)NC(c1ncon1)(C([2H])([2H])[2H])C([2H])([2H])[2H],1.6,0.47000362924573563,0.2353837441344819
309,Nc1cc2c(ccc(=O)n2-c2c(F)cccc2F)c(-c2ccc(F)cc2F)n1,1.6,0.47000362924573563,0.2353837441344819
1330,N#Cc1c(O)nc(SCc2cccc(F)c2F)nc1C1CC1,1.6,0.47000362924573563,0.2353837441344819
304,CCCn1c(=O)c2nc([C@]34CC[C@](CCC(=O)O)(CC3)CC4)[nH]c2n(CCC)c1=O,1.56,0.44468582126144574,0.2336642246431652
1977,O=C(N[C@@H](c1ccc(OC(F)(F)F)c(F)c1)c1ncccc1F)c1ccc(=O)[nH]c1,1.533,0.42722659988967704,0.2324784398599566
753,Cc1nc(-c2ccc(Cl)cc2)sc1C(=O)N[C@H]1CCCN(c2cccc(C(=O)O)c2)C1,1.53,0.4252677354043441,0.2323453988926869
1021,CCC(O)(/C=C/c1ccc(C(CC)(CC)c2ccc(-c3ccc(CC(=O)O)cn3)c(C)c2)cc1C)CC,1.51,0.412109650826833,0.2314517361034967
1247,C[C@H](NC(=O)N1CCc2cccnc2[C@H]1c1ccc(C(F)(F)F)c(F)c1)C(F)(F)F,1.5,0.4054651081081644,0.2310004560905222
1104,Cc1cc2c(-c3ccc[nH]c3=O)c(C(=O)[O-])n(Cc3cc4ccccc4nc3Cl)c2cc1F.[Na+],1.5,0.4054651081081644,0.2310004560905222
189,CONC(=O)c1cn(C)c(=O)c(C)c1Nc1ccc(Br)cc1F,1.5,0.4054651081081644,0.2310004560905222
1558,CC(C)N1CCC(Oc2ccc(C(=O)NC3CCN(C(C)C)C3)cc2)CC1,1.5,0.4054651081081644,0.2310004560905222
1433,COc1cnc2ccc([C@H](C)c3nnc4c(F)cc(-c5cc(C)no5)cn34)cc2c1,1.5,0.4054651081081644,0.2310004560905222
1110,CCNC(=O)Nc1nc2cc(-c3ccc(N4CCC(C)(C(=O)O)CC4)nc3)cc(-c3ccccn3)c2s1,1.5,0.4054651081081644,0.2310004560905222
1254,CC(C)(C)S(=O)(=O)C[C@H](C1CC1)N1C(=O)[C@@](C)(Cc2ncc(C(=O)O)s2)C[C@H](c2cccc(Cl)c2)[C@H]1c1ccc(Cl)c(F)c1,1.5,0.4054651081081644,0.2310004560905222
1542,CC(=O)NC[C@H]1CN(c2ccc(-n3cc(-c4ccccn4)cn3)c(F)c2)C(=O)O1,1.5,0.4054651081081644,0.2310004560905222
642,Cc1cc(Nc2ccc(S(F)(F)(F)(F)F)cc2)n2ncnc2n1,1.5,0.4054651081081644,0.2310004560905222
185,CC1(C)Oc2ncnc(N)c2N=C1c1ccc(C23CCC(CC(=O)O)(CC2)CC3)cc1,1.5,0.4054651081081644,0.2310004560905222
1308,Cc1nc(-c2ccc(C(F)(F)F)cc2)sc1COc1ccc([C@H](CC(=O)O)c2ccon2)cc1,1.5,0.4054651081081644,0.2310004560905222
1438,COc1cnc2ccc(C(F)(F)c3nnc4c(F)cc(-c5cscn5)cn34)cc2c1,1.5,0.4054651081081644,0.2310004560905222
916,O=C(Nc1nc(-c2ccc(F)c(C(F)(F)F)c2)ns1)c1cnc(N2CCC(C(=O)O)CC2)c(Cl)c1,1.49,0.3987761199573678,0.2305461574597079
1272,COc1cc(-c2ccc(COc3cc([C@@H](CC(=O)O)C4CC4)ccn3)cc2[C@@H]2CCCC2(C)C)c(F)cn1,1.433,0.3597701488460348,0.2278969736265226
848,CC(=O)N[C@H]1[C@H]([C@H](O)[C@H](O)CO)OC(C(=O)O)=C[C@@H]1NC(=N)N,1.417,0.34854196070854343,0.2271343843705109
1185,Cc1cn(-c2ccc3n(c2=O)CCN(CCOc2ccc(Cl)cc2C(F)(F)F)C3=O)cn1,1.41,0.34358970439007686,0.22679804003648
1062,CCS(=O)(=O)Nc1cccc(-c2cc(=O)n(-c3ccc(Cl)c(Cl)c3)nc2C)c1,1.407,0.34145977813225203,0.2266533809997391
605,Cc1cc(C2(C(C)C)OC(=O)NC2=O)c(=O)[nH]c1-c1ccc2ccccc2c1,1.4,0.3364722366212129,0.2263146401874498
491,Cc1ccc2c(N3CCN(CCc4cccc(NS(C)(=O)=O)c4)CC3)cccc2n1,1.4,0.3364722366212129,0.6954713638195182
1120,Oc1cc(CSc2cccc(F)c2F)nc2nc(Cc3ccccc3)nn12,1.4,0.3364722366212129,0.2263146401874498
168,Cc1ccc(Nc2nccc(N(C)c3ccc4c(C)n(C)nc4c3)n2)cc1S(N)(=O)=O,1.4,0.3364722366212129,0.2263146401874498
577,O=C1[C@@H](NS(=O)(=O)/C=C/c2ccc(Cl)s2)CCN1c1cc2c(cc1F)CNCC2,1.4,0.3364722366212129,0.2263146401874498
1837,CC(C)C(=O)N1CCO[C@@H](c2nc(-c3ccc(C(=O)Nc4cc(C(F)(F)F)ccn4)cc3F)c3c(N)nccn23)C1,1.4,0.3364722366212129,0.2263146401874498
562,COc1cccc(OCc2nc3c(OC)cc(-c4cn[nH]c4)cc3c(=O)[nH]2)c1,1.4,0.3364722366212129,0.2263146401874498
203,O=c1c(C2=Nc3ccccc3S(=O)(=O)N2)c(O)c2cc(F)ccc2n1CCC1CC1,1.4,0.3364722366212129,0.2263146401874498
558,COc1ccc2c(c1)CC(c1nc3ccc(-c4cn[nH]c4)cc3c(=O)[nH]1)CO2,1.4,0.3364722366212129,0.2263146401874498
774,COc1cc(/C=C2\CCCN3C2=NOC[C@@H]3c2cc(F)c(F)c(F)c2)ccc1-n1cnc(C)c1,1.4,0.3364722366212129,0.2263146401874498
252,CN(C)C(=O)[C@@H](c1ccc(-c2ccn3nccc3n2)cc1)[C@H](N)C(=O)N1CCC(F)(F)C1.O=C(O)C(F)(F)F,1.4,0.3364722366212129,0.2263146401874498
227,N[C@H]1Cn2c(nc3cnc(C(F)(F)F)cc32)C[C@@H]1c1cc(F)c(F)cc1F.O=C(O)C(F)(F)F.O=C(O)C(F)(F)F,1.4,0.3364722366212129,0.2263146401874498
1609,NC(=O)c1c2c(c(O)c3ncc(Cc4cccc(Cl)c4F)cc13)C(=O)N1CCCC[C@H]21,1.4,0.3364722366212129,0.2263146401874498
177,CCCCCCCCO[C@H]1O[C@H](CO)[C@@H](O)[C@H](O)[C@@H]1O[C@H]1O[C@H](CO)[C@@H](O)[C@H](O[C@H]2O[C@H](CO)[C@@H](O)[C@H](O[C@H]3O[C@H](CO)[C@@H](O)[C@H](O[C@H]4O[C@H](CO)[C@@H](O)[C@H](O)[C@@H]4O)[C@@H]3O)[C@@H]2O)[C@@H]1O,1.393,0.3314596947976687,0.2259742014191341
857,N#Cc1cc(OC(F)(F)F)cc(-c2nc(-c3ccc4[nH]c5c(c4c3)CCC5CC(=O)O)no2)c1,1.39,0.3293037471426003,0.2258277750769544
325,CCCOC(=O)N1CCc2c(OCCc3nc(-c4ccc(-c5ccccc5)cc4)oc3C)ccc(CCC(=O)[O-])c2C1.[Na+],1.37,0.3148107398400336,0.2248434478176585
462,CCN(CC)CCN1CCCc2[nH]c(/C=C3\C(=O)Nc4ccc(F)cc43)c(C)c2C1=O,1.37,0.3148107398400336,0.2248434478176585
1845,CSCC[C@H](NC(=O)[C@H](CCC(=O)O)NC(=O)[C@H](Cc1ccc(O)cc1)NC(=O)[C@@H](NC(=O)[C@H](CC(C)C)NC(=O)[C@H](CC(=O)O)NC(=O)[C@H](CC(C)C)NC(C)=O)[C@@H](C)O)C(=O)N[C@@H](CC(C)C)C(=O)N[C@@H](CO)C(=O)N[C@@H](CC(C)C)C(=O)N[C@@H](CCC(N)=O)C(=O)N[C@@]1(C)CCC/C=C\CCC[C@@](C)(C(=O)N[C@@H](CC(C)C)C(=O)N[C@@H](CC(N)=O)C(=O)N[C@@H](CCC(=O)O)C(=O)N[C@@H](CO)C(=O)N[C@@H](Cc2ccc(O)cc2)C(N)=O)NC(=O)[C@H](CCCCN)NC(=O)[C@H](C(C)C)NC(=O)[C@H](C(C)C)NC1=O,1.367,0.3126185577418125,0.2246945605265965
1228,CC1(C)Oc2nc(C(F)(F)F)nc(N)c2N=C1c1ccc([C@H]2CC[C@H](CC(=O)O)CC2)cc1,1.333,0.28743204119657156,0.2229839580074217
1580,Cl.Cn1cc(-c2cc(C(=O)N[C@@H]3CCc4ccc(Oc5ccnc6c5CCC(=O)N6)cc4C3)cc(C(F)(F)F)c2)cn1,1.333,0.28743204119657156,0.2229839580074217
708,CC(C)N1CCN(c2cnc3ccc(-c4cnc(Cl)c(NS(=O)(=O)c5ccc(F)cc5)c4)cc3n2)CC1,1.333,0.28743204119657156,0.2229839580074217
392,Cc1ccc(C(=O)Nc2cc(-n3ccnc3)cc(C(F)(F)F)c2)cc1C#Cc1cnc2ccccn12,1.333,0.28743204119657156,0.2229839580074217
1138,Cc1c(C(=O)N[C@@H]2CCCC[C@H]2O)cc(-c2cc(C(F)(F)F)ccc2Cl)n1CC1CCCCC1,1.323,0.2799018851328186,0.2224725294456634
1224,CC(C)(O)c1ccc(-c2cc(C(N)=O)c(Nc3cccc(CN4CCOCC4)n3)s2)cc1,1.3,0.26236426446749106,0.2212814199868958
1371,C[S+]([O-])c1ccc(-c2cnc3ccc(-c4cccc(S(=O)(=O)C5CC5)c4)nn23)cc1,1.3,0.26236426446749106,0.2212814199868958
1872,COc1cnc(-n2cnc(C)n2)c2[nH]cc(C(=O)C(=O)N3CCN(C(=O)c4ccccc4)CC3)c12,1.3,0.26236426446749106,0.2212814199868958
1474,CCN(CC)CC.Nc1nc(-c2ccccc2)nc2c1ncn2[C@@H]1O[C@H](CNS(=O)(=O)NC(=O)c2ccccc2O)[C@@H](O)[C@H]1F,1.3,0.26236426446749106,0.2212814199868958
1048,O=C(O)Cn1c2c(c3cc(F)ccc31)CN(C(=O)c1cccc3ccccc13)CC2,1.3,0.26236426446749106,0.2212814199868958
1634,CCCCC(NC(=O)[C@H](CCC(=O)O)NC(=O)[C@H](CC(=O)O)NC(=O)[C@H](CO)NC(=O)[C@H](Cc1ccccc1)NC(=O)[C@H](CO)NC(=O)CNC(=O)[C@H](CC(=O)O)NC(=O)CNC(=O)[C@@H](N)Cc1cnc[nH]1)C(=O)N[C@H](Cc1ccsc1)C(=O)N[C@H](C(=O)N[C@H](C(=O)N[C@@H](CC(C)C)C(=O)N[C@@H](CC(=O)O)C(=O)N[C@@H](CC(N)=O)C(=O)N[C@@H](CC(C)C)C(=O)N[C@@H](C)C(=O)N[C@@H](C)C(=O)N[C@@H](CCCNC(=N)N)C(=O)N[C@@H](CC(=O)O)C(=O)N[C@@H](Cc1ccccc1)C(=O)N[C@H](C(=O)N[C@@H](CC(N)=O)C(=O)N[C@@H](Cc1c[nH]c2ccccc12)C(=O)N[C@@H](CC(C)C)C(=O)N[C@H](C(=O)N[C@@H](CCC(N)=O)C(=O)N[C@H](C(=O)N[C@@H](CCCCN)C(N)=O)[C@@H](C)O)[C@@H](C)CC)[C@@H](C)CC)[C@@H](C)CC)[C@@H](C)O,1.3,0.26236426446749106,0.2212814199868958
80,O=S(=O)(c1ccc(Cl)cc1)N1CCN(Cc2ccc(-c3ccncc3)cc2)CC1,1.3,0.26236426446749106,0.2212814199868958
461,Cc1cc(C)cc(-c2[nH]c3sc(C(C)(C)C(=O)N4C5CCC4CC5)cc3c2CCN2CCC(C(=O)N3CCCC(O)C3)CC2)c1,1.3,0.26236426446749106,0.2212814199868958
1343,CC1(C)CN(c2ccccc2NC(=O)Nc2ccc(OC(F)(F)F)cc2)c2c(O)cc(F)c(-c3ccc(Cl)cc3)c21,1.3,0.26236426446749106,0.2212814199868958
579,O=C1[C@@H](NS(=O)(=O)c2ccc3c(Cl)c[nH]c3c2)CCN1c1cc2c(cc1F)CNCC2,1.3,0.26236426446749106,0.2212814199868958
325,CCCCc1cnc(CCc2ccc(-c3ccccc3C(=O)O)cc2)[nH]1,1.3,0.26236426446749106,0.2212814199868958
550,O=C1[C@@H](NS(=O)(=O)c2ccc3c(Cl)c[nH]c3c2)CCN1c1ccc(C2CCCN2)cc1F,1.3,0.26236426446749106,0.2212814199868958
498,Cn1cc(-c2ccccc2)cc(NC(=O)N2CCC(n3c(=O)[nH]c4ncccc43)CC2)c1=O,1.3,0.26236426446749106,0.2212814199868958
235,CC(C)(C(=O)O)c1ccc(-c2ccccc2)c(F)c1,1.3,0.26236426446749106,0.2212814199868958
1024,CC(C)C[C@H](CO)Nc1nc(S[C@@H](C)c2cc(Cl)ccn2)nc2[nH]c(=O)sc12,1.3,0.26236426446749106,0.2212814199868958
712,CC(=O)NC[C@@H]1OC(=O)N2c3ccc(-c4ccc(N5CCOC5=O)nc4)cc3OC[C@@H]12,1.283,0.24920108563349933,0.2203874112090908
463,Cc1c(/C=C2\C(=O)Nc3ccc(F)cc32)[nH]c2c1C(=O)N(C[C@H](O)CN1CCOCC1)CCC2,1.26,0.23111172096338664,0.2191588287364259
2,N#Cc1ccc(S(=O)(=O)Nc2cccc(C(c3c(O)c4c(oc3=O)CCCCCC4)C3CC3)c2)cc1,1.25,0.22314355131420976,0.2186176514342527
295,C[C@]12CC[C@@H]3c4ccc(O)cc4C[C@@H](CCCCCCCC[C@@H](CCCC(F)(F)C(F)(F)C(F)(F)C(F)(F)F)C(=O)O)[C@H]3[C@@H]1CC[C@@H]2O,1.233,0.20945022418220732,0.2176876363666346
1100,CC(=O)N1CCN(c2nccnc2Oc2ccc(C(=O)c3nc4ccccc4[nH]3)cc2)CC1,1.233,0.20945022418220732,0.2176876363666346
277,Cc1cc(CCC(=O)O)ccc1-c1noc(-c2ccc(OCC(F)(F)F)c(C#N)c2)n1,1.2,0.1823215567939546,0.2158451280271885
1636,CCCCC(NC(=O)[C@H](CCC(=O)O)NC(=O)[C@H](CC(=O)O)NC(=O)[C@H](CO)NC(=O)[C@H](Cc1ccccc1)NC(=O)[C@H](CO)NC(=O)CNC(=O)[C@H](CC(=O)O)NC(=O)CNC(=O)[C@@H](N)Cc1cnc[nH]1)C(=O)N[C@H](Cc1c[nH]c2ccccc12)C(=O)N[C@H](C(=O)N[C@H](C(=O)N[C@@H](CC(C)C)C(=O)N[C@@H](CC(=O)O)C(=O)N[C@@H](CC(N)=O)C(=O)N[C@@H](CC(C)C)C(=O)N[C@@H](C)C(=O)N[C@@H](C)C(=O)N[C@@H](CCCNC(=N)N)C(=O)N[C@@H](CC(=O)O)C(=O)N[C@@H](Cc1ccccc1)C(=O)N[C@H](C(=O)N[C@@H](CC(N)=O)C(=O)N[C@@H](Cc1c[nH]c2ccccc12)C(=O)N[C@@H](CC(C)C)C(=O)N[C@H](C(=O)N[C@@H](CCC(N)=O)C(=O)N[C@H](C(=O)N[C@@H](CCCCN)C(N)=O)[C@@H](C)O)[C@@H](C)CC)[C@@H](C)CC)[C@@H](C)CC)[C@@H](C)O,1.2,0.1823215567939546,0.2158451280271885
393,NC(=O)CN1C(=O)C(NC(=O)c2cc3cc(Cl)sc3[nH]2)Cc2ccccc21,1.2,0.1823215567939546,0.2158451280271885
432,Cc1nc(CCC(=O)O)ccc1-c1noc(-c2ccc(OC(C)C)c(C#N)c2)n1,1.2,0.1823215567939546,0.2158451280271885
429,Cc1cc([C@H]2C[C@H]2C(=O)O)ccc1-c1noc(-c2ccc(OC(C)C)c(C#N)c2)n1,1.2,0.1823215567939546,0.2158451280271885
917,COC(=O)c1[nH]cc(C(=O)NCc2ccc(F)cc2)c(=O)c1O,1.2,0.1823215567939546,0.2158451280271885
1195,Cc1nc(C)c(-c2ccc(-c3ccc(CC(=O)O)cc3Cl)c(Cl)c2)nc1C(N)=O,1.2,0.1823215567939546,0.2158451280271885
846,Cc1cccnc1CN1CCC2(C(=O)N(c3ccc(-c4ccccc4)cc3)C(=O)N2c2cc(O)ncn2)C(C(=O)O)C1,1.2,0.1823215567939546,0.2158451280271885
1899,COc1cc(-c2ccc(C3CCc4ccc([C@H](C5CC5)[C@H](C)C(=O)[O-])cc4O3)nc2)c(F)cn1.[Na+],1.2,0.1823215567939546,0.2158451280271885
1640,CCCCC(NC(=O)[C@H](CCC(=O)O)NC(=O)[C@H](CC(=O)O)NC(=O)[C@H](CO)NC(=O)[C@H](Cc1ccccc1)NC(=O)[C@H](CO)NC(=O)CNC(=O)[C@H](CC(=O)O)NC(=O)CNC(=O)[C@@H](N)Cc1cnc[nH]1)C(=O)N[C@@H](CC(N)=O)C(=O)N[C@H](C(=O)N[C@H](C(=O)N[C@@H](CC(C)C)C(=O)N[C@@H](CC(=O)O)C(=O)N[C@@H](Cc1ccc(O)cc1)C(=O)N[C@@H](CC(C)C)C(=O)N[C@@H](C)C(=O)N[C@@H](C)C(=O)N[C@@H](CCCNC(=N)N)C(=O)N[C@@H](CC(=O)O)C(=O)N[C@@H](Cc1ccccc1)C(=O)N[C@H](C(=O)N[C@@H](CC(N)=O)C(=O)N[C@@H](Cc1c[nH]c2ccccc12)C(=O)N[C@@H](CC(C)C)C(=O)N[C@H](C(=O)N[C@@H](CCC(N)=O)C(=O)N[C@H](C(=O)N[C@@H](CCCCN)C(N)=O)[C@@H](C)O)[C@@H](C)CC)[C@@H](C)CC)[C@@H](C)CC)[C@@H](C)O,1.2,0.1823215567939546,0.2158451280271885
407,C[C@@H](NC(=O)C1(NC(=O)C(F)(F)F)CC1)c1ncc(-c2cc(Cl)cc(Cl)c2-c2nnn(C)n2)cc1F,1.2,0.1823215567939546,0.2158451280271885
1627,CCCCC(NC(=O)[C@H](CCC(=O)O)NC(=O)[C@H](CC(=O)O)NC(=O)[C@H](CO)NC(=O)[C@H](Cc1ccccc1)NC(=O)[C@H](CO)NC(=O)CNC(=O)[C@H](CC(=O)O)NC(=O)CNC(=O)[C@@H](N)Cc1cnc[nH]1)C(=O)N[C@H](Cc1ccccc1)C(=O)N[C@H](C(=O)N[C@H](C(=O)N[C@@H](CC(C)C)C(=O)N[C@@H](CC(=O)O)C(=O)N[C@@H](CC(N)=O)C(=O)N[C@@H](CC(C)C)C(=O)N[C@@H](C)C(=O)N[C@@H](C)C(=O)N[C@@H](CCCNC(=N)N)C(=O)N[C@@H](CC(=O)O)C(=O)N[C@@H](Cc1ccccc1)C(=O)N[C@H](C(=O)N[C@@H](CC(N)=O)C(=O)N[C@@H](Cc1c[nH]c2ccccc12)C(=O)N[C@@H](CC(C)C)C(=O)N[C@H](C(=O)N[C@@H](CCC(N)=O)C(=O)N[C@H](C(=O)N[C@@H](CCCCN)C(N)=O)[C@@H](C)O)[C@@H](C)CC)[C@@H](C)CC)[C@@H](C)CC)[C@@H](C)O,1.2,0.1823215567939546,0.2158451280271885
1560,COc1cc2c(cnc3[nH]nc(C4CC4)c32)cc1-c1c(F)ccc(NS(=O)(=O)CCCF)c1Cl,1.2,0.1823215567939546,0.2158451280271885
439,Cl.O=c1c(Nc2ccccc2)c(Nc2ccc(Cl)c(S(=O)(=O)N3CCC(N4CCCCC4)CC3)c2O)c1=O,1.2,0.1823215567939546,0.2158451280271885
604,CC(C)C1(c2cc(Cl)c(-c3ccc4ccccc4c3)[nH]c2=O)OC(=O)NC1=O,1.2,0.1823215567939546,0.2158451280271885
763,CC#C[C@@H](CC(=O)O)c1ccc(OCc2cccc(-c3ccc(C(F)(F)F)cc3)c2)cc1,1.167,0.15443635330441896,0.2139512377287338
34,COc1cc(C(=O)NS(=O)(=O)c2ccccc2C)ccc1Cc1cn(C)c2ccc(C(=O)NC[C@H](C)CC(F)(F)F)cc12,1.167,0.15443635330441896,0.2139512377287338
1924,COC(=O)N[C@H](C(=O)N1CCC[C@H]1c1nc2cc([C@H]3CC[C@H](c4cc5nc([C@@H]6CCCN6C(=O)[C@@H](NC(=O)OC)[C@@H](C)OC)[nH]c5cc4F)N3c3cc(F)c(N4CCC(c5ccc(F)cc5)CC4)c(F)c3)c(F)cc2[nH]1)[C@@H](C)OC,1.167,0.15443635330441896,0.2139512377287338
923,N#Cc1cccc(-c2nc(N3CCC(C(=O)O)CC3)cc3cccnc23)c1,1.16,0.14842000511827322,0.2135426230501232
1765,O=C(O)c1c[nH]c2cc(F)c(-c3ccc([C@@H]4CCCCO4)cc3)c(F)c12,1.15,0.13976194237515863,0.2129545900082001
50,CCc1nc(Cc2ccccc2)sc1C1CCN(C[C@H]2CN([C@@H](C(=O)O)C(C)C)C[C@@H]2c2cccc(F)c2)CC1,1.15,0.13976194237515863,0.2129545900082001
1854,O=S(=O)(CC1CC1)c1nnc(-c2cc(F)c(-c3cnc(Oc4ccccc4C(F)(F)F)c(Cl)c3)cc2F)[nH]1,1.133,0.12486898204586927,0.2119430989823771
623,COC[C@H](C)Oc1cc(O[C@@H](C)Cc2cc(F)cc(F)c2)cc(C(=O)Nc2ccc(C(=O)O)cn2)c1,1.1,0.09531017980432493,0.209935542221308
1192,O=C(Nc1ccc(O[C@H]2CC[C@@H](C(=O)O)CC2)cc1)c1nnc(Nc2cc(F)c(F)cc2F)o1,1.1,0.09531017980432493,0.209935542221308
1633,CCCCC(NC(=O)[C@H](CCC(=O)O)NC(=O)[C@H](CC(=O)O)NC(=O)[C@H](CO)NC(=O)[C@H](Cc1ccccc1)NC(=O)[C@H](CO)NC(=O)CNC(=O)[C@H](CC(=O)O)NC(=O)CNC(=O)[C@@H](N)Cc1cnc[nH]1)C(=O)N[C@H](Cc1cccs1)C(=O)N[C@H](C(=O)N[C@H](C(=O)N[C@@H](CC(C)C)C(=O)N[C@@H](CC(=O)O)C(=O)N[C@@H](CC(N)=O)C(=O)N[C@@H](CC(C)C)C(=O)N[C@@H](C)C(=O)N[C@@H](C)C(=O)N[C@@H](CCCNC(=N)N)C(=O)N[C@@H](CC(=O)O)C(=O)N[C@@H](Cc1ccccc1)C(=O)N[C@H](C(=O)N[C@@H](CC(N)=O)C(=O)N[C@@H](Cc1c[nH]c2ccccc12)C(=O)N[C@@H](CC(C)C)C(=O)N[C@H](C(=O)N[C@@H](CCC(N)=O)C(=O)N[C@H](C(=O)N[C@@H](CCCCN)C(N)=O)[C@@H](C)O)[C@@H](C)CC)[C@@H](C)CC)[C@@H](C)CC)[C@@H](C)O,1.1,0.09531017980432493,0.209935542221308
1824,Cc1ccc([C@@H](C)Oc2cc3onc(CCC(=O)O)c3cc2Cl)nc1,1.1,0.09531017980432493,0.209935542221308
638,C[C@@H](C(=O)N(C)[C@@H]1CCc2c(CC(=O)O)c3ccccc3n2C1)c1ccc(F)cc1,1.1,0.09531017980432493,0.209935542221308
1897,COc1ccc(F)c(-c2ccc(C3CCc4ccc([C@H](C5CC5)[C@H](C)C(=O)[O-])cc4O3)nc2)c1.[Na+],1.1,0.09531017980432493,0.209935542221308
1478,Cc1c(Cl)cccc1CCCCOc1ccc(/C=C/c2cccc3c(CCCC(=O)O)c(C)n(CC(=O)O)c23)cc1,1.1,0.09531017980432493,0.209935542221308
204,CC(C)(O)c1cnn2c(-c3ccc(F)c(-c4ccc(F)cc4C#N)c3)cnc2n1,1.1,0.09531017980432493,0.209935542221308
1259,COc1nn2c(=O)n(Cc3ccc(C(F)(F)F)nc3)nc2c(-c2ccncc2)c1-c1ccc(Cl)cc1,1.1,0.09531017980432493,0.209935542221308
120,CCn1nc(Cc2ccc(C(C)(C)C)cc2)cc1C1CCN(C[C@H]2CN([C@@H](C(=O)O)C(C)(C)C)C[C@@H]2c2cccc(F)c2)CC1,1.1,0.09531017980432493,0.209935542221308
1049,O=C(O)Cn1c2c(c3ccccc31)CN(C(=O)c1cccc3ccccc13)CC2,1.1,0.09531017980432493,0.209935542221308
512,C[C@@H](NC(=O)C1(NC(=O)C(F)(F)F)CC1)c1ccc(-c2cc(Cl)cc(Cl)c2OCC(F)(F)F)cc1F,1.1,0.09531017980432493,0.209935542221308
1522,CS(=O)(=O)c1ccc(-c2cnn3ccc(-c4cccc(S(=O)(=O)C5CC5)c4)nc23)cc1,1.1,0.09531017980432493,0.209935542221308
1256,CS(=O)(=O)n1cc2c(n1)CN([C@H]1CO[C@H](c3cc(F)ccc3F)[C@@H](N)C1)C2.O=C(O)C(F)(F)F,1.1,0.09531017980432493,0.209935542221308
700,O=C(NCc1cc(F)cc(F)c1)c1nc(N2CCCCS2(=O)=O)cc(Br)c1O,1.1,0.09531017980432493,0.209935542221308
1165,COC(=O)N[C@@H](C(=O)N1CCC[C@H]1c1nc2cc(C#Cc3ccc4[nH]c([C@@H]5CCCN5C(=O)[C@H](NC(=O)OC)c5ccccc5)nc4c3)ccc2[nH]1)c1ccccc1,1.1,0.09531017980432493,0.209935542221308
840,O=C(O)C[C@H]1CC[C@H](c2ccc(NC(=O)c3nnc(Nc4ccc(F)c(F)c4)o3)cc2)CC1,1.1,0.09531017980432493,0.209935542221308
39,CCCc1cc(Oc2ccc(OC)cc2)ccc1OCCCOc1ccc(C2SC(=O)NC2=O)cc1,1.1,0.09531017980432493,0.209935542221308
699,CC(C)[C@@H](NS(=O)(=O)c1ccc(-c2ccc(OCc3ccccc3C#N)cc2)cc1)C(=O)O,1.07,0.06765864847381486,0.2080575223264945
1347,CC(C)Oc1ncc(-c2nc(-c3cccc4c3OCCNC4CCCC(=O)O)no2)cc1Cl,1.03,0.02955880224154443,0.2054698801319882
326,CC(C)(C)Cc1cnc(CCc2ccc(-c3ccccc3C(=O)O)cc2)[nH]1,1.02,0.01980262729617973,0.2048072661730839
461,Cc1c(/C=C2\C(=O)Nc3ccc(F)cc32)[nH]c2c1C(=O)N(C[C@H](O)CN1CCOCC1)CC2,1.02,0.01980262729617973,0.2048072661730839
1276,COc1cc(-c2ccc(COc3cc([C@@H](CC(=O)O)C4CC4)ccn3)cc2[C@H](OC)C(C)(C)C)c(F)cn1,1.017,0.016857117066422806,0.2046072147999522
1030,Cn1cnc2c(F)c(Nc3ccc(Br)cc3Cl)c(C(=O)NOCCO)cc21,1,0.0,0.2034623233709191
1956,CS[C@@]1(C(=O)Nc2ccc3[nH]nc(-c4ccc(OC(C)C)nc4)c3c2)CCN(CC(=O)N2CC=C(c3ccc(-c4ncn(C)n4)cc3)CC2)C1,1,0.0,0.2034623233709191
813,CCCCCS(=O)(=O)[N-]C(=O)/C=C/c1ccc(OCCOC)cc1Oc1ccc(C(F)(F)F)cn1.[K+],1,0.0,0.6726190470029875
1401,CCO[C@@H]([C@H]1C[C@@H](C)[C@H]2[C@H](O1)[C@H](O)[C@@]1(C)[C@@H]3CC[C@H]4C(C)(C)[C@@H](O[C@H]5CN(C6CN(C7CCC7)C6)CCO5)CC[C@@]45C[C@@]35CC[C@]21C)C(C)(C)O,1,0.0,0.2034623233709191
815,CCCCCS(=O)(=O)NC(=O)/C=C/c1ccc(OCCO)cc1Oc1ncc(C(F)(F)F)cc1Cl,1,0.0,0.6726190470029875
1970,CCOc1c2c(c(OCC)c3ccccc13)C(=O)N(c1ccc(CC(=O)O)c(F)c1)C2,1,0.0,0.2034623233709191
621,COC[C@H](C)Oc1cc(O[C@@H](C)Cc2ccc(F)cc2)cc(C(=O)Nc2ccc(C(=O)O)cn2)c1,1,0.0,0.2034623233709191
541,COc1cc(/C=C2\SC(=O)NC2=O)ccc1Oc1ccc(C(F)(F)F)cc1[N+](=O)[O-],1,0.0,0.2034623233709191
1196,Cc1nc(C)c(-c2ccc(-c3ccc(CC(=O)O)cc3Cl)cc2)nc1C(N)=O,1,0.0,0.2034623233709191
404,O=C(O)c1c(O)c(C2(c3ccccc3)CC2)nc2c(C(O)(C(F)(F)F)C(F)(F)F)cccc12,1,0.0,0.2034623233709191
190,CC(=O)Nc1ccc(OC[C@](C)(O)C(=O)Nc2ccc([N+](=O)[O-])c(C(F)(F)F)c2)cc1,1,0.0,0.2034623233709191
816,CCCCCS(=O)(=O)NC(=O)/C=C/c1ccc(OCCCS(C)(=O)=O)cc1Oc1ncc(C(F)(F)F)cc1Cl,1,0.0,0.6726190470029875
1603,O=C(O)C1CN(Cc2ccc(-c3noc(-c4onc(-c5ccccn5)c4C(F)(F)F)n3)cc2)C1,1,0.0,0.2034623233709191
206,CC(C)(O)c1cnn2c(-c3ccc(F)c(-c4c(F)cc(F)cc4C#N)c3)cnc2n1,1,0.0,0.2034623233709191
595,C[C@@H]1[C@](C)(c2ccccc2)[C@]1(NS(=O)(=O)N1CCc2c(nc3cc(F)ccn23)C1)C(=O)O,1,0.0,0.2034623233709191
1404,CCN(CC)Cc1cc(N(c2cc(C)nc3cc(Cl)ccc23)S(=O)(=O)c2cccc(Cl)c2Cl)ccc1O,1,0.0,0.2034623233709191
506,C[C@@H](NC(=O)[C@@](C)(O)C(F)(F)F)c1ncc(-c2cc(Cl)cc(F)c2-c2nnn(C)n2)cc1F,1,0.0,0.2034623233709191
1346,C[C@@H]1CN2c3c(cc4c(C(F)F)noc4c3F)CC3(C(=O)NC(=O)NC3=O)[C@H]2[C@H](C)O1,1,0.0,0.2034623233709191
1914,O=S(=O)(c1cc(Cl)c(O)c2ncccc12)N1CCCC1,1,0.0,0.2034623233709191
194,O=C(O)COc1ccc(Sc2ccc(COc3ccc(C(F)(F)F)cc3)cc2Cl)c2c1CCCC2,1,0.0,0.2034623233709191
1043,N#Cc1cc(F)c(C(=O)Nc2ccnc(NC(=O)[C@H]3C[C@H]3F)c2)c(Cl)c1,1,0.0,0.2034623233709191
156,O=C(O)CCNC(=O)c1ccc(CN(c2ccc(C(F)(F)F)cc2)c2nc(-c3ccc(Cl)cc3)cs2)cc1,1,0.0,0.2034623233709191
304,COc1ccc(-c2cc3onc(-c4ccncc4)c3c(=O)n2C)cc1,1,0.0,0.2034623233709191
205,Cc1cn(-c2cc(NC(=O)c3ccc(C)c(/C=C/n4cnc5c(NC6CC6)ncnc54)c3)cc(C(F)(F)F)c2)cn1,1,0.0,0.2034623233709191
913,O=C(NS(=O)(=O)N1CCC(N2CCC(Oc3ccc(Cl)c(Cl)c3)CC2)CC1)c1ccccc1,1,0.0,0.2034623233709191
921,O=C([O-])C1CCN(c2cc3cccnc3c(-c3cccc(OC(F)(F)F)c3)n2)CC1.[Na+],0.98,-0.020202707317519466,0.2020902081770842
121,CCn1nc(Cc2ccc(OC(C)C)cc2)cc1C1CCN(C[C@H]2CN([C@@H](C(=O)O)C(C)(C)C)C[C@@H]2c2cccc(F)c2)CC1,0.98,-0.020202707317519466,0.2020902081770842
136,CC[C@@H](C)[C@H](C(=O)O)N1C[C@H](CN2CCC(c3cc(Cc4ccc(OC(C)(C)C)cc4)nn3CC)CC2)[C@@H](c2cccc(F)c2)C1,0.97,-0.030459207484708574,0.2013936134339248
87,COc1ccc2c(OCc3nnc4ccc(-c5cc(F)c(F)c(F)c5)nn34)ccnc2c1,0.9667,-0.03386706951157731,0.2011621603325128
156,C1CCc2c(c3c(N4CCCC4)nc(N4CCCC4)nc3n2CCN2CCOCC2)C1,0.9667,-0.03386706951157731,0.2011621603325128
1405,C[C@H](Nc1ncnc(N)c1C#N)c1nc2ccc(F)cc2c(-c2ccccn2)c1-c1ccccn1,0.95,-0.05129329438755058,0.1999786165852461
126,O=C(O)C[C@H](NC(=O)c1cc2ccccc2cc1NC(=O)Nc1c(Cl)cccc1Cl)C(=O)O,0.92,-0.08338160893905101,0.1977992619448664
1706,Nc1nc(O[C@H](c2ccc(Cl)cc2-c2ccccc2)C(F)(F)F)cc(N2CCC3(CC2)CN[C@H](C(=O)O)C3)n1,0.901,-0.10425002137379911,0.1963819337955792
599,Cn1ccc(-c2cc(Nc3ccc(-n4cnc(N5CCOCC5)n4)cc3)ncc2Cl)n1,0.9,-0.10536051565782628,0.1963065119198952
42,Cc1oc(-c2ccccc2)nc1C/C=C/c1ccc(C[C@@H](C(=O)O)n2cccc2)cc1,0.9,-0.10536051565782628,0.1963065119198952
196,CS(=O)(=O)c1ccc2c(c1)CCC1(CCN(C(=O)c3ccc(C(F)(F)F)cc3)CC1)O2,0.9,-0.10536051565782628,0.1963065119198952
1734,O=C1NC(=O)/C(=C/c2ccc(-c3ccc(-n4c(-c5cccs5)cc(/C=C5\SC(=O)NC5=O)c4-c4cccs4)cc3)cc2)S1,0.9,-0.10536051565782628,0.1963065119198952
634,COC[C@H](C)Oc1cc(Oc2ccc(Cl)cc2)cc(C(=O)Nc2ccc(C(=O)O)cn2)c1,0.9,-0.10536051565782628,0.1963065119198952
372,CC1(C)C(CC(=O)O)C1c1ccc(OCCc2ccc3c(n2)NCCC3)cc1,0.9,-0.10536051565782628,0.1963065119198952
1536,N[C@H]1C[C@@H](N2Cc3cn(S(=O)(=O)C4CC4)nc3C2)CO[C@@H]1c1cc(F)ccc1F,0.9,-0.10536051565782628,0.1963065119198952
1166,C[C@@]1(c2nc3ccccc3o2)CC(c2ccc3c(=O)n(-c4ccc(F)cc4)c(CCCCC(=O)O)nc3c2)=NO1,0.87,-0.13926206733350766,0.1940040069428299
192,C[C@](O)(COc1ccc(Cl)c(F)c1)C(=O)Nc1ccc(C#N)c(C(F)(F)F)c1,0.87,-0.13926206733350766,0.1940040069428299
1686,CCCC[C@H](CN(O)C=O)C(=O)N1CC2(CC2)C[C@H]1c1nc(-c2cccnc2)no1,0.8534,-0.1585269082282374,0.1926955891905443
906,Nc1c(-c2ccc([C@H]3CC[C@H](CC(=O)O)CC3)cc2)cnc2ccnn12,0.8333,-0.1823615575939759,0.1910768019646314
296,C[C@]12CC[C@@H]3c4ccc(O)cc4C[C@@H](CCCCCCCCC(CCCC(F)(F)C(F)(F)C(F)(F)C(F)(F)F)C(=O)O)[C@H]3[C@@H]1CC[C@@H]2O,0.8167,-0.20248344861790707,0.189710175602694
55,N#Cc1ccc(S(=O)(=O)Nc2cccc([C@@H](c3c(O)oc4c(c3=O)CCCCCC4)C3CC3)c2)cc1,0.8167,-0.20248344861790707,0.189710175602694
470,CCN(C(=O)Nc1ccc(C(C)C)cc1)C1Cc2ccc(SC(C)(C)C(=O)O)cc2C1,0.81,-0.21072103131565253,0.1891507004688714
460,COC1CCN(C(=O)C2CCN(CCc3c(-c4cc(C)cc(C)c4)[nH]c4sc(C(C)(C)C(=O)N5C6CCC5CC6)cc34)CC2)C1,0.8,-0.2231435513142097,0.1883069953075855
477,CC(C)(C(=O)Nc1ccc(N2CCC(NCC3CC3)CC2)c(Cl)c1)c1ccccc1,0.8,-0.2231435513142097,0.6574637189396538
1823,C[C@@H](Oc1cc2onc(CCC(=O)O)c2cc1Cl)c1ccccn1,0.8,-0.2231435513142097,0.1883069953075855
476,CC(C)(C(=O)Nc1ccc(N2CCC3(CCN(CC4CC4)C3)CC2)c(Cl)c1)c1nccc(C(F)(F)F)n1,0.8,-0.2231435513142097,0.6574637189396538
1903,CCS(=O)(=O)c1ccc(CC(=O)Nc2cc(-c3cc(C#N)cnc3OCC(F)(F)F)cs2)cc1,0.8,-0.2231435513142097,0.1883069953075855
61,CCCCc1nc(Cl)c(C(=O)O)n1Cc1ccc2oc(-c3ccccc3-c3nnn[nH]3)c(Br)c2c1,0.8,-0.2231435513142097,0.1883069953075855
411,Cc1nc(-c2c(Cl)cc(Cl)cc2-c2ccc([C@@H](C)NC(=O)C3(NC(=O)C(F)(F)F)CC3)c(F)c2)no1,0.8,-0.2231435513142097,0.1883069953075855
293,C[C@]1(c2ccc(O)cc2)CSc2cc(O)ccc2[C@H]1CCCCCCCCC(CCCC(F)(F)C(F)(F)F)C(=O)O,0.7833,-0.2442395146089442,0.1868742124973238
1413,O=C(O)CCCN1CC(C(=O)O)Oc2c(/C=C/c3ccc(OCCCCc4ccccc4)cc3)cccc21,0.77,-0.2613647641344075,0.1857111102109423
137,COc1ccc(OC(=O)N(CC(=O)O)Cc2ccc(OCCc3nc(-c4ccccc4)oc3C)cc2)cc1,0.73,-0.31471074483970024,0.1820879903238228
1630,CCCCC(NC(=O)[C@H](CCC(=O)O)NC(=O)[C@H](CC(=O)O)NC(=O)[C@H](CO)NC(=O)[C@H](Cc1ccccc1)NC(=O)[C@H](CO)NC(=O)CNC(=O)[C@H](CC(=O)O)NC(=O)CNC(=O)[C@@H](N)Cc1cnc[nH]1)C(=O)N[C@H](Cc1ccccc1Cl)C(=O)N[C@H](C(=O)N[C@H](C(=O)N[C@@H](CC(C)C)C(=O)N[C@@H](CC(=O)O)C(=O)N[C@@H](CC(N)=O)C(=O)N[C@@H](CC(C)C)C(=O)N[C@@H](C)C(=O)N[C@@H](C)C(=O)N[C@@H](CCCNC(=N)N)C(=O)N[C@@H](CC(=O)O)C(=O)N[C@@H](Cc1ccccc1)C(=O)N[C@H](C(=O)N[C@@H](CC(N)=O)C(=O)N[C@@H](Cc1c[nH]c2ccccc12)C(=O)N[C@@H](CC(C)C)C(=O)N[C@H](C(=O)N[C@@H](CCC(N)=O)C(=O)N[C@H](C(=O)N[C@@H](CCCCN)C(N)=O)[C@@H](C)O)[C@@H](C)CC)[C@@H](C)CC)[C@@H](C)CC)[C@@H](C)O,0.73,-0.31471074483970024,0.1820879903238228
56,O=c1c2c(oc(O)c1C(c1cccc(NS(=O)(=O)c3ccc(F)cc3)c1)C1CC1)CCCCCC2,0.7167,-0.3330979359822635,0.1808391802538586
387,O=C(O)c1ccccc1Oc1ncc(Cl)cc1NS(=O)(=O)c1ccc(Cl)c(Cl)c1,0.71,-0.342490308946776,0.180201274776725
1339,CNC(=O)c1c(O)c2ncc(Cc3ccc(F)cc3)cc2n(CC(=O)N(C)C)c1=O,0.7,-0.35667494393873245,0.1792378913605535
364,COC(=O)N(CC(=O)O)Cc1cccc(OCc2coc(-c3ccc(Cl)cc3)n2)c1,0.7,-0.35667494393873245,0.1792378913605535
197,CS(=O)(=O)c1ccc2c(c1)CCC1(CCN(C(=O)Cc3ccc(Cl)cc3Cl)CC1)O2,0.7,-0.35667494393873245,0.1792378913605535
412,O=C(O)c1c(O)c(C2(c3ccc(Cl)cc3)CC2)nc2c(C(F)(F)F)cccc12,0.7,-0.35667494393873245,0.1792378913605535
1879,CCc1ncn(-c2ncc(OC)c3c(C(=O)C(=O)N4CCN(C(=O)c5ccccc5)CC4)c[nH]c23)n1,0.7,-0.35667494393873245,0.1792378913605535
492,Cc1ccc2c(N3CCN(CCc4cccc(N5CCNC5=O)c4)CC3)cccc2n1,0.7,-0.35667494393873245,0.6483946149926219
453,Cc1ncn(-c2ccc(C(=O)Nc3ccc(Cl)c(-c4ccccn4)c3)c(C)n2)n1,0.7,-0.35667494393873245,0.1792378913605535
494,Cc1ccc2c(N3CCN(CCc4cccc(NC(=O)c5cnccn5)c4)CC3)cccc2n1,0.7,-0.35667494393873245,0.6483946149926219
1266,CNS(=O)(=O)Nc1nccc(Cc2c(C)c3ccc(Oc4ncccn4)cc3oc2=O)c1F,0.7,-0.35667494393873245,0.1792378913605535
1867,CC(=O)Nc1nc(C)c(-c2cc3c(c(NS(C)(=O)=O)c2)C(=O)N([C@@H](C)C2CC2)C3)s1,0.7,-0.35667494393873245,0.1792378913605535
493,CCNC(=O)Nc1cccc(CCN2CCN(c3cccc4nc(C)ccc34)CC2)c1,0.7,-0.35667494393873245,0.6483946149926219
163,C[C@@H](O[C@H]1CC[C@@H]2CN(C3=CC(=O)CC3)C[C@H]2[C@@H]1c1ccc(F)cc1)c1cc(C(F)(F)F)cc(C(F)(F)F)c1,0.7,-0.35667494393873245,0.1792378913605535
1517,CCn1c(C(=O)N(C2CC2)C2CC2)cc2c3c(ncn3C)c(Nc3cc(C)n(C)n3)nc21,0.7,-0.35667494393873245,0.1792378913605535
1009,O=C(C(=O)N1CCN(C(=O)c2ccccc2)CC1)c1c[nH]c2c(-n3cncn3)ncc(F)c12,0.7,-0.35667494393873245,0.1792378913605535
199,CS(=O)(=O)c1ccc2c(c1)CCC1(CCN(C(=O)N[C@H]3C[C@@H]3c3ccccc3)CC1)O2.Cl,0.7,-0.35667494393873245,0.1792378913605535
1625,CCCCC(NC(=O)[C@H](CCC(=O)O)NC(=O)[C@H](CC(=O)O)NC(=O)[C@H](CO)NC(=O)[C@H](Cc1ccccc1)NC(=O)[C@H](CO)NC(=O)CNC(=O)[C@H](CC(=O)O)NC(=O)CNC(=O)[C@@H](N)Cc1cnc[nH]1)C(=O)N[C@@H](CC1CCCCC1)C(=O)N[C@H](C(=O)N[C@H](C(=O)N[C@@H](CC(C)C)C(=O)N[C@@H](CC(=O)O)C(=O)N[C@@H](CC(N)=O)C(=O)N[C@@H](CC(C)C)C(=O)N[C@@H](C)C(=O)N[C@@H](C)C(=O)N[C@@H](CCCNC(=N)N)C(=O)N[C@@H](CC(=O)O)C(=O)N[C@@H](Cc1ccccc1)C(=O)N[C@H](C(=O)N[C@@H](CC(N)=O)C(=O)N[C@@H](Cc1c[nH]c2ccccc12)C(=O)N[C@@H](CC(C)C)C(=O)N[C@H](C(=O)N[C@@H](CCC(N)=O)C(=O)N[C@H](C(=O)N[C@@H](CCCCN)C(N)=O)[C@@H](C)O)[C@@H](C)CC)[C@@H](C)CC)[C@@H](C)CC)[C@@H](C)O,0.69,-0.37106368139083207,0.1782606458375731
1369,C[C@](O)(c1ccc(C(=O)N(C2CC2)[C@H]2CC[C@](COC(N)=O)(c3ccc(F)cc3)CC2)cc1)C(F)(F)F,0.6833,-0.38082127719540443,0.1775979353776169
1846,CSCC[C@H](NC(=O)[C@H](CCC(=O)O)NC(=O)[C@H](Cc1ccc(O)cc1)NC(=O)[C@@H](NC(=O)[C@H](CC(C)C)NC(=O)[C@H](CC(=O)O)NC(=O)[C@H](CC(C)C)NC(C)=O)[C@@H](C)O)C(=O)N[C@@H](CC(C)C)C(=O)N[C@@H](CO)C(=O)N[C@@H](CC(C)C)C(=O)N[C@@H](CCC(N)=O)C(=O)N[C@@H](CCC(N)=O)C(=O)N[C@H](C(=O)N[C@H](C(=O)N[C@@H](CCCCN)C(=O)N[C@@]1(C)CCC/C=C\CCC[C@@](C)(C(=O)N[C@@H](Cc2ccc(O)cc2)C(N)=O)NC(=O)[C@H](CCC(=O)O)NC(=O)[C@H](CC(N)=O)NC(=O)[C@H](CC(C)C)NC1=O)C(C)C)C(C)C,0.6833,-0.38082127719540443,0.1775979353776169
175,CCN1CC(C)(C)n2c(c(O)c3c(=O)n(Cc4ccc(F)cc4)ncc32)C1=O,0.68,-0.3856624808119846,0.1772691334534808
1479,Cc1c(F)cccc1CCCCOc1ccc(C#Cc2ccc(F)c3c(CCCC(=O)O)c(C)n(CCCC(=O)O)c23)cc1,0.68,-0.3856624808119846,0.1772691334534808
1641,CCCCC(NC(=O)[C@H](CCC(=O)O)NC(=O)[C@H](CC(=O)O)NC(=O)[C@H](CO)NC(=O)[C@H](Cc1ccccc1)NC(=O)[C@H](CO)NC(=O)CNC(=O)[C@H](CC(=O)O)NC(=O)CNC(=O)[C@H](N)Cc1cnc[nH]1)C(=O)N[C@@H](CC(N)=O)C(=O)N[C@H](C(=O)N[C@H](C(=O)N[C@@H](CC(C)C)C(=O)N[C@@H](CC(=O)O)C(=O)NC(Cc1ccc(Cl)cc1)C(=O)N[C@H](CC(C)C)C(=O)N[C@H](C)C(=O)N[C@H](C)C(=O)N[C@H](CCCNC(=N)N)C(=O)N[C@H](CC(=O)O)C(=O)N[C@H](Cc1ccccc1)C(=O)N[C@@H](C(=O)N[C@H](CC(N)=O)C(=O)N[C@@H](Cc1c[nH]c2ccccc12)C(=O)N[C@@H](CC(C)C)C(=O)N[C@H](C(=O)N[C@@H](CCC(N)=O)C(=O)N[C@H](C(=O)N[C@H](CCCCN)C(N)=O)[C@@H](C)O)[C@H](C)CC)[C@@H](C)CC)[C@H](C)CC)[C@@H](C)O,0.67,-0.40047756659712525,0.1762629314636054
1442,Cc1cc(-c2cc(F)c3nnc(C(F)(F)c4ccc5ncccc5c4)n3c2)on1,0.6667,-0.4054151093581228,0.1759275864360258
204,Cc1ccc(C(=O)Nc2cc(C(F)(F)F)ccn2)cc1/C=C/n1cnc2c(NC3CC3)ncnc21,0.6667,-0.4054151093581228,0.1759275864360258
677,CC(=O)Nc1cn2nc(-c3cnc(Cl)c(NS(=O)(=O)c4ccc(F)cc4)c3)ccc2n1,0.6667,-0.4054151093581228,0.1759275864360258
471,O=C(Nc1ccccc1)Nc1ccc(-c2ccc(C(=O)[C@@H]3CCC[C@H]3C(=O)O)cc2)cc1,0.6667,-0.4054151093581228,0.1759275864360258
567,C#Cc1cccc(Nc2nc3cc(C(=O)O)ccc3c3cncnc23)c1,0.6667,-0.4054151093581228,0.1759275864360258
225,O=S(=O)(Nc1nc2cc(Cl)ccc2o1)c1ccc2ccccc2c1,0.6667,-0.4054151093581228,0.1759275864360258
706,O=S(=O)(Nc1cc(-c2ccc3nccc(-c4ccncc4)c3c2)cnc1Cl)c1ccc(F)cc1,0.6667,-0.4054151093581228,0.1759275864360258
559,COc1ccc2c(c1)C[C@H](c1nc3ccc(-c4cn[nH]c4)cc3c(=O)[nH]1)CO2,0.66,-0.4155154439616658,0.175241598050681
922,O=C([O-])[C@H]1CC[C@H](c2cc3cccnc3c(-c3cccc(OC(F)(F)F)c3)n2)CC1.[K+],0.65,-0.4307829160924542,0.1742046711599994
294,C[C@]12CC[C@@H]3c4ccc(O)cc4C[C@@H](CCCCCCCC[C@H](CCCC(F)(F)C(F)(F)C(F)(F)C(F)(F)F)C(=O)O)[C@H]3[C@@H]1CC[C@@H]2O,0.65,-0.4307829160924542,0.1742046711599994
1414,O=C(O)CCCn1cc(CC(=O)O)c2c(/C=C/c3ccc(OCCCCOc4ccccc4)cc3)cccc21,0.65,-0.4307829160924542,0.1742046711599994
169,Fc1ccc(-c2noc(C3CCN(c4cnc5ccc(Cl)cc5c4)CC3)n2)c(Cl)c1,0.65,-0.4307829160924542,0.1742046711599994
11,O=c1c2c(oc(O)c1C(c1ccccc1)C1CC1)CCCCCC2,0.65,-0.4307829160924542,0.1742046711599994
1484,O=C(O)[C@H]1CC[C@H](c2cc3cccnc3c(-c3cccc(F)c3)n2)CC1,0.64,-0.4462871026284195,0.1731516672442519
924,O=C([O-])[C@H]1CC[C@H](c2cc3cccnc3c(-c3cccc(F)c3)n2)CC1.[K+],0.64,-0.4462871026284195,0.1731516672442519
721,O=C(O)CCC(=O)N1CCc2cc(-c3noc(-c4cc(C(F)(F)F)cc(C(F)(F)F)c4)n3)ccc21,0.6333,-0.4568110354597525,0.1724369091719885
474,C/C(=C(\CCO)SCOC(=O)C(C)(C)C)N(C=O)Cc1ccc(C)nc1N,0.63,-0.4620354595965587,0.1720820799095296
322,COCCC1(Oc2ccc(Oc3ccc(-c4nc(-c5ccc(C#N)cc5)co4)cc3)cc2)C(=O)NC(=O)NC1=O,0.63,-0.4620354595965587,0.1720820799095296
1683,CCCC[C@H](CN(O)C=O)C(=O)N1CC2(CC2)C[C@H]1C(=O)Nc1ccc(C)c(Nc2nccc(-c3cccnc3)n2)c1,0.6283,-0.4647375195732358,0.1718985630426868
1912,O=S(=O)(c1cc(F)c(O)c2ncccc12)C1CCCC1,0.62,-0.4780358009429998,0.1709953784529897
111,CCn1nc(Cc2ccc(OC3CCC3)cc2)cc1C1CCN(C[C@H]2CN([C@@H](C(=O)O)C(C)(C)C)C[C@@H]2c2cccc(F)c2)CC1,0.62,-0.4780358009429998,0.1709953784529897
1964,Cc1cc(OCCCS(C)(=O)=O)cc(C)c1-c1cccc(COc2ccc3c(c2)OC[C@H]3CC(=O)O)c1,0.6177,-0.48175237628028356,0.1707429583486358
443,COCCNS(=O)(=O)c1c(Cl)ccc(Nc2c(Nc3ccccc3)c(=O)c2=O)c1O,0.6,-0.5108256237659907,0.1687683792002922
241,CC(C)Oc1cc(O[C@@H](C)c2ccccc2)cc(C(=O)Nc2ccc(C(=O)O)cn2)c1,0.6,-0.5108256237659907,0.1687683792002922
388,O=C(O)c1ccccc1Oc1ccc(Cl)cc1NS(=O)(=O)c1ccc(Cl)c(Cl)c1,0.6,-0.5108256237659907,0.1687683792002922
268,O=C(O)C(CCN1C(=O)c2ccccc2C1=O)S(=O)(=O)c1ccc(-c2ccc(Cl)cc2)cc1,0.6,-0.5108256237659907,0.1687683792002922
1616,Oc1nc(-c2cc(-c3ccon3)n(Cc3ccccc3F)n2)ncc1F,0.6,-0.5108256237659907,0.1687683792002922
1968,CCOc1c2c(c(OCC)c3ccccc13)C(=O)N(c1ccc(CC(=O)O)cc1)C2,0.6,-0.5108256237659907,0.1687683792002922
943,O=C(O)c1ccc(-n2ncc(C(=O)NC3C4CC5CC(C4)CC3C5)c2C2CCCC2)cc1,0.6,-0.5108256237659907,0.1687683792002922
937,Cc1cc(OCCCS(C)(=O)=O)cc(C)c1-c1cccc(COc2ccc3c(c2)OC[C@H]3CC(=O)O)c1.O,0.5693,-0.5633477430251008,0.1652012138340275
1454,C[C@](O)(CO)c1ccc(-c2ncc(S(=O)(=O)c3ccc(N)nc3)s2)c(Cl)c1,0.55,-0.5978370007556204,0.1628587933944116
466,CCCCCN(C(=O)Nc1ccc(SC(F)(F)F)cc1)C1Cc2ccc(SC(C)(C)C(=O)O)cc2C1,0.55,-0.5978370007556204,0.1628587933944116
1628,CCCCC(NC(=O)[C@@H](CCC(=O)O)NC(=O)[C@@H](CC(=O)O)NC(=O)[C@@H](CO)NC(=O)[C@@H](Cc1ccccc1)NC(=O)[C@@H](CO)NC(=O)CNC(=O)[C@@H](CC(=O)O)NC(=O)CNC(=O)[C@@H](N)Cc1cnc[nH]1)C(=O)NC(Cc1ccc(Cl)cc1)C(=O)N[C@H](C(=O)N[C@H](C(=O)N[C@@H](CC(C)C)C(=O)N[C@@H](CC(=O)O)C(=O)N[C@@H](CC(N)=O)C(=O)N[C@@H](CC(C)C)C(=O)N[C@@H](C)C(=O)N[C@@H](C)C(=O)N[C@@H](CCCNC(=N)N)C(=O)N[C@@H](CC(=O)O)C(=O)N[C@@H](Cc1ccccc1)C(=O)N[C@H](C(=O)N[C@@H](CC(N)=O)C(=O)N[C@H](Cc1c[nH]c2ccccc12)C(=O)N[C@H](CC(C)C)C(=O)N[C@@H](C(=O)N[C@H](CCC(N)=O)C(=O)N[C@@H](C(=O)N[C@@H](CCCCN)C(N)=O)[C@H](C)O)[C@@H](C)CC)[C@H](C)CC)[C@H](C)CC)[C@@H](C)O,0.55,-0.5978370007556204,0.1628587933944116
1450,CC1=NN(c2ccc(C)c(C)c2)C(=O)/C1=N\Nc1cccc(-c2cccc(C(=O)O)c2)c1O,0.55,-0.5978370007556204,0.1628587933944116
226,N=C(N)c1ccc2[nH]c(-c3cc(C(CC(=O)O)C(=O)O)cc(-c4cccc(C(N)=O)c4)c3O)nc2c1,0.54,-0.616186139423817,0.1616125677492683
144,CCO[C@@H](Cc1ccc(OC/C=C/C#Cc2ccccc2)cc1)C(=O)O,0.54,-0.616186139423817,0.1616125677492683
482,O=C(Nc1ccc(N2CCC(N3CCCCC3)CC2)c(Cl)c1)C(c1ccccc1)c1ccccc1,0.53,-0.6348782724359695,0.6294997704548558
610,COc1cc(C(=O)c2c[nH]c3nc(C)ccc23)cc(OC)c1OC,0.5283,-0.6380909748118669,0.1601248484559074
609,COc1ccc2c(C(=O)c3cc(OC)c(OC)c(OC)c3)c[nH]c2c1,0.525,-0.6443570163905132,0.1596992752532601
810,Cc1n[nH]c(C(=O)O)c1Cc1cc2ccccc2s1,0.52,-0.6539264674066639,0.1590493430966658
1654,CCCCC(NC(=O)[C@H](CCC(=O)O)NC(=O)[C@H](CC(=O)O)NC(=O)[C@H](CO)NC(=O)[C@H](Cc1ccccc1)NC(=O)[C@H](CO)NC(=O)CNC(=O)[C@H](CC(=O)O)NC(=O)CNC(=O)[C@@H](N)Cc1cnc[nH]1)C(=O)N[C@H](Cc1cccs1)C(=O)N[C@H](C(=O)N[C@H](C(=O)N[C@@H](CC(C)C)C(=O)N[C@@H](CC(=O)O)C(=O)N[C@@H](Cc1ccc(O)cc1)C(=O)N[C@@H](CC(C)C)C(=O)N[C@@H](C)C(=O)N[C@@H](C)C(=O)N[C@@H](CCCNC(=N)N)C(=O)N[C@@H](CC(=O)O)C(=O)N[C@@H](Cc1ccccc1)C(=O)N[C@H](C(=O)N[C@@H](CC(N)=O)C(=O)N[C@@H](Cc1c[nH]c2ccccc12)C(=O)N[C@@H](CC(C)C)C(=O)N[C@H](C(=O)N[C@@H](CCC(N)=O)C(=O)N[C@H](C(=O)N[C@@H](CCCCN)C(N)=O)[C@@H](C)O)[C@@H](C)CC)[C@@H](C)CC)[C@@H](C)CC)[C@@H](C)O,0.52,-0.6539264674066639,0.1590493430966658
1290,Cc1ccc(C(F)(F)F)cc1CNCc1cc2c(C)nn(-c3ccccc3)c2[nH]c1=O,0.519,-0.6558513958162484,0.1589186069791582
995,COCCN1CCn2cc(C(=O)NCc3ccc(F)cc3)c(=O)c(O)c2C1=O,0.51,-0.6733445532637656,0.1577305173461875
1629,CCCCC(NC(=O)[C@H](CCC(=O)O)NC(=O)[C@H](CC(=O)O)NC(=O)[C@H](CO)NC(=O)[C@H](Cc1ccccc1)NC(=O)[C@H](CO)NC(=O)CNC(=O)[C@H](CC(=O)O)NC(=O)CNC(=O)[C@@H](N)Cc1cnc[nH]1)C(=O)N[C@H](Cc1ccc(Cl)cc1)C(=O)N[C@H](C(=O)N[C@H](C(=O)N[C@@H](CC(C)C)C(=O)N[C@@H](CC(=O)O)C(=O)N[C@@H](CC(N)=O)C(=O)N[C@@H](CC(C)C)C(=O)N[C@@H](C)C(=O)N[C@@H](C)C(=O)N[C@@H](CCCNC(=N)N)C(=O)N[C@@H](CC(=O)O)C(=O)N[C@@H](Cc1ccccc1)C(=O)N[C@H](C(=O)N[C@@H](CC(N)=O)C(=O)N[C@@H](Cc1c[nH]c2ccccc12)C(=O)N[C@@H](CC(C)C)C(=O)N[C@H](C(=O)N[C@@H](CCC(N)=O)C(=O)N[C@H](C(=O)N[C@@H](CCCCN)C(N)=O)[C@@H](C)O)[C@@H](C)CC)[C@@H](C)CC)[C@@H](C)CC)[C@@H](C)O,0.51,-0.6733445532637656,0.1577305173461875
483,Cc1ccc2c(N3CCN(CCc4cccc(-n5cccn5)c4)CC3)cccc2n1,0.5,-0.6931471805599453,0.6255422981760911
1403,CCO[C@@H]([C@H]1C[C@@H](C)[C@H]2[C@H](O1)[C@H](O)[C@@]1(C)[C@@H]3CC[C@H]4C(C)(C)[C@@H](O[C@H]5CN(C6CN(C(C)C)C6)CCO5)CC[C@@]45C[C@@]35CC[C@]21C)C(C)(C)O,0.5,-0.6931471805599453,0.1563855745440227
363,COC(=O)N(CC(=O)O)Cc1cccc(OCc2csc(-c3ccc(C(F)(F)F)cc3)n2)c1,0.5,-0.6931471805599453,0.1563855745440227
1337,CNC(=O)Cn1c(=O)c(C(=O)NCCOC)c(O)c2ncc(Cc3ccc(F)cc3)cc21,0.5,-0.6931471805599453,0.1563855745440227
233,N=C(N)c1ccc2[nH]c(-c3cc(C(CCC(=O)O)C(=O)O)cc(-c4cccc([N+](=O)[O-])c4)c3O)nc2c1,0.5,-0.6931471805599453,0.1563855745440227
49,O=C(O)C(=O)N(c1ccccc1C(=O)O)c1cccc2ccccc12,0.5,-0.6931471805599453,0.1563855745440227
543,COc1cc(/C=C2\SC(=O)NC2=O)ccc1Oc1ccc(C#N)c2ccccc12,0.5,-0.6931471805599453,0.1563855745440227
1118,Cc1cccc(NC(=O)c2ccc(C(F)(F)F)cc2C(=O)O)n1,0.5,-0.6931471805599453,0.1563855745440227
486,CN(c1cccn(O)c1=O)S(=O)(=O)c1ccc(Oc2ccc(Cl)cc2)cc1,0.5,-0.6931471805599453,0.1563855745440227
1648,CCCCC(NC(=O)[C@H](CCC(=O)O)NC(=O)[C@H](CC(=O)O)NC(=O)[C@H](CO)NC(=O)[C@H](Cc1ccccc1)NC(=O)[C@H](CO)NC(=O)CNC(=O)[C@H](CC(=O)O)NC(=O)CNC(=O)[C@@H](N)Cc1cnc[nH]1)C(=O)N[C@@H](CC(N)=O)C(=O)N[C@H](C(=O)N[C@H](C(=O)N[C@@H](CC(C)C)C(=O)N[C@@H](CC(=O)O)C(=O)N[C@@H](Cc1c[nH]c2ccccc12)C(=O)N[C@@H](CC(C)C)C(=O)N[C@@H](C)C(=O)N[C@@H](C)C(=O)N[C@@H](CCCNC(=N)N)C(=O)N[C@@H](CC(=O)O)C(=O)N[C@@H](Cc1ccccc1)C(=O)N[C@H](C(=O)N[C@@H](CC(N)=O)C(=O)N[C@@H](Cc1c[nH]c2ccccc12)C(=O)N[C@@H](CC(C)C)C(=O)N[C@H](C(=O)N[C@@H](CCC(N)=O)C(=O)N[C@H](C(=O)N[C@@H](CCCCN)C(N)=O)[C@@H](C)O)[C@@H](C)CC)[C@@H](C)CC)[C@@H](C)CC)[C@@H](C)O,0.5,-0.6931471805599453,0.1563855745440227
479,CC(C)(C(=O)Nc1ccc(N2CCC(NCC3CC3)CC2)c(Cl)c1)c1cccc(C(F)(F)F)c1,0.5,-0.6931471805599453,0.6255422981760911
485,CC(=O)Nc1cccc(CCN2CCN(c3cccc4nc(C)ccc34)CC2)c1,0.5,-0.6931471805599453,0.6255422981760911
226,N[C@H]1Cn2c(nc3cnc(F)cc32)C[C@@H]1c1cc(F)c(F)cc1F.O=C(O)C(F)(F)F.O=C(O)C(F)(F)F,0.5,-0.6931471805599453,0.1563855745440227
939,Cc1nc(C)c(-c2ccc([C@H]3CC[C@H](CC(=O)O)CC3)cc2)nc1C(N)=O,0.5,-0.6931471805599453,0.1563855745440227
176,CCN1C[C@H](C)n2c(c(O)c3c(=O)n(Cc4ccc(F)cc4)ncc32)C1=O,0.5,-0.6931471805599453,0.1563855745440227
467,CCCCCOc1ccc(-c2ccc(-c3ccc([14C](=O)N[C@H]4C[C@@H](O)[C@@H](O)NC(=O)[C@@H]5[C@@H](O)[C@@H](C)CN5C(=O)[C@H]([C@@H](C)O)NC(=O)[C@H]([C@H](O)[C@@H](O)c5ccc(O)cc5)NC(=O)[C@@H]5C[C@@H](O)CN5C(=O)[C@H]([C@@H](C)O)NC4=O)cc3)cc2)cc1,0.5,-0.6931471805599453,0.1563855745440227
484,Cc1ccc2c(N3CCN(CCc4cccc(N5CCOC5=O)c4)CC3)cccc2n1,0.5,-0.6931471805599453,0.6255422981760911
408,O=C(O)c1c(O)c(C2(c3ccc(F)cc3)CC2)nc2c(C(F)(F)F)cccc12,0.5,-0.6931471805599453,0.1563855745440227
2002,Fc1ccc(/C=N/Nc2nc(-c3ccc(C(F)(F)F)cc3)cs2)cc1F,0.5,-0.6931471805599453,0.1563855745440227
1682,CCCC[C@H](CN(O)C=O)C(=O)N1CC2(CC2)C[C@H]1C(=O)Nc1cc(C(C)(C)C)on1,0.4933,-0.7066377707424445,0.1554693288412918
1655,CCCCC(NC(=O)[C@H](CCC(=O)O)NC(=O)[C@H](CC(=O)O)NC(=O)[C@H](CO)NC(=O)[C@H](Cc1ccccc1)NC(=O)[C@H](CO)NC(=O)CNC(=O)[C@H](CC(=O)O)NC(=O)CNC(=O)[C@@H](N)Cc1cnc[nH]1)C(=O)N[C@H](Cc1ccccc1)C(=O)N[C@H](C(=O)N[C@H](C(=O)N[C@@H](CC(C)C)C(=O)N[C@@H](CC(=O)O)C(=O)N[C@@H](CC(C)C)C(=O)N[C@@H](CC(C)C)C(=O)N[C@@H](C)C(=O)N[C@H](C(=O)N[C@@H](CCCNC(=N)N)C(=O)N[C@@H](CC(=O)O)C(=O)N[C@@H](Cc1ccccc1)C(=O)N[C@H](C(=O)N[C@@H](CC(N)=O)C(=O)N[C@@H](Cc1c[nH]c2ccccc12)C(=O)N[C@@H](CC(C)C)C(=O)N[C@H](C(=O)N[C@@H](CCC(N)=O)C(=O)N[C@H](C(=O)N[C@@H](CCCCN)C(N)=O)[C@@H](C)O)[C@@H](C)CC)[C@@H](C)CC)[C@@H](C)O)[C@@H](C)CC)[C@@H](C)O,0.49,-0.7133498878774648,0.1550134593501878
1651,CCCCC(NC(=O)[C@H](CCC(=O)O)NC(=O)[C@H](CC(=O)O)NC(=O)[C@H](CO)NC(=O)[C@H](Cc1ccccc1)NC(=O)[C@H](CO)NC(=O)CNC(=O)[C@H](CC(=O)O)NC(=O)CNC(=O)[C@@H](N)Cc1cnc[nH]1)C(=O)N[C@H](Cc1ccccc1)C(=O)N[C@H](C(=O)N[C@H](C(=O)N[C@@H](CC(C)C)C(=O)N[C@@H](CC(=O)O)C(=O)N[C@@H](Cc1ccc(O)cc1)C(=O)N[C@@H](CC(C)C)C(=O)N[C@@H](C)C(=O)N[C@@H](C)C(=O)N[C@@H](CCCNC(=N)N)C(=O)N[C@@H](CC(=O)O)C(=O)N[C@@H](Cc1ccccc1)C(=O)N[C@H](C(=O)N[C@@H](CC(N)=O)C(=O)N[C@@H](Cc1c[nH]c2ccccc12)C(=O)N[C@@H](CC(C)C)C(=O)N[C@H](C(=O)N[C@@H](CCC(N)=O)C(=O)N[C@H](C(=O)N[C@@H](CCCCN)C(N)=O)[C@@H](C)O)[C@@H](C)CC)[C@@H](C)CC)[C@@H](C)CC)[C@@H](C)O,0.48,-0.7339691750802004,0.1536130511369585
465,CCCCCN(C(=O)Nc1ccc(N(C)C)cc1)C1Cc2ccc(SC(C)(C)C(=O)O)cc2C1,0.47,-0.7550225842780328,0.1521831584899805
1302,O=C(O)c1csc(N2CCc3cccc(C(=O)Nc4nc5ccccc5s4)c3C2)n1,0.47,-0.7550225842780328,0.1521831584899805
1685,CCCC[C@H](CN(O)C=O)C(=O)N1CC2(CC2)C[C@H]1c1nc2ccccc2[nH]1,0.44,-0.8209805520698302,0.147703465331078
1645,CCCCC(NC(=O)[C@H](CCC(=O)O)NC(=O)[C@H](CC(=O)O)NC(=O)[C@H](CO)NC(=O)[C@H](Cc1ccccc1)NC(=O)[C@H](CO)NC(=O)CNC(=O)[C@H](CC(=O)O)NC(=O)CNC(=O)[C@@H](N)Cc1cnc[nH]1)C(=O)N[C@@H](CC(N)=O)C(=O)N[C@H](C(=O)N[C@H](C(=O)N[C@@H](CC(C)C)C(=O)N[C@@H](CC(=O)O)C(=O)NC(CCc1ccccc1)C(=O)N[C@@H](CC(C)C)C(=O)N[C@@H](C)C(=O)N[C@@H](C)C(=O)N[C@@H](CCCNC(=N)N)C(=O)N[C@@H](CC(=O)O)C(=O)N[C@@H](Cc1ccccc1)C(=O)N[C@H](C(=O)N[C@@H](CC(N)=O)C(=O)N[C@@H](Cc1c[nH]c2ccccc12)C(=O)N[C@@H](CC(C)C)C(=O)N[C@H](C(=O)N[C@@H](CCC(N)=O)C(=O)N[C@H](C(=O)N[C@@H](CCCCN)C(N)=O)[C@@H](C)O)[C@@H](C)CC)[C@@H](C)CC)[C@@H](C)CC)[C@@H](C)O,0.44,-0.8209805520698302,0.147703465331078
1646,CCCCC(NC(=O)[C@@H](CCC(=O)O)NC(=O)[C@@H](CC(=O)O)NC(=O)[C@@H](CO)NC(=O)[C@@H](Cc1ccccc1)NC(=O)[C@@H](CO)NC(=O)CNC(=O)[C@@H](CC(=O)O)NC(=O)CNC(=O)[C@@H](N)Cc1cnc[nH]1)C(=O)N[C@H](CC(N)=O)C(=O)N[C@@H](C(=O)N[C@@H](C(=O)N[C@H](CC(C)C)C(=O)N[C@H](CC(=O)O)C(=O)NC(Cc1cccc2ccccc12)C(=O)N[C@@H](CC(C)C)C(=O)N[C@@H](C)C(=O)N[C@@H](C)C(=O)N[C@@H](CCCNC(=N)N)C(=O)N[C@@H](CC(=O)O)C(=O)N[C@@H](Cc1ccccc1)C(=O)N[C@H](C(=O)N[C@@H](CC(N)=O)C(=O)N[C@H](Cc1c[nH]c2ccccc12)C(=O)N[C@H](CC(C)C)C(=O)N[C@@H](C(=O)N[C@H](CCC(N)=O)C(=O)N[C@@H](C(=O)N[C@@H](CCCCN)C(N)=O)[C@H](C)O)[C@@H](C)CC)[C@H](C)CC)[C@@H](C)CC)[C@H](C)O,0.43,-0.843970070294529,0.1461420772082247
858,N#Cc1cc(OC(F)(F)F)cc(-c2nc(-c3ccc4c(c3)cc3n4CCC3CC(=O)O)no2)c1,0.4217,-0.8634611182296228,0.1448182960636889
1638,CCCCC(NC(=O)[C@H](CCC(=O)O)NC(=O)[C@H](CC(=O)O)NC(=O)[C@H](CO)NC(=O)[C@H](Cc1ccccc1)NC(=O)[C@H](CO)NC(=O)CNC(=O)[C@H](CC(=O)O)NC(=O)CNC(=O)[C@H](N)Cc1cnc[nH]1)C(=O)N[C@@H](CC(N)=O)C(=O)N[C@H](C(=O)N[C@H](C(=O)N[C@@H](CC(C)C)C(=O)N[C@@H](CC(=O)O)C(=O)NC(CC1CCCCC1)C(=O)N[C@H](CC(C)C)C(=O)N[C@H](C)C(=O)N[C@H](C)C(=O)N[C@H](CCCNC(=N)N)C(=O)N[C@H](CC(=O)O)C(=O)N[C@H](Cc1ccccc1)C(=O)N[C@@H](C(=O)N[C@H](CC(N)=O)C(=O)N[C@@H](Cc1c[nH]c2ccccc12)C(=O)N[C@@H](CC(C)C)C(=O)N[C@H](C(=O)N[C@@H](CCC(N)=O)C(=O)N[C@H](C(=O)N[C@H](CCCCN)C(N)=O)[C@@H](C)O)[C@H](C)CC)[C@@H](C)CC)[C@H](C)CC)[C@@H](C)O,0.41,-0.8915981192837836,0.1429073043313143
1817,C=CC(=O)N1CCC[C@@H](n2nc(-c3ccc(OCc4ccccn4)c(Cl)c3)c3c(N)ncnc32)C1,0.4063,-0.900663475988456,0.1422916089457148
1753,O=S(=O)(Nc1nc(Cl)cs1)c1cc(Cl)c(NC[C@H]2NCCC=C2c2ccc(F)cc2)cc1F,0.4,-0.916290731874155,0.1412302464806891
1072,C[C@]1(CS(=O)(=O)N2CCC(Oc3ccc(OC(F)(F)C(F)F)cc3)CC2)NC(=O)NC1=O,0.4,-0.916290731874155,0.1412302464806891
505,CN([C@@H]1CCc2c(CC(=O)O)c3cccnc3n2C1)S(=O)(=O)c1ccc(F)cc1,0.4,-0.916290731874155,0.1412302464806891
625,COC[C@H](C)Oc1cc(O[C@@H](C)CC2CCCC2)cc(C(=O)Nc2ccc(C(=O)O)cn2)c1,0.4,-0.916290731874155,0.1412302464806891
329,CC(C)(Cc1nc(-c2ccc(O)cn2)no1)C(=O)NC1=C(C(=O)O)CCCC1,0.4,-0.916290731874155,0.1412302464806891
1258,Cn1c(=O)c(-c2ccc(Cl)cc2)c(-c2ccncc2)c2nn(Cc3ccc(C(F)(F)F)nc3)c(=O)n21,0.4,-0.916290731874155,0.1412302464806891
1976,O=C(N[C@@H](c1ccc(C(F)(F)F)cc1)c1ncccc1F)c1ccc(=O)[nH]c1,0.4,-0.916290731874155,0.1412302464806891
1257,O=c1n(Cc2ccc(C(F)(F)F)nc2)nc2c(-c3ccncc3)c(-c3ccc(Cl)cc3)cnn12,0.4,-0.916290731874155,0.1412302464806891
375,COCCC(C(=O)O)[C@@H]1c2ccccc2C[C@H]1NC(=O)c1cc2sc(Cl)c(Cl)c2[nH]1,0.4,-0.916290731874155,0.1412302464806891
1392,NC1=N[C@@]2(CO1)c1cc(-c3cccnc3F)ccc1Oc1cnc(-c3ccnc(F)c3)cc12,0.4,-0.916290731874155,0.1412302464806891
1190,O=C(Nc1ccc(O[C@H]2CC[C@@H](C(=O)O)CC2)cc1F)c1nnc(Nc2cc(F)c(F)cc2F)o1,0.4,-0.916290731874155,0.1412302464806891
409,O=C(O)c1c(O)c(C2(c3ccc(C(F)(F)F)cc3)CC2)nc2c(C(F)(F)F)cccc12,0.4,-0.916290731874155,0.1412302464806891
1735,Cc1cc(/C=C2\SC(=O)NC2=O)c(C)n1-c1ccc(-c2ccc(/C=C3\SC(=O)NC3=O)cc2)cc1,0.4,-0.916290731874155,0.1412302464806891
521,CN([C@@H]1CCc2c(CC(=O)O)c3cccc(F)c3n2C1)S(=O)(=O)c1ccc(F)cc1,0.4,-0.916290731874155,0.1412302464806891
1684,CCCC[C@H](CN(O)C=O)C(=O)N1CC2(CC2)C[C@H]1C(=O)Nc1ncc(C)s1,0.3917,-0.9372590383103514,0.1398061337913397
1008,Cc1ncn(-c2ncc(F)c3c(C(=O)C(=O)N4CCN(C(=O)c5ccccc5)CC4)c[nH]c23)n1,0.39,-0.941608539858445,0.1395107269893724
108,CN[C@H](CC(C)C)C(=O)N[C@H]1C(=O)N[C@@H](CC(N)=O)C(=O)N[C@H]2C(=O)N[C@H]3C(=O)N[C@H](C(=O)N[C@H](C(=O)O)c4cc(O)cc(O)c4-c4cc3ccc4O)[C@H](O)c3ccc(c(Cl)c3)Oc3cc2cc(c3OC2OC(CO)C(O)C(O)C2OC2CC(C)(NC(=O)OCc3cc(C)c(OC(=O)NCCOCCOCCNC(=O)CNC(=O)CC(NC(=O)COCCO)C(=O)NCC(=O)NCCOCCOCCNC(=O)Oc4c(C)cc(COC(=O)NC5(C)CC(OC6C(Oc7c8cc9cc7Oc7ccc(cc7Cl)[C@@H](O)[C@@H](NC(=O)[C@@H](CC(C)C)NC)C(=O)N[C@@H](CC(N)=O)C(=O)N[C@H]9C(=O)N[C@H]7C(=O)N[C@H](C(=O)N[C@H](C(=O)O)c9cc(O)cc(O)c9-c9cc7ccc9O)[C@H](O)c7ccc(c(Cl)c7)O8)OC(CO)C(O)C6O)OC(C)C5O)cc4C)c(C)c3)C(O)C(C)O2)Oc2ccc(cc2Cl)[C@H]1O,0.3833,-0.9589373065956277,0.1383338023447289
640,CN(C(=O)Cc1ccc(F)cc1)[C@@H]1CCc2c(CC(=O)O)c3ccccc3n2C1,0.38,-0.9675840262617056,0.1377465396950161
594,O=C(Nc1ccc(C2CCN(C(=O)[C@H]3CC[C@H](C(=O)O)CC3)CC2)cc1)c1nc(-c2ccccc2)oc1C(F)(F)F,0.38,-0.9675840262617056,0.1377465396950161
1649,CCCCC(NC(=O)[C@H](CCC(=O)O)NC(=O)[C@H](CC(=O)O)NC(=O)[C@H](CO)NC(=O)[C@H](Cc1ccccc1)NC(=O)[C@H](CO)NC(=O)CNC(=O)[C@H](CC(=O)O)NC(=O)CNC(=O)[C@@H](N)Cc1cnc[nH]1)C(=O)N[C@H](Cc1ccccc1)C(=O)N[C@H](C(=O)N[C@H](C(=O)N[C@@H](CC(C)C)C(=O)N[C@@H](CC(=O)O)C(=O)N[C@@H](CC(C)C)C(=O)N[C@@H](CC(C)C)C(=O)N[C@@H](C)C(=O)N[C@@H](C)C(=O)N[C@@H](CCCNC(=N)N)C(=O)N[C@@H](CC(=O)O)C(=O)N[C@@H](Cc1ccccc1)C(=O)N[C@H](C(=O)N[C@@H](CC(N)=O)C(=O)N[C@@H](Cc1c[nH]c2ccccc12)C(=O)N[C@@H](CC(C)C)C(=O)N[C@H](C(=O)N[C@@H](CCC(N)=O)C(=O)N[C@H](C(=O)N[C@@H](CCCCN)C(N)=O)[C@@H](C)O)[C@@H](C)CC)[C@@H](C)CC)[C@@H](C)CC)[C@@H](C)O,0.37,-0.9942522733438669,0.1359353019020176
1137,O=C(N[C@@H]1CCCC[C@H]1O)c1cnc(OC2CCCC2)c(-c2cc(C(F)(F)F)ccc2Cl)c1,0.367,-1.0023934309275668,0.1353823757104714
1289,Cc1ccc(C(F)(F)F)cc1CNCc1cc2c(C3CC3)nn(-c3ccccc3)c2[nH]c1=O,0.361,-1.018877320649256,0.1342628329093432
1135,O=C(N[C@@H]1CCCC[C@H]1O)c1cnc(Oc2ccccc2)c(-c2ccc(Cl)cc2)c1,0.353,-1.0412872220488403,0.1327408108496538
1825,C[C@@H](Oc1cc2onc(CCC(=O)O)c2cc1Cl)c1ccc(Cl)cn1,0.35,-1.0498221244986778,0.132161142533657
1961,CCCCCCCCCCCCCCCC(=O)NCCCC[C@H](NC(=O)CCNC(=O)[C@H](CCCCN)NC(=O)[C@H](CCCCN)NC(=O)[C@H](CCC(N)=O)NC(=O)[C@@H](NC(=O)[C@H](CCC(=O)O)NC(=O)[C@H](CCC(=O)O)NC(=O)[C@@H](NC(=O)[C@H](CCCCN)NC(=O)[C@H](CCCCN)NC(=O)[C@H](CCC(N)=O)NC(=O)[C@@H](NC(=O)[C@H](CCC(=O)O)NC(=O)[C@H](CCC(=O)O)NC(=O)[C@@H](NC(=O)[C@H](CCCCN)NC(=O)[C@H](CCCCN)NC(=O)[C@H](CCC(N)=O)NC(=O)[C@@H](NC(=O)[C@H](CCC(=O)O)NC(=O)[C@H](CCC(=O)O)NC(=O)[C@@H](NC(=O)[C@H](CCCCN)NC(=O)[C@H](CCCCN)NC(=O)[C@H](CCC(N)=O)NC(=O)[C@@H](NC(=O)[C@H](CCC(=O)O)NC(=O)[C@H](CCC(=O)O)NC(=O)[C@@H](NC(=O)[C@H](CCCCN)NC(=O)[C@H](CCCCN)NC(=O)[C@H](CCC(N)=O)NC(=O)[C@@H](NC(=O)[C@H](CCC(=O)O)NC(=O)[C@H](CCC(=O)O)NC(=O)[C@@H](NC(C)=O)[C@@H](C)CC)[C@@H](C)CC)[C@@H](C)CC)[C@@H](C)CC)[C@@H](C)CC)[C@@H](C)CC)[C@@H](C)CC)[C@@H](C)CC)[C@@H](C)CC)[C@@H](C)CC)C(N)=O,0.345,-1.0642108619507773,0.1311838970106767
495,CCCCCOc1ccc(-c2ccc(-c3ccc([14C](=O)N[C@H]4C[C@@H](O)[C@@H](O)NC(=O)[C@@H]5[C@@H](O)[C@@H](C)CN5C(=O)[C@H]([C@H](C)O)NC(=O)[C@H]([C@H](O)[C@@H](O)c5ccc(O)cc5)NC(=O)[C@@H]5C[C@@H](O)CN5C(=O)[C@H]([C@H](C)O)NC4=O)cc3)cc2)cc1,0.335,-1.0936247471570706,0.129186182636709
709,O=S(=O)(Nc1cc(-c2ccc3ncc(N4CCOCC4)nc3c2)cnc1Cl)c1ccc(F)cc1,0.3333,-1.098712293668443,0.1288406497456027
1481,CCO[C@@H](CC(=O)O)c1ccc(O[C@@H]2CCc3c2cccc3C(F)(F)F)cc1,0.3333,-1.098712293668443,0.1288406497456027
1453,COc1ccc2nc(COc3ccc(CC4SC(=O)NC4=O)cc3)n(C)c2c1.Cl,0.333,-1.0996127890016931,0.1287794904509938
1652,CCCCC(NC(=O)[C@H](CCC(=O)O)NC(=O)[C@H](CC(=O)O)NC(=O)[C@H](CO)NC(=O)[C@H](Cc1ccccc1)NC(=O)[C@H](CO)NC(=O)CNC(=O)[C@H](CC(=O)O)NC(=O)CNC(=O)[C@@H](N)Cc1cnc[nH]1)C(=O)N[C@H](Cc1cccs1)C(=O)N[C@H](C(=O)N[C@H](C(=O)N[C@@H](CC(C)C)C(=O)N[C@@H](CC(=O)O)C(=O)N[C@@H](CC(C)C)C(=O)N[C@@H](CC(C)C)C(=O)N[C@@H](C)C(=O)N[C@@H](C)C(=O)N[C@@H](CCCNC(=N)N)C(=O)N[C@@H](CC(=O)O)C(=O)N[C@@H](Cc1ccccc1)C(=O)N[C@H](C(=O)N[C@@H](CC(N)=O)C(=O)N[C@@H](Cc1c[nH]c2ccccc12)C(=O)N[C@@H](CC(C)C)C(=O)N[C@H](C(=O)N[C@@H](CCC(N)=O)C(=O)N[C@H](C(=O)N[C@@H](CCCCN)C(N)=O)[C@@H](C)O)[C@@H](C)CC)[C@@H](C)CC)[C@@H](C)CC)[C@@H](C)O,0.33,-1.1086626245216111,0.1281648492237846
128,CCn1nc(Cc2ccc(-c3ccccc3)cc2)cc1C1CCN(C[C@H]2CN([C@@H](C(=O)O)C(C)C)C[C@@H]2c2cccc(F)c2)CC1,0.32,-1.1394342831883648,0.1260749184173555
1631,CCCCC(NC(=O)[C@H](CCC(=O)O)NC(=O)[C@H](CC(=O)O)NC(=O)[C@H](CO)NC(=O)[C@H](Cc1ccccc1)NC(=O)[C@H](CO)NC(=O)CNC(=O)[C@H](CC(=O)O)NC(=O)CNC(=O)[C@@H](N)Cc1cnc[nH]1)C(=O)N[C@H](Cc1cccc(Cl)c1)C(=O)N[C@H](C(=O)N[C@H](C(=O)N[C@@H](CC(C)C)C(=O)N[C@@H](CC(=O)O)C(=O)N[C@@H](CC(N)=O)C(=O)N[C@@H](CC(C)C)C(=O)N[C@@H](C)C(=O)N[C@@H](C)C(=O)N[C@@H](CCCNC(=N)N)C(=O)N[C@@H](CC(=O)O)C(=O)N[C@@H](Cc1ccccc1)C(=O)N[C@H](C(=O)N[C@@H](CC(N)=O)C(=O)N[C@@H](Cc1c[nH]c2ccccc12)C(=O)N[C@@H](CC(C)C)C(=O)N[C@H](C(=O)N[C@@H](CCC(N)=O)C(=O)N[C@H](C(=O)N[C@@H](CCCCN)C(N)=O)[C@@H](C)O)[C@@H](C)CC)[C@@H](C)CC)[C@@H](C)CC)[C@@H](C)O,0.32,-1.1394342831883648,0.1260749184173555
1965,Cc1noc(C)c1-c1cc(COc2ccc3c(c2)OC[C@H]3CC(=O)O)ccc1Cl,0.3085,-1.1760334356366946,0.1235891994309557
1291,Cc1ccc(C(F)(F)F)cc1CNCc1cc2c(C(C)C)nn(-c3ccccc3)c2[nH]c1=O,0.303,-1.194022473472768,0.1223674308952138
1650,CCCCC(NC(=O)[C@H](CCC(=O)O)NC(=O)[C@H](CC(=O)O)NC(=O)[C@H](CO)NC(=O)[C@H](Cc1ccccc1)NC(=O)[C@H](CO)NC(=O)CNC(=O)[C@H](CC(=O)O)NC(=O)CNC(=O)[C@@H](N)Cc1cnc[nH]1)C(=O)N[C@H](Cc1ccccc1)C(=O)N[C@H](C(=O)N[C@H](C(=O)N[C@@H](CC(C)C)C(=O)N[C@@H](CC(=O)O)C(=O)N[C@@H](Cc1ccccc1)C(=O)N[C@@H](CC(C)C)C(=O)N[C@@H](C)C(=O)N[C@@H](C)C(=O)N[C@@H](CCCNC(=N)N)C(=O)N[C@@H](CC(=O)O)C(=O)N[C@@H](Cc1ccccc1)C(=O)N[C@H](C(=O)N[C@@H](CC(N)=O)C(=O)N[C@@H](Cc1c[nH]c2ccccc12)C(=O)N[C@@H](CC(C)C)C(=O)N[C@H](C(=O)N[C@@H](CCC(N)=O)C(=O)N[C@H](C(=O)N[C@@H](CCCCN)C(N)=O)[C@@H](C)O)[C@@H](C)CC)[C@@H](C)CC)[C@@H](C)CC)[C@@H](C)O,0.3,-1.2039728043259361,0.1216916303733958
1913,O=S(=O)(c1cc(Cl)c(O)c2ncccc12)C1CCCC1,0.3,-1.2039728043259361,0.1216916303733958
1364,COc1cc2[nH]c(C)c(-c3ccc(Oc4ccc(OC(F)(F)F)cc4)cc3F)c(=O)c2cc1Cl,0.3,-1.2039728043259361,0.1216916303733958
1737,N#Cc1ccc(-c2cnccc2NS(=O)(=O)C(F)(F)F)c2ccccc12,0.3,-1.2039728043259361,0.1216916303733958
229,N=C(N)c1ccc2[nH]c(-c3cc(C(CC(=O)O)C(=O)O)cc(-c4cc(F)ccc4O)c3O)nc2c1,0.3,-1.2039728043259361,0.1216916303733958
1647,CCCCC(NC(=O)[C@@H](CCC(=O)O)NC(=O)[C@@H](CC(=O)O)NC(=O)[C@@H](CO)NC(=O)[C@@H](Cc1ccccc1)NC(=O)[C@@H](CO)NC(=O)CNC(=O)[C@@H](CC(=O)O)NC(=O)CNC(=O)[C@@H](N)Cc1cnc[nH]1)C(=O)N[C@H](CC(N)=O)C(=O)N[C@@H](C(=O)N[C@@H](C(=O)N[C@H](CC(C)C)C(=O)N[C@H](CC(=O)O)C(=O)NC(Cc1ccc2ccccc2c1)C(=O)N[C@@H](CC(C)C)C(=O)N[C@@H](C)C(=O)N[C@@H](C)C(=O)N[C@@H](CCCNC(=N)N)C(=O)N[C@@H](CC(=O)O)C(=O)N[C@@H](Cc1ccccc1)C(=O)N[C@H](C(=O)N[C@@H](CC(N)=O)C(=O)N[C@H](Cc1c[nH]c2ccccc12)C(=O)N[C@H](CC(C)C)C(=O)N[C@@H](C(=O)N[C@H](CCC(N)=O)C(=O)N[C@@H](C(=O)N[C@@H](CCCCN)C(N)=O)[C@H](C)O)[C@@H](C)CC)[C@H](C)CC)[C@@H](C)CC)[C@H](C)O,0.28,-1.2729656758128873,0.1170058144703234
1664,CCCCC(NC(=O)[C@H](CCC(=O)O)NC(=O)[C@H](CC(=O)O)NC(=O)[C@H](CO)NC(=O)[C@H](Cc1ccccc1)NC(=O)[C@H](CO)NC(=O)CNC(=O)[C@H](CC(=O)O)NC(=O)CNC(=O)[C@@H](N)Cc1cnc[nH]1)C(=O)N[C@H](Cc1cccs1)C(=O)N[C@H](C(=O)N[C@H](C(=O)N[C@@H](CC(C)C)C(=O)N[C@@H](CC(=O)O)C(=O)N[C@@H](CC(C)C)C(=O)N[C@@H](CC(C)C)C(=O)N[C@@H](C)C(=O)N[C@H](C(=O)N[C@@H](CCCNC(=N)N)C(=O)N[C@@H](CC(=O)O)C(=O)N[C@@H](Cc1ccccc1)C(=O)N[C@H](C(=O)N[C@@H](CC(N)=O)C(=O)N[C@@H](Cc1c[nH]c2ccccc12)C(=O)N[C@@H](CC(C)C)C(=O)N[C@H](C(=O)N[C@@H](CCC(N)=O)C(=O)N[C@H](C(=O)N[C@@H](CCCCN)C(=O)N[C@H](C(=O)N[C@H](C(=O)N[C@@H](CC(=O)O)C(N)=O)[C@@H](C)O)[C@@H](C)CC)[C@@H](C)O)[C@@H](C)CC)[C@@H](C)CC)[C@@H](C)O)[C@@H](C)CC)[C@@H](C)O,0.28,-1.2729656758128873,0.1170058144703234
1656,CCCCC(NC(=O)[C@H](CCC(=O)O)NC(=O)[C@H](CC(=O)O)NC(=O)[C@H](CO)NC(=O)[C@H](Cc1ccccc1)NC(=O)[C@H](CO)NC(=O)CNC(=O)[C@H](CC(=O)O)NC(=O)CNC(=O)[C@@H](N)Cc1cnc[nH]1)C(=O)N[C@H](Cc1ccccc1)C(=O)N[C@H](C(=O)N[C@H](C(=O)N[C@@H](CC(C)C)C(=O)N[C@@H](CC(=O)O)C(=O)N[C@@H](CC(C)C)C(=O)N[C@@H](CC(C)C)C(=O)N[C@@H](C)C(=O)N[C@@H](C)C(=O)N[C@@H](CCCNC(=N)N)C(=O)N[C@@H](CC(=O)O)C(=O)N[C@@H](Cc1ccccc1)C(=O)N[C@H](C(=O)N[C@@H](CC(N)=O)C(=O)N[C@@H](Cc1c[nH]c2ccccc12)C(=O)N[C@@H](CC(C)C)C(=O)N[C@H](C(=O)N[C@@H](CCC(N)=O)C(=O)N[C@H](C(=O)N[C@@H](CCCCN)C(=O)N[C@H](C(=O)N[C@H](C(=O)N[C@@H](CC(=O)O)C(=O)O)[C@@H](C)O)[C@@H](C)CC)[C@@H](C)O)[C@@H](C)CC)[C@@H](C)CC)[C@@H](C)CC)[C@@H](C)O,0.28,-1.2729656758128873,0.1170058144703234
1670,CCCCC(NC(=O)[C@H](CCC(=O)O)NC(=O)[C@H](CC(=O)O)NC(=O)[C@H](CO)NC(=O)[C@H](Cc1ccccc1)NC(=O)[C@H](CO)NC(=O)CNC(=O)[C@H](CC(=O)O)NC(=O)CNC(=O)[C@@H](N)Cc1cnc[nH]1)C(=O)N[C@H](Cc1ccccc1)C(=O)N[C@H](C(=O)N[C@H](C(=O)N[C@@H](CC(C)C)C(=O)N[C@@H](CC(=O)O)C(=O)N[C@@H](CC(C)C)C(=O)N[C@@H](CC(C)C)C(=O)N[C@@H](C)C(=O)N[C@@H](C)C(=O)N[C@@H](CCCNC(=N)N)C(=O)N[C@@H](CC(=O)O)C(=O)N[C@@H](Cc1ccccc1)C(=O)N[C@H](C(=O)N[C@@H](CC(N)=O)C(=O)N[C@@H](Cc1c[nH]c2ccccc12)C(=O)N[C@@H](CC(C)C)C(=O)N[C@H](C(=O)N[C@@H](CCC(N)=O)C(=O)N[C@H](C(=O)N[C@@H](CCCCN)C(=O)N[C@H](C(=O)N[C@H](C(=O)N[C@@H](CC(=O)O)C(=O)NCCCOCCOCCOCCCNC(=O)COCC(N)=O)[C@@H](C)O)[C@@H](C)CC)[C@@H](C)O)[C@@H](C)CC)[C@@H](C)CC)[C@@H](C)CC)[C@@H](C)O,0.28,-1.2729656758128873,0.1170058144703234
1668,CCCCC(NC(=O)[C@H](CCC(=O)O)NC(=O)[C@H](CC(=O)O)NC(=O)[C@H](CO)NC(=O)[C@H](Cc1ccccc1)NC(=O)[C@H](CO)NC(=O)CNC(=O)[C@H](CC(=O)O)NC(=O)CNC(=O)[C@@H](N)Cc1cnc[nH]1)C(=O)N[C@H](Cc1ccccc1)C(=O)N[C@H](C(=O)N[C@H](C(=O)N[C@@H](CC(C)C)C(=O)N[C@@H](CC(=O)O)C(=O)N[C@@H](CC(C)C)C(=O)N[C@@H](CC(C)C)C(=O)N[C@@H](C)C(=O)N[C@@H](C)C(=O)N[C@@H](CCCNC(=N)N)C(=O)N[C@@H](CC(=O)O)C(=O)N[C@@H](Cc1ccccc1)C(=O)N[C@H](C(=O)N[C@@H](CC(N)=O)C(=O)N[C@@H](Cc1c[nH]c2ccccc12)C(=O)N[C@@H](CC(C)C)C(=O)N[C@H](C(=O)N[C@@H](CCC(N)=O)C(=O)N[C@H](C(=O)N[C@@H](CCCCN)C(=O)N[C@H](C(=O)N[C@H](C(=O)N[C@@H](CC(=O)O)C(=O)NCc1ccncc1)[C@@H](C)O)[C@@H](C)CC)[C@@H](C)O)[C@@H](C)CC)[C@@H](C)CC)[C@@H](C)CC)[C@@H](C)O,0.27,-1.3093333199837622,0.1145358189223719
173,CCN1C[C@H](C)n2c(c(O)c3c(=O)n(Cc4ccc(F)c(Cl)c4)ncc32)C1=O,0.27,-1.3093333199837622,0.1145358189223719
1657,CCCCC(NC(=O)[C@H](CCC(=O)O)NC(=O)[C@H](CC(=O)O)NC(=O)[C@H](CO)NC(=O)[C@H](Cc1ccccc1)NC(=O)[C@H](CO)NC(=O)CNC(=O)[C@H](CC(=O)O)NC(=O)CNC(=O)[C@@H](N)Cc1cnc[nH]1)C(=O)N[C@H](Cc1ccccc1)C(=O)N[C@H](C(=O)N[C@H](C(=O)N[C@@H](CC(C)C)C(=O)N[C@@H](CC(=O)O)C(=O)N[C@@H](CC(C)C)C(=O)N[C@@H](CC(C)C)C(=O)N[C@@H](C)C(=O)N[C@@H](C)C(=O)N[C@@H](CCCNC(=N)N)C(=O)N[C@@H](CC(=O)O)C(=O)N[C@@H](Cc1ccccc1)C(=O)N[C@H](C(=O)N[C@@H](CC(N)=O)C(=O)N[C@@H](Cc1c[nH]c2ccccc12)C(=O)N[C@@H](CC(C)C)C(=O)N[C@H](C(=O)N[C@@H](CCC(N)=O)C(=O)N[C@H](C(=O)N[C@@H](CCCCN)C(=O)N[C@H](C(=O)N[C@H](C(=O)N[C@@H](CC(=O)O)C(N)=O)[C@@H](C)O)[C@@H](C)CC)[C@@H](C)O)[C@@H](C)CC)[C@@H](C)CC)[C@@H](C)CC)[C@@H](C)O,0.27,-1.3093333199837622,0.1145358189223719
1653,CCCCC(NC(=O)[C@H](CCC(=O)O)NC(=O)[C@H](CC(=O)O)NC(=O)[C@H](CO)NC(=O)[C@H](Cc1ccccc1)NC(=O)[C@H](CO)NC(=O)CNC(=O)[C@H](CC(=O)O)NC(=O)CNC(=O)[C@@H](N)Cc1cnc[nH]1)C(=O)N[C@H](Cc1cccs1)C(=O)N[C@H](C(=O)N[C@H](C(=O)N[C@@H](CC(C)C)C(=O)N[C@@H](CC(=O)O)C(=O)N[C@@H](Cc1ccccc1)C(=O)N[C@@H](CC(C)C)C(=O)N[C@@H](C)C(=O)N[C@@H](C)C(=O)N[C@@H](CCCNC(=N)N)C(=O)N[C@@H](CC(=O)O)C(=O)N[C@@H](Cc1ccccc1)C(=O)N[C@H](C(=O)N[C@@H](CC(N)=O)C(=O)N[C@@H](Cc1c[nH]c2ccccc12)C(=O)N[C@@H](CC(C)C)C(=O)N[C@H](C(=O)N[C@@H](CCC(N)=O)C(=O)N[C@H](C(=O)N[C@@H](CCCCN)C(N)=O)[C@@H](C)O)[C@@H](C)CC)[C@@H](C)CC)[C@@H](C)CC)[C@@H](C)O,0.26,-1.3470736479666092,0.1119725942697694
1907,CNC(=O)[C@@H](NC(=O)c1ccc(-c2ccc(CSc3nc4c(c(=O)[nH]3)CCC4)c(F)c2)o1)C(C)(C)C,0.25,-1.3862943611198906,0.1093088257171263
561,COc1ccc2c(c1)CC(c1nc3c(OC)cc(-c4cn[nH]c4)cc3c(=O)[nH]1)CO2,0.25,-1.3862943611198906,0.1093088257171263
1659,CCCCC(NC(=O)[C@H](CCC(=O)O)NC(=O)[C@H](CC(=O)O)NC(=O)[C@H](CO)NC(=O)[C@H](Cc1ccccc1)NC(=O)[C@H](CO)NC(=O)CNC(=O)[C@H](CC(=O)O)NC(=O)CNC(=O)[C@@H](N)Cc1cnc[nH]1)C(=O)N[C@H](Cc1ccccc1)C(=O)N[C@H](C(=O)N[C@H](C(=O)N[C@@H](CC(C)C)C(=O)N[C@@H](CC(=O)O)C(=O)N[C@@H](Cc1ccccc1)C(=O)N[C@@H](CC(C)C)C(=O)N[C@@H](C)C(=O)N[C@@H](C)C(=O)N[C@@H](CCCNC(=N)N)C(=O)N[C@@H](CC(=O)O)C(=O)N[C@@H](Cc1ccccc1)C(=O)N[C@H](C(=O)N[C@@H](CC(N)=O)C(=O)N[C@@H](Cc1c[nH]c2ccccc12)C(=O)N[C@@H](CC(C)C)C(=O)N[C@H](C(=O)N[C@@H](CCC(N)=O)C(=O)N[C@H](C(=O)N[C@@H](CCCCN)C(=O)N[C@H](C(=O)N[C@H](C(=O)N[C@@H](CC(=O)O)C(N)=O)[C@@H](C)O)[C@@H](C)CC)[C@@H](C)O)[C@@H](C)CC)[C@@H](C)CC)[C@@H](C)CC)[C@@H](C)O,0.24,-1.4271163556401458,0.1065363023100622
994,COCCN1C(=O)c2c(O)c(=O)c(C(=O)NCc3ccc(F)cc3)cn2CC1O,0.24,-1.4271163556401458,0.1065363023100622
727,O=C(CCCN1CCC(c2ccc(Cl)cc2)CC1)c1ccc2c(c1)CCN(C(=O)C1CC1)CC2,0.238,-1.4354846053106625,0.1059679526162187
1909,CNC(=O)[C@@H](NC(=O)c1ccc(-c2ccc(CSc3nc4c(c(=O)[nH]3)CCC4)c(F)c2)o1)C1CC1,0.23,-1.4696759700589417,0.1036457642910737
146,CCO[C@@H](Cc1ccc(OC/C=C/C#Cc2cccc(C#C/C=C/COc3ccc(C[C@H](OCC)C(=O)O)cc3)c2)cc1)C(=O)O,0.23,-1.4696759700589417,0.1036457642910737
137,CCn1nc(Cc2ccc(-c3ccccc3)cc2)cc1C1CCN(C[C@H]2CN([C@@H](C(=O)O)C(C)(C)C)C[C@@H]2c2cccc(F)c2)CC1,0.23,-1.4696759700589417,0.1036457642910737
374,O=C(O)C[C@@H]1c2ccccc2C[C@H]1NC(=O)c1cc2sc(Cl)c(Cl)c2[nH]1,0.23,-1.4696759700589417,0.1036457642910737
1669,CCCCC(NC(=O)[C@H](CCC(=O)O)NC(=O)[C@H](CC(=O)O)NC(=O)[C@H](CO)NC(=O)[C@H](Cc1ccccc1)NC(=O)[C@H](CO)NC(=O)CNC(=O)[C@H](CC(=O)O)NC(=O)CNC(=O)[C@@H](N)Cc1cnc[nH]1)C(=O)N[C@H](Cc1ccccc1)C(=O)N[C@H](C(=O)N[C@H](C(=O)N[C@@H](CC(C)C)C(=O)N[C@@H](CC(=O)O)C(=O)N[C@@H](CC(C)C)C(=O)N[C@@H](CC(C)C)C(=O)N[C@@H](C)C(=O)N[C@@H](C)C(=O)N[C@@H](CCCNC(=N)N)C(=O)N[C@@H](CC(=O)O)C(=O)N[C@@H](Cc1ccccc1)C(=O)N[C@H](C(=O)N[C@@H](CC(N)=O)C(=O)N[C@@H](Cc1c[nH]c2ccccc12)C(=O)N[C@@H](CC(C)C)C(=O)N[C@H](C(=O)N[C@@H](CCC(N)=O)C(=O)N[C@H](C(=O)N[C@@H](CCCCN)C(=O)N[C@H](C(=O)N[C@H](C(=O)N[C@@H](CC(=O)O)C(=O)NCCOCCOCCOCCOCCC(N)=O)[C@@H](C)O)[C@@H](C)CC)[C@@H](C)O)[C@@H](C)CC)[C@@H](C)CC)[C@@H](C)CC)[C@@H](C)O,0.23,-1.4696759700589417,0.1036457642910737
1068,C[C@@H]1CCO[C@H]2Cn3cc(C(=O)NCc4ccc(F)cc4F)c(=O)c([O-])c3C(=O)N12.[Na+],0.23,-1.4696759700589417,0.1036457642910737
1910,CNC(=O)[C@@H](NC(=O)c1ccc(-c2ccc(CSc3nc4c(c(=O)[nH]3)CCC4)c(F)c2)o1)C(C)(C)O,0.22,-1.5141277326297755,0.1006267165041816
925,N#Cc1cccc(-c2nc([C@H]3CC[C@H](C(=O)[O-])CC3)cc3cccnc23)c1.[K+],0.22,-1.5141277326297755,0.1006267165041816
209,Cc1ccc2c3c(ccc2n1)OC[C@H](CN1CCN(c2ccc4cc(C#N)ccc4n2)CC1)O3,0.22,-1.5141277326297755,0.1006267165041816
1485,N#Cc1cccc(-c2nc([C@H]3CC[C@H](C(=O)O)CC3)cc3cccnc23)c1,0.22,-1.5141277326297755,0.1006267165041816
811,NNC(=O)c1ccncc1,0.21,-1.5606477482646683,0.0974671983630301
1134,O=C(N[C@@H]1CCCC[C@H]1O)c1cnc(OC2CCC2)c(-c2ccc(Cl)cc2)c1,0.21,-1.5606477482646683,0.0974671983630301
1969,CCOc1c2c(c(OCC)c3ccccc13)C(=O)N(c1ccc(CC(=O)O)cc1)C2=O,0.2,-1.6094379124341003,0.0941534976537927
75,O=C(c1ccc(Cl)cc1)N1CCN(Cc2ccc(-n3ccnc3)cc2)CC1,0.2,-1.6094379124341003,0.0941534976537927
1301,O=C(O)c1cccc(N2CCc3cccc(C(=O)Nc4nc5ccccc5s4)c3C2)n1,0.2,-1.6094379124341003,0.0941534976537927
1738,O=S(=O)(Nc1ccnc2ccc(Br)cc12)C(F)(F)F,0.2,-1.6094379124341003,0.0941534976537927
635,COC[C@H](C)Oc1cc(Oc2cccc(F)c2)cc(C(=O)Nc2ccc(C(=O)O)cn2)c1,0.2,-1.6094379124341003,0.0941534976537927
1661,CCCCC(NC(=O)[C@H](CCC(=O)O)NC(=O)[C@H](CC(=O)O)NC(=O)[C@H](CO)NC(=O)[C@H](Cc1ccccc1)NC(=O)[C@H](CO)NC(=O)CNC(=O)[C@H](CC(=O)O)NC(=O)CNC(=O)[C@@H](N)Cc1cnc[nH]1)C(=O)N[C@H](Cc1cccc(Cl)c1)C(=O)N[C@H](C(=O)N[C@H](C(=O)N[C@@H](CC(C)C)C(=O)N[C@@H](CC(=O)O)C(=O)N[C@@H](CC(C)C)C(=O)N[C@@H](CC(C)C)C(=O)N[C@@H](C)C(=O)N[C@@H](C)C(=O)N[C@@H](CCCNC(=N)N)C(=O)N[C@@H](CC(=O)O)C(=O)N[C@@H](Cc1ccccc1)C(=O)N[C@H](C(=O)N[C@@H](CC(N)=O)C(=O)N[C@@H](Cc1c[nH]c2ccccc12)C(=O)N[C@@H](CC(C)C)C(=O)N[C@H](C(=O)N[C@@H](CCC(N)=O)C(=O)N[C@H](C(=O)N[C@@H](CCCCN)C(=O)N[C@H](C(=O)N[C@H](C(=O)N[C@@H](CC(=O)O)C(N)=O)[C@@H](C)O)[C@@H](C)CC)[C@@H](C)O)[C@@H](C)CC)[C@@H](C)CC)[C@@H](C)CC)[C@@H](C)O,0.2,-1.6094379124341003,0.0941534976537927
321,CCCCCCCCO[C@H]1O[C@H](COS(=O)(=O)[O-])[C@@H](OS(=O)(=O)[O-])[C@H](OS(=O)(=O)[O-])[C@@H]1O[C@H]1O[C@H](COS(=O)(=O)[O-])[C@@H](OS(=O)(=O)[O-])[C@H](O[C@H]2O[C@H](COS(=O)(=O)[O-])[C@@H](OS(=O)(=O)[O-])[C@H](O[C@H]3O[C@H](COS(=O)(=O)[O-])[C@@H](OS(=O)(=O)[O-])[C@H](OS(=O)(=O)[O-])[C@@H]3OS(=O)(=O)[O-])[C@@H]2OS(=O)(=O)[O-])[C@@H]1OS(=O)(=O)[O-].[Na+].[Na+].[Na+].[Na+].[Na+].[Na+].[Na+].[Na+].[Na+].[Na+].[Na+].[Na+].[Na+],0.2,-1.6094379124341003,0.0941534976537927
629,CC(C)Oc1cc(Oc2ccccc2)cc(C(=O)Nc2ccc(C(=O)O)cn2)c1,0.2,-1.6094379124341003,0.0941534976537927
1482,CCO[C@@H](CC(=O)O)c1ccc(OCc2ccc(C(F)(F)F)cc2)cc1,0.2,-1.6094379124341003,0.0941534976537927
1102,O=C(/C=C/c1ccc(OC(F)F)c(OC(F)F)c1)Nc1ccccc1C(=O)O,0.2,-1.6094379124341003,0.0941534976537927
1784,CC(C)(C)c1cc(NC(=O)Nc2ccc(-n3nc(-c4ccc(OCCN5CCOCC5)cc4)c4c(N)ncnc43)cc2)no1,0.1927,-1.6466207035618163,0.0916281394503757
1665,CCCCC(NC(=O)[C@H](CCC(=O)O)NC(=O)[C@H](CC(=O)O)NC(=O)[C@H](CO)NC(=O)[C@H](Cc1ccccc1)NC(=O)[C@H](CO)NC(=O)CNC(=O)[C@H](CC(=O)O)NC(=O)CNC(=O)[C@@H](N)Cc1cnc[nH]1)C(=O)N[C@H](Cc1ccccc1)C(=O)N[C@H](C(=O)N[C@H](C(=O)N[C@@H](CC(C)C)C(=O)N[C@@H](CC(=O)O)C(=O)N[C@@H](CC(C)C)C(=O)N[C@@H](CC(C)C)C(=O)N[C@@H](C)C(=O)N[C@@H](C)C(=O)N[C@@H](CCCNC(=N)N)C(=O)N[C@@H](CC(=O)O)C(=O)N[C@@H](Cc1ccccc1)C(=O)N[C@H](C(=O)N[C@@H](CC(N)=O)C(=O)N[C@@H](Cc1c[nH]c2ccccc12)C(=O)N[C@@H](CC(C)C)C(=O)N[C@H](C(=O)N[C@@H](CCC(N)=O)C(=O)N[C@H](C(=O)N[C@@H](CCCCN)C(=O)N[C@H](C(=O)N[C@H](C(=O)N[C@@H](CC(=O)O)C(=O)NCC)[C@@H](C)O)[C@@H](C)CC)[C@@H](C)O)[C@@H](C)CC)[C@@H](C)CC)[C@@H](C)CC)[C@@H](C)O,0.19,-1.6607312068216509,0.0906697908681197
310,CCn1c(-c2nonc2N)nc2cnc(Oc3cccc(NC(=O)c4ccccc4)c3)cc21,0.18,-1.7147984280919266,0.0869976862027688
958,O=c1sc2cc(CCCF)ccc2n1CCN1CCCCCC1,0.18,-1.7147984280919266,0.5561544098348372
1079,CCN(CC)c1ncc(N(C(C)C)S(C)(=O)=O)c(N[C@@H](Cc2ccc(OC(=O)N3CCCC3)cc2)C(=O)O)n1,0.1717,-1.7620065110787073,0.0837914363215061
1666,CCCCC(NC(=O)[C@H](CCC(=O)O)NC(=O)[C@H](CC(=O)O)NC(=O)[C@H](CO)NC(=O)[C@H](Cc1ccccc1)NC(=O)[C@H](CO)NC(=O)CNC(=O)[C@H](CC(=O)O)NC(=O)CNC(=O)[C@@H](N)Cc1cnc[nH]1)C(=O)N[C@H](Cc1ccccc1)C(=O)N[C@H](C(=O)N[C@H](C(=O)N[C@@H](CC(C)C)C(=O)N[C@@H](CC(=O)O)C(=O)N[C@@H](CC(C)C)C(=O)N[C@@H](CC(C)C)C(=O)N[C@@H](C)C(=O)N[C@@H](C)C(=O)N[C@@H](CCCNC(=N)N)C(=O)N[C@@H](CC(=O)O)C(=O)N[C@@H](Cc1ccccc1)C(=O)N[C@H](C(=O)N[C@@H](CC(N)=O)C(=O)N[C@@H](Cc1c[nH]c2ccccc12)C(=O)N[C@@H](CC(C)C)C(=O)N[C@H](C(=O)N[C@@H](CCC(N)=O)C(=O)N[C@H](C(=O)N[C@@H](CCCCN)C(=O)N[C@H](C(=O)N[C@H](C(=O)N[C@@H](CC(=O)O)C(=O)NCC(C)C)[C@@H](C)O)[C@@H](C)CC)[C@@H](C)O)[C@@H](C)CC)[C@@H](C)CC)[C@@H](C)CC)[C@@H](C)O,0.17,-1.7719568419318752,0.083115635799688
174,CC(C)N1C[C@H](C)n2c(c(O)c3c(=O)n(Cc4ccc(F)cc4)ncc32)C1=O,0.17,-1.7719568419318752,0.083115635799688
1069,O=C(NCc1ccc(F)cc1)c1cn2c(c(O)c1=O)C(=O)N1CCCO[C@@H]1C2,0.17,-1.7719568419318752,0.083115635799688
53,COC(=O)c1ccc2oc(C(=O)C(Cc3ccccc3)NC(=O)Cn3c(-c4cccc(OC)c4)ncc(N)c3=O)nc2c1,0.1683,-1.7820071777853768,0.082433043199053
1033,O=C(O)C[C@@H]1COc2cc3c(cc21)OC[C@@H](c1cccc(C(F)(F)F)c1)O3,0.1667,-1.7915594892253888,0.0817842751177713
1440,Fc1cc(-c2cnn(C3CC3)c2)cn2c(C(F)(F)c3ccc4ncccc4c3)nnc12,0.1667,-1.7915594892253888,0.0817842751177713
1441,Cn1cc(-c2cc(F)c3nnc(C(F)(F)c4ccc5ncccc5c4)n3c2)cn1,0.1667,-1.7915594892253888,0.0817842751177713
1439,COc1cnc2ccc(C(F)(F)c3nnc4c(F)cc(-c5cc(C)no5)cn34)cc2c1,0.1667,-1.7915594892253888,0.0817842751177713
1034,O=C(O)C[C@@H]1COc2cc3c(cc21)OC[C@@H](c1ccc(Cl)c(Cl)c1)O3,0.1667,-1.7915594892253888,0.0817842751177713
1908,CNC(=O)[C@@H](NC(=O)c1ccc(-c2ccc(CSc3nc4c(c(=O)[nH]3)CCC4)c(F)c2)o1)C1CCOCC1,0.16,-1.8325814637483102,0.0789981695904591
1132,Cc1cc(COc2ncc(C(=O)N[C@@H]3CCCC[C@H]3O)cc2-c2ccc(Cl)cc2)on1,0.151,-1.8904754421672127,0.0750661615594739
1658,CCCCC(NC(=O)[C@H](CCC(=O)O)NC(=O)[C@H](CC(=O)O)NC(=O)[C@H](CO)NC(=O)[C@H](Cc1ccccc1)NC(=O)[C@H](CO)NC(=O)CNC(=O)[C@H](CC(=O)O)NC(=O)CNC(=O)[C@@H](N)Cc1cnc[nH]1)C(=O)N[C@H](Cc1ccccc1)C(=O)N[C@H](C(=O)N[C@H](C(=O)N[C@@H](CC(C)C)C(=O)N[C@@H](CC(=O)O)C(=O)N[C@@H](Cc1ccccc1)C(=O)N[C@@H](CC(C)C)C(=O)N[C@@H](C)C(=O)N[C@@H](C)C(=O)N[C@@H](CCCNC(=N)N)C(=O)N[C@@H](CC(=O)O)C(=O)N[C@@H](Cc1ccccc1)C(=O)N[C@H](C(=O)N[C@@H](CC(N)=O)C(=O)N[C@@H](Cc1c[nH]c2ccccc12)C(=O)N[C@@H](CC(C)C)C(=O)N[C@H](C(=O)N[C@@H](CCC(N)=O)C(=O)N[C@H](C(=O)N[C@@H](CCCCN)C(=O)N[C@H](C(=O)N[C@H](C(=O)N[C@@H](CC(=O)O)C(=O)O)[C@@H](C)O)[C@@H](C)CC)[C@@H](C)O)[C@@H](C)CC)[C@@H](C)CC)[C@@H](C)CC)[C@@H](C)O,0.15,-1.8971199848858813,0.0746148815464994
1660,CCCCC(NC(=O)[C@H](CCC(=O)O)NC(=O)[C@H](CC(=O)O)NC(=O)[C@H](CO)NC(=O)[C@H](Cc1ccccc1)NC(=O)[C@H](CO)NC(=O)CNC(=O)[C@H](CC(=O)O)NC(=O)CNC(=O)[C@@H](N)Cc1cnc[nH]1)C(=O)N[C@H](Cc1cccs1)C(=O)N[C@H](C(=O)N[C@H](C(=O)N[C@@H](CC(C)C)C(=O)N[C@@H](CC(=O)O)C(=O)N[C@@H](Cc1ccccc1)C(=O)N[C@@H](CC(C)C)C(=O)N[C@@H](C)C(=O)N[C@@H](C)C(=O)N[C@@H](CCCNC(=N)N)C(=O)N[C@@H](CC(=O)O)C(=O)N[C@@H](Cc1ccccc1)C(=O)N[C@H](C(=O)N[C@@H](CC(N)=O)C(=O)N[C@@H](Cc1c[nH]c2ccccc12)C(=O)N[C@@H](CC(C)C)C(=O)N[C@H](C(=O)N[C@@H](CCC(N)=O)C(=O)N[C@H](C(=O)N[C@@H](CCCCN)C(=O)N[C@H](C(=O)N[C@H](C(=O)N[C@@H](CC(=O)O)C(N)=O)[C@@H](C)O)[C@@H](C)CC)[C@@H](C)O)[C@@H](C)CC)[C@@H](C)CC)[C@@H](C)CC)[C@@H](C)O,0.15,-1.8971199848858813,0.0746148815464994
311,CCn1c(-c2nonc2N)nc2cnc(Oc3cccc(NC(=O)c4ccc(N(C)C)cc4)c3)cc21,0.14,-1.9661128563728327,0.069929065643427
1644,CCCCC(NC(=O)[C@H](CCC(=O)O)NC(=O)[C@H](CC(=O)O)NC(=O)[C@H](CO)NC(=O)[C@H](Cc1ccccc1)NC(=O)[C@H](CO)NC(=O)CNC(=O)[C@H](CC(=O)O)NC(=O)CNC(=O)[C@@H](N)Cc1cnc[nH]1)C(=O)N[C@@H](CC(N)=O)C(=O)N[C@H](C(=O)N[C@H](C(=O)N[C@@H](CC(C)C)C(=O)N[C@@H](CC(=O)O)C(=O)N[C@@H](Cc1cnc[nH]1)C(=O)N[C@@H](CC(C)C)C(=O)N[C@@H](C)C(=O)N[C@@H](C)C(=O)N[C@@H](CCCNC(=N)N)C(=O)N[C@@H](CC(=O)O)C(=O)N[C@@H](Cc1ccccc1)C(=O)N[C@H](C(=O)N[C@@H](CC(N)=O)C(=O)N[C@@H](Cc1c[nH]c2ccccc12)C(=O)N[C@@H](CC(C)C)C(=O)N[C@H](C(=O)N[C@@H](CCC(N)=O)C(=O)N[C@H](C(=O)N[C@@H](CCCCN)C(N)=O)[C@@H](C)O)[C@@H](C)CC)[C@@H](C)CC)[C@@H](C)CC)[C@@H](C)O,0.13,-2.0402208285265546,0.064895845442873
196,O=C1/C(=C/c2ccc(Cl)c(Cl)c2)SC(=S)N1NS(=O)(=O)c1ccccc1,0.125,-2.0794415416798357,0.06223207689023
1662,CCCCC(NC(=O)[C@H](CCC(=O)O)NC(=O)[C@H](CC(=O)O)NC(=O)[C@H](CO)NC(=O)[C@H](Cc1ccccc1)NC(=O)[C@H](CO)NC(=O)CNC(=O)[C@H](CC(=O)O)NC(=O)CNC(=O)[C@@H](N)Cc1cnc[nH]1)C(=O)N[C@H](Cc1cccc(Cl)c1)C(=O)N[C@H](C(=O)N[C@H](C(=O)N[C@@H](CC(C)C)C(=O)N[C@@H](CC(=O)O)C(=O)N[C@@H](Cc1ccccc1)C(=O)N[C@@H](CC(C)C)C(=O)N[C@@H](C)C(=O)N[C@@H](C)C(=O)N[C@@H](CCCNC(=N)N)C(=O)N[C@@H](CC(=O)O)C(=O)N[C@@H](Cc1ccccc1)C(=O)N[C@H](C(=O)N[C@@H](CC(N)=O)C(=O)N[C@@H](Cc1c[nH]c2ccccc12)C(=O)N[C@@H](CC(C)C)C(=O)N[C@H](C(=O)N[C@@H](CCC(N)=O)C(=O)N[C@H](C(=O)N[C@@H](CCCCN)C(=O)N[C@H](C(=O)N[C@H](C(=O)N[C@@H](CC(=O)O)C(N)=O)[C@@H](C)O)[C@@H](C)CC)[C@@H](C)O)[C@@H](C)CC)[C@@H](C)CC)[C@@H](C)CC)[C@@H](C)O,0.12,-2.120263536200091,0.0594595534831658
125,CCCCc1nn(CCCC)c(C(=O)O)c1Cc1ccc(-c2ccccc2-c2nn[nH]n2)cc1,0.12,-2.120263536200091,0.0594595534831658
297,Cc1cc(Nc2ccccc2)nc(NCc2ccc3c(c2)OCO3)n1,0.119,-2.1286317858706076,0.5280479274213907
298,FC(F)(F)c1cc(Nc2ccccc2)nc(NCc2ccccn2)n1,0.119,-2.1286317858706076,0.5280479274213907
299,FC(F)(F)c1cc(Nc2ccncc2)nc(NCc2ccncc2)n1,0.119,-2.1286317858706076,0.5280479274213907
1036,O=C(O)C[C@@H]1COc2cc3c(cc21)OC[C@@H](c1cccc(Br)c1)O3,0.1167,-2.148148739689627,0.057565663184711
964,CC(=O)Nc1nc2ccc(-c3cnc(Cl)c(NS(=O)(=O)c4ccc(F)cc4)c3)cc2s1,0.1167,-2.148148739689627,0.057565663184711
1125,O=C(N[C@H]1CCCC[C@H]1O)c1cnc(OCC2CC2)c(-c2ccc(Cl)cc2)c1,0.111,-2.198225077669803,0.0541646089044943
1663,CCCCC(NC(=O)[C@@H](CCC(=O)O)NC(=O)[C@@H](CC(=O)O)NC(=O)[C@@H](CO)NC(=O)[C@@H](Cc1ccccc1)NC(=O)[C@@H](CO)NC(=O)CNC(=O)[C@@H](CC(=O)O)NC(=O)CNC(=O)[C@@H](N)Cc1cnc[nH]1)C(=O)N[C@@H](Cc1cccc(Cl)c1)C(=O)N[C@@H](C(=O)N[C@@H](C(=O)N[C@H](CC(C)C)C(=O)N[C@H](CC(=O)O)C(=O)NC(Cc1ccc2ccccc2c1)C(=O)N[C@@H](CC(C)C)C(=O)N[C@@H](C)C(=O)N[C@@H](C)C(=O)N[C@@H](CCCNC(=N)N)C(=O)N[C@@H](CC(=O)O)C(=O)N[C@@H](Cc1ccccc1)C(=O)N[C@H](C(=O)N[C@@H](CC(N)=O)C(=O)N[C@H](Cc1c[nH]c2ccccc12)C(=O)N[C@H](CC(C)C)C(=O)N[C@@H](C(=O)N[C@H](CCC(N)=O)C(=O)N[C@@H](C(=O)N[C@H](CCCCN)C(=O)N[C@@H](C(=O)N[C@@H](C(=O)N[C@@H](CC(=O)O)C(N)=O)[C@H](C)O)[C@@H](C)CC)[C@H](C)O)[C@@H](C)CC)[C@H](C)CC)[C@@H](C)CC)[C@H](C)O,0.11,-2.2072749131897207,0.0535499676772852
468,CCN(C(=O)Nc1ccc(N(C)C)cc1)C1Cc2ccc(SC(C)(C)C(=O)O)cc2C1,0.11,-2.2072749131897207,0.0535499676772852
1025,N#Cc1ccc(-c2ccc(S(=O)(=O)Nc3cccc(CO)n3)cc2)cc1,0.11,-2.2072749131897207,0.0535499676772852
726,CCC(=O)N1CCc2ccc(C(=O)CCCN3CCC(c4ccc(Cl)cc4)CC3)cc2CC1,0.109,-2.2164073967529934,0.0529297132105114
728,CCS(=O)(=O)N1CCc2ccc(C(=O)CCCN3CCC(c4ccc(Cl)cc4)CC3)cc2CC1,0.107,-2.234926444520231,0.0516719477824717
1133,CCCCOc1ncc(C(=O)N[C@@H]2CCCC[C@H]2O)cc1-c1ccc(Cl)cc1,0.101,-2.2926347621408776,0.0477525493487144
145,CCO[C@@H](Cc1ccc(OC/C=C/C#Cc2ccc(C#C/C=C/COc3ccc(C[C@H](OCC)C(=O)O)cc3)cc2)cc1)C(=O)O,0.1,-2.3025850929940455,0.0470767488268963
993,O=C(NCc1ccc(F)cc1)c1cn2c(c(O)c1=O)C(=O)N1CCCOC1C2,0.1,-2.3025850929940455,0.0470767488268963
1495,O=C(Nc1cc(F)cc(C(F)(F)F)c1)N1CCC(O)(c2ccc(Br)cc2)CC1,0.1,-2.3025850929940455,0.0470767488268963
459,COC1CCN(C(=O)C2CCN(CCc3c(-c4cc(C)cc(C)c4)[nH]c4sc(C(C)(C)C(=O)N5C6CCC5CC6)cc34)CC2)CC1,0.1,-2.3025850929940455,0.0470767488268963
464,CCN(C(=O)Nc1ccc(OC(F)(F)F)cc1)C1Cc2ccc(SC(C)(C)C(=O)O)cc2C1,0.1,-2.3025850929940455,0.0470767488268963
231,N=C(N)c1ccc2[nH]c(-c3cc(C(CC(=O)O)C(=O)O)cc(-c4cccc([N+](=O)[O-])c4)c3O)cc2c1,0.1,-2.3025850929940455,0.0470767488268963
637,COC[C@H](C)Oc1cc(Oc2cc(F)cc(F)c2)cc(C(=O)Nc2ccc(C(=O)O)cn2)c1,0.1,-2.3025850929940455,0.0470767488268963
1868,COc1nc(Br)cnc1NS(=O)(=O)c1ccc(Cl)s1,0.1,-2.3025850929940455,0.0470767488268963
1836,COC(=O)Nc1ccc2c(c1)NC(=O)CC/C=C/C[C@H](NC(=O)c1c(F)cc(C)cc1F)c1nc-2c(Cl)[nH]1,0.09334,-2.3715065384604674,0.0423957839928646
1476,Cc1cc(C(=O)O)nc(N2C[C@H]3C[C@@H](c4ccccc4C(F)(F)F)C[C@H]3C2)n1,0.08434,-2.472899030663723,0.0355094703465625
1035,O=C(O)C[C@@H]1COc2cc3c(cc21)OC[C@@H](c1cccc(Cl)c1)O3,0.08333,-2.4849466505880216,0.0346912274206086
1207,Br.CN(C)Cc1cc2c([nH]c(=O)c3cccc(O)c32)s1,0.069,-2.6736487743848776,0.0218750712935503
1348,C=CC(=O)Nc1cc(Nc2ncc(Cl)c(-c3cnn4ccccc34)n2)c(OC)cc1N(C)CCN(C)C,0.06,-2.8134107167600364,0.0123828046562694
1027,Cc1cccc(NS(=O)(=O)c2ccc(-c3ccc(C#N)cc3)cc2)n1,0.06,-2.8134107167600364,0.0123828046562694
1349,C=CC(=O)Nc1cc(Nc2ncc(Cl)c(-c3cnn4ccccc34)n2)c(OC)cc1N1CC(N(C)C)C1,0.059,-2.8302178350764176,0.011241309011946
1127,O=C(N[C@@H]1CCCC[C@H]1O)c1cnc(OCC2CC2)c(-c2cc(C(F)(F)F)ccc2Cl)c1,0.059,-2.8302178350764176,0.011241309011946
1745,CC[C@@H]1[C@H](F)C(=O)N[C@@H]1COc1nccc2cc(C(N)=O)c(OC)cc12,0.056,-2.8824035882469876,0.007696988753197
1764,COc1nc(N(C)C)ccc1-c1cc2c(C(=O)O)c[nH]c2cc1Cl,0.05,-2.995732273553991,0
